{
  "__type__": "cc.SpriteFrame",
  "content": {
    "name": "Piso",
    "atlas": "",
    "rect": {
      "x": 0,
      "y": 0,
      "width": 3000,
      "height": 1195
    },
    "offset": {
      "x": 0,
      "y": 0
    },
    "originalSize": {
      "width": 3000,
      "height": 1195
    },
    "rotated": false,
    "capInsets": [
      0,
      0,
      0,
      0
    ],
    "vertices": {
      "rawPosition": [
        -1500,
        -597.5,
        0,
        1500,
        -597.5,
        0,
        -1500,
        597.5,
        0,
        1500,
        597.5,
        0
      ],
      "indexes": [
        0,
        1,
        2,
        2,
        1,
        3
      ],
      "uv": [
        0,
        1195,
        3000,
        1195,
        0,
        0,
        3000,
        0
      ],
      "nuv": [
        0,
        0,
        1,
        0,
        0,
        1,
        1,
        1
      ],
      "minPos": {
        "x": -1500,
        "y": -597.5,
        "z": 0
      },
      "maxPos": {
        "x": 1500,
        "y": 597.5,
        "z": 0
      }
    },
    "texture": "4d5a96ac-3a4b-427c-9d24-e299583a7b67@6c48a",
    "packable": true,
    "pixelsToUnit": 100,
    "pivot": {
      "x": 0.5,
      "y": 0.5
    },
    "meshType": 0
  }
}