{
  "__type__": "cc.SpriteFrame",
  "content": {
    "name": "Perú",
    "atlas": "",
    "rect": {
      "x": 0,
      "y": 16,
      "width": 100,
      "height": 100
    },
    "offset": {
      "x": -8,
      "y": -8
    },
    "originalSize": {
      "width": 116,
      "height": 116
    },
    "rotated": false,
    "capInsets": [
      0,
      0,
      0,
      0
    ],
    "vertices": {
      "rawPosition": [
        -50,
        -50,
        0,
        50,
        -50,
        0,
        -50,
        50,
        0,
        50,
        50,
        0
      ],
      "indexes": [
        0,
        1,
        2,
        2,
        1,
        3
      ],
      "uv": [
        0,
        100,
        100,
        100,
        0,
        0,
        100,
        0
      ],
      "nuv": [
        0,
        0,
        0.8620689655172413,
        0,
        0,
        0.8620689655172413,
        0.8620689655172413,
        0.8620689655172413
      ],
      "minPos": {
        "x": -50,
        "y": -50,
        "z": 0
      },
      "maxPos": {
        "x": 50,
        "y": 50,
        "z": 0
      }
    },
    "texture": "341927d6-59a0-4de9-92d2-66f097ffbfb5@6c48a",
    "packable": true,
    "pixelsToUnit": 100,
    "pivot": {
      "x": 0.5,
      "y": 0.5
    },
    "meshType": 0
  }
}