{
  "version": "1.0.0",
  "map": {
    "E:\\Baseball\\assets\\Scene.meta": {
      "time": 1732555971347.364
    },
    "E:\\Baseball\\assets\\Scene": {
      "time": 1732556048117.317,
      "uuid": "8510cefd-cd01-4903-b8d0-cce6b912a6e3"
    },
    "E:\\Baseball\\assets\\Script.meta": {
      "time": 1732555979489.0261
    },
    "E:\\Baseball\\assets\\Script": {
      "time": 1736290053608.0312,
      "uuid": "87c8f64d-88c7-451e-90f7-4a66a513a85b"
    },
    "E:\\Baseball\\assets\\Sprite.meta": {
      "time": 1732555985533.5935
    },
    "E:\\Baseball\\assets\\Sprite": {
      "time": 1736292000258.6155,
      "uuid": "04f6c915-a9f8-424d-a5ec-7e16e3152327"
    },
    "E:\\Baseball\\assets\\Prefab.meta": {
      "time": 1732555993132.1306
    },
    "E:\\Baseball\\assets\\Prefab": {
      "time": 1732555993124.1274,
      "uuid": "d661af7f-434a-4a2d-b1a7-2dba3bf2a7c4"
    },
    "E:\\Baseball\\assets\\Scene\\Juego.scene.meta": {
      "time": 1732556004822.8447
    },
    "E:\\Baseball\\assets\\Scene\\Juego.scene": {
      "time": 1736292457757.9749,
      "uuid": "2c65efd0-30a0-45d2-b8cf-17f8289eb3a7"
    },
    "E:\\Baseball\\assets\\Scene\\Inicio.scene.meta": {
      "time": 1732556032206.0696
    },
    "E:\\Baseball\\assets\\Scene\\Inicio.scene": {
      "time": 1736279810465.063,
      "uuid": "8ba13a23-e66e-410b-9173-269a2817cc21"
    },
    "E:\\Baseball\\assets\\Scene\\Instrucciones.scene.meta": {
      "time": 1732556048128.4514
    },
    "E:\\Baseball\\assets\\Scene\\Instrucciones.scene": {
      "time": 1736490356205.8088,
      "uuid": "ef6ce344-9081-4b58-9742-85b94be0e571"
    },
    "E:\\Baseball\\assets\\Script\\BateoController.ts.meta": {
      "time": 1732556095329.869
    },
    "E:\\Baseball\\assets\\Script\\BateoController.ts": {
      "time": 1736291108213.6099,
      "uuid": "74b8aba9-4aaf-4769-94ef-1466477ca102"
    },
    "E:\\Baseball\\assets\\Sprite\\Pelota.png.meta": {
      "time": 1732645290823.4817
    },
    "E:\\Baseball\\assets\\Sprite\\bateador 1.png.meta": {
      "time": 1732645290850.702
    },
    "E:\\Baseball\\assets\\Sprite\\Pelota.png": {
      "time": 1732645278780.8213,
      "uuid": "8e52fd91-e7a3-497b-ae57-7fe5097144fe"
    },
    "E:\\Baseball\\assets\\Sprite\\bateador 1.png": {
      "time": 1732645267080.3843,
      "uuid": "2c3e0bfb-cab9-4ed5-877e-20aaebd62fa0"
    },
    "E:\\Baseball\\assets\\Sprite\\cursorgolpe.png.meta": {
      "time": 1732646671295.3047
    },
    "E:\\Baseball\\assets\\Sprite\\cursor.png.meta": {
      "time": 1732646671314.3315
    },
    "E:\\Baseball\\assets\\Sprite\\cursorgolpe.png": {
      "time": 1732646638374.4607,
      "uuid": "71274405-65ab-4cc3-beae-cc4c81b3d21c"
    },
    "E:\\Baseball\\assets\\Sprite\\cursor.png": {
      "time": 1732646645256.4468,
      "uuid": "b7e3593a-31ea-4619-a99e-1ff2cc903210"
    },
    "E:\\Baseball\\assets\\Sprite\\lanzador 1.png.meta": {
      "time": 1732729576335.649
    },
    "E:\\Baseball\\assets\\Sprite\\lanzador 1.png": {
      "time": 1732664565339.7375,
      "uuid": "b5b8da7f-d907-4c0c-b64e-23652e415418"
    },
    "E:\\Baseball\\assets\\Sprite\\zonadedo.png.meta": {
      "time": 1732729778185.1167
    },
    "E:\\Baseball\\assets\\Sprite\\zonadedo.png": {
      "time": 1732729764249.0505,
      "uuid": "bf2a0981-27ad-48b2-9458-9a5f58323bf8"
    },
    "E:\\Baseball\\assets\\Sprite\\Marcos-Diablos.png.meta": {
      "time": 1733511649427.75
    },
    "E:\\Baseball\\assets\\Sprite\\degradadoBlanco.png.meta": {
      "time": 1733511649485.4275
    },
    "E:\\Baseball\\assets\\Sprite\\fondo.png.meta": {
      "time": 1733511649522.8774
    },
    "E:\\Baseball\\assets\\Sprite\\Diablos.png.meta": {
      "time": 1733511649540.9148
    },
    "E:\\Baseball\\assets\\Sprite\\degradadoBlanco.png": {
      "time": 1733511541435.0342,
      "uuid": "b3219cc6-7eb6-4304-a332-4823c1ae7137"
    },
    "E:\\Baseball\\assets\\Sprite\\fondo.png": {
      "time": 1733511554701.943,
      "uuid": "58015a8c-f62f-4f58-868c-6d90f8c4cdfc"
    },
    "E:\\Baseball\\assets\\Font.meta": {
      "time": 1733511994845.2634
    },
    "E:\\Baseball\\assets\\Font": {
      "time": 1733511999330.5645,
      "uuid": "3df921d7-fd94-4087-8dc2-1d0b2665c401"
    },
    "E:\\Baseball\\assets\\Font\\BlackHanSans-Regular.ttf.meta": {
      "time": 1733511999344.9438
    },
    "E:\\Baseball\\assets\\Font\\BlackHanSans-Regular.ttf": {
      "time": 1733511975949.592,
      "uuid": "f3c7f5d8-1728-4db5-bcc4-e81f6c14ba66"
    },
    "E:\\Baseball\\assets\\Animation.meta": {
      "time": 1734726514000.9421
    },
    "E:\\Baseball\\assets\\Animation\\Home-run.anim.meta": {
      "time": 1734726514004.9446
    },
    "E:\\Baseball\\assets\\Animation": {
      "time": 1736207995251.5205,
      "uuid": "9d1add65-4d5c-4287-9e17-483e03cbf7d8"
    },
    "E:\\Baseball\\assets\\Animation\\Home-run.anim": {
      "time": 1736188578987.2004,
      "uuid": "2878c86c-6361-45e8-b3cf-b41c61ad2a29"
    },
    "E:\\Baseball\\assets\\Animation\\Strick.anim.meta": {
      "time": 1736181579780.6138
    },
    "E:\\Baseball\\assets\\Animation\\Strick.anim": {
      "time": 1736186062832.0344,
      "uuid": "6cb705fa-93a9-4bd9-b39d-225280fa5386"
    },
    "E:\\Baseball\\assets\\Script\\ManagerLabel.ts.meta": {
      "time": 1736186213755.9114
    },
    "E:\\Baseball\\assets\\Script\\ManagerLabel.ts": {
      "time": 1736290536980.5798,
      "uuid": "1cd4ba57-16e5-40ba-9aa8-3df21c4a3a85"
    },
    "E:\\Baseball\\assets\\Animation\\Nice.anim.meta": {
      "time": 1736189354754.1836
    },
    "E:\\Baseball\\assets\\Animation\\Nice.anim": {
      "time": 1736189669221.697,
      "uuid": "0677a686-c910-4248-8b40-6ef6ff2b0b7a"
    },
    "E:\\Baseball\\assets\\Sprite\\Inicio_Diablos.png.meta": {
      "time": 1736205409077.5942
    },
    "E:\\Baseball\\assets\\Sprite\\Play-DiablosH.png.meta": {
      "time": 1736207847994.91
    },
    "E:\\Baseball\\assets\\Sprite\\Play-DiablosP.png.meta": {
      "time": 1736207848017.957
    },
    "E:\\Baseball\\assets\\Sprite\\Play-Diablos.png.meta": {
      "time": 1736207848044.6838
    },
    "E:\\Baseball\\assets\\Sprite\\Diablos-2.png.meta": {
      "time": 1736207962087.0002
    },
    "E:\\Baseball\\assets\\Animation\\Diablos.anim.meta": {
      "time": 1736207995271.907
    },
    "E:\\Baseball\\assets\\Animation\\Diablos.anim": {
      "time": 1736208255237.032,
      "uuid": "9a6f3138-9e51-4767-8c36-400277e4df2a"
    },
    "E:\\Baseball\\assets\\Script\\CambioEscena.ts.meta": {
      "time": 1710973512793.438
    },
    "E:\\Baseball\\assets\\Script\\CambioEscena.ts": {
      "time": 1710973512771.9062,
      "uuid": "a48ba88b-3c96-47d1-9b93-39739e84b177"
    },
    "E:\\Baseball\\assets\\Sprite\\Next-Diablos.png.meta": {
      "time": 1736279075748.2188
    },
    "E:\\Baseball\\assets\\Sprite\\Diablos_inst.png.meta": {
      "time": 1736279075796.729
    },
    "E:\\Baseball\\assets\\Sprite\\Next-DiablosP.png.meta": {
      "time": 1736279075869.7502
    },
    "E:\\Baseball\\assets\\Sprite\\Next-DiablosH.png.meta": {
      "time": 1736279075888.7476
    },
    "E:\\Baseball\\assets\\Sprite\\back.png.meta": {
      "time": 1736279372009.9824
    },
    "E:\\Baseball\\assets\\Sprite\\next.png.meta": {
      "time": 1736279372021.5056
    },
    "E:\\Baseball\\assets\\Sprite\\Group 142.png.meta": {
      "time": 1736279372040.0273
    },
    "E:\\Baseball\\assets\\Sprite\\Diablos_inst01.png.meta": {
      "time": 1736279372072.0664
    },
    "E:\\Baseball\\assets\\Sprite\\Group 140.png.meta": {
      "time": 1736279372092.0654
    },
    "E:\\Baseball\\assets\\Sprite\\Group 141.png.meta": {
      "time": 1736279372134.5823
    },
    "E:\\Baseball\\assets\\Sprite\\back.png": {
      "time": 1736279294663.7085,
      "uuid": "ece7af06-eaab-4def-bcff-532da680fb1c"
    },
    "E:\\Baseball\\assets\\Sprite\\next.png": {
      "time": 1736279290867.7715,
      "uuid": "d214d9bf-6136-4262-88fe-038be2e2c715"
    },
    "E:\\Baseball\\assets\\Sprite\\Inicio_Diablos_Game.png.meta": {
      "time": 1736279885330.4248
    },
    "E:\\Baseball\\assets\\Script\\Score.ts.meta": {
      "time": 1736290053615.5535
    },
    "E:\\Baseball\\assets\\Script\\Score.ts": {
      "time": 1736291171471.5967,
      "uuid": "eee33d7f-c2b7-46d2-a765-c90e7a3270ad"
    },
    "E:\\Baseball\\assets\\Sprite\\Salir-Diablos.png.meta": {
      "time": 1736292000274.615
    },
    "E:\\Baseball\\assets\\Sprite\\Salir-DiablosH.png.meta": {
      "time": 1736292000331.1506
    },
    "E:\\Baseball\\assets\\Sprite\\Salir-DiablosP.png.meta": {
      "time": 1736292000345.1511
    },
    "X:\\Escritorio\\BLUE\\Cocos\\Baseball\\assets\\Animation": {
      "time": 1736207995000,
      "uuid": "9d1add65-4d5c-4287-9e17-483e03cbf7d8"
    },
    "X:\\Escritorio\\BLUE\\Cocos\\Baseball\\assets\\Font": {
      "time": 1733511999000,
      "uuid": "3df921d7-fd94-4087-8dc2-1d0b2665c401"
    },
    "X:\\Escritorio\\BLUE\\Cocos\\Baseball\\assets\\Prefab": {
      "time": 1732555993000,
      "uuid": "d661af7f-434a-4a2d-b1a7-2dba3bf2a7c4"
    },
    "X:\\Escritorio\\BLUE\\Cocos\\Baseball\\assets\\Scene": {
      "time": 1732556048000,
      "uuid": "8510cefd-cd01-4903-b8d0-cce6b912a6e3"
    },
    "X:\\Escritorio\\BLUE\\Cocos\\Baseball\\assets\\Script": {
      "time": 1736876770623.3088,
      "uuid": "87c8f64d-88c7-451e-90f7-4a66a513a85b"
    },
    "X:\\Escritorio\\BLUE\\Cocos\\Baseball\\assets\\Sprite": {
      "time": 1736881332680.1018,
      "uuid": "04f6c915-a9f8-424d-a5ec-7e16e3152327"
    },
    "X:\\Escritorio\\BLUE\\Cocos\\Baseball\\assets\\Script\\BateoController.ts": {
      "time": 1736291108000,
      "uuid": "74b8aba9-4aaf-4769-94ef-1466477ca102"
    },
    "X:\\Escritorio\\BLUE\\Cocos\\Baseball\\assets\\Script\\CambioEscena.ts": {
      "time": 1710973512000,
      "uuid": "a48ba88b-3c96-47d1-9b93-39739e84b177"
    },
    "X:\\Escritorio\\BLUE\\Cocos\\Baseball\\assets\\Script\\ManagerLabel.ts": {
      "time": 1736290536000,
      "uuid": "1cd4ba57-16e5-40ba-9aa8-3df21c4a3a85"
    },
    "X:\\Escritorio\\BLUE\\Cocos\\Baseball\\assets\\Script\\Score.ts": {
      "time": 1736291171000,
      "uuid": "eee33d7f-c2b7-46d2-a765-c90e7a3270ad"
    },
    "X:\\Escritorio\\BLUE\\Cocos\\Baseball\\assets\\Animation.meta": {
      "time": 1734726514000
    },
    "X:\\Escritorio\\BLUE\\Cocos\\Baseball\\assets\\Font.meta": {
      "time": 1733511994000
    },
    "X:\\Escritorio\\BLUE\\Cocos\\Baseball\\assets\\Prefab.meta": {
      "time": 1732555993000
    },
    "X:\\Escritorio\\BLUE\\Cocos\\Baseball\\assets\\Scene.meta": {
      "time": 1732555971000
    },
    "X:\\Escritorio\\BLUE\\Cocos\\Baseball\\assets\\Script.meta": {
      "time": 1732555979000
    },
    "X:\\Escritorio\\BLUE\\Cocos\\Baseball\\assets\\Sprite.meta": {
      "time": 1732555985000
    },
    "X:\\Escritorio\\BLUE\\Cocos\\Baseball\\assets\\Script\\BateoController.ts.meta": {
      "time": 1732556095000
    },
    "X:\\Escritorio\\BLUE\\Cocos\\Baseball\\assets\\Script\\CambioEscena.ts.meta": {
      "time": 1710973512000
    },
    "X:\\Escritorio\\BLUE\\Cocos\\Baseball\\assets\\Script\\ManagerLabel.ts.meta": {
      "time": 1736186213000
    },
    "X:\\Escritorio\\BLUE\\Cocos\\Baseball\\assets\\Script\\Score.ts.meta": {
      "time": 1736290053000
    },
    "X:\\Escritorio\\BLUE\\Cocos\\Baseball\\assets\\Animation\\Diablos.anim": {
      "time": 1736208255000,
      "uuid": "9a6f3138-9e51-4767-8c36-400277e4df2a"
    },
    "X:\\Escritorio\\BLUE\\Cocos\\Baseball\\assets\\Animation\\Home-run.anim": {
      "time": 1736188578000,
      "uuid": "2878c86c-6361-45e8-b3cf-b41c61ad2a29"
    },
    "X:\\Escritorio\\BLUE\\Cocos\\Baseball\\assets\\Animation\\Nice.anim": {
      "time": 1736189669000,
      "uuid": "0677a686-c910-4248-8b40-6ef6ff2b0b7a"
    },
    "X:\\Escritorio\\BLUE\\Cocos\\Baseball\\assets\\Animation\\Strick.anim": {
      "time": 1736186062000,
      "uuid": "6cb705fa-93a9-4bd9-b39d-225280fa5386"
    },
    "X:\\Escritorio\\BLUE\\Cocos\\Baseball\\assets\\Font\\BlackHanSans-Regular.ttf": {
      "time": 1733511975000,
      "uuid": "f3c7f5d8-1728-4db5-bcc4-e81f6c14ba66"
    },
    "X:\\Escritorio\\BLUE\\Cocos\\Baseball\\assets\\Scene\\Inicio.scene": {
      "time": 1736279810000,
      "uuid": "8ba13a23-e66e-410b-9173-269a2817cc21"
    },
    "X:\\Escritorio\\BLUE\\Cocos\\Baseball\\assets\\Scene\\Instrucciones.scene": {
      "time": 1736879425667.8706,
      "uuid": "ef6ce344-9081-4b58-9742-85b94be0e571"
    },
    "X:\\Escritorio\\BLUE\\Cocos\\Baseball\\assets\\Scene\\Juego.scene": {
      "time": 1736883921069.355,
      "uuid": "2c65efd0-30a0-45d2-b8cf-17f8289eb3a7"
    },
    "X:\\Escritorio\\BLUE\\Cocos\\Baseball\\assets\\Sprite\\back.png": {
      "time": 1736279294000,
      "uuid": "ece7af06-eaab-4def-bcff-532da680fb1c"
    },
    "X:\\Escritorio\\BLUE\\Cocos\\Baseball\\assets\\Sprite\\bateador 1.png": {
      "time": 1732645267000,
      "uuid": "2c3e0bfb-cab9-4ed5-877e-20aaebd62fa0"
    },
    "X:\\Escritorio\\BLUE\\Cocos\\Baseball\\assets\\Sprite\\cursor.png": {
      "time": 1732646645000,
      "uuid": "b7e3593a-31ea-4619-a99e-1ff2cc903210"
    },
    "X:\\Escritorio\\BLUE\\Cocos\\Baseball\\assets\\Sprite\\cursorgolpe.png": {
      "time": 1732646638000,
      "uuid": "71274405-65ab-4cc3-beae-cc4c81b3d21c"
    },
    "X:\\Escritorio\\BLUE\\Cocos\\Baseball\\assets\\Sprite\\degradadoBlanco.png": {
      "time": 1733511541000,
      "uuid": "b3219cc6-7eb6-4304-a332-4823c1ae7137"
    },
    "X:\\Escritorio\\BLUE\\Cocos\\Baseball\\assets\\Sprite\\fondo.png": {
      "time": 1733511554000,
      "uuid": "58015a8c-f62f-4f58-868c-6d90f8c4cdfc"
    },
    "X:\\Escritorio\\BLUE\\Cocos\\Baseball\\assets\\Sprite\\lanzador 1.png": {
      "time": 1732664565000,
      "uuid": "b5b8da7f-d907-4c0c-b64e-23652e415418"
    },
    "X:\\Escritorio\\BLUE\\Cocos\\Baseball\\assets\\Sprite\\next.png": {
      "time": 1736279290000,
      "uuid": "d214d9bf-6136-4262-88fe-038be2e2c715"
    },
    "X:\\Escritorio\\BLUE\\Cocos\\Baseball\\assets\\Sprite\\Pelota.png": {
      "time": 1732645278000,
      "uuid": "8e52fd91-e7a3-497b-ae57-7fe5097144fe"
    },
    "X:\\Escritorio\\BLUE\\Cocos\\Baseball\\assets\\Sprite\\zonadedo.png": {
      "time": 1732729764000,
      "uuid": "bf2a0981-27ad-48b2-9458-9a5f58323bf8"
    },
    "X:\\Escritorio\\BLUE\\Cocos\\Baseball\\assets\\Animation\\Nice.anim.meta": {
      "time": 1736189354000
    },
    "X:\\Escritorio\\BLUE\\Cocos\\Baseball\\assets\\Animation\\Home-run.anim.meta": {
      "time": 1734726514000
    },
    "X:\\Escritorio\\BLUE\\Cocos\\Baseball\\assets\\Animation\\Strick.anim.meta": {
      "time": 1736181579000
    },
    "X:\\Escritorio\\BLUE\\Cocos\\Baseball\\assets\\Animation\\Diablos.anim.meta": {
      "time": 1736207995000
    },
    "X:\\Escritorio\\BLUE\\Cocos\\Baseball\\assets\\Font\\BlackHanSans-Regular.ttf.meta": {
      "time": 1733511999000
    },
    "X:\\Escritorio\\BLUE\\Cocos\\Baseball\\assets\\Scene\\Inicio.scene.meta": {
      "time": 1732556032000
    },
    "X:\\Escritorio\\BLUE\\Cocos\\Baseball\\assets\\Scene\\Instrucciones.scene.meta": {
      "time": 1732556048000
    },
    "X:\\Escritorio\\BLUE\\Cocos\\Baseball\\assets\\Scene\\Juego.scene.meta": {
      "time": 1732556004000
    },
    "X:\\Escritorio\\BLUE\\Cocos\\Baseball\\assets\\Sprite\\back.png.meta": {
      "time": 1736279372000
    },
    "X:\\Escritorio\\BLUE\\Cocos\\Baseball\\assets\\Sprite\\bateador 1.png.meta": {
      "time": 1732645290000
    },
    "X:\\Escritorio\\BLUE\\Cocos\\Baseball\\assets\\Sprite\\cursor.png.meta": {
      "time": 1732646671000
    },
    "X:\\Escritorio\\BLUE\\Cocos\\Baseball\\assets\\Sprite\\cursorgolpe.png.meta": {
      "time": 1732646671000
    },
    "X:\\Escritorio\\BLUE\\Cocos\\Baseball\\assets\\Sprite\\degradadoBlanco.png.meta": {
      "time": 1733511649000
    },
    "X:\\Escritorio\\BLUE\\Cocos\\Baseball\\assets\\Sprite\\Diablos-2.png.meta": {
      "time": 1736207962000
    },
    "X:\\Escritorio\\BLUE\\Cocos\\Baseball\\assets\\Sprite\\Diablos.png.meta": {
      "time": 1733511649000
    },
    "X:\\Escritorio\\BLUE\\Cocos\\Baseball\\assets\\Sprite\\Diablos_inst.png.meta": {
      "time": 1736279075000
    },
    "X:\\Escritorio\\BLUE\\Cocos\\Baseball\\assets\\Sprite\\Diablos_inst01.png.meta": {
      "time": 1736279372000
    },
    "X:\\Escritorio\\BLUE\\Cocos\\Baseball\\assets\\Sprite\\fondo.png.meta": {
      "time": 1733511649000
    },
    "X:\\Escritorio\\BLUE\\Cocos\\Baseball\\assets\\Sprite\\Group 140.png.meta": {
      "time": 1736279372000
    },
    "X:\\Escritorio\\BLUE\\Cocos\\Baseball\\assets\\Sprite\\Group 141.png.meta": {
      "time": 1736279372000
    },
    "X:\\Escritorio\\BLUE\\Cocos\\Baseball\\assets\\Sprite\\Group 142.png.meta": {
      "time": 1736279372000
    },
    "X:\\Escritorio\\BLUE\\Cocos\\Baseball\\assets\\Sprite\\Inicio_Diablos.png.meta": {
      "time": 1736205409000
    },
    "X:\\Escritorio\\BLUE\\Cocos\\Baseball\\assets\\Sprite\\Inicio_Diablos_Game.png.meta": {
      "time": 1736279885000
    },
    "X:\\Escritorio\\BLUE\\Cocos\\Baseball\\assets\\Sprite\\lanzador 1.png.meta": {
      "time": 1732729576000
    },
    "X:\\Escritorio\\BLUE\\Cocos\\Baseball\\assets\\Sprite\\Marcos-Diablos.png.meta": {
      "time": 1733511649000
    },
    "X:\\Escritorio\\BLUE\\Cocos\\Baseball\\assets\\Sprite\\Next-Diablos.png.meta": {
      "time": 1736279075000
    },
    "X:\\Escritorio\\BLUE\\Cocos\\Baseball\\assets\\Sprite\\Next-DiablosH.png.meta": {
      "time": 1736279075000
    },
    "X:\\Escritorio\\BLUE\\Cocos\\Baseball\\assets\\Sprite\\Next-DiablosP.png.meta": {
      "time": 1736279075000
    },
    "X:\\Escritorio\\BLUE\\Cocos\\Baseball\\assets\\Sprite\\Pelota.png.meta": {
      "time": 1732645290000
    },
    "X:\\Escritorio\\BLUE\\Cocos\\Baseball\\assets\\Sprite\\next.png.meta": {
      "time": 1736279372000
    },
    "X:\\Escritorio\\BLUE\\Cocos\\Baseball\\assets\\Sprite\\Play-Diablos.png.meta": {
      "time": 1736207848000
    },
    "X:\\Escritorio\\BLUE\\Cocos\\Baseball\\assets\\Sprite\\Play-DiablosH.png.meta": {
      "time": 1736207847000
    },
    "X:\\Escritorio\\BLUE\\Cocos\\Baseball\\assets\\Sprite\\Play-DiablosP.png.meta": {
      "time": 1736207848000
    },
    "X:\\Escritorio\\BLUE\\Cocos\\Baseball\\assets\\Sprite\\Salir-Diablos.png.meta": {
      "time": 1736292000000
    },
    "X:\\Escritorio\\BLUE\\Cocos\\Baseball\\assets\\Sprite\\Salir-DiablosH.png.meta": {
      "time": 1736292000000
    },
    "X:\\Escritorio\\BLUE\\Cocos\\Baseball\\assets\\Sprite\\Salir-DiablosP.png.meta": {
      "time": 1736292000000
    },
    "X:\\Escritorio\\BLUE\\Cocos\\Baseball\\assets\\Sprite\\zonadedo.png.meta": {
      "time": 1732729778000
    },
    "X:\\Escritorio\\BLUE\\Cocos\\Baseball\\assets\\Sprite\\Jugar-hover.png.meta": {
      "time": 1736876468169.126
    },
    "X:\\Escritorio\\BLUE\\Cocos\\Baseball\\assets\\Sprite\\Jugar-normal.png.meta": {
      "time": 1736876468189.1545
    },
    "X:\\Escritorio\\BLUE\\Cocos\\Baseball\\assets\\Sprite\\Jugar-press.png.meta": {
      "time": 1736876468201.1228
    },
    "X:\\Escritorio\\BLUE\\Cocos\\Baseball\\assets\\Script\\Instrucciones.ts.meta": {
      "time": 1736876770628.295
    },
    "X:\\Escritorio\\BLUE\\Cocos\\Baseball\\assets\\Sprite\\bateador_sin bat.png.meta": {
      "time": 1736881538819.6316
    },
    "X:\\Escritorio\\BLUE\\Cocos\\Baseball\\assets\\Sprite\\Bat.png.meta": {
      "time": 1736881332747.8794
    },
    "X:\\Escritorio\\BLUE\\Cocos\\Baseball\\assets\\Sprite\\bateador_sin bat.png": {
      "time": 1736881315970.4285,
      "uuid": "e3a6c631-6677-466d-ab33-0423f53e29f0"
    },
    "X:\\Escritorio\\BLUE\\Cocos\\Baseball\\assets\\Sprite\\Bat.png": {
      "time": 1736881320352.1145,
      "uuid": "495b382e-e089-4828-94dc-7e6685925cca"
    },
    "E:\\Baseball_2\\Baseball\\assets\\Animation": {
      "time": 1737049192920.4194,
      "uuid": "9d1add65-4d5c-4287-9e17-483e03cbf7d8"
    },
    "E:\\Baseball_2\\Baseball\\assets\\Font": {
      "time": 1737053330631.6404,
      "uuid": "3df921d7-fd94-4087-8dc2-1d0b2665c401"
    },
    "E:\\Baseball_2\\Baseball\\assets\\Prefab": {
      "time": 1737054800911.1555,
      "uuid": "d661af7f-434a-4a2d-b1a7-2dba3bf2a7c4"
    },
    "E:\\Baseball_2\\Baseball\\assets\\Scene": {
      "time": 1736992123670.6284,
      "uuid": "8510cefd-cd01-4903-b8d0-cce6b912a6e3"
    },
    "E:\\Baseball_2\\Baseball\\assets\\Script": {
      "time": 1736992123893.8403,
      "uuid": "87c8f64d-88c7-451e-90f7-4a66a513a85b"
    },
    "E:\\Baseball_2\\Baseball\\assets\\Sprite": {
      "time": 1737662770865.1743,
      "uuid": "04f6c915-a9f8-424d-a5ec-7e16e3152327"
    },
    "E:\\Baseball_2\\Baseball\\assets\\Script\\BateoController.ts": {
      "time": 1737658845114.2793,
      "uuid": "74b8aba9-4aaf-4769-94ef-1466477ca102"
    },
    "E:\\Baseball_2\\Baseball\\assets\\Script\\CambioEscena.ts": {
      "time": 1736992123758.4988,
      "uuid": "a48ba88b-3c96-47d1-9b93-39739e84b177"
    },
    "E:\\Baseball_2\\Baseball\\assets\\Script\\ManagerLabel.ts": {
      "time": 1736992123848.303,
      "uuid": "1cd4ba57-16e5-40ba-9aa8-3df21c4a3a85"
    },
    "E:\\Baseball_2\\Baseball\\assets\\Script\\Score.ts": {
      "time": 1736992123891.8403,
      "uuid": "eee33d7f-c2b7-46d2-a765-c90e7a3270ad"
    },
    "E:\\Baseball_2\\Baseball\\assets\\Animation.meta": {
      "time": 1736992123117.406
    },
    "E:\\Baseball_2\\Baseball\\assets\\Font.meta": {
      "time": 1736992123143.9773
    },
    "E:\\Baseball_2\\Baseball\\assets\\Prefab.meta": {
      "time": 1736992123170.0244
    },
    "E:\\Baseball_2\\Baseball\\assets\\Scene.meta": {
      "time": 1736992123200.39
    },
    "E:\\Baseball_2\\Baseball\\assets\\Script.meta": {
      "time": 1736992123240.603
    },
    "E:\\Baseball_2\\Baseball\\assets\\Sprite.meta": {
      "time": 1736992123265.0469
    },
    "E:\\Baseball_2\\Baseball\\assets\\Script\\BateoController.ts.meta": {
      "time": 1736992123741.469
    },
    "E:\\Baseball_2\\Baseball\\assets\\Script\\CambioEscena.ts.meta": {
      "time": 1736992123785.05
    },
    "E:\\Baseball_2\\Baseball\\assets\\Script\\Instrucciones.ts.meta": {
      "time": 1736992123827.2595
    },
    "E:\\Baseball_2\\Baseball\\assets\\Script\\ManagerLabel.ts.meta": {
      "time": 1736992123872.3347
    },
    "E:\\Baseball_2\\Baseball\\assets\\Script\\Score.ts.meta": {
      "time": 1736992123916.3926
    },
    "E:\\Baseball_2\\Baseball\\assets\\Animation\\Diablos.anim": {
      "time": 1736992123293.977,
      "uuid": "9a6f3138-9e51-4767-8c36-400277e4df2a"
    },
    "E:\\Baseball_2\\Baseball\\assets\\Animation\\Home-run.anim": {
      "time": 1737049254993.7107,
      "uuid": "2878c86c-6361-45e8-b3cf-b41c61ad2a29"
    },
    "E:\\Baseball_2\\Baseball\\assets\\Animation\\Nice.anim": {
      "time": 1736992123392.0894,
      "uuid": "0677a686-c910-4248-8b40-6ef6ff2b0b7a"
    },
    "E:\\Baseball_2\\Baseball\\assets\\Animation\\Strick.anim": {
      "time": 1737656402168.3308,
      "uuid": "6cb705fa-93a9-4bd9-b39d-225280fa5386"
    },
    "E:\\Baseball_2\\Baseball\\assets\\Font\\BlackHanSans-Regular.ttf": {
      "time": 1736992123504.19,
      "uuid": "f3c7f5d8-1728-4db5-bcc4-e81f6c14ba66"
    },
    "E:\\Baseball_2\\Baseball\\assets\\Scene\\Inicio.scene": {
      "time": 1737662976182.3276,
      "uuid": "8ba13a23-e66e-410b-9173-269a2817cc21"
    },
    "E:\\Baseball_2\\Baseball\\assets\\Scene\\Instrucciones.scene": {
      "time": 1737656284891.2524,
      "uuid": "ef6ce344-9081-4b58-9742-85b94be0e571"
    },
    "E:\\Baseball_2\\Baseball\\assets\\Scene\\Juego.scene": {
      "time": 1737658982979.9424,
      "uuid": "2c65efd0-30a0-45d2-b8cf-17f8289eb3a7"
    },
    "E:\\Baseball_2\\Baseball\\assets\\Sprite\\back.png": {
      "time": 1736992123940.9653,
      "uuid": "ece7af06-eaab-4def-bcff-532da680fb1c"
    },
    "E:\\Baseball_2\\Baseball\\assets\\Sprite\\Bat.png": {
      "time": 1736992123986.0654,
      "uuid": "495b382e-e089-4828-94dc-7e6685925cca"
    },
    "E:\\Baseball_2\\Baseball\\assets\\Sprite\\bateador 1.png": {
      "time": 1736992124035.0828,
      "uuid": "2c3e0bfb-cab9-4ed5-877e-20aaebd62fa0"
    },
    "E:\\Baseball_2\\Baseball\\assets\\Sprite\\bateador_sin bat.png": {
      "time": 1736992124076.4697,
      "uuid": "e3a6c631-6677-466d-ab33-0423f53e29f0"
    },
    "E:\\Baseball_2\\Baseball\\assets\\Sprite\\cursor.png": {
      "time": 1736992124118.0623,
      "uuid": "b7e3593a-31ea-4619-a99e-1ff2cc903210"
    },
    "E:\\Baseball_2\\Baseball\\assets\\Sprite\\cursorgolpe.png": {
      "time": 1736992124159.4978,
      "uuid": "71274405-65ab-4cc3-beae-cc4c81b3d21c"
    },
    "E:\\Baseball_2\\Baseball\\assets\\Sprite\\degradadoBlanco.png": {
      "time": 1736992124204.072,
      "uuid": "b3219cc6-7eb6-4304-a332-4823c1ae7137"
    },
    "E:\\Baseball_2\\Baseball\\assets\\Sprite\\fondo.png": {
      "time": 1736992124430.496,
      "uuid": "58015a8c-f62f-4f58-868c-6d90f8c4cdfc"
    },
    "E:\\Baseball_2\\Baseball\\assets\\Sprite\\lanzador 1.png": {
      "time": 1736992124818.4722,
      "uuid": "b5b8da7f-d907-4c0c-b64e-23652e415418"
    },
    "E:\\Baseball_2\\Baseball\\assets\\Sprite\\next.png": {
      "time": 1736992125039.0203,
      "uuid": "d214d9bf-6136-4262-88fe-038be2e2c715"
    },
    "E:\\Baseball_2\\Baseball\\assets\\Sprite\\Pelota.png": {
      "time": 1736992125078.759,
      "uuid": "8e52fd91-e7a3-497b-ae57-7fe5097144fe"
    },
    "E:\\Baseball_2\\Baseball\\assets\\Sprite\\zonadedo.png": {
      "time": 1736992125384.1626,
      "uuid": "bf2a0981-27ad-48b2-9458-9a5f58323bf8"
    },
    "E:\\Baseball_2\\Baseball\\assets\\Animation\\Strick.anim.meta": {
      "time": 1736992123466.0525
    },
    "E:\\Baseball_2\\Baseball\\assets\\Animation\\Diablos.anim.meta": {
      "time": 1736992123317.0195
    },
    "E:\\Baseball_2\\Baseball\\assets\\Animation\\Home-run.anim.meta": {
      "time": 1736992123368.325
    },
    "E:\\Baseball_2\\Baseball\\assets\\Animation\\Nice.anim.meta": {
      "time": 1736992123416.243
    },
    "E:\\Baseball_2\\Baseball\\assets\\Scene\\Inicio.scene.meta": {
      "time": 1736992123586.4612
    },
    "E:\\Baseball_2\\Baseball\\assets\\Scene\\Instrucciones.scene.meta": {
      "time": 1736992123637.0579
    },
    "E:\\Baseball_2\\Baseball\\assets\\Scene\\Juego.scene.meta": {
      "time": 1736992123692.6765
    },
    "E:\\Baseball_2\\Baseball\\assets\\Font\\BlackHanSans-Regular.ttf.meta": {
      "time": 1736992123527.235
    },
    "E:\\Baseball_2\\Baseball\\assets\\Sprite\\back.png.meta": {
      "time": 1736992123963.9924
    },
    "E:\\Baseball_2\\Baseball\\assets\\Sprite\\bateador 1.png.meta": {
      "time": 1736992124059.5151
    },
    "E:\\Baseball_2\\Baseball\\assets\\Sprite\\bateador_sin bat.png.meta": {
      "time": 1736992124101.4956
    },
    "E:\\Baseball_2\\Baseball\\assets\\Sprite\\Bat.png.meta": {
      "time": 1736992124016.2407
    },
    "E:\\Baseball_2\\Baseball\\assets\\Sprite\\cursor.png.meta": {
      "time": 1736992124142.9797
    },
    "E:\\Baseball_2\\Baseball\\assets\\Sprite\\Diablos-2.png.meta": {
      "time": 1736992124271.4668
    },
    "E:\\Baseball_2\\Baseball\\assets\\Sprite\\cursorgolpe.png.meta": {
      "time": 1736992124185.0552
    },
    "E:\\Baseball_2\\Baseball\\assets\\Sprite\\degradadoBlanco.png.meta": {
      "time": 1736992124227.4043
    },
    "E:\\Baseball_2\\Baseball\\assets\\Sprite\\Diablos.png.meta": {
      "time": 1736992124317.5254
    },
    "E:\\Baseball_2\\Baseball\\assets\\Sprite\\fondo.png.meta": {
      "time": 1736992124455.4878
    },
    "E:\\Baseball_2\\Baseball\\assets\\Sprite\\Group 140.png.meta": {
      "time": 1736992124496.4014
    },
    "E:\\Baseball_2\\Baseball\\assets\\Sprite\\Diablos_inst01.png.meta": {
      "time": 1736992124412.427
    },
    "E:\\Baseball_2\\Baseball\\assets\\Sprite\\Group 141.png.meta": {
      "time": 1736992124541.141
    },
    "E:\\Baseball_2\\Baseball\\assets\\Sprite\\Group 142.png.meta": {
      "time": 1736992124581.7385
    },
    "E:\\Baseball_2\\Baseball\\assets\\Sprite\\Jugar-hover.png.meta": {
      "time": 1736992124712.439
    },
    "E:\\Baseball_2\\Baseball\\assets\\Sprite\\Inicio_Diablos.png.meta": {
      "time": 1736992124626.4111
    },
    "E:\\Baseball_2\\Baseball\\assets\\Sprite\\Jugar-normal.png.meta": {
      "time": 1736992124756.219
    },
    "E:\\Baseball_2\\Baseball\\assets\\Sprite\\Jugar-press.png.meta": {
      "time": 1736992124799.442
    },
    "E:\\Baseball_2\\Baseball\\assets\\Sprite\\lanzador 1.png.meta": {
      "time": 1736992124843.861
    },
    "E:\\Baseball_2\\Baseball\\assets\\Sprite\\Next-Diablos.png.meta": {
      "time": 1736992124929.0115
    },
    "E:\\Baseball_2\\Baseball\\assets\\Sprite\\Marcos-Diablos.png.meta": {
      "time": 1736992124886.4382
    },
    "E:\\Baseball_2\\Baseball\\assets\\Sprite\\Next-DiablosH.png.meta": {
      "time": 1736992124979.2876
    },
    "E:\\Baseball_2\\Baseball\\assets\\Sprite\\Next-DiablosP.png.meta": {
      "time": 1736992125020.3633
    },
    "E:\\Baseball_2\\Baseball\\assets\\Sprite\\next.png.meta": {
      "time": 1736992125061.1921
    },
    "E:\\Baseball_2\\Baseball\\assets\\Sprite\\Pelota.png.meta": {
      "time": 1736992125101.3472
    },
    "E:\\Baseball_2\\Baseball\\assets\\Sprite\\Play-Diablos.png.meta": {
      "time": 1736992125142.0535
    },
    "E:\\Baseball_2\\Baseball\\assets\\Sprite\\Play-DiablosH.png.meta": {
      "time": 1736992125183.5974
    },
    "E:\\Baseball_2\\Baseball\\assets\\Sprite\\Play-DiablosP.png.meta": {
      "time": 1736992125233.1338
    },
    "E:\\Baseball_2\\Baseball\\assets\\Sprite\\Salir-Diablos.png.meta": {
      "time": 1736992125275.198
    },
    "E:\\Baseball_2\\Baseball\\assets\\Sprite\\Salir-DiablosH.png.meta": {
      "time": 1736992125320.482
    },
    "E:\\Baseball_2\\Baseball\\assets\\Sprite\\Salir-DiablosP.png.meta": {
      "time": 1736992125364.1648
    },
    "E:\\Baseball_2\\Baseball\\assets\\Sprite\\zonadedo.png.meta": {
      "time": 1736992125408.5989
    },
    "E:\\Baseball_2\\Baseball\\assets\\Sprite\\mute.png.meta": {
      "time": 1737048996453.5557
    },
    "E:\\Baseball_2\\Baseball\\assets\\Sprite\\mute.png": {
      "time": 1737048965680.5886,
      "uuid": "590402f6-92d5-4005-b215-f451f3b91d55"
    },
    "E:\\Baseball_2\\Baseball\\assets\\Animation\\Home-run-IDLE.anim.meta": {
      "time": 1737049192931.4087
    },
    "E:\\Baseball_2\\Baseball\\assets\\Animation\\Home-run-IDLE.anim": {
      "time": 1737049215139.6758,
      "uuid": "b5a1f843-0503-44ed-858f-d6ed1223cab1"
    },
    "E:\\Baseball_2\\Baseball\\assets\\Sprite\\confetti1@4x.png.meta": {
      "time": 1737049569621.77
    },
    "E:\\Baseball_2\\Baseball\\assets\\Sprite\\confetti2@4x.png.meta": {
      "time": 1737049569645.7703
    },
    "E:\\Baseball_2\\Baseball\\assets\\Sprite\\confetti1@4x.png": {
      "time": 1737049508626.194,
      "uuid": "6a84739b-07d4-4618-8bbd-122a3d64787e"
    },
    "E:\\Baseball_2\\Baseball\\assets\\Sprite\\confetti2@4x.png": {
      "time": 1737049543447.814,
      "uuid": "51beb290-e8e5-4983-897d-9ba2a46a774d"
    },
    "E:\\Baseball_2\\Baseball\\assets\\Prefab\\Particle2D.prefab.meta": {
      "time": 1737054800854.6436
    },
    "E:\\Baseball_2\\Baseball\\assets\\Prefab\\Particle2D.prefab": {
      "time": 1737054800852.6384,
      "uuid": "496b6d23-bfc1-4396-8890-aa3dd1f1fb71"
    },
    "E:\\Baseball_2\\Baseball\\assets\\Prefab\\Particle2D-001.prefab.meta": {
      "time": 1737054800919.1558
    },
    "E:\\Baseball_2\\Baseball\\assets\\Prefab\\Particle2D-001.prefab": {
      "time": 1737054800918.1572,
      "uuid": "79e71608-68ec-4b10-a092-040e0233b594"
    },
    "E:\\Baseball_2\\Baseball\\assets\\Sprite\\Diablos_inst.png.meta": {
      "time": 1737656215939.5715
    },
    "E:\\Baseball_2\\Baseball\\assets\\Sprite\\fin-diablos.png.meta": {
      "time": 1737658383121.7517
    },
    "E:\\Baseball_2\\Baseball\\assets\\Sprite\\Portada-baseball.png.meta": {
      "time": 1737662770897.7205
    },
    "E:\\Baseball_2\\Baseball\\assets\\Sprite\\Logo Fan Diablos 2.png.meta": {
      "time": 1737662770931.9438
    },
    "E:\\Baseball_LMB\\Baseball-LMB\\assets\\Animation": {
      "time": 1738967085001.5286,
      "uuid": "9d1add65-4d5c-4287-9e17-483e03cbf7d8"
    },
    "E:\\Baseball_LMB\\Baseball-LMB\\assets\\Font": {
      "time": 1738967085010.327,
      "uuid": "3df921d7-fd94-4087-8dc2-1d0b2665c401"
    },
    "E:\\Baseball_LMB\\Baseball-LMB\\assets\\Prefab": {
      "time": 1738967085020.5337,
      "uuid": "d661af7f-434a-4a2d-b1a7-2dba3bf2a7c4"
    },
    "E:\\Baseball_LMB\\Baseball-LMB\\assets\\Scene": {
      "time": 1738967085033.354,
      "uuid": "8510cefd-cd01-4903-b8d0-cce6b912a6e3"
    },
    "E:\\Baseball_LMB\\Baseball-LMB\\assets\\Script": {
      "time": 1738967085053.646,
      "uuid": "87c8f64d-88c7-451e-90f7-4a66a513a85b"
    },
    "E:\\Baseball_LMB\\Baseball-LMB\\assets\\Sprite": {
      "time": 1738970029634.8843,
      "uuid": "04f6c915-a9f8-424d-a5ec-7e16e3152327"
    },
    "E:\\Baseball_LMB\\Baseball-LMB\\assets\\Script\\BateoController.ts": {
      "time": 1737658845114.2793,
      "uuid": "74b8aba9-4aaf-4769-94ef-1466477ca102"
    },
    "E:\\Baseball_LMB\\Baseball-LMB\\assets\\Script\\CambioEscena.ts": {
      "time": 1736992123758.4988,
      "uuid": "a48ba88b-3c96-47d1-9b93-39739e84b177"
    },
    "E:\\Baseball_LMB\\Baseball-LMB\\assets\\Script\\ManagerLabel.ts": {
      "time": 1736992123848.303,
      "uuid": "1cd4ba57-16e5-40ba-9aa8-3df21c4a3a85"
    },
    "E:\\Baseball_LMB\\Baseball-LMB\\assets\\Script\\Score.ts": {
      "time": 1736992123891.8403,
      "uuid": "eee33d7f-c2b7-46d2-a765-c90e7a3270ad"
    },
    "E:\\Baseball_LMB\\Baseball-LMB\\assets\\Animation.meta": {
      "time": 1736992123117.406
    },
    "E:\\Baseball_LMB\\Baseball-LMB\\assets\\Font.meta": {
      "time": 1736992123143.9773
    },
    "E:\\Baseball_LMB\\Baseball-LMB\\assets\\Prefab.meta": {
      "time": 1736992123170.0244
    },
    "E:\\Baseball_LMB\\Baseball-LMB\\assets\\Scene.meta": {
      "time": 1736992123200.39
    },
    "E:\\Baseball_LMB\\Baseball-LMB\\assets\\Script.meta": {
      "time": 1736992123240.603
    },
    "E:\\Baseball_LMB\\Baseball-LMB\\assets\\Sprite.meta": {
      "time": 1736992123265.0469
    },
    "E:\\Baseball_LMB\\Baseball-LMB\\assets\\Script\\BateoController.ts.meta": {
      "time": 1736992123741.469
    },
    "E:\\Baseball_LMB\\Baseball-LMB\\assets\\Script\\CambioEscena.ts.meta": {
      "time": 1736992123785.05
    },
    "E:\\Baseball_LMB\\Baseball-LMB\\assets\\Script\\Instrucciones.ts.meta": {
      "time": 1736992123827.2595
    },
    "E:\\Baseball_LMB\\Baseball-LMB\\assets\\Script\\ManagerLabel.ts.meta": {
      "time": 1736992123872.3347
    },
    "E:\\Baseball_LMB\\Baseball-LMB\\assets\\Script\\Score.ts.meta": {
      "time": 1736992123916.3926
    },
    "E:\\Baseball_LMB\\Baseball-LMB\\assets\\Animation\\Diablos.anim": {
      "time": 1736992123293.977,
      "uuid": "9a6f3138-9e51-4767-8c36-400277e4df2a"
    },
    "E:\\Baseball_LMB\\Baseball-LMB\\assets\\Animation\\Home-run-IDLE.anim": {
      "time": 1737049215139.6758,
      "uuid": "b5a1f843-0503-44ed-858f-d6ed1223cab1"
    },
    "E:\\Baseball_LMB\\Baseball-LMB\\assets\\Animation\\Home-run.anim": {
      "time": 1737049254993.7107,
      "uuid": "2878c86c-6361-45e8-b3cf-b41c61ad2a29"
    },
    "E:\\Baseball_LMB\\Baseball-LMB\\assets\\Animation\\Nice.anim": {
      "time": 1736992123392.0894,
      "uuid": "0677a686-c910-4248-8b40-6ef6ff2b0b7a"
    },
    "E:\\Baseball_LMB\\Baseball-LMB\\assets\\Animation\\Strick.anim": {
      "time": 1737656402168.3308,
      "uuid": "6cb705fa-93a9-4bd9-b39d-225280fa5386"
    },
    "E:\\Baseball_LMB\\Baseball-LMB\\assets\\Font\\BlackHanSans-Regular.ttf": {
      "time": 1736992123504.19,
      "uuid": "f3c7f5d8-1728-4db5-bcc4-e81f6c14ba66"
    },
    "E:\\Baseball_LMB\\Baseball-LMB\\assets\\Prefab\\Particle2D-001.prefab": {
      "time": 1737054800918.1572,
      "uuid": "79e71608-68ec-4b10-a092-040e0233b594"
    },
    "E:\\Baseball_LMB\\Baseball-LMB\\assets\\Prefab\\Particle2D.prefab": {
      "time": 1737054800852.6384,
      "uuid": "496b6d23-bfc1-4396-8890-aa3dd1f1fb71"
    },
    "E:\\Baseball_LMB\\Baseball-LMB\\assets\\Scene\\Inicio.scene": {
      "time": 1738972458664.8303,
      "uuid": "8ba13a23-e66e-410b-9173-269a2817cc21"
    },
    "E:\\Baseball_LMB\\Baseball-LMB\\assets\\Scene\\Instrucciones.scene": {
      "time": 1738972464219.7822,
      "uuid": "ef6ce344-9081-4b58-9742-85b94be0e571"
    },
    "E:\\Baseball_LMB\\Baseball-LMB\\assets\\Scene\\Juego.scene": {
      "time": 1738973060188.102,
      "uuid": "2c65efd0-30a0-45d2-b8cf-17f8289eb3a7"
    },
    "E:\\Baseball_LMB\\Baseball-LMB\\assets\\Sprite\\back.png": {
      "time": 1736992123940.9653,
      "uuid": "ece7af06-eaab-4def-bcff-532da680fb1c"
    },
    "E:\\Baseball_LMB\\Baseball-LMB\\assets\\Sprite\\Bat.png": {
      "time": 1736992123986.0654,
      "uuid": "495b382e-e089-4828-94dc-7e6685925cca"
    },
    "E:\\Baseball_LMB\\Baseball-LMB\\assets\\Sprite\\bateador 1.png": {
      "time": 1736992124035.0828,
      "uuid": "2c3e0bfb-cab9-4ed5-877e-20aaebd62fa0"
    },
    "E:\\Baseball_LMB\\Baseball-LMB\\assets\\Sprite\\bateador_sin bat.png": {
      "time": 1736992124076.4697,
      "uuid": "e3a6c631-6677-466d-ab33-0423f53e29f0"
    },
    "E:\\Baseball_LMB\\Baseball-LMB\\assets\\Sprite\\confetti1@4x.png": {
      "time": 1737049508626.194,
      "uuid": "6a84739b-07d4-4618-8bbd-122a3d64787e"
    },
    "E:\\Baseball_LMB\\Baseball-LMB\\assets\\Sprite\\confetti2@4x.png": {
      "time": 1737049543447.814,
      "uuid": "51beb290-e8e5-4983-897d-9ba2a46a774d"
    },
    "E:\\Baseball_LMB\\Baseball-LMB\\assets\\Sprite\\cursor.png": {
      "time": 1736992124118.0623,
      "uuid": "b7e3593a-31ea-4619-a99e-1ff2cc903210"
    },
    "E:\\Baseball_LMB\\Baseball-LMB\\assets\\Sprite\\cursorgolpe.png": {
      "time": 1736992124159.4978,
      "uuid": "71274405-65ab-4cc3-beae-cc4c81b3d21c"
    },
    "E:\\Baseball_LMB\\Baseball-LMB\\assets\\Sprite\\degradadoBlanco.png": {
      "time": 1736992124204.072,
      "uuid": "b3219cc6-7eb6-4304-a332-4823c1ae7137"
    },
    "E:\\Baseball_LMB\\Baseball-LMB\\assets\\Sprite\\fondo.png": {
      "time": 1736992124430.496,
      "uuid": "58015a8c-f62f-4f58-868c-6d90f8c4cdfc"
    },
    "E:\\Baseball_LMB\\Baseball-LMB\\assets\\Sprite\\lanzador 1.png": {
      "time": 1736992124818.4722,
      "uuid": "b5b8da7f-d907-4c0c-b64e-23652e415418"
    },
    "E:\\Baseball_LMB\\Baseball-LMB\\assets\\Sprite\\mute.png": {
      "time": 1737048965680.5886,
      "uuid": "590402f6-92d5-4005-b215-f451f3b91d55"
    },
    "E:\\Baseball_LMB\\Baseball-LMB\\assets\\Sprite\\next.png": {
      "time": 1736992125039.0203,
      "uuid": "d214d9bf-6136-4262-88fe-038be2e2c715"
    },
    "E:\\Baseball_LMB\\Baseball-LMB\\assets\\Sprite\\Pelota.png": {
      "time": 1736992125078.759,
      "uuid": "8e52fd91-e7a3-497b-ae57-7fe5097144fe"
    },
    "E:\\Baseball_LMB\\Baseball-LMB\\assets\\Sprite\\zonadedo.png": {
      "time": 1736992125384.1626,
      "uuid": "bf2a0981-27ad-48b2-9458-9a5f58323bf8"
    },
    "E:\\Baseball_LMB\\Baseball-LMB\\assets\\Animation\\Diablos.anim.meta": {
      "time": 1736992123317.0195
    },
    "E:\\Baseball_LMB\\Baseball-LMB\\assets\\Animation\\Home-run-IDLE.anim.meta": {
      "time": 1737049192931.4087
    },
    "E:\\Baseball_LMB\\Baseball-LMB\\assets\\Animation\\Nice.anim.meta": {
      "time": 1736992123416.243
    },
    "E:\\Baseball_LMB\\Baseball-LMB\\assets\\Animation\\Home-run.anim.meta": {
      "time": 1736992123368.325
    },
    "E:\\Baseball_LMB\\Baseball-LMB\\assets\\Animation\\Strick.anim.meta": {
      "time": 1736992123466.0525
    },
    "E:\\Baseball_LMB\\Baseball-LMB\\assets\\Scene\\Inicio.scene.meta": {
      "time": 1736992123586.4612
    },
    "E:\\Baseball_LMB\\Baseball-LMB\\assets\\Prefab\\Particle2D.prefab.meta": {
      "time": 1737054800854.6436
    },
    "E:\\Baseball_LMB\\Baseball-LMB\\assets\\Prefab\\Particle2D-001.prefab.meta": {
      "time": 1737054800919.1558
    },
    "E:\\Baseball_LMB\\Baseball-LMB\\assets\\Font\\BlackHanSans-Regular.ttf.meta": {
      "time": 1736992123527.235
    },
    "E:\\Baseball_LMB\\Baseball-LMB\\assets\\Scene\\Instrucciones.scene.meta": {
      "time": 1736992123637.0579
    },
    "E:\\Baseball_LMB\\Baseball-LMB\\assets\\Scene\\Juego.scene.meta": {
      "time": 1736992123692.6765
    },
    "E:\\Baseball_LMB\\Baseball-LMB\\assets\\Sprite\\back.png.meta": {
      "time": 1736992123963.9924
    },
    "E:\\Baseball_LMB\\Baseball-LMB\\assets\\Sprite\\Bat.png.meta": {
      "time": 1736992124016.2407
    },
    "E:\\Baseball_LMB\\Baseball-LMB\\assets\\Sprite\\bateador 1.png.meta": {
      "time": 1736992124059.5151
    },
    "E:\\Baseball_LMB\\Baseball-LMB\\assets\\Sprite\\bateador_sin bat.png.meta": {
      "time": 1736992124101.4956
    },
    "E:\\Baseball_LMB\\Baseball-LMB\\assets\\Sprite\\confetti1@4x.png.meta": {
      "time": 1737049569621.77
    },
    "E:\\Baseball_LMB\\Baseball-LMB\\assets\\Sprite\\cursor.png.meta": {
      "time": 1736992124142.9797
    },
    "E:\\Baseball_LMB\\Baseball-LMB\\assets\\Sprite\\confetti2@4x.png.meta": {
      "time": 1737049569645.7703
    },
    "E:\\Baseball_LMB\\Baseball-LMB\\assets\\Sprite\\cursorgolpe.png.meta": {
      "time": 1736992124185.0552
    },
    "E:\\Baseball_LMB\\Baseball-LMB\\assets\\Sprite\\degradadoBlanco.png.meta": {
      "time": 1736992124227.4043
    },
    "E:\\Baseball_LMB\\Baseball-LMB\\assets\\Sprite\\Diablos-2.png.meta": {
      "time": 1736992124271.4668
    },
    "E:\\Baseball_LMB\\Baseball-LMB\\assets\\Sprite\\fin-diablos.png.meta": {
      "time": 1737658383121.7517
    },
    "E:\\Baseball_LMB\\Baseball-LMB\\assets\\Sprite\\fondo.png.meta": {
      "time": 1736992124455.4878
    },
    "E:\\Baseball_LMB\\Baseball-LMB\\assets\\Sprite\\Inicio_Diablos.png.meta": {
      "time": 1736992124626.4111
    },
    "E:\\Baseball_LMB\\Baseball-LMB\\assets\\Sprite\\lanzador 1.png.meta": {
      "time": 1736992124843.861
    },
    "E:\\Baseball_LMB\\Baseball-LMB\\assets\\Sprite\\Logo Fan Diablos 2.png.meta": {
      "time": 1737662770931.9438
    },
    "E:\\Baseball_LMB\\Baseball-LMB\\assets\\Sprite\\mute.png.meta": {
      "time": 1737048996453.5557
    },
    "E:\\Baseball_LMB\\Baseball-LMB\\assets\\Sprite\\next.png.meta": {
      "time": 1736992125061.1921
    },
    "E:\\Baseball_LMB\\Baseball-LMB\\assets\\Sprite\\Pelota.png.meta": {
      "time": 1736992125101.3472
    },
    "E:\\Baseball_LMB\\Baseball-LMB\\assets\\Sprite\\zonadedo.png.meta": {
      "time": 1736992125408.5989
    },
    "E:\\Baseball_LMB\\Baseball-LMB\\assets\\Sprite\\02InstLMB.png.meta": {
      "time": 1738967763271.2249
    },
    "E:\\Baseball_LMB\\Baseball-LMB\\assets\\Sprite\\btn_Salir.png.meta": {
      "time": 1738967763289.1062
    },
    "E:\\Baseball_LMB\\Baseball-LMB\\assets\\Sprite\\btn_Jugar_p.png.meta": {
      "time": 1738967763311.198
    },
    "E:\\Baseball_LMB\\Baseball-LMB\\assets\\Sprite\\btn_Salir_h.png.meta": {
      "time": 1738967763331.2249
    },
    "E:\\Baseball_LMB\\Baseball-LMB\\assets\\Sprite\\btn_Salir_p.png.meta": {
      "time": 1738967763350.876
    },
    "E:\\Baseball_LMB\\Baseball-LMB\\assets\\Sprite\\btn_Siguiente.png.meta": {
      "time": 1738967763372.028
    },
    "E:\\Baseball_LMB\\Baseball-LMB\\assets\\Sprite\\fondo_juego.png.meta": {
      "time": 1738967763418.7336
    },
    "E:\\Baseball_LMB\\Baseball-LMB\\assets\\Sprite\\btn_Siguiente_p.png.meta": {
      "time": 1738967763451.2573
    },
    "E:\\Baseball_LMB\\Baseball-LMB\\assets\\Sprite\\btn_Siguiente_h.png.meta": {
      "time": 1738967763473.322
    },
    "E:\\Baseball_LMB\\Baseball-LMB\\assets\\Sprite\\PortadaLMB.png.meta": {
      "time": 1738967763514.955
    },
    "E:\\Baseball_LMB\\Baseball-LMB\\assets\\Sprite\\03InstLMB.png.meta": {
      "time": 1738967763570.7874
    },
    "E:\\Baseball_LMB\\Baseball-LMB\\assets\\Sprite\\btn_Inicio_h.png.meta": {
      "time": 1738967763619.8447
    },
    "E:\\Baseball_LMB\\Baseball-LMB\\assets\\Sprite\\btn_Inicio.png.meta": {
      "time": 1738967763638.3164
    },
    "E:\\Baseball_LMB\\Baseball-LMB\\assets\\Sprite\\btn_Inicio_p.png.meta": {
      "time": 1738967763656.9243
    },
    "E:\\Baseball_LMB\\Baseball-LMB\\assets\\Sprite\\btn_Jugar.png.meta": {
      "time": 1738967763689.6921
    },
    "E:\\Baseball_LMB\\Baseball-LMB\\assets\\Sprite\\btn_Jugar_h.png.meta": {
      "time": 1738967763707.7546
    },
    "E:\\Baseball_LMB\\Baseball-LMB\\assets\\Sprite\\01InstLMB.png.meta": {
      "time": 1738967763727.793
    },
    "E:\\Baseball_LMB\\Baseball-LMB\\assets\\Sprite\\03LMB.png.meta": {
      "time": 1738968576990.3596
    },
    "E:\\Baseball_LMB\\Baseball-LMB\\assets\\Sprite\\TextLMB.png.meta": {
      "time": 1738968804214.3496
    },
    "E:\\Baseball_LMB\\Baseball-LMB\\assets\\Sprite\\TextLMB.png": {
      "time": 1738968775844.2678,
      "uuid": "92585151-6df3-41b4-b46f-af1f74474595"
    },
    "E:\\Baseball_LMB\\Baseball-LMB\\assets\\Sprite\\LMB fanrewards.png.meta": {
      "time": 1738968835787.5652
    },
    "E:\\Baseball_LMB\\Baseball-LMB\\assets\\Sprite\\Logo-Caliente.png.meta": {
      "time": 1738968873036.5085
    },
    "E:\\Baseball_LMB\\Baseball-LMB\\assets\\Sprite\\caliente valla.png.meta": {
      "time": 1738969227017.3372
    },
    "E:\\Baseball_LMB\\Baseball-LMB\\assets\\Sprite\\Marcos-LMB.png.meta": {
      "time": 1738969375274.8796
    },
    "E:\\Baseball_Venados\\Baseball-Venados\\assets\\Animation": {
      "time": 1739904207446.815,
      "uuid": "9d1add65-4d5c-4287-9e17-483e03cbf7d8"
    },
    "E:\\Baseball_Venados\\Baseball-Venados\\assets\\Font": {
      "time": 1739904207455.758,
      "uuid": "3df921d7-fd94-4087-8dc2-1d0b2665c401"
    },
    "E:\\Baseball_Venados\\Baseball-Venados\\assets\\Prefab": {
      "time": 1739904207464.2646,
      "uuid": "d661af7f-434a-4a2d-b1a7-2dba3bf2a7c4"
    },
    "E:\\Baseball_Venados\\Baseball-Venados\\assets\\Scene": {
      "time": 1739904207475.1902,
      "uuid": "8510cefd-cd01-4903-b8d0-cce6b912a6e3"
    },
    "E:\\Baseball_Venados\\Baseball-Venados\\assets\\Script": {
      "time": 1760149335940.591,
      "uuid": "87c8f64d-88c7-451e-90f7-4a66a513a85b"
    },
    "E:\\Baseball_Venados\\Baseball-Venados\\assets\\Sprite": {
      "time": 1760646165347.0642,
      "uuid": "04f6c915-a9f8-424d-a5ec-7e16e3152327"
    },
    "E:\\Baseball_Venados\\Baseball-Venados\\assets\\Script\\BateoController.ts": {
      "time": 1760655993007.2332,
      "uuid": "74b8aba9-4aaf-4769-94ef-1466477ca102"
    },
    "E:\\Baseball_Venados\\Baseball-Venados\\assets\\Script\\CambioEscena.ts": {
      "time": 1760116393073.0273,
      "uuid": "a48ba88b-3c96-47d1-9b93-39739e84b177"
    },
    "E:\\Baseball_Venados\\Baseball-Venados\\assets\\Script\\ManagerLabel.ts": {
      "time": 1760157448231.7356,
      "uuid": "1cd4ba57-16e5-40ba-9aa8-3df21c4a3a85"
    },
    "E:\\Baseball_Venados\\Baseball-Venados\\assets\\Script\\Score.ts": {
      "time": 1760368897031.0317,
      "uuid": "eee33d7f-c2b7-46d2-a765-c90e7a3270ad"
    },
    "E:\\Baseball_Venados\\Baseball-Venados\\assets\\Animation.meta": {
      "time": 1736992123117.406
    },
    "E:\\Baseball_Venados\\Baseball-Venados\\assets\\Font.meta": {
      "time": 1736992123143.9773
    },
    "E:\\Baseball_Venados\\Baseball-Venados\\assets\\Prefab.meta": {
      "time": 1736992123170.0244
    },
    "E:\\Baseball_Venados\\Baseball-Venados\\assets\\Scene.meta": {
      "time": 1736992123200.39
    },
    "E:\\Baseball_Venados\\Baseball-Venados\\assets\\Script.meta": {
      "time": 1736992123240.603
    },
    "E:\\Baseball_Venados\\Baseball-Venados\\assets\\Sprite.meta": {
      "time": 1736992123265.0469
    },
    "E:\\Baseball_Venados\\Baseball-Venados\\assets\\Script\\BateoController.ts.meta": {
      "time": 1736992123741.469
    },
    "E:\\Baseball_Venados\\Baseball-Venados\\assets\\Script\\CambioEscena.ts.meta": {
      "time": 1736992123785.05
    },
    "E:\\Baseball_Venados\\Baseball-Venados\\assets\\Script\\ManagerLabel.ts.meta": {
      "time": 1736992123872.3347
    },
    "E:\\Baseball_Venados\\Baseball-Venados\\assets\\Script\\Score.ts.meta": {
      "time": 1736992123916.3926
    },
    "E:\\Baseball_Venados\\Baseball-Venados\\assets\\Animation\\Diablos.anim": {
      "time": 1736992123293.977,
      "uuid": "9a6f3138-9e51-4767-8c36-400277e4df2a"
    },
    "E:\\Baseball_Venados\\Baseball-Venados\\assets\\Animation\\Home-run-IDLE.anim": {
      "time": 1737049215139.6758,
      "uuid": "b5a1f843-0503-44ed-858f-d6ed1223cab1"
    },
    "E:\\Baseball_Venados\\Baseball-Venados\\assets\\Animation\\Home-run.anim": {
      "time": 1737049254993.7107,
      "uuid": "2878c86c-6361-45e8-b3cf-b41c61ad2a29"
    },
    "E:\\Baseball_Venados\\Baseball-Venados\\assets\\Animation\\Nice.anim": {
      "time": 1736992123392.0894,
      "uuid": "0677a686-c910-4248-8b40-6ef6ff2b0b7a"
    },
    "E:\\Baseball_Venados\\Baseball-Venados\\assets\\Animation\\Strick.anim": {
      "time": 1737656402168.3308,
      "uuid": "6cb705fa-93a9-4bd9-b39d-225280fa5386"
    },
    "E:\\Baseball_Venados\\Baseball-Venados\\assets\\Font\\BlackHanSans-Regular.ttf": {
      "time": 1736992123504.19,
      "uuid": "f3c7f5d8-1728-4db5-bcc4-e81f6c14ba66"
    },
    "E:\\Baseball_Venados\\Baseball-Venados\\assets\\Prefab\\Particle2D-001.prefab": {
      "time": 1737054800918.1572,
      "uuid": "79e71608-68ec-4b10-a092-040e0233b594"
    },
    "E:\\Baseball_Venados\\Baseball-Venados\\assets\\Prefab\\Particle2D.prefab": {
      "time": 1737054800852.6384,
      "uuid": "496b6d23-bfc1-4396-8890-aa3dd1f1fb71"
    },
    "E:\\Baseball_Venados\\Baseball-Venados\\assets\\Scene\\Inicio.scene": {
      "time": 1760367294639.3037,
      "uuid": "8ba13a23-e66e-410b-9173-269a2817cc21"
    },
    "E:\\Baseball_Venados\\Baseball-Venados\\assets\\Scene\\Instrucciones.scene": {
      "time": 1760149181524.6655,
      "uuid": "ef6ce344-9081-4b58-9742-85b94be0e571"
    },
    "E:\\Baseball_Venados\\Baseball-Venados\\assets\\Scene\\Juego.scene": {
      "time": 1760656086669.1152,
      "uuid": "2c65efd0-30a0-45d2-b8cf-17f8289eb3a7"
    },
    "E:\\Baseball_Venados\\Baseball-Venados\\assets\\Sprite\\back.png": {
      "time": 1736992123940.9653,
      "uuid": "ece7af06-eaab-4def-bcff-532da680fb1c"
    },
    "E:\\Baseball_Venados\\Baseball-Venados\\assets\\Sprite\\Bat.png": {
      "time": 1736992123986.0654,
      "uuid": "495b382e-e089-4828-94dc-7e6685925cca"
    },
    "E:\\Baseball_Venados\\Baseball-Venados\\assets\\Sprite\\bateador 1.png": {
      "time": 1736992124035.0828,
      "uuid": "2c3e0bfb-cab9-4ed5-877e-20aaebd62fa0"
    },
    "E:\\Baseball_Venados\\Baseball-Venados\\assets\\Sprite\\bateador_sin bat.png": {
      "time": 1736992124076.4697,
      "uuid": "e3a6c631-6677-466d-ab33-0423f53e29f0"
    },
    "E:\\Baseball_Venados\\Baseball-Venados\\assets\\Sprite\\confetti1@4x.png": {
      "time": 1737049508626.194,
      "uuid": "6a84739b-07d4-4618-8bbd-122a3d64787e"
    },
    "E:\\Baseball_Venados\\Baseball-Venados\\assets\\Sprite\\confetti2@4x.png": {
      "time": 1737049543447.814,
      "uuid": "51beb290-e8e5-4983-897d-9ba2a46a774d"
    },
    "E:\\Baseball_Venados\\Baseball-Venados\\assets\\Sprite\\cursor.png": {
      "time": 1736992124118.0623,
      "uuid": "b7e3593a-31ea-4619-a99e-1ff2cc903210"
    },
    "E:\\Baseball_Venados\\Baseball-Venados\\assets\\Sprite\\cursorgolpe.png": {
      "time": 1736992124159.4978,
      "uuid": "71274405-65ab-4cc3-beae-cc4c81b3d21c"
    },
    "E:\\Baseball_Venados\\Baseball-Venados\\assets\\Sprite\\degradadoBlanco.png": {
      "time": 1736992124204.072,
      "uuid": "b3219cc6-7eb6-4304-a332-4823c1ae7137"
    },
    "E:\\Baseball_Venados\\Baseball-Venados\\assets\\Sprite\\fondo.png": {
      "time": 1736992124430.496,
      "uuid": "58015a8c-f62f-4f58-868c-6d90f8c4cdfc"
    },
    "E:\\Baseball_Venados\\Baseball-Venados\\assets\\Sprite\\lanzador 1.png": {
      "time": 1736992124818.4722,
      "uuid": "b5b8da7f-d907-4c0c-b64e-23652e415418"
    },
    "E:\\Baseball_Venados\\Baseball-Venados\\assets\\Sprite\\mute.png": {
      "time": 1737048965680.5886,
      "uuid": "590402f6-92d5-4005-b215-f451f3b91d55"
    },
    "E:\\Baseball_Venados\\Baseball-Venados\\assets\\Sprite\\next.png": {
      "time": 1736992125039.0203,
      "uuid": "d214d9bf-6136-4262-88fe-038be2e2c715"
    },
    "E:\\Baseball_Venados\\Baseball-Venados\\assets\\Sprite\\Pelota.png": {
      "time": 1736992125078.759,
      "uuid": "8e52fd91-e7a3-497b-ae57-7fe5097144fe"
    },
    "E:\\Baseball_Venados\\Baseball-Venados\\assets\\Sprite\\TextLMB.png": {
      "time": 1738968775844.2678,
      "uuid": "92585151-6df3-41b4-b46f-af1f74474595"
    },
    "E:\\Baseball_Venados\\Baseball-Venados\\assets\\Sprite\\zonadedo.png": {
      "time": 1736992125384.1626,
      "uuid": "bf2a0981-27ad-48b2-9458-9a5f58323bf8"
    },
    "E:\\Baseball_Venados\\Baseball-Venados\\assets\\Animation\\Diablos.anim.meta": {
      "time": 1736992123317.0195
    },
    "E:\\Baseball_Venados\\Baseball-Venados\\assets\\Animation\\Nice.anim.meta": {
      "time": 1736992123416.243
    },
    "E:\\Baseball_Venados\\Baseball-Venados\\assets\\Animation\\Home-run-IDLE.anim.meta": {
      "time": 1737049192931.4087
    },
    "E:\\Baseball_Venados\\Baseball-Venados\\assets\\Animation\\Home-run.anim.meta": {
      "time": 1736992123368.325
    },
    "E:\\Baseball_Venados\\Baseball-Venados\\assets\\Animation\\Strick.anim.meta": {
      "time": 1736992123466.0525
    },
    "E:\\Baseball_Venados\\Baseball-Venados\\assets\\Prefab\\Particle2D.prefab.meta": {
      "time": 1737054800854.6436
    },
    "E:\\Baseball_Venados\\Baseball-Venados\\assets\\Prefab\\Particle2D-001.prefab.meta": {
      "time": 1737054800919.1558
    },
    "E:\\Baseball_Venados\\Baseball-Venados\\assets\\Scene\\Inicio.scene.meta": {
      "time": 1736992123586.4612
    },
    "E:\\Baseball_Venados\\Baseball-Venados\\assets\\Font\\BlackHanSans-Regular.ttf.meta": {
      "time": 1736992123527.235
    },
    "E:\\Baseball_Venados\\Baseball-Venados\\assets\\Scene\\Instrucciones.scene.meta": {
      "time": 1736992123637.0579
    },
    "E:\\Baseball_Venados\\Baseball-Venados\\assets\\Scene\\Juego.scene.meta": {
      "time": 1736992123692.6765
    },
    "E:\\Baseball_Venados\\Baseball-Venados\\assets\\Sprite\\back.png.meta": {
      "time": 1736992123963.9924
    },
    "E:\\Baseball_Venados\\Baseball-Venados\\assets\\Sprite\\Bat.png.meta": {
      "time": 1736992124016.2407
    },
    "E:\\Baseball_Venados\\Baseball-Venados\\assets\\Sprite\\bateador_sin bat.png.meta": {
      "time": 1736992124101.4956
    },
    "E:\\Baseball_Venados\\Baseball-Venados\\assets\\Sprite\\bateador 1.png.meta": {
      "time": 1736992124059.5151
    },
    "E:\\Baseball_Venados\\Baseball-Venados\\assets\\Sprite\\confetti1@4x.png.meta": {
      "time": 1737049569621.77
    },
    "E:\\Baseball_Venados\\Baseball-Venados\\assets\\Sprite\\confetti2@4x.png.meta": {
      "time": 1737049569645.7703
    },
    "E:\\Baseball_Venados\\Baseball-Venados\\assets\\Sprite\\cursorgolpe.png.meta": {
      "time": 1736992124185.0552
    },
    "E:\\Baseball_Venados\\Baseball-Venados\\assets\\Sprite\\cursor.png.meta": {
      "time": 1736992124142.9797
    },
    "E:\\Baseball_Venados\\Baseball-Venados\\assets\\Sprite\\degradadoBlanco.png.meta": {
      "time": 1736992124227.4043
    },
    "E:\\Baseball_Venados\\Baseball-Venados\\assets\\Sprite\\fondo.png.meta": {
      "time": 1736992124455.4878
    },
    "E:\\Baseball_Venados\\Baseball-Venados\\assets\\Sprite\\lanzador 1.png.meta": {
      "time": 1736992124843.861
    },
    "E:\\Baseball_Venados\\Baseball-Venados\\assets\\Sprite\\mute.png.meta": {
      "time": 1737048996453.5557
    },
    "E:\\Baseball_Venados\\Baseball-Venados\\assets\\Sprite\\next.png.meta": {
      "time": 1736992125061.1921
    },
    "E:\\Baseball_Venados\\Baseball-Venados\\assets\\Sprite\\Pelota.png.meta": {
      "time": 1736992125101.3472
    },
    "E:\\Baseball_Venados\\Baseball-Venados\\assets\\Sprite\\TextLMB.png.meta": {
      "time": 1738968804214.3496
    },
    "E:\\Baseball_Venados\\Baseball-Venados\\assets\\Sprite\\zonadedo.png.meta": {
      "time": 1736992125408.5989
    },
    "E:\\Baseball_Venados\\Baseball-Venados\\assets\\Sprite\\Inst_01.png.meta": {
      "time": 1739905170300.579
    },
    "E:\\Baseball_Venados\\Baseball-Venados\\assets\\Sprite\\LogoVenados_contorno 1.png.meta": {
      "time": 1760550311496.4724
    },
    "E:\\Baseball_Venados\\Baseball-Venados\\assets\\Sprite\\Inst_03.png.meta": {
      "time": 1739905170342.089
    },
    "E:\\Baseball_Venados\\Baseball-Venados\\assets\\Sprite\\Inst_02.png.meta": {
      "time": 1739905170360.6028
    },
    "E:\\Baseball_Venados\\Baseball-Venados\\assets\\Sprite\\bg_inst.png.meta": {
      "time": 1739905170438.113
    },
    "E:\\Baseball_Venados\\Baseball-Venados\\assets\\Sprite\\bg_inst_como.png.meta": {
      "time": 1739905170539.1338
    },
    "E:\\Baseball_Venados\\Baseball-Venados\\assets\\Sprite\\Inst_01.png": {
      "time": 1760148522905.5542,
      "uuid": "b53876f9-e5bd-4cc5-9d22-cb65ae7c5640"
    },
    "E:\\Baseball_Venados\\Baseball-Venados\\assets\\Sprite\\LogoVenados_contorno 1.png": {
      "time": 1760550221647.9167,
      "uuid": "6d65f1a3-ebd4-4311-906b-3c1481edde50"
    },
    "E:\\Baseball_Venados\\Baseball-Venados\\assets\\Sprite\\Inst_03.png": {
      "time": 1760148526716.807,
      "uuid": "dada3e1a-a140-484d-87f9-80a7e3faea9b"
    },
    "E:\\Baseball_Venados\\Baseball-Venados\\assets\\Sprite\\Inst_02.png": {
      "time": 1760148524674.1938,
      "uuid": "ae3445fb-815b-49b3-967e-c1063c05012d"
    },
    "E:\\Baseball_Venados\\Baseball-Venados\\assets\\Sprite\\bg_inst.png": {
      "time": 1739905128267.5886,
      "uuid": "f56b0d75-07b3-4a2d-bb4f-8e06479c4fd8"
    },
    "E:\\Baseball_Venados\\Baseball-Venados\\assets\\Sprite\\bg_inst_como.png": {
      "time": 1739905128286.5881,
      "uuid": "0d06ff75-65fd-480e-8316-5db188d50ef3"
    },
    "E:\\Baseball_Venados\\Baseball-Venados\\assets\\Sprite\\Inst_00.png.meta": {
      "time": 1739905174785.9834
    },
    "E:\\Baseball_Venados\\Baseball-Venados\\assets\\Sprite\\Inst_00.png": {
      "time": 1739905127987.6643,
      "uuid": "be5a8158-b7e3-4bc1-8c7d-9a849e30c89f"
    },
    "E:\\Baseball_Venados\\Baseball-Venados\\assets\\Sprite\\bg.png.meta": {
      "time": 1739905325874.8079
    },
    "E:\\Baseball_Venados\\Baseball-Venados\\assets\\Sprite\\bg.png": {
      "time": 1739905296466.7063,
      "uuid": "e8b9c1ff-75f7-42e6-90dc-3ebf6b98b6d7"
    },
    "E:\\Baseball_Venados\\Baseball-Venados\\assets\\Sprite\\Marco.png.meta": {
      "time": 1739905447068.6223
    },
    "E:\\Baseball_Venados\\Baseball-Venados\\assets\\Sprite\\Marco.png": {
      "time": 1739905435550.978,
      "uuid": "efab5e4c-fe6e-4b95-97d2-8f47bdfaf5ea"
    },
    "E:\\Baseball_Venados\\Baseball-Venados\\assets\\Sprite\\PortadaVenados.png.meta": {
      "time": 1739905692296.1677
    },
    "E:\\Baseball_Venados\\Baseball-Venados\\assets\\Sprite\\PortadaVenados.png": {
      "time": 1739905673869.7036,
      "uuid": "c569ce79-003c-4634-9f33-431a5b579c15"
    },
    "E:\\Baseball_Venados\\Baseball-Venados\\assets\\Sprite\\salsa huichol.png.meta": {
      "time": 1739906279122.078
    },
    "E:\\Baseball_Venados\\Baseball-Venados\\assets\\Sprite\\salsa huichol.png": {
      "time": 1739906326865.8599,
      "uuid": "43661180-a6ff-403e-89c9-17e72ba1784a"
    },
    "E:\\Baseball_Venados\\Baseball-Venados\\assets\\Sprite\\Juego01.png.meta": {
      "time": 1760148584149.4465
    },
    "E:\\Baseball_Venados\\Baseball-Venados\\assets\\Sprite\\Juego01.png": {
      "time": 1760120740733.4348,
      "uuid": "c50c4b64-2f36-4a60-8d94-c27dae1758a4"
    },
    "E:\\Baseball_Venados\\Baseball-Venados\\assets\\Script\\Instrucciones.ts.meta": {
      "time": 1760148717821.1052
    },
    "E:\\Baseball_Venados\\Baseball-Venados\\assets\\Script\\Instrucciones.ts": {
      "time": 1760121164443.7754,
      "uuid": "ecabcb5b-a413-4aa2-902d-bfabb2196ff7"
    },
    "E:\\Baseball_Venados\\Baseball-Venados\\assets\\Sprite\\GameOver.png.meta": {
      "time": 1760148844191.3123
    },
    "E:\\Baseball_Venados\\Baseball-Venados\\assets\\Sprite\\GameOver.png": {
      "time": 1760121164441.7751,
      "uuid": "88311dbc-a228-4c91-a710-43e927169e84"
    },
    "E:\\Baseball_Venados\\Baseball-Venados\\assets\\Sprite\\Jugar.meta": {
      "time": 1760149136736.7642
    },
    "E:\\Baseball_Venados\\Baseball-Venados\\assets\\Sprite\\Jugar\\Hover.png.meta": {
      "time": 1760149136782.849
    },
    "E:\\Baseball_Venados\\Baseball-Venados\\assets\\Sprite\\Jugar\\Normal.png.meta": {
      "time": 1760149136774.3408
    },
    "E:\\Baseball_Venados\\Baseball-Venados\\assets\\Sprite\\Jugar\\Press.png.meta": {
      "time": 1760149136777.338
    },
    "E:\\Baseball_Venados\\Baseball-Venados\\assets\\Sprite\\Jugar": {
      "time": 1760149136734.7668,
      "uuid": "60d5d730-02ea-4a9d-917b-db1a5776ad80"
    },
    "E:\\Baseball_Venados\\Baseball-Venados\\assets\\Sprite\\Inicio.meta": {
      "time": 1760149136776.337
    },
    "E:\\Baseball_Venados\\Baseball-Venados\\assets\\Sprite\\Inicio\\Hover.png.meta": {
      "time": 1760149136816.4456
    },
    "E:\\Baseball_Venados\\Baseball-Venados\\assets\\Sprite\\Inicio\\Normal.png.meta": {
      "time": 1760149136821.9612
    },
    "E:\\Baseball_Venados\\Baseball-Venados\\assets\\Sprite\\Inicio\\Press.png.meta": {
      "time": 1760149136839.491
    },
    "E:\\Baseball_Venados\\Baseball-Venados\\assets\\Sprite\\Salir.meta": {
      "time": 1760149136818.449
    },
    "E:\\Baseball_Venados\\Baseball-Venados\\assets\\Sprite\\Salir\\Hover.png.meta": {
      "time": 1760149136882.5789
    },
    "E:\\Baseball_Venados\\Baseball-Venados\\assets\\Sprite\\Salir\\Normal.png.meta": {
      "time": 1760149136875.0623
    },
    "E:\\Baseball_Venados\\Baseball-Venados\\assets\\Sprite\\Salir\\Press.png.meta": {
      "time": 1760149136881.0652
    },
    "E:\\Baseball_Venados\\Baseball-Venados\\assets\\Sprite\\Siguiente.meta": {
      "time": 1760149136877.064
    },
    "E:\\Baseball_Venados\\Baseball-Venados\\assets\\Sprite\\Siguiente\\Hover.png.meta": {
      "time": 1760149136905.631
    },
    "E:\\Baseball_Venados\\Baseball-Venados\\assets\\Sprite\\Siguiente\\Normal.png.meta": {
      "time": 1760149136913.145
    },
    "E:\\Baseball_Venados\\Baseball-Venados\\assets\\Sprite\\Siguiente\\Press.png.meta": {
      "time": 1760149136915.151
    },
    "E:\\Baseball_Venados\\Baseball-Venados\\assets\\Sprite\\Volver.meta": {
      "time": 1760149136908.631
    },
    "E:\\Baseball_Venados\\Baseball-Venados\\assets\\Sprite\\Volver\\Hover.png.meta": {
      "time": 1760149136938.8606
    },
    "E:\\Baseball_Venados\\Baseball-Venados\\assets\\Sprite\\Volver\\Normal.png.meta": {
      "time": 1760149136933.8604
    },
    "E:\\Baseball_Venados\\Baseball-Venados\\assets\\Sprite\\Volver\\Press.png.meta": {
      "time": 1760149136935.8643
    },
    "E:\\Baseball_Venados\\Baseball-Venados\\assets\\Sprite\\Jugar\\Normal.png": {
      "time": 1760120850732.5747,
      "uuid": "7eac972b-d148-473a-8f03-140081160520"
    },
    "E:\\Baseball_Venados\\Baseball-Venados\\assets\\Sprite\\Inicio": {
      "time": 1760149136739.7651,
      "uuid": "afe74683-5087-47ec-a61d-1734fbeeaea7"
    },
    "E:\\Baseball_Venados\\Baseball-Venados\\assets\\Sprite\\Jugar\\Press.png": {
      "time": 1760120850736.6245,
      "uuid": "199e701f-4f9d-460c-b0c6-1f13d6a22f14"
    },
    "E:\\Baseball_Venados\\Baseball-Venados\\assets\\Sprite\\Jugar\\Hover.png": {
      "time": 1760120850729.5742,
      "uuid": "28196f05-e452-439d-8b98-63d2be1a6566"
    },
    "E:\\Baseball_Venados\\Baseball-Venados\\assets\\Sprite\\Inicio\\Hover.png": {
      "time": 1760120850706.9187,
      "uuid": "22a5e0bc-facd-4be8-b729-f3ef700e3622"
    },
    "E:\\Baseball_Venados\\Baseball-Venados\\assets\\Sprite\\Salir": {
      "time": 1760149136744.7805,
      "uuid": "1f6b4aaa-7d7d-4888-a56b-7d0e99c96f36"
    },
    "E:\\Baseball_Venados\\Baseball-Venados\\assets\\Sprite\\Inicio\\Normal.png": {
      "time": 1760120850718.4297,
      "uuid": "77da5e5b-96f2-4237-b7b4-222dd2afe246"
    },
    "E:\\Baseball_Venados\\Baseball-Venados\\assets\\Sprite\\Inicio\\Press.png": {
      "time": 1760120850722.4285,
      "uuid": "95225543-202c-411b-a468-299a88fe5553"
    },
    "E:\\Baseball_Venados\\Baseball-Venados\\assets\\Sprite\\Salir\\Normal.png": {
      "time": 1760120850754.4915,
      "uuid": "6bff1878-25aa-4329-94d6-7c309ca47c7d"
    },
    "E:\\Baseball_Venados\\Baseball-Venados\\assets\\Sprite\\Siguiente": {
      "time": 1760149136749.7893,
      "uuid": "26058dab-fd61-43ed-a155-cfd8e5d0f230"
    },
    "E:\\Baseball_Venados\\Baseball-Venados\\assets\\Sprite\\Salir\\Press.png": {
      "time": 1760120850757.624,
      "uuid": "5a29798d-d153-48f3-9fd0-cd4675be2cd9"
    },
    "E:\\Baseball_Venados\\Baseball-Venados\\assets\\Sprite\\Salir\\Hover.png": {
      "time": 1760120850750.4907,
      "uuid": "a777528a-ec01-407e-a595-9b0dcfe4ab31"
    },
    "E:\\Baseball_Venados\\Baseball-Venados\\assets\\Sprite\\Siguiente\\Hover.png": {
      "time": 1760120850764.621,
      "uuid": "848711e3-0478-4274-8d3e-6062fbeb1ea2"
    },
    "E:\\Baseball_Venados\\Baseball-Venados\\assets\\Sprite\\Volver": {
      "time": 1760149136754.3103,
      "uuid": "7563ea5c-89cd-44c7-b68f-7c8fad1107e5"
    },
    "E:\\Baseball_Venados\\Baseball-Venados\\assets\\Sprite\\Siguiente\\Normal.png": {
      "time": 1760120850767.105,
      "uuid": "e5439241-2029-40c6-beaa-efbeae6b9558"
    },
    "E:\\Baseball_Venados\\Baseball-Venados\\assets\\Sprite\\Siguiente\\Press.png": {
      "time": 1760120850771.614,
      "uuid": "13ff5fd8-7b5a-4f35-858c-3f7e614fc1fc"
    },
    "E:\\Baseball_Venados\\Baseball-Venados\\assets\\Sprite\\Volver\\Normal.png": {
      "time": 1760120850782.6953,
      "uuid": "52ca86e5-0111-4ae8-a68b-9c661c00d9ec"
    },
    "E:\\Baseball_Venados\\Baseball-Venados\\assets\\Sprite\\Volver\\Press.png": {
      "time": 1760120850785.6929,
      "uuid": "a60269b7-c994-46e1-b03b-68ec9706a5ce"
    },
    "E:\\Baseball_Venados\\Baseball-Venados\\assets\\Sprite\\Volver\\Hover.png": {
      "time": 1760120850779.6934,
      "uuid": "825f6a1d-5aee-4fbb-87b9-0a157c217e8b"
    },
    "E:\\Baseball_Venados\\Baseball-Venados\\assets\\Script\\ButtonMessage.ts.meta": {
      "time": 1759170867814.2178
    },
    "E:\\Baseball_Venados\\Baseball-Venados\\assets\\Script\\ButtonMessage.ts": {
      "time": 1760636515257.215,
      "uuid": "4f459ccd-b469-4e66-81ba-711ccdd3404d"
    },
    "E:\\Baseball_Venados\\Baseball-Venados\\assets\\Sprite\\FanVenados_Blanco.png.meta": {
      "time": 1760550323699.7742
    },
    "E:\\Baseball_Venados\\Baseball-Venados\\assets\\Sprite\\FanVenados_Blanco.png": {
      "time": 1760550319757.534,
      "uuid": "21504e05-663e-468c-9961-f9f11cef6413"
    }
  },
  "missing": {
    "d7eb2732-afb2-4761-9f4f-60b4f303486e": {
      "path": "E:\\Baseball\\assets\\Scene\\folder",
      "time": 1732556012730.9485,
      "removeTime": 1732556022087
    },
    "8ba13a23-e66e-410b-9173-269a2817cc21": {
      "path": "E:\\Baseball\\assets\\Scene\\Intro.scene",
      "time": 1732556032200.0645,
      "removeTime": 1732556040316
    },
    "cca551bf-c82a-495d-bc16-738d059aa9fe": {
      "path": "X:\\Escritorio\\BLUE\\Cocos\\Baseball\\assets\\Sprite\\bateador_sin bat.png",
      "time": 1736880434487.2764,
      "removeTime": 1736881051628
    },
    "157594c7-8996-4c62-babf-c4b4aaccc46d": {
      "path": "X:\\Escritorio\\BLUE\\Cocos\\Baseball\\assets\\Sprite\\Bat.png",
      "time": 1736880442589.5134,
      "removeTime": 1736881062548
    },
    "ac74a392-ca27-4347-b234-afc7eba508e7": {
      "path": "E:\\Baseball_2\\Baseball\\assets\\Font\\render-texture.rt",
      "time": 1737053324666.1838,
      "removeTime": 1737053330649
    },
    "ea06dbd8-621b-4d25-a2ac-a44905ff4280": {
      "path": "E:\\Baseball_2\\Baseball\\assets\\ParticleSystem",
      "time": 1737053370213.2036,
      "removeTime": 1737053425943
    },
    "b6cf2981-3137-4bf1-871d-ef9ae8429a94": {
      "path": "E:\\Baseball_2\\Baseball\\assets\\ParticleSystem\\atom.plist",
      "time": 1712686121707.8384,
      "removeTime": 1737053425943
    },
    "09476c34-846c-4888-a020-31f14373e5b1": {
      "path": "X:\\Escritorio\\BLUE\\Cocos\\Baseball\\assets\\Sprite\\Diablos_inst.png",
      "time": 1736279013000,
      "removeTime": 1738717945599
    },
    "6e588c40-a422-4254-97a7-0e858e8f56cb": {
      "path": "E:\\Baseball_2\\Baseball\\assets\\Sprite\\Diablos_inst.png",
      "time": 1737656154835.3203,
      "removeTime": 1739904291044
    },
    "6595b1d7-e04c-4b84-9f98-3322dc2aef71": {
      "path": "X:\\Escritorio\\BLUE\\Cocos\\Baseball\\assets\\Sprite\\Inicio_Diablos_Game.png",
      "time": 1736279852000,
      "removeTime": 1738717945599
    },
    "5b313a72-1588-46d5-bc86-032d2a21287e": {
      "path": "E:\\Baseball_2\\Baseball\\assets\\Sprite\\Logo Fan Diablos 2.png",
      "time": 1737655877657.647,
      "removeTime": 1737662742572
    },
    "26157f2b-7d6c-4d40-9907-7d7c28b6a1b7": {
      "path": "E:\\Baseball_2\\Baseball\\assets\\Sprite\\Portada-Baseball.png",
      "time": 1737662606748.0737,
      "removeTime": 1737662747954
    },
    "f7629216-f878-466d-982c-4c5b7a705996": {
      "path": "E:\\Baseball_LMB\\Baseball-LMB\\assets\\Sprite\\01LMB.png",
      "time": 1738967715972.0935,
      "removeTime": 1738967902376
    },
    "e9a11754-48a8-4f82-a089-7b49efc68986": {
      "path": "E:\\Baseball_LMB\\Baseball-LMB\\assets\\Sprite\\02LMB.png",
      "time": 1738967716015.3362,
      "removeTime": 1738967920597
    },
    "d229032c-637a-4d45-a0dc-cbbb3109ad52": {
      "path": "E:\\Baseball_2\\Baseball\\assets\\Sprite\\Next-DiablosP.png",
      "time": 1736992124997.3208,
      "removeTime": 1739904291042
    },
    "d1766381-d4fa-4c1a-a872-d842ff105d03": {
      "path": "E:\\Baseball_2\\Baseball\\assets\\Sprite\\Next-DiablosH.png",
      "time": 1736992124946.2222,
      "removeTime": 1739904291042
    },
    "72c6713a-8953-4453-9740-7ae1b3599b40": {
      "path": "E:\\Baseball_2\\Baseball\\assets\\Sprite\\Next-Diablos.png",
      "time": 1736992124903.9702,
      "removeTime": 1739904291042
    },
    "83c889d8-12dd-4104-a98f-70b2074288ce": {
      "path": "E:\\Baseball_2\\Baseball\\assets\\Sprite\\Diablos_inst01.png",
      "time": 1736992124389.395,
      "removeTime": 1739904291041
    },
    "dffc1437-8cb1-4add-be71-263739ae3ab8": {
      "path": "E:\\Baseball_2\\Baseball\\assets\\Sprite\\Jugar-press.png",
      "time": 1736992124775.3064,
      "removeTime": 1739904291042
    },
    "742ecff7-bf28-4ef1-95e4-6b135640969e": {
      "path": "E:\\Baseball_2\\Baseball\\assets\\Sprite\\Jugar-hover.png",
      "time": 1736992124687.6519,
      "removeTime": 1739904291041
    },
    "4a0ce554-8cf6-481f-b308-774054ce77e7": {
      "path": "E:\\Baseball_2\\Baseball\\assets\\Sprite\\Jugar-normal.png",
      "time": 1736992124731.0442,
      "removeTime": 1739904291042
    },
    "d6aa46dd-1254-4938-9d14-6f0ba8bc4a6c": {
      "path": "E:\\Baseball_2\\Baseball\\assets\\Sprite\\Play-DiablosH.png",
      "time": 1736992125159.5586,
      "removeTime": 1739904291043
    },
    "119f105b-43fc-4a8b-b8e9-7edf972864ad": {
      "path": "E:\\Baseball_2\\Baseball\\assets\\Sprite\\Play-DiablosP.png",
      "time": 1736992125207.1628,
      "removeTime": 1739904291043
    },
    "77a472c5-6316-4f21-acdc-e7f98bfe678a": {
      "path": "E:\\Baseball_2\\Baseball\\assets\\Sprite\\Play-Diablos.png",
      "time": 1736992125118.4995,
      "removeTime": 1739904291043
    },
    "0559acba-5759-47c0-a0a6-b401bb16f9fe": {
      "path": "E:\\Baseball_LMB\\Baseball-LMB\\assets\\Sprite\\03LMB.png",
      "time": 1738967716060.1946,
      "removeTime": 1738968570745
    },
    "7ac9be4f-8bf9-4823-8f9b-7e6e561f0732": {
      "path": "E:\\Baseball_LMB\\Baseball-LMB\\assets\\Sprite\\03LMB.png",
      "time": 1738968392542.4766,
      "removeTime": 1744002083370
    },
    "e3dce2c7-9765-485b-8765-c827681af20b": {
      "path": "E:\\Baseball_LMB\\Baseball-LMB\\assets\\Sprite\\InstruccionLMB.png",
      "time": 1738968392178.1985,
      "removeTime": 1738968739997
    },
    "dcd56d47-fccd-4f51-84a8-ca69d0d396ce": {
      "path": "E:\\Baseball_LMB\\Baseball-LMB\\assets\\Sprite\\LMB fanrewards.png",
      "time": 1738967299198.0894,
      "removeTime": 1744002083370
    },
    "37ddf470-af55-45ca-ad4c-9856a1c52ba0": {
      "path": "E:\\Baseball_2\\Baseball\\assets\\Sprite\\Marcos-Diablos.png",
      "time": 1736992124862.385,
      "removeTime": 1739904291042
    },
    "d695920b-8432-4856-9d97-715197985861": {
      "path": "E:\\Baseball_2\\Baseball\\assets\\Sprite\\Portada-baseball.png",
      "time": 1737662714120.7097,
      "removeTime": 1739904291044
    },
    "efc0b062-2aa4-4e3c-8915-3c0f6e0a55fc": {
      "path": "E:\\Baseball_2\\Baseball\\assets\\Sprite\\Diablos.png",
      "time": 1736992124291.5156,
      "removeTime": 1739904291041
    },
    "7479fd73-8343-45bb-a392-c82f2c9854ed": {
      "path": "E:\\Baseball_LMB\\Baseball-LMB\\assets\\Sprite\\MB fan-png.png",
      "time": 1738969619724.9395,
      "removeTime": 1738969664417
    },
    "cbaf50c5-76e6-479c-bd56-f5f816e00f38": {
      "path": "E:\\Baseball_2\\Baseball\\assets\\Sprite\\Salir-DiablosP.png",
      "time": 1736992125341.0452,
      "removeTime": 1739904291044
    },
    "71d86726-41b5-4588-84ee-0c4b808af95b": {
      "path": "E:\\Baseball_2\\Baseball\\assets\\Sprite\\Salir-Diablos.png",
      "time": 1736992125250.1982,
      "removeTime": 1739904291043
    },
    "a646d46b-9cd5-4c05-bbd7-8e5ebcea3985": {
      "path": "E:\\Baseball_2\\Baseball\\assets\\Sprite\\Salir-DiablosH.png",
      "time": 1736992125292.357,
      "removeTime": 1739904291043
    },
    "50ef67ce-baa7-4802-b7a7-8a14a1572d7e": {
      "path": "E:\\Baseball_2\\Baseball\\assets\\Sprite\\Group 142.png",
      "time": 1736992124558.1577,
      "removeTime": 1739904291041
    },
    "459afa03-aaa1-49dd-be88-dd7c14507f54": {
      "path": "E:\\Baseball_2\\Baseball\\assets\\Sprite\\Group 141.png",
      "time": 1736992124513.954,
      "removeTime": 1739904291041
    },
    "167ca8af-30c6-463b-855a-62b022c64780": {
      "path": "E:\\Baseball_2\\Baseball\\assets\\Sprite\\Group 140.png",
      "time": 1736992124474.0466,
      "removeTime": 1739904291041
    },
    "8fded429-310d-46b8-b169-d12e10751fde": {
      "path": "E:\\Baseball_LMB\\Baseball-LMB\\assets\\Sprite\\01InstLMB.png",
      "time": 1738967715949.5557,
      "removeTime": 1744002083370
    },
    "c578ff11-85e7-482b-8137-c0878185e723": {
      "path": "E:\\Baseball_LMB\\Baseball-LMB\\assets\\Sprite\\02InstLMB.png",
      "time": 1738967715992.1328,
      "removeTime": 1744002083365
    },
    "0bb91937-a733-488a-9965-d711f2068723": {
      "path": "E:\\Baseball_LMB\\Baseball-LMB\\assets\\Sprite\\03InstLMB.png",
      "time": 1738967716036.4407,
      "removeTime": 1744002083368
    },
    "233eb5ea-9ab1-4084-8585-022e333f0389": {
      "path": "E:\\Baseball_LMB\\Baseball-LMB\\assets\\Sprite\\btn_Inicio_h.png",
      "time": 1738967716099.5134,
      "removeTime": 1744002083368
    },
    "5d9cf0b4-4805-4251-9047-29e19ed5b33f": {
      "path": "E:\\Baseball_LMB\\Baseball-LMB\\assets\\Sprite\\btn_Inicio.png",
      "time": 1738967716079.2173,
      "removeTime": 1744002083369
    },
    "7d52e46f-7880-4f69-9e2b-fb202bdfae32": {
      "path": "E:\\Baseball_LMB\\Baseball-LMB\\assets\\Sprite\\btn_Jugar_h.png",
      "time": 1738967716159.3738,
      "removeTime": 1744002083370
    },
    "3b954c9e-bc07-4f67-be19-a9d3318578ef": {
      "path": "E:\\Baseball_LMB\\Baseball-LMB\\assets\\Sprite\\btn_Siguiente_p.png",
      "time": 1738967715828.258,
      "removeTime": 1744002083368
    },
    "b1986c74-56ec-4e99-9eee-6346fdbddda4": {
      "path": "E:\\Baseball_LMB\\Baseball-LMB\\assets\\Sprite\\btn_Salir_p.png",
      "time": 1738967715762.0166,
      "removeTime": 1744002083367
    },
    "d94d4941-268b-4d2f-bef3-305626975c5c": {
      "path": "E:\\Baseball_LMB\\Baseball-LMB\\assets\\Sprite\\btn_Siguiente_h.png",
      "time": 1738967715806.0652,
      "removeTime": 1744002083368
    },
    "0e6fa8a6-b84a-4894-88ca-6a8f19c27cdf": {
      "path": "E:\\Baseball_LMB\\Baseball-LMB\\assets\\Sprite\\btn_Inicio_p.png",
      "time": 1738967716121.1243,
      "removeTime": 1744002083369
    },
    "72079941-91fc-44ad-8259-40e46eb2fccb": {
      "path": "E:\\Baseball_LMB\\Baseball-LMB\\assets\\Sprite\\btn_Jugar.png",
      "time": 1738967716140.9968,
      "removeTime": 1744002083369
    },
    "33eba105-8069-476c-b9e5-faca36dedb50": {
      "path": "E:\\Baseball_LMB\\Baseball-LMB\\assets\\Sprite\\btn_Siguiente.png",
      "time": 1738967715784.0356,
      "removeTime": 1744002083367
    },
    "352d9279-05e8-467d-a700-de75afcdcf5c": {
      "path": "E:\\Baseball_LMB\\Baseball-LMB\\assets\\Sprite\\btn_Jugar_p.png",
      "time": 1738967715693.2842,
      "removeTime": 1744002083367
    },
    "5b14045d-086c-4d31-aef6-da82de00a531": {
      "path": "E:\\Baseball_LMB\\Baseball-LMB\\assets\\Sprite\\btn_Salir_h.png",
      "time": 1738967715741.339,
      "removeTime": 1744002083367
    },
    "c117b218-9245-4149-9eaf-423199f3b26e": {
      "path": "E:\\Baseball_LMB\\Baseball-LMB\\assets\\Sprite\\btn_Salir.png",
      "time": 1738967715719.3167,
      "removeTime": 1744002083366
    },
    "7e12ecfb-0075-4375-9968-7ded2267c208": {
      "path": "E:\\Baseball_LMB\\Baseball-LMB\\assets\\Sprite\\fondo_juego.png",
      "time": 1738967715853.307,
      "removeTime": 1744002083367
    },
    "e8c15a29-5df2-4b47-8a7c-853edd2d02db": {
      "path": "E:\\Baseball_LMB\\Baseball-LMB\\assets\\Sprite\\fin-diablos.png",
      "time": 1737658374820.1516,
      "removeTime": 1744002083365
    },
    "b32887d3-dc44-4c37-aa3d-720b47dee53d": {
      "path": "E:\\Baseball_LMB\\Baseball-LMB\\assets\\Sprite\\Diablos-2.png",
      "time": 1736992124247.4404,
      "removeTime": 1744002083365
    },
    "1d25e231-fa12-4c54-9e2d-f51b2890e78d": {
      "path": "E:\\Baseball_LMB\\Baseball-LMB\\assets\\Sprite\\Logo Fan Diablos 2.png",
      "time": 1737662707454.8308,
      "removeTime": 1744002083365
    },
    "e179c68d-8e28-4c19-8120-f47851d7faa7": {
      "path": "E:\\Baseball_LMB\\Baseball-LMB\\assets\\Sprite\\Marcos-LMB.png",
      "time": 1738969364391.2903,
      "removeTime": 1744002083371
    },
    "3af3a447-d21b-4524-83a7-610eee930482": {
      "path": "E:\\Baseball_LMB\\Baseball-LMB\\assets\\Sprite\\Logo-Caliente.png",
      "time": 1738110410904.2302,
      "removeTime": 1744002083370
    },
    "c8e25a79-d7cb-4ae6-8b24-b8710bc45694": {
      "path": "E:\\Baseball_LMB\\Baseball-LMB\\assets\\Sprite\\PortadaLMB.png",
      "time": 1738967715928.5332,
      "removeTime": 1744002083368
    },
    "9f01ee4b-55d6-4397-be88-a0bf5e9f30ce": {
      "path": "E:\\Baseball_Venados\\Baseball-Venados\\assets\\Sprite\\PortadaVenados.png",
      "time": 1739905128107.0483,
      "removeTime": 1739905688783
    },
    "c569ce79-003c-4634-9f33-431a5b579c15": {
      "path": "E:\\Baseball_Venados\\Baseball-Venados\\assets\\Sprite\\PortadaVenados (3).png",
      "time": 1739905673869.7036,
      "removeTime": 1739905692273
    },
    "9074118d-b08c-4f95-9261-87c1235c8b10": {
      "path": "E:\\Baseball_Venados\\Baseball-Venados\\assets\\Sprite\\02InstLMB.png",
      "time": 1760148524674.1938,
      "removeTime": 1760148660927
    },
    "c43320f2-282a-46f0-8f60-7604fc69d225": {
      "path": "E:\\Baseball_Venados\\Baseball-Venados\\assets\\Sprite\\01InstLMB.png",
      "time": 1760148522905.5542,
      "removeTime": 1760148660964
    },
    "b7a13733-5f15-47ee-9f75-883ae2bf6c44": {
      "path": "E:\\Baseball_Venados\\Baseball-Venados\\assets\\Sprite\\03InstLMB.png",
      "time": 1760148526716.807,
      "removeTime": 1760148660965
    },
    "e852f05d-a3d3-4fe1-80b9-6fb7aeab6204": {
      "path": "E:\\Baseball_LMB\\Baseball-LMB\\assets\\Script\\Instrucciones.ts",
      "time": 1736992123804.069,
      "removeTime": 1760366405533
    },
    "88311dbc-a228-4c91-a710-43e927169e84": {
      "path": "E:\\Baseball_Venados\\Baseball-Venados\\assets\\Sprite\\GameOver (4).png",
      "time": 1760121164441.7751,
      "removeTime": 1760148844161
    },
    "3887b421-ed24-48bd-8f7b-868008a0539b": {
      "path": "E:\\Baseball_LMB\\Baseball-LMB\\assets\\Sprite\\Inicio_Diablos.png",
      "time": 1736992124603.7922,
      "removeTime": 1760366405534
    },
    "8341c862-2b7f-476f-8e91-e703f5a802b3": {
      "path": "E:\\Baseball_Venados\\Baseball-Venados\\assets\\Sprite\\btn_inicio_p.png",
      "time": 1739905128340.1248,
      "removeTime": 1760149108882
    },
    "5643fe6c-1fbf-4c0a-9eb4-5755b14c430e": {
      "path": "E:\\Baseball_Venados\\Baseball-Venados\\assets\\Sprite\\btn_jugar_p.png",
      "time": 1739905128393.171,
      "removeTime": 1760149108928
    },
    "0ec9f964-3078-4835-8c4a-ec91d6a5c339": {
      "path": "E:\\Baseball_Venados\\Baseball-Venados\\assets\\Sprite\\btn_jugar_h.png",
      "time": 1739905128375.142,
      "removeTime": 1760149108939
    },
    "ebd18587-4ccd-4699-9a34-bee5bd576ce2": {
      "path": "E:\\Baseball_Venados\\Baseball-Venados\\assets\\Sprite\\btn_inicio.png",
      "time": 1739905128303.588,
      "removeTime": 1760149108983
    },
    "8b057ba7-3a1c-4939-bfd3-f546a306242a": {
      "path": "E:\\Baseball_Venados\\Baseball-Venados\\assets\\Sprite\\btn_inicio_h.png",
      "time": 1739905128322.0947,
      "removeTime": 1760149108996
    },
    "25140243-ac58-433d-aaa1-a873431faf64": {
      "path": "E:\\Baseball_Venados\\Baseball-Venados\\assets\\Sprite\\btn_jugar.png",
      "time": 1739905128357.6345,
      "removeTime": 1760149109005
    },
    "2fa40aa0-7abc-4fa3-89f5-b890737fd0be": {
      "path": "E:\\Baseball_Venados\\Baseball-Venados\\assets\\Sprite\\btn_salir_h.png",
      "time": 1739905128482.0403,
      "removeTime": 1760149114899
    },
    "8b7a307b-626a-419d-96c7-c3add5eab1cc": {
      "path": "E:\\Baseball_Venados\\Baseball-Venados\\assets\\Sprite\\btn_salir_p.png",
      "time": 1739905128499.46,
      "removeTime": 1760149114915
    },
    "de0a9d00-a352-4a2e-9bf7-1a36496688d3": {
      "path": "E:\\Baseball_Venados\\Baseball-Venados\\assets\\Sprite\\btn_siguiente_p.png",
      "time": 1739905127964.6594,
      "removeTime": 1760149114960
    },
    "8a117000-192d-40b8-9124-3358375c58fc": {
      "path": "E:\\Baseball_Venados\\Baseball-Venados\\assets\\Sprite\\btn_siguiente_h.png",
      "time": 1739905128535.0398,
      "removeTime": 1760149114970
    },
    "1b44cd2d-bcff-411a-8a3e-68838d4f5bfa": {
      "path": "E:\\Baseball_Venados\\Baseball-Venados\\assets\\Sprite\\btn_mute.png",
      "time": 1739905128410.5557,
      "removeTime": 1760149115021
    },
    "862b4951-c96b-49a3-8f43-0d71cc7087c4": {
      "path": "E:\\Baseball_Venados\\Baseball-Venados\\assets\\Sprite\\btn_salir.png",
      "time": 1739905128463.7466,
      "removeTime": 1760149115044
    },
    "431c7aae-46b8-4ec3-ae6f-2e9cd2211ed8": {
      "path": "E:\\Baseball_Venados\\Baseball-Venados\\assets\\Sprite\\btn_siguiente.png",
      "time": 1739905128518.039,
      "removeTime": 1760149115045
    },
    "4f823b36-c703-4ee1-818e-6d837a6443a2": {
      "path": "E:\\Baseball_LMB\\Baseball-LMB\\assets\\Sprite\\caliente valla.png",
      "time": 1738969217177.5754,
      "removeTime": 1760655225803
    }
  }
}
