{
  "version": "1.0.1",
  "map": {
    "Animation": {
      "time": 1770320270663.8223,
      "uuid": "9d1add65-4d5c-4287-9e17-483e03cbf7d8"
    },
    "Font": {
      "time": 1770320270677.0186,
      "uuid": "3df921d7-fd94-4087-8dc2-1d0b2665c401"
    },
    "Prefab": {
      "time": 1770320270688.6248,
      "uuid": "d661af7f-434a-4a2d-b1a7-2dba3bf2a7c4"
    },
    "Scene": {
      "time": 1770320270704.9453,
      "uuid": "8510cefd-cd01-4903-b8d0-cce6b912a6e3"
    },
    "Script": {
      "time": 1770320270729.0618,
      "uuid": "87c8f64d-88c7-451e-90f7-4a66a513a85b"
    },
    "Sprite": {
      "time": 1770320931580.4768,
      "uuid": "04f6c915-a9f8-424d-a5ec-7e16e3152327"
    },
    "Sprite\\Inicio": {
      "time": 1770320270924.8462,
      "uuid": "afe74683-5087-47ec-a61d-1734fbeeaea7"
    },
    "Sprite\\Jugar": {
      "time": 1770320270942.7246,
      "uuid": "60d5d730-02ea-4a9d-917b-db1a5776ad80"
    },
    "Sprite\\Salir": {
      "time": 1770320270959.8174,
      "uuid": "1f6b4aaa-7d7d-4888-a56b-7d0e99c96f36"
    },
    "Sprite\\Siguiente": {
      "time": 1770320270974.8,
      "uuid": "26058dab-fd61-43ed-a155-cfd8e5d0f230"
    },
    "Sprite\\Volver": {
      "time": 1770320270992.5815,
      "uuid": "7563ea5c-89cd-44c7-b68f-7c8fad1107e5"
    },
    "Script\\BateoController.ts": {
      "time": 1760655992000,
      "uuid": "74b8aba9-4aaf-4769-94ef-1466477ca102"
    },
    "Script\\ButtonMessage.ts": {
      "time": 1760636514000,
      "uuid": "4f459ccd-b469-4e66-81ba-711ccdd3404d"
    },
    "Script\\CambioEscena.ts": {
      "time": 1760116392000,
      "uuid": "a48ba88b-3c96-47d1-9b93-39739e84b177"
    },
    "Script\\Instrucciones.ts": {
      "time": 1760121164000,
      "uuid": "ecabcb5b-a413-4aa2-902d-bfabb2196ff7"
    },
    "Script\\ManagerLabel.ts": {
      "time": 1760157448000,
      "uuid": "1cd4ba57-16e5-40ba-9aa8-3df21c4a3a85"
    },
    "Script\\Score.ts": {
      "time": 1760368896000,
      "uuid": "eee33d7f-c2b7-46d2-a765-c90e7a3270ad"
    },
    "Animation.meta": {
      "time": 1736992122000
    },
    "Font.meta": {
      "time": 1736992122000
    },
    "Prefab.meta": {
      "time": 1736992122000
    },
    "Scene.meta": {
      "time": 1736992122000
    },
    "Script.meta": {
      "time": 1736992122000
    },
    "Sprite.meta": {
      "time": 1736992122000
    },
    "Sprite\\Inicio.meta": {
      "time": 1760149136000
    },
    "Sprite\\Jugar.meta": {
      "time": 1760149136000
    },
    "Sprite\\Salir.meta": {
      "time": 1760149136000
    },
    "Sprite\\Siguiente.meta": {
      "time": 1760149136000
    },
    "Sprite\\Volver.meta": {
      "time": 1760149136000
    },
    "Script\\BateoController.ts.meta": {
      "time": 1770320346069.3264
    },
    "Script\\ButtonMessage.ts.meta": {
      "time": 1770320346070.8787
    },
    "Script\\CambioEscena.ts.meta": {
      "time": 1770320346072.3867
    },
    "Script\\Instrucciones.ts.meta": {
      "time": 1770320346073.9092
    },
    "Script\\ManagerLabel.ts.meta": {
      "time": 1770320346077.5066
    },
    "Script\\Score.ts.meta": {
      "time": 1770320346084.095
    },
    "Animation\\Diablos.anim": {
      "time": 1736992122000,
      "uuid": "9a6f3138-9e51-4767-8c36-400277e4df2a"
    },
    "Animation\\Home-run-IDLE.anim": {
      "time": 1737049214000,
      "uuid": "b5a1f843-0503-44ed-858f-d6ed1223cab1"
    },
    "Animation\\Home-run.anim": {
      "time": 1737049254000,
      "uuid": "2878c86c-6361-45e8-b3cf-b41c61ad2a29"
    },
    "Animation\\Nice.anim": {
      "time": 1736992122000,
      "uuid": "0677a686-c910-4248-8b40-6ef6ff2b0b7a"
    },
    "Animation\\Strick.anim": {
      "time": 1737656402000,
      "uuid": "6cb705fa-93a9-4bd9-b39d-225280fa5386"
    },
    "Font\\BlackHanSans-Regular.ttf": {
      "time": 1736992122000,
      "uuid": "f3c7f5d8-1728-4db5-bcc4-e81f6c14ba66"
    },
    "Prefab\\Particle2D-001.prefab": {
      "time": 1737054800000,
      "uuid": "79e71608-68ec-4b10-a092-040e0233b594"
    },
    "Prefab\\Particle2D.prefab": {
      "time": 1737054800000,
      "uuid": "496b6d23-bfc1-4396-8890-aa3dd1f1fb71"
    },
    "Scene\\Inicio.scene": {
      "time": 1770324350381.1228,
      "uuid": "8ba13a23-e66e-410b-9173-269a2817cc21"
    },
    "Scene\\Instrucciones.scene": {
      "time": 1760149180000,
      "uuid": "ef6ce344-9081-4b58-9742-85b94be0e571"
    },
    "Scene\\Juego.scene": {
      "time": 1770324330377.7942,
      "uuid": "2c65efd0-30a0-45d2-b8cf-17f8289eb3a7"
    },
    "Sprite\\back.png": {
      "time": 1736992122000,
      "uuid": "ece7af06-eaab-4def-bcff-532da680fb1c"
    },
    "Sprite\\Bat.png": {
      "time": 1736992122000,
      "uuid": "495b382e-e089-4828-94dc-7e6685925cca"
    },
    "Sprite\\bateador 1.png": {
      "time": 1736992124000,
      "uuid": "2c3e0bfb-cab9-4ed5-877e-20aaebd62fa0"
    },
    "Sprite\\bateador_sin bat.png": {
      "time": 1736992124000,
      "uuid": "e3a6c631-6677-466d-ab33-0423f53e29f0"
    },
    "Sprite\\bg.png": {
      "time": 1739905296000,
      "uuid": "e8b9c1ff-75f7-42e6-90dc-3ebf6b98b6d7"
    },
    "Sprite\\bg_inst.png": {
      "time": 1739905128000,
      "uuid": "f56b0d75-07b3-4a2d-bb4f-8e06479c4fd8"
    },
    "Sprite\\bg_inst_como.png": {
      "time": 1739905128000,
      "uuid": "0d06ff75-65fd-480e-8316-5db188d50ef3"
    },
    "Sprite\\confetti1@4x.png": {
      "time": 1737049508000,
      "uuid": "6a84739b-07d4-4618-8bbd-122a3d64787e"
    },
    "Sprite\\confetti2@4x.png": {
      "time": 1737049542000,
      "uuid": "51beb290-e8e5-4983-897d-9ba2a46a774d"
    },
    "Sprite\\cursor.png": {
      "time": 1736992124000,
      "uuid": "b7e3593a-31ea-4619-a99e-1ff2cc903210"
    },
    "Sprite\\cursorgolpe.png": {
      "time": 1736992124000,
      "uuid": "71274405-65ab-4cc3-beae-cc4c81b3d21c"
    },
    "Sprite\\degradadoBlanco.png": {
      "time": 1736992124000,
      "uuid": "b3219cc6-7eb6-4304-a332-4823c1ae7137"
    },
    "Sprite\\FanVenados_Blanco.png": {
      "time": 1760550318000,
      "uuid": "21504e05-663e-468c-9961-f9f11cef6413"
    },
    "Sprite\\fondo.png": {
      "time": 1736992124000,
      "uuid": "58015a8c-f62f-4f58-868c-6d90f8c4cdfc"
    },
    "Sprite\\GameOver.png": {
      "time": 1760121164000,
      "uuid": "88311dbc-a228-4c91-a710-43e927169e84"
    },
    "Sprite\\Inst_00.png": {
      "time": 1739905126000,
      "uuid": "be5a8158-b7e3-4bc1-8c7d-9a849e30c89f"
    },
    "Sprite\\Inst_01.png": {
      "time": 1760148522000,
      "uuid": "b53876f9-e5bd-4cc5-9d22-cb65ae7c5640"
    },
    "Sprite\\Inst_02.png": {
      "time": 1760148524000,
      "uuid": "ae3445fb-815b-49b3-967e-c1063c05012d"
    },
    "Sprite\\Inst_03.png": {
      "time": 1760148526000,
      "uuid": "dada3e1a-a140-484d-87f9-80a7e3faea9b"
    },
    "Sprite\\Juego01.png": {
      "time": 1760120740000,
      "uuid": "c50c4b64-2f36-4a60-8d94-c27dae1758a4"
    },
    "Sprite\\lanzador 1.png": {
      "time": 1736992124000,
      "uuid": "b5b8da7f-d907-4c0c-b64e-23652e415418"
    },
    "Sprite\\Marco.png": {
      "time": 1739905434000,
      "uuid": "efab5e4c-fe6e-4b95-97d2-8f47bdfaf5ea"
    },
    "Sprite\\mute.png": {
      "time": 1737048964000,
      "uuid": "590402f6-92d5-4005-b215-f451f3b91d55"
    },
    "Sprite\\next.png": {
      "time": 1736992124000,
      "uuid": "d214d9bf-6136-4262-88fe-038be2e2c715"
    },
    "Sprite\\Pelota.png": {
      "time": 1736992124000,
      "uuid": "8e52fd91-e7a3-497b-ae57-7fe5097144fe"
    },
    "Sprite\\PortadaVenados.png": {
      "time": 1739905672000,
      "uuid": "c569ce79-003c-4634-9f33-431a5b579c15"
    },
    "Sprite\\salsa huichol.png": {
      "time": 1739906326000,
      "uuid": "43661180-a6ff-403e-89c9-17e72ba1784a"
    },
    "Sprite\\TextLMB.png": {
      "time": 1738968774000,
      "uuid": "92585151-6df3-41b4-b46f-af1f74474595"
    },
    "Sprite\\zonadedo.png": {
      "time": 1736992124000,
      "uuid": "bf2a0981-27ad-48b2-9458-9a5f58323bf8"
    },
    "Sprite\\Inicio\\Hover.png": {
      "time": 1760120850000,
      "uuid": "22a5e0bc-facd-4be8-b729-f3ef700e3622"
    },
    "Sprite\\Inicio\\Normal.png": {
      "time": 1760120850000,
      "uuid": "77da5e5b-96f2-4237-b7b4-222dd2afe246"
    },
    "Sprite\\Inicio\\Press.png": {
      "time": 1760120850000,
      "uuid": "95225543-202c-411b-a468-299a88fe5553"
    },
    "Sprite\\Jugar\\Hover.png": {
      "time": 1760120850000,
      "uuid": "28196f05-e452-439d-8b98-63d2be1a6566"
    },
    "Sprite\\Jugar\\Normal.png": {
      "time": 1760120850000,
      "uuid": "7eac972b-d148-473a-8f03-140081160520"
    },
    "Sprite\\Jugar\\Press.png": {
      "time": 1760120850000,
      "uuid": "199e701f-4f9d-460c-b0c6-1f13d6a22f14"
    },
    "Sprite\\Salir\\Hover.png": {
      "time": 1760120850000,
      "uuid": "a777528a-ec01-407e-a595-9b0dcfe4ab31"
    },
    "Sprite\\Salir\\Normal.png": {
      "time": 1760120850000,
      "uuid": "6bff1878-25aa-4329-94d6-7c309ca47c7d"
    },
    "Sprite\\Salir\\Press.png": {
      "time": 1760120850000,
      "uuid": "5a29798d-d153-48f3-9fd0-cd4675be2cd9"
    },
    "Sprite\\Siguiente\\Hover.png": {
      "time": 1760120850000,
      "uuid": "848711e3-0478-4274-8d3e-6062fbeb1ea2"
    },
    "Sprite\\Siguiente\\Normal.png": {
      "time": 1760120850000,
      "uuid": "e5439241-2029-40c6-beaa-efbeae6b9558"
    },
    "Sprite\\Siguiente\\Press.png": {
      "time": 1760120850000,
      "uuid": "13ff5fd8-7b5a-4f35-858c-3f7e614fc1fc"
    },
    "Sprite\\Volver\\Hover.png": {
      "time": 1760120850000,
      "uuid": "825f6a1d-5aee-4fbb-87b9-0a157c217e8b"
    },
    "Sprite\\Volver\\Normal.png": {
      "time": 1760120850000,
      "uuid": "52ca86e5-0111-4ae8-a68b-9c661c00d9ec"
    },
    "Sprite\\Volver\\Press.png": {
      "time": 1760120850000,
      "uuid": "a60269b7-c994-46e1-b03b-68ec9706a5ce"
    },
    "Animation\\Diablos.anim.meta": {
      "time": 1770320355328.9363
    },
    "Animation\\Nice.anim.meta": {
      "time": 1770320355329.922
    },
    "Animation\\Strick.anim.meta": {
      "time": 1770320355367.6565
    },
    "Animation\\Home-run-IDLE.anim.meta": {
      "time": 1770320355379.7651
    },
    "Prefab\\Particle2D-001.prefab.meta": {
      "time": 1737054800000
    },
    "Scene\\Inicio.scene.meta": {
      "time": 1736992122000
    },
    "Prefab\\Particle2D.prefab.meta": {
      "time": 1737054800000
    },
    "Scene\\Instrucciones.scene.meta": {
      "time": 1736992122000
    },
    "Animation\\Home-run.anim.meta": {
      "time": 1770320355420.3152
    },
    "Sprite\\back.png.meta": {
      "time": 1770320355436.9924
    },
    "Scene\\Juego.scene.meta": {
      "time": 1736992122000
    },
    "Sprite\\bateador 1.png.meta": {
      "time": 1770320355458.0652
    },
    "Sprite\\Bat.png.meta": {
      "time": 1770320355476.558
    },
    "Sprite\\bateador_sin bat.png.meta": {
      "time": 1770320355484.817
    },
    "Font\\BlackHanSans-Regular.ttf.meta": {
      "time": 1736992122000
    },
    "Sprite\\bg.png.meta": {
      "time": 1770320355520.8774
    },
    "Sprite\\bg_inst.png.meta": {
      "time": 1770320355560.4348
    },
    "Sprite\\bg_inst_como.png.meta": {
      "time": 1770320355563.4448
    },
    "Sprite\\confetti1@4x.png.meta": {
      "time": 1770320355564.4639
    },
    "Sprite\\confetti2@4x.png.meta": {
      "time": 1770320355586.324
    },
    "Sprite\\cursor.png.meta": {
      "time": 1770320355594.9746
    },
    "Sprite\\cursorgolpe.png.meta": {
      "time": 1770320355621.005
    },
    "Sprite\\degradadoBlanco.png.meta": {
      "time": 1770320355629.1172
    },
    "Sprite\\FanVenados_Blanco.png.meta": {
      "time": 1770320355659.014
    },
    "Sprite\\Inst_00.png.meta": {
      "time": 1770320355725.0676
    },
    "Sprite\\Inst_01.png.meta": {
      "time": 1770320355744.061
    },
    "Sprite\\fondo.png.meta": {
      "time": 1770320355748.0906
    },
    "Sprite\\Inst_02.png.meta": {
      "time": 1770320355772.4922
    },
    "Sprite\\GameOver.png.meta": {
      "time": 1770320355781.6
    },
    "Sprite\\Inst_03.png.meta": {
      "time": 1770320355803.9673
    },
    "Sprite\\lanzador 1.png.meta": {
      "time": 1770320355808.2837
    },
    "Sprite\\Marco.png.meta": {
      "time": 1770320355854.3298
    },
    "Sprite\\Juego01.png.meta": {
      "time": 1770320355861.0117
    },
    "Sprite\\mute.png.meta": {
      "time": 1770320355880.8857
    },
    "Sprite\\next.png.meta": {
      "time": 1770320355891.1382
    },
    "Sprite\\Pelota.png.meta": {
      "time": 1770320355920.061
    },
    "Sprite\\TextLMB.png.meta": {
      "time": 1770320355953.4717
    },
    "Sprite\\zonadedo.png.meta": {
      "time": 1770320355960.583
    },
    "Sprite\\salsa huichol.png.meta": {
      "time": 1770320355965.109
    },
    "Sprite\\Inicio\\Hover.png.meta": {
      "time": 1770320355986.3225
    },
    "Sprite\\Inicio\\Press.png.meta": {
      "time": 1770320356010.1072
    },
    "Sprite\\Inicio\\Normal.png.meta": {
      "time": 1770320356014.6416
    },
    "Sprite\\Jugar\\Hover.png.meta": {
      "time": 1770320356026.1826
    },
    "Sprite\\PortadaVenados.png.meta": {
      "time": 1770320356030.7625
    },
    "Sprite\\Jugar\\Normal.png.meta": {
      "time": 1770320356049.9023
    },
    "Sprite\\Jugar\\Press.png.meta": {
      "time": 1770320356080.21
    },
    "Sprite\\Salir\\Normal.png.meta": {
      "time": 1770320356085.272
    },
    "Sprite\\Salir\\Hover.png.meta": {
      "time": 1770320356086.2744
    },
    "Sprite\\Salir\\Press.png.meta": {
      "time": 1770320356089.5173
    },
    "Sprite\\Siguiente\\Hover.png.meta": {
      "time": 1770320356111.8755
    },
    "Sprite\\Siguiente\\Normal.png.meta": {
      "time": 1770320356131.8308
    },
    "Sprite\\Volver\\Normal.png.meta": {
      "time": 1770320356133.821
    },
    "Sprite\\Siguiente\\Press.png.meta": {
      "time": 1770320356135.8223
    },
    "Sprite\\Volver\\Hover.png.meta": {
      "time": 1770320356139.359
    },
    "Sprite\\Volver\\Press.png.meta": {
      "time": 1770320356153.0493
    },
    "Sprite\\VenadosLoyalty.png.meta": {
      "time": 1770320547122.9065
    },
    "Sprite\\VenadosLoyalty.png": {
      "time": 1770320534887.5442,
      "uuid": "3858a3c4-bd16-4b52-914b-dd196d59c086"
    },
    "Sprite\\VenadosLoyalty-bg.jpg.meta": {
      "time": 1770320931607.8115
    },
    "Sprite\\VenadosLoyalty-bg.jpg": {
      "time": 1770320534884.5393,
      "uuid": "d247eb86-7ac6-4bc5-b619-a5c12f39ce57"
    }
  },
  "missing": {}
}
