{
  "8510cefd-cd01-4903-b8d0-cce6b912a6e3": {
    "url": "db://assets/Scene",
    "value": {},
    "versionCode": 1
  },
  "87c8f64d-88c7-451e-90f7-4a66a513a85b": {
    "url": "db://assets/Script",
    "value": {},
    "versionCode": 1
  },
  "04f6c915-a9f8-424d-a5ec-7e16e3152327": {
    "url": "db://assets/Sprite",
    "value": {},
    "versionCode": 1
  },
  "d661af7f-434a-4a2d-b1a7-2dba3bf2a7c4": {
    "url": "db://assets/Prefab",
    "value": {},
    "versionCode": 1
  },
  "2c65efd0-30a0-45d2-b8cf-17f8289eb3a7": {
    "url": "db://assets/Scene/Juego.scene",
    "value": {
      "depends": [
        "58015a8c-f62f-4f58-868c-6d90f8c4cdfc@f9941",
        "8e52fd91-e7a3-497b-ae57-7fe5097144fe@f9941",
        "b5b8da7f-d907-4c0c-b64e-23652e415418@f9941",
        "2c3e0bfb-cab9-4ed5-877e-20aaebd62fa0@f9941",
        "496b6d23-bfc1-4396-8890-aa3dd1f1fb71",
        "79e71608-68ec-4b10-a092-040e0233b594",
        "b7e3593a-31ea-4619-a99e-1ff2cc903210@f9941",
        "71274405-65ab-4cc3-beae-cc4c81b3d21c@f9941",
        "495b382e-e089-4828-94dc-7e6685925cca@f9941",
        "88311dbc-a228-4c91-a710-43e927169e84@f9941",
        "f3c7f5d8-1728-4db5-bcc4-e81f6c14ba66",
        "52ca86e5-0111-4ae8-a68b-9c661c00d9ec@f9941",
        "825f6a1d-5aee-4fbb-87b9-0a157c217e8b@f9941",
        "a60269b7-c994-46e1-b03b-68ec9706a5ce@f9941",
        "951249e0-9f16-456d-8b85-a6ca954da16b@f9941",
        "3858a3c4-bd16-4b52-914b-dd196d59c086@f9941",
        "6cb705fa-93a9-4bd9-b39d-225280fa5386",
        "2878c86c-6361-45e8-b3cf-b41c61ad2a29",
        "b5a1f843-0503-44ed-858f-d6ed1223cab1",
        "0677a686-c910-4248-8b40-6ef6ff2b0b7a",
        "b3219cc6-7eb6-4304-a332-4823c1ae7137@f9941",
        "43661180-a6ff-403e-89c9-17e72ba1784a@f9941",
        "d247eb86-7ac6-4bc5-b619-a5c12f39ce57@f9941",
        "6bff1878-25aa-4329-94d6-7c309ca47c7d@f9941",
        "a777528a-ec01-407e-a595-9b0dcfe4ab31@f9941",
        "5a29798d-d153-48f3-9fd0-cd4675be2cd9@f9941",
        "efab5e4c-fe6e-4b95-97d2-8f47bdfaf5ea@f9941",
        "bf2a0981-27ad-48b2-9458-9a5f58323bf8@f9941",
        "e3a6c631-6677-466d-ab33-0423f53e29f0@f9941"
      ],
      "dependScripts": [
        "74b8aba9-4aaf-4769-94ef-1466477ca102",
        "4f459ccd-b469-4e66-81ba-711ccdd3404d",
        "eee33d7f-c2b7-46d2-a765-c90e7a3270ad",
        "a48ba88b-3c96-47d1-9b93-39739e84b177",
        "1cd4ba57-16e5-40ba-9aa8-3df21c4a3a85"
      ]
    },
    "versionCode": 2
  },
  "d7eb2732-afb2-4761-9f4f-60b4f303486e": {
    "url": "db://assets/Scene/folder",
    "value": {},
    "versionCode": 0
  },
  "8ba13a23-e66e-410b-9173-269a2817cc21": {
    "url": "db://assets/Scene/Inicio.scene",
    "value": {
      "depends": [
        "c569ce79-003c-4634-9f33-431a5b579c15@f9941",
        "77da5e5b-96f2-4237-b7b4-222dd2afe246@f9941",
        "22a5e0bc-facd-4be8-b729-f3ef700e3622@f9941",
        "95225543-202c-411b-a468-299a88fe5553@f9941",
        "951249e0-9f16-456d-8b85-a6ca954da16b@f9941",
        "6bff1878-25aa-4329-94d6-7c309ca47c7d@f9941",
        "a777528a-ec01-407e-a595-9b0dcfe4ab31@f9941",
        "5a29798d-d153-48f3-9fd0-cd4675be2cd9@f9941",
        "d247eb86-7ac6-4bc5-b619-a5c12f39ce57@f9941",
        "9a6f3138-9e51-4767-8c36-400277e4df2a",
        "efab5e4c-fe6e-4b95-97d2-8f47bdfaf5ea@f9941"
      ],
      "dependScripts": [
        "a48ba88b-3c96-47d1-9b93-39739e84b177",
        "4f459ccd-b469-4e66-81ba-711ccdd3404d"
      ]
    },
    "versionCode": 2
  },
  "ef6ce344-9081-4b58-9742-85b94be0e571": {
    "url": "db://assets/Scene/Instrucciones.scene",
    "value": {
      "depends": [
        "b53876f9-e5bd-4cc5-9d22-cb65ae7c5640@f9941",
        "ae3445fb-815b-49b3-967e-c1063c05012d@f9941",
        "dada3e1a-a140-484d-87f9-80a7e3faea9b@f9941",
        "ece7af06-eaab-4def-bcff-532da680fb1c@f9941",
        "951249e0-9f16-456d-8b85-a6ca954da16b@f9941",
        "d214d9bf-6136-4262-88fe-038be2e2c715@f9941",
        "7eac972b-d148-473a-8f03-140081160520@f9941",
        "28196f05-e452-439d-8b98-63d2be1a6566@f9941",
        "199e701f-4f9d-460c-b0c6-1f13d6a22f14@f9941",
        "c50c4b64-2f36-4a60-8d94-c27dae1758a4@f9941"
      ],
      "dependScripts": [
        "ecabcb5b-a413-4aa2-902d-bfabb2196ff7",
        "a48ba88b-3c96-47d1-9b93-39739e84b177"
      ]
    },
    "versionCode": 2
  },
  "74b8aba9-4aaf-4769-94ef-1466477ca102": {
    "url": "db://assets/Script/BateoController.ts",
    "value": {},
    "versionCode": 1
  },
  "8e52fd91-e7a3-497b-ae57-7fe5097144fe": {
    "url": "db://assets/Sprite/Pelota.png",
    "value": {
      "depends": []
    },
    "versionCode": 1
  },
  "8e52fd91-e7a3-497b-ae57-7fe5097144fe@6c48a": {
    "url": "db://assets/Sprite/Pelota.png@6c48a",
    "value": {
      "depends": [
        "8e52fd91-e7a3-497b-ae57-7fe5097144fe"
      ]
    },
    "versionCode": 1
  },
  "8e52fd91-e7a3-497b-ae57-7fe5097144fe@f9941": {
    "url": "db://assets/Sprite/Pelota.png@f9941",
    "value": {
      "depends": [
        "8e52fd91-e7a3-497b-ae57-7fe5097144fe@6c48a"
      ]
    },
    "versionCode": 1
  },
  "2c3e0bfb-cab9-4ed5-877e-20aaebd62fa0": {
    "url": "db://assets/Sprite/bateador 1.png",
    "value": {
      "depends": []
    },
    "versionCode": 1
  },
  "2c3e0bfb-cab9-4ed5-877e-20aaebd62fa0@6c48a": {
    "url": "db://assets/Sprite/bateador 1.png@6c48a",
    "value": {
      "depends": [
        "2c3e0bfb-cab9-4ed5-877e-20aaebd62fa0"
      ]
    },
    "versionCode": 1
  },
  "2c3e0bfb-cab9-4ed5-877e-20aaebd62fa0@f9941": {
    "url": "db://assets/Sprite/bateador 1.png@f9941",
    "value": {
      "depends": [
        "2c3e0bfb-cab9-4ed5-877e-20aaebd62fa0@6c48a"
      ]
    },
    "versionCode": 1
  },
  "71274405-65ab-4cc3-beae-cc4c81b3d21c": {
    "url": "db://assets/Sprite/cursorgolpe.png",
    "value": {
      "depends": []
    },
    "versionCode": 1
  },
  "71274405-65ab-4cc3-beae-cc4c81b3d21c@6c48a": {
    "url": "db://assets/Sprite/cursorgolpe.png@6c48a",
    "value": {
      "depends": [
        "71274405-65ab-4cc3-beae-cc4c81b3d21c"
      ]
    },
    "versionCode": 1
  },
  "71274405-65ab-4cc3-beae-cc4c81b3d21c@f9941": {
    "url": "db://assets/Sprite/cursorgolpe.png@f9941",
    "value": {
      "depends": [
        "71274405-65ab-4cc3-beae-cc4c81b3d21c@6c48a"
      ]
    },
    "versionCode": 1
  },
  "b7e3593a-31ea-4619-a99e-1ff2cc903210": {
    "url": "db://assets/Sprite/cursor.png",
    "value": {
      "depends": []
    },
    "versionCode": 1
  },
  "b7e3593a-31ea-4619-a99e-1ff2cc903210@6c48a": {
    "url": "db://assets/Sprite/cursor.png@6c48a",
    "value": {
      "depends": [
        "b7e3593a-31ea-4619-a99e-1ff2cc903210"
      ]
    },
    "versionCode": 1
  },
  "b7e3593a-31ea-4619-a99e-1ff2cc903210@f9941": {
    "url": "db://assets/Sprite/cursor.png@f9941",
    "value": {
      "depends": [
        "b7e3593a-31ea-4619-a99e-1ff2cc903210@6c48a"
      ]
    },
    "versionCode": 1
  },
  "b5b8da7f-d907-4c0c-b64e-23652e415418": {
    "url": "db://assets/Sprite/lanzador 1.png",
    "value": {
      "depends": []
    },
    "versionCode": 1
  },
  "b5b8da7f-d907-4c0c-b64e-23652e415418@6c48a": {
    "url": "db://assets/Sprite/lanzador 1.png@6c48a",
    "value": {
      "depends": [
        "b5b8da7f-d907-4c0c-b64e-23652e415418"
      ]
    },
    "versionCode": 1
  },
  "b5b8da7f-d907-4c0c-b64e-23652e415418@f9941": {
    "url": "db://assets/Sprite/lanzador 1.png@f9941",
    "value": {
      "depends": [
        "b5b8da7f-d907-4c0c-b64e-23652e415418@6c48a"
      ]
    },
    "versionCode": 1
  },
  "bf2a0981-27ad-48b2-9458-9a5f58323bf8": {
    "url": "db://assets/Sprite/zonadedo.png",
    "value": {
      "depends": []
    },
    "versionCode": 1
  },
  "bf2a0981-27ad-48b2-9458-9a5f58323bf8@6c48a": {
    "url": "db://assets/Sprite/zonadedo.png@6c48a",
    "value": {
      "depends": [
        "bf2a0981-27ad-48b2-9458-9a5f58323bf8"
      ]
    },
    "versionCode": 1
  },
  "bf2a0981-27ad-48b2-9458-9a5f58323bf8@f9941": {
    "url": "db://assets/Sprite/zonadedo.png@f9941",
    "value": {
      "depends": [
        "bf2a0981-27ad-48b2-9458-9a5f58323bf8@6c48a"
      ]
    },
    "versionCode": 1
  },
  "37ddf470-af55-45ca-ad4c-9856a1c52ba0": {
    "url": "db://assets/Sprite/Marcos-Diablos.png",
    "value": {},
    "versionCode": 0
  },
  "37ddf470-af55-45ca-ad4c-9856a1c52ba0@6c48a": {
    "url": "db://assets/Sprite/Marcos-Diablos.png@6c48a",
    "value": {
      "depends": [
        "37ddf470-af55-45ca-ad4c-9856a1c52ba0"
      ]
    },
    "versionCode": 0
  },
  "37ddf470-af55-45ca-ad4c-9856a1c52ba0@f9941": {
    "url": "db://assets/Sprite/Marcos-Diablos.png@f9941",
    "value": {
      "depends": [
        "37ddf470-af55-45ca-ad4c-9856a1c52ba0@6c48a"
      ]
    },
    "versionCode": 0
  },
  "b3219cc6-7eb6-4304-a332-4823c1ae7137": {
    "url": "db://assets/Sprite/degradadoBlanco.png",
    "value": {
      "depends": []
    },
    "versionCode": 1
  },
  "b3219cc6-7eb6-4304-a332-4823c1ae7137@6c48a": {
    "url": "db://assets/Sprite/degradadoBlanco.png@6c48a",
    "value": {
      "depends": [
        "b3219cc6-7eb6-4304-a332-4823c1ae7137"
      ]
    },
    "versionCode": 1
  },
  "b3219cc6-7eb6-4304-a332-4823c1ae7137@f9941": {
    "url": "db://assets/Sprite/degradadoBlanco.png@f9941",
    "value": {
      "depends": [
        "b3219cc6-7eb6-4304-a332-4823c1ae7137@6c48a"
      ]
    },
    "versionCode": 1
  },
  "58015a8c-f62f-4f58-868c-6d90f8c4cdfc": {
    "url": "db://assets/Sprite/fondo.png",
    "value": {
      "depends": []
    },
    "versionCode": 1
  },
  "58015a8c-f62f-4f58-868c-6d90f8c4cdfc@6c48a": {
    "url": "db://assets/Sprite/fondo.png@6c48a",
    "value": {
      "depends": [
        "58015a8c-f62f-4f58-868c-6d90f8c4cdfc"
      ]
    },
    "versionCode": 1
  },
  "58015a8c-f62f-4f58-868c-6d90f8c4cdfc@f9941": {
    "url": "db://assets/Sprite/fondo.png@f9941",
    "value": {
      "depends": [
        "58015a8c-f62f-4f58-868c-6d90f8c4cdfc@6c48a"
      ]
    },
    "versionCode": 1
  },
  "efc0b062-2aa4-4e3c-8915-3c0f6e0a55fc": {
    "url": "db://assets/Sprite/Diablos.png",
    "value": {},
    "versionCode": 0
  },
  "efc0b062-2aa4-4e3c-8915-3c0f6e0a55fc@6c48a": {
    "url": "db://assets/Sprite/Diablos.png@6c48a",
    "value": {
      "depends": [
        "efc0b062-2aa4-4e3c-8915-3c0f6e0a55fc"
      ]
    },
    "versionCode": 0
  },
  "efc0b062-2aa4-4e3c-8915-3c0f6e0a55fc@f9941": {
    "url": "db://assets/Sprite/Diablos.png@f9941",
    "value": {
      "depends": [
        "efc0b062-2aa4-4e3c-8915-3c0f6e0a55fc@6c48a"
      ]
    },
    "versionCode": 0
  },
  "3df921d7-fd94-4087-8dc2-1d0b2665c401": {
    "url": "db://assets/Font",
    "value": {},
    "versionCode": 1
  },
  "f3c7f5d8-1728-4db5-bcc4-e81f6c14ba66": {
    "url": "db://assets/Font/BlackHanSans-Regular.ttf",
    "value": {
      "depends": []
    },
    "versionCode": 1
  },
  "9d1add65-4d5c-4287-9e17-483e03cbf7d8": {
    "url": "db://assets/Animation",
    "value": {},
    "versionCode": 1
  },
  "2878c86c-6361-45e8-b3cf-b41c61ad2a29": {
    "url": "db://assets/Animation/Home-run.anim",
    "value": {
      "depends": []
    },
    "versionCode": 2
  },
  "6cb705fa-93a9-4bd9-b39d-225280fa5386": {
    "url": "db://assets/Animation/Strick.anim",
    "value": {
      "depends": []
    },
    "versionCode": 2
  },
  "1cd4ba57-16e5-40ba-9aa8-3df21c4a3a85": {
    "url": "db://assets/Script/ManagerLabel.ts",
    "value": {},
    "versionCode": 1
  },
  "0677a686-c910-4248-8b40-6ef6ff2b0b7a": {
    "url": "db://assets/Animation/Nice.anim",
    "value": {
      "depends": []
    },
    "versionCode": 2
  },
  "3887b421-ed24-48bd-8f7b-868008a0539b": {
    "url": "db://assets/Sprite/Inicio_Diablos.png",
    "value": {},
    "versionCode": 0
  },
  "3887b421-ed24-48bd-8f7b-868008a0539b@6c48a": {
    "url": "db://assets/Sprite/Inicio_Diablos.png@6c48a",
    "value": {
      "depends": [
        "3887b421-ed24-48bd-8f7b-868008a0539b"
      ]
    },
    "versionCode": 0
  },
  "3887b421-ed24-48bd-8f7b-868008a0539b@f9941": {
    "url": "db://assets/Sprite/Inicio_Diablos.png@f9941",
    "value": {
      "depends": [
        "3887b421-ed24-48bd-8f7b-868008a0539b@6c48a"
      ]
    },
    "versionCode": 0
  },
  "d6aa46dd-1254-4938-9d14-6f0ba8bc4a6c": {
    "url": "db://assets/Sprite/Play-DiablosH.png",
    "value": {},
    "versionCode": 0
  },
  "d6aa46dd-1254-4938-9d14-6f0ba8bc4a6c@6c48a": {
    "url": "db://assets/Sprite/Play-DiablosH.png@6c48a",
    "value": {
      "depends": [
        "d6aa46dd-1254-4938-9d14-6f0ba8bc4a6c"
      ]
    },
    "versionCode": 0
  },
  "d6aa46dd-1254-4938-9d14-6f0ba8bc4a6c@f9941": {
    "url": "db://assets/Sprite/Play-DiablosH.png@f9941",
    "value": {
      "depends": [
        "d6aa46dd-1254-4938-9d14-6f0ba8bc4a6c@6c48a"
      ]
    },
    "versionCode": 0
  },
  "119f105b-43fc-4a8b-b8e9-7edf972864ad": {
    "url": "db://assets/Sprite/Play-DiablosP.png",
    "value": {},
    "versionCode": 0
  },
  "119f105b-43fc-4a8b-b8e9-7edf972864ad@6c48a": {
    "url": "db://assets/Sprite/Play-DiablosP.png@6c48a",
    "value": {
      "depends": [
        "119f105b-43fc-4a8b-b8e9-7edf972864ad"
      ]
    },
    "versionCode": 0
  },
  "119f105b-43fc-4a8b-b8e9-7edf972864ad@f9941": {
    "url": "db://assets/Sprite/Play-DiablosP.png@f9941",
    "value": {
      "depends": [
        "119f105b-43fc-4a8b-b8e9-7edf972864ad@6c48a"
      ]
    },
    "versionCode": 0
  },
  "77a472c5-6316-4f21-acdc-e7f98bfe678a": {
    "url": "db://assets/Sprite/Play-Diablos.png",
    "value": {},
    "versionCode": 0
  },
  "77a472c5-6316-4f21-acdc-e7f98bfe678a@6c48a": {
    "url": "db://assets/Sprite/Play-Diablos.png@6c48a",
    "value": {
      "depends": [
        "77a472c5-6316-4f21-acdc-e7f98bfe678a"
      ]
    },
    "versionCode": 0
  },
  "77a472c5-6316-4f21-acdc-e7f98bfe678a@f9941": {
    "url": "db://assets/Sprite/Play-Diablos.png@f9941",
    "value": {
      "depends": [
        "77a472c5-6316-4f21-acdc-e7f98bfe678a@6c48a"
      ]
    },
    "versionCode": 0
  },
  "b32887d3-dc44-4c37-aa3d-720b47dee53d": {
    "url": "db://assets/Sprite/Diablos-2.png",
    "value": {},
    "versionCode": 0
  },
  "b32887d3-dc44-4c37-aa3d-720b47dee53d@6c48a": {
    "url": "db://assets/Sprite/Diablos-2.png@6c48a",
    "value": {
      "depends": [
        "b32887d3-dc44-4c37-aa3d-720b47dee53d"
      ]
    },
    "versionCode": 0
  },
  "b32887d3-dc44-4c37-aa3d-720b47dee53d@f9941": {
    "url": "db://assets/Sprite/Diablos-2.png@f9941",
    "value": {
      "depends": [
        "b32887d3-dc44-4c37-aa3d-720b47dee53d@6c48a"
      ]
    },
    "versionCode": 0
  },
  "9a6f3138-9e51-4767-8c36-400277e4df2a": {
    "url": "db://assets/Animation/Diablos.anim",
    "value": {
      "depends": []
    },
    "versionCode": 2
  },
  "a48ba88b-3c96-47d1-9b93-39739e84b177": {
    "url": "db://assets/Script/CambioEscena.ts",
    "value": {},
    "versionCode": 1
  },
  "72c6713a-8953-4453-9740-7ae1b3599b40": {
    "url": "db://assets/Sprite/Next-Diablos.png",
    "value": {},
    "versionCode": 0
  },
  "72c6713a-8953-4453-9740-7ae1b3599b40@6c48a": {
    "url": "db://assets/Sprite/Next-Diablos.png@6c48a",
    "value": {
      "depends": [
        "72c6713a-8953-4453-9740-7ae1b3599b40"
      ]
    },
    "versionCode": 0
  },
  "72c6713a-8953-4453-9740-7ae1b3599b40@f9941": {
    "url": "db://assets/Sprite/Next-Diablos.png@f9941",
    "value": {
      "depends": [
        "72c6713a-8953-4453-9740-7ae1b3599b40@6c48a"
      ]
    },
    "versionCode": 0
  },
  "09476c34-846c-4888-a020-31f14373e5b1": {
    "url": "db://assets/Sprite/Diablos_inst.png",
    "value": {},
    "versionCode": 0
  },
  "09476c34-846c-4888-a020-31f14373e5b1@6c48a": {
    "url": "db://assets/Sprite/Diablos_inst.png@6c48a",
    "value": {
      "depends": [
        "09476c34-846c-4888-a020-31f14373e5b1"
      ]
    },
    "versionCode": 0
  },
  "09476c34-846c-4888-a020-31f14373e5b1@f9941": {
    "url": "db://assets/Sprite/Diablos_inst.png@f9941",
    "value": {
      "depends": [
        "09476c34-846c-4888-a020-31f14373e5b1@6c48a"
      ]
    },
    "versionCode": 0
  },
  "d229032c-637a-4d45-a0dc-cbbb3109ad52": {
    "url": "db://assets/Sprite/Next-DiablosP.png",
    "value": {},
    "versionCode": 0
  },
  "d229032c-637a-4d45-a0dc-cbbb3109ad52@6c48a": {
    "url": "db://assets/Sprite/Next-DiablosP.png@6c48a",
    "value": {
      "depends": [
        "d229032c-637a-4d45-a0dc-cbbb3109ad52"
      ]
    },
    "versionCode": 0
  },
  "d229032c-637a-4d45-a0dc-cbbb3109ad52@f9941": {
    "url": "db://assets/Sprite/Next-DiablosP.png@f9941",
    "value": {
      "depends": [
        "d229032c-637a-4d45-a0dc-cbbb3109ad52@6c48a"
      ]
    },
    "versionCode": 0
  },
  "d1766381-d4fa-4c1a-a872-d842ff105d03": {
    "url": "db://assets/Sprite/Next-DiablosH.png",
    "value": {},
    "versionCode": 0
  },
  "d1766381-d4fa-4c1a-a872-d842ff105d03@6c48a": {
    "url": "db://assets/Sprite/Next-DiablosH.png@6c48a",
    "value": {
      "depends": [
        "d1766381-d4fa-4c1a-a872-d842ff105d03"
      ]
    },
    "versionCode": 0
  },
  "d1766381-d4fa-4c1a-a872-d842ff105d03@f9941": {
    "url": "db://assets/Sprite/Next-DiablosH.png@f9941",
    "value": {
      "depends": [
        "d1766381-d4fa-4c1a-a872-d842ff105d03@6c48a"
      ]
    },
    "versionCode": 0
  },
  "ece7af06-eaab-4def-bcff-532da680fb1c": {
    "url": "db://assets/Sprite/back.png",
    "value": {
      "depends": []
    },
    "versionCode": 1
  },
  "ece7af06-eaab-4def-bcff-532da680fb1c@6c48a": {
    "url": "db://assets/Sprite/back.png@6c48a",
    "value": {
      "depends": [
        "ece7af06-eaab-4def-bcff-532da680fb1c"
      ]
    },
    "versionCode": 1
  },
  "ece7af06-eaab-4def-bcff-532da680fb1c@f9941": {
    "url": "db://assets/Sprite/back.png@f9941",
    "value": {
      "depends": [
        "ece7af06-eaab-4def-bcff-532da680fb1c@6c48a"
      ]
    },
    "versionCode": 1
  },
  "d214d9bf-6136-4262-88fe-038be2e2c715": {
    "url": "db://assets/Sprite/next.png",
    "value": {
      "depends": []
    },
    "versionCode": 1
  },
  "d214d9bf-6136-4262-88fe-038be2e2c715@6c48a": {
    "url": "db://assets/Sprite/next.png@6c48a",
    "value": {
      "depends": [
        "d214d9bf-6136-4262-88fe-038be2e2c715"
      ]
    },
    "versionCode": 1
  },
  "d214d9bf-6136-4262-88fe-038be2e2c715@f9941": {
    "url": "db://assets/Sprite/next.png@f9941",
    "value": {
      "depends": [
        "d214d9bf-6136-4262-88fe-038be2e2c715@6c48a"
      ]
    },
    "versionCode": 1
  },
  "50ef67ce-baa7-4802-b7a7-8a14a1572d7e": {
    "url": "db://assets/Sprite/Group 142.png",
    "value": {},
    "versionCode": 0
  },
  "50ef67ce-baa7-4802-b7a7-8a14a1572d7e@6c48a": {
    "url": "db://assets/Sprite/Group 142.png@6c48a",
    "value": {
      "depends": [
        "50ef67ce-baa7-4802-b7a7-8a14a1572d7e"
      ]
    },
    "versionCode": 0
  },
  "50ef67ce-baa7-4802-b7a7-8a14a1572d7e@f9941": {
    "url": "db://assets/Sprite/Group 142.png@f9941",
    "value": {
      "depends": [
        "50ef67ce-baa7-4802-b7a7-8a14a1572d7e@6c48a"
      ]
    },
    "versionCode": 0
  },
  "83c889d8-12dd-4104-a98f-70b2074288ce": {
    "url": "db://assets/Sprite/Diablos_inst01.png",
    "value": {},
    "versionCode": 0
  },
  "83c889d8-12dd-4104-a98f-70b2074288ce@6c48a": {
    "url": "db://assets/Sprite/Diablos_inst01.png@6c48a",
    "value": {
      "depends": [
        "83c889d8-12dd-4104-a98f-70b2074288ce"
      ]
    },
    "versionCode": 0
  },
  "83c889d8-12dd-4104-a98f-70b2074288ce@f9941": {
    "url": "db://assets/Sprite/Diablos_inst01.png@f9941",
    "value": {
      "depends": [
        "83c889d8-12dd-4104-a98f-70b2074288ce@6c48a"
      ]
    },
    "versionCode": 0
  },
  "167ca8af-30c6-463b-855a-62b022c64780": {
    "url": "db://assets/Sprite/Group 140.png",
    "value": {},
    "versionCode": 0
  },
  "167ca8af-30c6-463b-855a-62b022c64780@6c48a": {
    "url": "db://assets/Sprite/Group 140.png@6c48a",
    "value": {
      "depends": [
        "167ca8af-30c6-463b-855a-62b022c64780"
      ]
    },
    "versionCode": 0
  },
  "167ca8af-30c6-463b-855a-62b022c64780@f9941": {
    "url": "db://assets/Sprite/Group 140.png@f9941",
    "value": {
      "depends": [
        "167ca8af-30c6-463b-855a-62b022c64780@6c48a"
      ]
    },
    "versionCode": 0
  },
  "459afa03-aaa1-49dd-be88-dd7c14507f54": {
    "url": "db://assets/Sprite/Group 141.png",
    "value": {},
    "versionCode": 0
  },
  "459afa03-aaa1-49dd-be88-dd7c14507f54@6c48a": {
    "url": "db://assets/Sprite/Group 141.png@6c48a",
    "value": {
      "depends": [
        "459afa03-aaa1-49dd-be88-dd7c14507f54"
      ]
    },
    "versionCode": 0
  },
  "459afa03-aaa1-49dd-be88-dd7c14507f54@f9941": {
    "url": "db://assets/Sprite/Group 141.png@f9941",
    "value": {
      "depends": [
        "459afa03-aaa1-49dd-be88-dd7c14507f54@6c48a"
      ]
    },
    "versionCode": 0
  },
  "6595b1d7-e04c-4b84-9f98-3322dc2aef71": {
    "url": "db://assets/Sprite/Inicio_Diablos_Game.png",
    "value": {},
    "versionCode": 0
  },
  "6595b1d7-e04c-4b84-9f98-3322dc2aef71@6c48a": {
    "url": "db://assets/Sprite/Inicio_Diablos_Game.png@6c48a",
    "value": {
      "depends": [
        "6595b1d7-e04c-4b84-9f98-3322dc2aef71"
      ]
    },
    "versionCode": 0
  },
  "6595b1d7-e04c-4b84-9f98-3322dc2aef71@f9941": {
    "url": "db://assets/Sprite/Inicio_Diablos_Game.png@f9941",
    "value": {
      "depends": [
        "6595b1d7-e04c-4b84-9f98-3322dc2aef71@6c48a"
      ]
    },
    "versionCode": 0
  },
  "eee33d7f-c2b7-46d2-a765-c90e7a3270ad": {
    "url": "db://assets/Script/Score.ts",
    "value": {},
    "versionCode": 1
  },
  "71d86726-41b5-4588-84ee-0c4b808af95b": {
    "url": "db://assets/Sprite/Salir-Diablos.png",
    "value": {},
    "versionCode": 0
  },
  "71d86726-41b5-4588-84ee-0c4b808af95b@6c48a": {
    "url": "db://assets/Sprite/Salir-Diablos.png@6c48a",
    "value": {
      "depends": [
        "71d86726-41b5-4588-84ee-0c4b808af95b"
      ]
    },
    "versionCode": 0
  },
  "71d86726-41b5-4588-84ee-0c4b808af95b@f9941": {
    "url": "db://assets/Sprite/Salir-Diablos.png@f9941",
    "value": {
      "depends": [
        "71d86726-41b5-4588-84ee-0c4b808af95b@6c48a"
      ]
    },
    "versionCode": 0
  },
  "a646d46b-9cd5-4c05-bbd7-8e5ebcea3985": {
    "url": "db://assets/Sprite/Salir-DiablosH.png",
    "value": {},
    "versionCode": 0
  },
  "a646d46b-9cd5-4c05-bbd7-8e5ebcea3985@6c48a": {
    "url": "db://assets/Sprite/Salir-DiablosH.png@6c48a",
    "value": {
      "depends": [
        "a646d46b-9cd5-4c05-bbd7-8e5ebcea3985"
      ]
    },
    "versionCode": 0
  },
  "a646d46b-9cd5-4c05-bbd7-8e5ebcea3985@f9941": {
    "url": "db://assets/Sprite/Salir-DiablosH.png@f9941",
    "value": {
      "depends": [
        "a646d46b-9cd5-4c05-bbd7-8e5ebcea3985@6c48a"
      ]
    },
    "versionCode": 0
  },
  "cbaf50c5-76e6-479c-bd56-f5f816e00f38": {
    "url": "db://assets/Sprite/Salir-DiablosP.png",
    "value": {},
    "versionCode": 0
  },
  "cbaf50c5-76e6-479c-bd56-f5f816e00f38@6c48a": {
    "url": "db://assets/Sprite/Salir-DiablosP.png@6c48a",
    "value": {
      "depends": [
        "cbaf50c5-76e6-479c-bd56-f5f816e00f38"
      ]
    },
    "versionCode": 0
  },
  "cbaf50c5-76e6-479c-bd56-f5f816e00f38@f9941": {
    "url": "db://assets/Sprite/Salir-DiablosP.png@f9941",
    "value": {
      "depends": [
        "cbaf50c5-76e6-479c-bd56-f5f816e00f38@6c48a"
      ]
    },
    "versionCode": 0
  },
  "742ecff7-bf28-4ef1-95e4-6b135640969e": {
    "url": "db://assets/Sprite/Jugar-hover.png",
    "value": {},
    "versionCode": 0
  },
  "742ecff7-bf28-4ef1-95e4-6b135640969e@6c48a": {
    "url": "db://assets/Sprite/Jugar-hover.png@6c48a",
    "value": {
      "depends": [
        "742ecff7-bf28-4ef1-95e4-6b135640969e"
      ]
    },
    "versionCode": 0
  },
  "742ecff7-bf28-4ef1-95e4-6b135640969e@f9941": {
    "url": "db://assets/Sprite/Jugar-hover.png@f9941",
    "value": {
      "depends": [
        "742ecff7-bf28-4ef1-95e4-6b135640969e@6c48a"
      ]
    },
    "versionCode": 0
  },
  "4a0ce554-8cf6-481f-b308-774054ce77e7": {
    "url": "db://assets/Sprite/Jugar-normal.png",
    "value": {},
    "versionCode": 0
  },
  "4a0ce554-8cf6-481f-b308-774054ce77e7@6c48a": {
    "url": "db://assets/Sprite/Jugar-normal.png@6c48a",
    "value": {
      "depends": [
        "4a0ce554-8cf6-481f-b308-774054ce77e7"
      ]
    },
    "versionCode": 0
  },
  "4a0ce554-8cf6-481f-b308-774054ce77e7@f9941": {
    "url": "db://assets/Sprite/Jugar-normal.png@f9941",
    "value": {
      "depends": [
        "4a0ce554-8cf6-481f-b308-774054ce77e7@6c48a"
      ]
    },
    "versionCode": 0
  },
  "dffc1437-8cb1-4add-be71-263739ae3ab8": {
    "url": "db://assets/Sprite/Jugar-press.png",
    "value": {},
    "versionCode": 0
  },
  "dffc1437-8cb1-4add-be71-263739ae3ab8@6c48a": {
    "url": "db://assets/Sprite/Jugar-press.png@6c48a",
    "value": {
      "depends": [
        "dffc1437-8cb1-4add-be71-263739ae3ab8"
      ]
    },
    "versionCode": 0
  },
  "dffc1437-8cb1-4add-be71-263739ae3ab8@f9941": {
    "url": "db://assets/Sprite/Jugar-press.png@f9941",
    "value": {
      "depends": [
        "dffc1437-8cb1-4add-be71-263739ae3ab8@6c48a"
      ]
    },
    "versionCode": 0
  },
  "e852f05d-a3d3-4fe1-80b9-6fb7aeab6204": {
    "url": "db://assets/Script/Instrucciones.ts",
    "value": {},
    "versionCode": 0
  },
  "cca551bf-c82a-495d-bc16-738d059aa9fe": {
    "url": "db://assets/Sprite/bateador_sin bat.png",
    "value": {},
    "versionCode": 0
  },
  "cca551bf-c82a-495d-bc16-738d059aa9fe@6c48a": {
    "url": "db://assets/Sprite/bateador_sin bat.png@6c48a",
    "value": {
      "depends": [
        "cca551bf-c82a-495d-bc16-738d059aa9fe"
      ]
    },
    "versionCode": 0
  },
  "cca551bf-c82a-495d-bc16-738d059aa9fe@f9941": {
    "url": "db://assets/Sprite/bateador_sin bat.png@f9941",
    "value": {
      "depends": [
        "cca551bf-c82a-495d-bc16-738d059aa9fe@6c48a"
      ]
    },
    "versionCode": 0
  },
  "157594c7-8996-4c62-babf-c4b4aaccc46d": {
    "url": "db://assets/Sprite/Bat.png",
    "value": {},
    "versionCode": 0
  },
  "157594c7-8996-4c62-babf-c4b4aaccc46d@6c48a": {
    "url": "db://assets/Sprite/Bat.png@6c48a",
    "value": {
      "depends": [
        "157594c7-8996-4c62-babf-c4b4aaccc46d"
      ]
    },
    "versionCode": 0
  },
  "157594c7-8996-4c62-babf-c4b4aaccc46d@f9941": {
    "url": "db://assets/Sprite/Bat.png@f9941",
    "value": {
      "depends": [
        "157594c7-8996-4c62-babf-c4b4aaccc46d@6c48a"
      ]
    },
    "versionCode": 0
  },
  "e3a6c631-6677-466d-ab33-0423f53e29f0": {
    "url": "db://assets/Sprite/bateador_sin bat.png",
    "value": {
      "depends": []
    },
    "versionCode": 1
  },
  "e3a6c631-6677-466d-ab33-0423f53e29f0@6c48a": {
    "url": "db://assets/Sprite/bateador_sin bat.png@6c48a",
    "value": {
      "depends": [
        "e3a6c631-6677-466d-ab33-0423f53e29f0"
      ]
    },
    "versionCode": 1
  },
  "e3a6c631-6677-466d-ab33-0423f53e29f0@f9941": {
    "url": "db://assets/Sprite/bateador_sin bat.png@f9941",
    "value": {
      "depends": [
        "e3a6c631-6677-466d-ab33-0423f53e29f0@6c48a"
      ]
    },
    "versionCode": 1
  },
  "495b382e-e089-4828-94dc-7e6685925cca": {
    "url": "db://assets/Sprite/Bat.png",
    "value": {
      "depends": []
    },
    "versionCode": 1
  },
  "495b382e-e089-4828-94dc-7e6685925cca@6c48a": {
    "url": "db://assets/Sprite/Bat.png@6c48a",
    "value": {
      "depends": [
        "495b382e-e089-4828-94dc-7e6685925cca"
      ]
    },
    "versionCode": 1
  },
  "495b382e-e089-4828-94dc-7e6685925cca@f9941": {
    "url": "db://assets/Sprite/Bat.png@f9941",
    "value": {
      "depends": [
        "495b382e-e089-4828-94dc-7e6685925cca@6c48a"
      ]
    },
    "versionCode": 1
  },
  "590402f6-92d5-4005-b215-f451f3b91d55": {
    "url": "db://assets/Sprite/mute.png",
    "value": {
      "depends": []
    },
    "versionCode": 1
  },
  "590402f6-92d5-4005-b215-f451f3b91d55@6c48a": {
    "url": "db://assets/Sprite/mute.png@6c48a",
    "value": {
      "depends": [
        "590402f6-92d5-4005-b215-f451f3b91d55"
      ]
    },
    "versionCode": 1
  },
  "590402f6-92d5-4005-b215-f451f3b91d55@f9941": {
    "url": "db://assets/Sprite/mute.png@f9941",
    "value": {
      "depends": [
        "590402f6-92d5-4005-b215-f451f3b91d55@6c48a"
      ]
    },
    "versionCode": 1
  },
  "b5a1f843-0503-44ed-858f-d6ed1223cab1": {
    "url": "db://assets/Animation/Home-run-IDLE.anim",
    "value": {
      "depends": []
    },
    "versionCode": 2
  },
  "6a84739b-07d4-4618-8bbd-122a3d64787e": {
    "url": "db://assets/Sprite/confetti1@4x.png",
    "value": {
      "depends": []
    },
    "versionCode": 1
  },
  "6a84739b-07d4-4618-8bbd-122a3d64787e@6c48a": {
    "url": "db://assets/Sprite/confetti1@4x.png@6c48a",
    "value": {
      "depends": [
        "6a84739b-07d4-4618-8bbd-122a3d64787e"
      ]
    },
    "versionCode": 1
  },
  "6a84739b-07d4-4618-8bbd-122a3d64787e@f9941": {
    "url": "db://assets/Sprite/confetti1@4x.png@f9941",
    "value": {
      "depends": [
        "6a84739b-07d4-4618-8bbd-122a3d64787e@6c48a"
      ]
    },
    "versionCode": 1
  },
  "51beb290-e8e5-4983-897d-9ba2a46a774d": {
    "url": "db://assets/Sprite/confetti2@4x.png",
    "value": {
      "depends": []
    },
    "versionCode": 1
  },
  "51beb290-e8e5-4983-897d-9ba2a46a774d@6c48a": {
    "url": "db://assets/Sprite/confetti2@4x.png@6c48a",
    "value": {
      "depends": [
        "51beb290-e8e5-4983-897d-9ba2a46a774d"
      ]
    },
    "versionCode": 1
  },
  "51beb290-e8e5-4983-897d-9ba2a46a774d@f9941": {
    "url": "db://assets/Sprite/confetti2@4x.png@f9941",
    "value": {
      "depends": [
        "51beb290-e8e5-4983-897d-9ba2a46a774d@6c48a"
      ]
    },
    "versionCode": 1
  },
  "ac74a392-ca27-4347-b234-afc7eba508e7": {
    "url": "db://assets/Font/render-texture.rt",
    "value": {},
    "versionCode": 0
  },
  "ac74a392-ca27-4347-b234-afc7eba508e7@f9941": {
    "url": "db://assets/Font/render-texture.rt@f9941",
    "value": {
      "depends": [
        "ac74a392-ca27-4347-b234-afc7eba508e7"
      ]
    },
    "versionCode": 0
  },
  "ea06dbd8-621b-4d25-a2ac-a44905ff4280": {
    "url": "db://assets/ParticleSystem",
    "value": {},
    "versionCode": 0
  },
  "b6cf2981-3137-4bf1-871d-ef9ae8429a94": {
    "url": "db://assets/ParticleSystem/atom.plist",
    "value": {},
    "versionCode": 0
  },
  "496b6d23-bfc1-4396-8890-aa3dd1f1fb71": {
    "url": "db://assets/Prefab/Particle2D.prefab",
    "value": {
      "depends": [
        "e17b4526-57a2-48d3-acc9-cf09f30aa138",
        "6a84739b-07d4-4618-8bbd-122a3d64787e@f9941"
      ],
      "dependScripts": []
    },
    "versionCode": 2
  },
  "79e71608-68ec-4b10-a092-040e0233b594": {
    "url": "db://assets/Prefab/Particle2D-001.prefab",
    "value": {
      "depends": [
        "e17b4526-57a2-48d3-acc9-cf09f30aa138",
        "51beb290-e8e5-4983-897d-9ba2a46a774d@f9941"
      ],
      "dependScripts": []
    },
    "versionCode": 2
  },
  "5b313a72-1588-46d5-bc86-032d2a21287e": {
    "url": "db://assets/Sprite/Logo Fan Diablos 2.png",
    "value": {},
    "versionCode": 0
  },
  "5b313a72-1588-46d5-bc86-032d2a21287e@6c48a": {
    "url": "db://assets/Sprite/Logo Fan Diablos 2.png@6c48a",
    "value": {
      "depends": [
        "5b313a72-1588-46d5-bc86-032d2a21287e"
      ]
    },
    "versionCode": 0
  },
  "5b313a72-1588-46d5-bc86-032d2a21287e@f9941": {
    "url": "db://assets/Sprite/Logo Fan Diablos 2.png@f9941",
    "value": {
      "depends": [
        "5b313a72-1588-46d5-bc86-032d2a21287e@6c48a"
      ]
    },
    "versionCode": 0
  },
  "6e588c40-a422-4254-97a7-0e858e8f56cb": {
    "url": "db://assets/Sprite/Diablos_inst.png",
    "value": {},
    "versionCode": 0
  },
  "6e588c40-a422-4254-97a7-0e858e8f56cb@6c48a": {
    "url": "db://assets/Sprite/Diablos_inst.png@6c48a",
    "value": {
      "depends": [
        "6e588c40-a422-4254-97a7-0e858e8f56cb"
      ]
    },
    "versionCode": 0
  },
  "6e588c40-a422-4254-97a7-0e858e8f56cb@f9941": {
    "url": "db://assets/Sprite/Diablos_inst.png@f9941",
    "value": {
      "depends": [
        "6e588c40-a422-4254-97a7-0e858e8f56cb@6c48a"
      ]
    },
    "versionCode": 0
  },
  "e8c15a29-5df2-4b47-8a7c-853edd2d02db": {
    "url": "db://assets/Sprite/fin-diablos.png",
    "value": {},
    "versionCode": 0
  },
  "e8c15a29-5df2-4b47-8a7c-853edd2d02db@6c48a": {
    "url": "db://assets/Sprite/fin-diablos.png@6c48a",
    "value": {
      "depends": [
        "e8c15a29-5df2-4b47-8a7c-853edd2d02db"
      ]
    },
    "versionCode": 0
  },
  "e8c15a29-5df2-4b47-8a7c-853edd2d02db@f9941": {
    "url": "db://assets/Sprite/fin-diablos.png@f9941",
    "value": {
      "depends": [
        "e8c15a29-5df2-4b47-8a7c-853edd2d02db@6c48a"
      ]
    },
    "versionCode": 0
  },
  "26157f2b-7d6c-4d40-9907-7d7c28b6a1b7": {
    "url": "db://assets/Sprite/Portada-Baseball.png",
    "value": {},
    "versionCode": 0
  },
  "26157f2b-7d6c-4d40-9907-7d7c28b6a1b7@6c48a": {
    "url": "db://assets/Sprite/Portada-Baseball.png@6c48a",
    "value": {
      "depends": [
        "26157f2b-7d6c-4d40-9907-7d7c28b6a1b7"
      ]
    },
    "versionCode": 0
  },
  "26157f2b-7d6c-4d40-9907-7d7c28b6a1b7@f9941": {
    "url": "db://assets/Sprite/Portada-Baseball.png@f9941",
    "value": {
      "depends": [
        "26157f2b-7d6c-4d40-9907-7d7c28b6a1b7@6c48a"
      ]
    },
    "versionCode": 0
  },
  "d695920b-8432-4856-9d97-715197985861": {
    "url": "db://assets/Sprite/Portada-baseball.png",
    "value": {},
    "versionCode": 0
  },
  "d695920b-8432-4856-9d97-715197985861@6c48a": {
    "url": "db://assets/Sprite/Portada-baseball.png@6c48a",
    "value": {
      "depends": [
        "d695920b-8432-4856-9d97-715197985861"
      ]
    },
    "versionCode": 0
  },
  "d695920b-8432-4856-9d97-715197985861@f9941": {
    "url": "db://assets/Sprite/Portada-baseball.png@f9941",
    "value": {
      "depends": [
        "d695920b-8432-4856-9d97-715197985861@6c48a"
      ]
    },
    "versionCode": 0
  },
  "1d25e231-fa12-4c54-9e2d-f51b2890e78d": {
    "url": "db://assets/Sprite/Logo Fan Diablos 2.png",
    "value": {},
    "versionCode": 0
  },
  "1d25e231-fa12-4c54-9e2d-f51b2890e78d@6c48a": {
    "url": "db://assets/Sprite/Logo Fan Diablos 2.png@6c48a",
    "value": {
      "depends": [
        "1d25e231-fa12-4c54-9e2d-f51b2890e78d"
      ]
    },
    "versionCode": 0
  },
  "1d25e231-fa12-4c54-9e2d-f51b2890e78d@f9941": {
    "url": "db://assets/Sprite/Logo Fan Diablos 2.png@f9941",
    "value": {
      "depends": [
        "1d25e231-fa12-4c54-9e2d-f51b2890e78d@6c48a"
      ]
    },
    "versionCode": 0
  },
  "dcd56d47-fccd-4f51-84a8-ca69d0d396ce": {
    "url": "db://assets/Sprite/LMB fanrewards.png",
    "value": {},
    "versionCode": 0
  },
  "dcd56d47-fccd-4f51-84a8-ca69d0d396ce@6c48a": {
    "url": "db://assets/Sprite/LMB fanrewards.png@6c48a",
    "value": {
      "depends": [
        "dcd56d47-fccd-4f51-84a8-ca69d0d396ce"
      ]
    },
    "versionCode": 0
  },
  "dcd56d47-fccd-4f51-84a8-ca69d0d396ce@f9941": {
    "url": "db://assets/Sprite/LMB fanrewards.png@f9941",
    "value": {
      "depends": [
        "dcd56d47-fccd-4f51-84a8-ca69d0d396ce@6c48a"
      ]
    },
    "versionCode": 0
  },
  "c578ff11-85e7-482b-8137-c0878185e723": {
    "url": "db://assets/Sprite/02InstLMB.png",
    "value": {},
    "versionCode": 0
  },
  "c578ff11-85e7-482b-8137-c0878185e723@6c48a": {
    "url": "db://assets/Sprite/02InstLMB.png@6c48a",
    "value": {
      "depends": [
        "c578ff11-85e7-482b-8137-c0878185e723"
      ]
    },
    "versionCode": 0
  },
  "c578ff11-85e7-482b-8137-c0878185e723@f9941": {
    "url": "db://assets/Sprite/02InstLMB.png@f9941",
    "value": {
      "depends": [
        "c578ff11-85e7-482b-8137-c0878185e723@6c48a"
      ]
    },
    "versionCode": 0
  },
  "c117b218-9245-4149-9eaf-423199f3b26e": {
    "url": "db://assets/Sprite/btn_Salir.png",
    "value": {},
    "versionCode": 0
  },
  "c117b218-9245-4149-9eaf-423199f3b26e@6c48a": {
    "url": "db://assets/Sprite/btn_Salir.png@6c48a",
    "value": {
      "depends": [
        "c117b218-9245-4149-9eaf-423199f3b26e"
      ]
    },
    "versionCode": 0
  },
  "c117b218-9245-4149-9eaf-423199f3b26e@f9941": {
    "url": "db://assets/Sprite/btn_Salir.png@f9941",
    "value": {
      "depends": [
        "c117b218-9245-4149-9eaf-423199f3b26e@6c48a"
      ]
    },
    "versionCode": 0
  },
  "352d9279-05e8-467d-a700-de75afcdcf5c": {
    "url": "db://assets/Sprite/btn_Jugar_p.png",
    "value": {},
    "versionCode": 0
  },
  "352d9279-05e8-467d-a700-de75afcdcf5c@6c48a": {
    "url": "db://assets/Sprite/btn_Jugar_p.png@6c48a",
    "value": {
      "depends": [
        "352d9279-05e8-467d-a700-de75afcdcf5c"
      ]
    },
    "versionCode": 0
  },
  "352d9279-05e8-467d-a700-de75afcdcf5c@f9941": {
    "url": "db://assets/Sprite/btn_Jugar_p.png@f9941",
    "value": {
      "depends": [
        "352d9279-05e8-467d-a700-de75afcdcf5c@6c48a"
      ]
    },
    "versionCode": 0
  },
  "5b14045d-086c-4d31-aef6-da82de00a531": {
    "url": "db://assets/Sprite/btn_Salir_h.png",
    "value": {},
    "versionCode": 0
  },
  "5b14045d-086c-4d31-aef6-da82de00a531@6c48a": {
    "url": "db://assets/Sprite/btn_Salir_h.png@6c48a",
    "value": {
      "depends": [
        "5b14045d-086c-4d31-aef6-da82de00a531"
      ]
    },
    "versionCode": 0
  },
  "5b14045d-086c-4d31-aef6-da82de00a531@f9941": {
    "url": "db://assets/Sprite/btn_Salir_h.png@f9941",
    "value": {
      "depends": [
        "5b14045d-086c-4d31-aef6-da82de00a531@6c48a"
      ]
    },
    "versionCode": 0
  },
  "b1986c74-56ec-4e99-9eee-6346fdbddda4": {
    "url": "db://assets/Sprite/btn_Salir_p.png",
    "value": {},
    "versionCode": 0
  },
  "b1986c74-56ec-4e99-9eee-6346fdbddda4@6c48a": {
    "url": "db://assets/Sprite/btn_Salir_p.png@6c48a",
    "value": {
      "depends": [
        "b1986c74-56ec-4e99-9eee-6346fdbddda4"
      ]
    },
    "versionCode": 0
  },
  "b1986c74-56ec-4e99-9eee-6346fdbddda4@f9941": {
    "url": "db://assets/Sprite/btn_Salir_p.png@f9941",
    "value": {
      "depends": [
        "b1986c74-56ec-4e99-9eee-6346fdbddda4@6c48a"
      ]
    },
    "versionCode": 0
  },
  "33eba105-8069-476c-b9e5-faca36dedb50": {
    "url": "db://assets/Sprite/btn_Siguiente.png",
    "value": {},
    "versionCode": 0
  },
  "33eba105-8069-476c-b9e5-faca36dedb50@6c48a": {
    "url": "db://assets/Sprite/btn_Siguiente.png@6c48a",
    "value": {
      "depends": [
        "33eba105-8069-476c-b9e5-faca36dedb50"
      ]
    },
    "versionCode": 0
  },
  "33eba105-8069-476c-b9e5-faca36dedb50@f9941": {
    "url": "db://assets/Sprite/btn_Siguiente.png@f9941",
    "value": {
      "depends": [
        "33eba105-8069-476c-b9e5-faca36dedb50@6c48a"
      ]
    },
    "versionCode": 0
  },
  "7e12ecfb-0075-4375-9968-7ded2267c208": {
    "url": "db://assets/Sprite/fondo_juego.png",
    "value": {},
    "versionCode": 0
  },
  "7e12ecfb-0075-4375-9968-7ded2267c208@6c48a": {
    "url": "db://assets/Sprite/fondo_juego.png@6c48a",
    "value": {
      "depends": [
        "7e12ecfb-0075-4375-9968-7ded2267c208"
      ]
    },
    "versionCode": 0
  },
  "7e12ecfb-0075-4375-9968-7ded2267c208@f9941": {
    "url": "db://assets/Sprite/fondo_juego.png@f9941",
    "value": {
      "depends": [
        "7e12ecfb-0075-4375-9968-7ded2267c208@6c48a"
      ]
    },
    "versionCode": 0
  },
  "3b954c9e-bc07-4f67-be19-a9d3318578ef": {
    "url": "db://assets/Sprite/btn_Siguiente_p.png",
    "value": {},
    "versionCode": 0
  },
  "3b954c9e-bc07-4f67-be19-a9d3318578ef@6c48a": {
    "url": "db://assets/Sprite/btn_Siguiente_p.png@6c48a",
    "value": {
      "depends": [
        "3b954c9e-bc07-4f67-be19-a9d3318578ef"
      ]
    },
    "versionCode": 0
  },
  "3b954c9e-bc07-4f67-be19-a9d3318578ef@f9941": {
    "url": "db://assets/Sprite/btn_Siguiente_p.png@f9941",
    "value": {
      "depends": [
        "3b954c9e-bc07-4f67-be19-a9d3318578ef@6c48a"
      ]
    },
    "versionCode": 0
  },
  "d94d4941-268b-4d2f-bef3-305626975c5c": {
    "url": "db://assets/Sprite/btn_Siguiente_h.png",
    "value": {},
    "versionCode": 0
  },
  "d94d4941-268b-4d2f-bef3-305626975c5c@6c48a": {
    "url": "db://assets/Sprite/btn_Siguiente_h.png@6c48a",
    "value": {
      "depends": [
        "d94d4941-268b-4d2f-bef3-305626975c5c"
      ]
    },
    "versionCode": 0
  },
  "d94d4941-268b-4d2f-bef3-305626975c5c@f9941": {
    "url": "db://assets/Sprite/btn_Siguiente_h.png@f9941",
    "value": {
      "depends": [
        "d94d4941-268b-4d2f-bef3-305626975c5c@6c48a"
      ]
    },
    "versionCode": 0
  },
  "c8e25a79-d7cb-4ae6-8b24-b8710bc45694": {
    "url": "db://assets/Sprite/PortadaLMB.png",
    "value": {},
    "versionCode": 0
  },
  "c8e25a79-d7cb-4ae6-8b24-b8710bc45694@6c48a": {
    "url": "db://assets/Sprite/PortadaLMB.png@6c48a",
    "value": {
      "depends": [
        "c8e25a79-d7cb-4ae6-8b24-b8710bc45694"
      ]
    },
    "versionCode": 0
  },
  "c8e25a79-d7cb-4ae6-8b24-b8710bc45694@f9941": {
    "url": "db://assets/Sprite/PortadaLMB.png@f9941",
    "value": {
      "depends": [
        "c8e25a79-d7cb-4ae6-8b24-b8710bc45694@6c48a"
      ]
    },
    "versionCode": 0
  },
  "e9a11754-48a8-4f82-a089-7b49efc68986": {
    "url": "db://assets/Sprite/02LMB.png",
    "value": {},
    "versionCode": 0
  },
  "e9a11754-48a8-4f82-a089-7b49efc68986@6c48a": {
    "url": "db://assets/Sprite/02LMB.png@6c48a",
    "value": {
      "depends": [
        "e9a11754-48a8-4f82-a089-7b49efc68986"
      ]
    },
    "versionCode": 0
  },
  "e9a11754-48a8-4f82-a089-7b49efc68986@f9941": {
    "url": "db://assets/Sprite/02LMB.png@f9941",
    "value": {
      "depends": [
        "e9a11754-48a8-4f82-a089-7b49efc68986@6c48a"
      ]
    },
    "versionCode": 0
  },
  "0bb91937-a733-488a-9965-d711f2068723": {
    "url": "db://assets/Sprite/03InstLMB.png",
    "value": {},
    "versionCode": 0
  },
  "0bb91937-a733-488a-9965-d711f2068723@6c48a": {
    "url": "db://assets/Sprite/03InstLMB.png@6c48a",
    "value": {
      "depends": [
        "0bb91937-a733-488a-9965-d711f2068723"
      ]
    },
    "versionCode": 0
  },
  "0bb91937-a733-488a-9965-d711f2068723@f9941": {
    "url": "db://assets/Sprite/03InstLMB.png@f9941",
    "value": {
      "depends": [
        "0bb91937-a733-488a-9965-d711f2068723@6c48a"
      ]
    },
    "versionCode": 0
  },
  "0559acba-5759-47c0-a0a6-b401bb16f9fe": {
    "url": "db://assets/Sprite/03LMB.png",
    "value": {},
    "versionCode": 0
  },
  "0559acba-5759-47c0-a0a6-b401bb16f9fe@6c48a": {
    "url": "db://assets/Sprite/03LMB.png@6c48a",
    "value": {
      "depends": [
        "0559acba-5759-47c0-a0a6-b401bb16f9fe"
      ]
    },
    "versionCode": 0
  },
  "0559acba-5759-47c0-a0a6-b401bb16f9fe@f9941": {
    "url": "db://assets/Sprite/03LMB.png@f9941",
    "value": {
      "depends": [
        "0559acba-5759-47c0-a0a6-b401bb16f9fe@6c48a"
      ]
    },
    "versionCode": 0
  },
  "233eb5ea-9ab1-4084-8585-022e333f0389": {
    "url": "db://assets/Sprite/btn_Inicio_h.png",
    "value": {},
    "versionCode": 0
  },
  "233eb5ea-9ab1-4084-8585-022e333f0389@6c48a": {
    "url": "db://assets/Sprite/btn_Inicio_h.png@6c48a",
    "value": {
      "depends": [
        "233eb5ea-9ab1-4084-8585-022e333f0389"
      ]
    },
    "versionCode": 0
  },
  "233eb5ea-9ab1-4084-8585-022e333f0389@f9941": {
    "url": "db://assets/Sprite/btn_Inicio_h.png@f9941",
    "value": {
      "depends": [
        "233eb5ea-9ab1-4084-8585-022e333f0389@6c48a"
      ]
    },
    "versionCode": 0
  },
  "5d9cf0b4-4805-4251-9047-29e19ed5b33f": {
    "url": "db://assets/Sprite/btn_Inicio.png",
    "value": {},
    "versionCode": 0
  },
  "5d9cf0b4-4805-4251-9047-29e19ed5b33f@6c48a": {
    "url": "db://assets/Sprite/btn_Inicio.png@6c48a",
    "value": {
      "depends": [
        "5d9cf0b4-4805-4251-9047-29e19ed5b33f"
      ]
    },
    "versionCode": 0
  },
  "5d9cf0b4-4805-4251-9047-29e19ed5b33f@f9941": {
    "url": "db://assets/Sprite/btn_Inicio.png@f9941",
    "value": {
      "depends": [
        "5d9cf0b4-4805-4251-9047-29e19ed5b33f@6c48a"
      ]
    },
    "versionCode": 0
  },
  "0e6fa8a6-b84a-4894-88ca-6a8f19c27cdf": {
    "url": "db://assets/Sprite/btn_Inicio_p.png",
    "value": {},
    "versionCode": 0
  },
  "0e6fa8a6-b84a-4894-88ca-6a8f19c27cdf@6c48a": {
    "url": "db://assets/Sprite/btn_Inicio_p.png@6c48a",
    "value": {
      "depends": [
        "0e6fa8a6-b84a-4894-88ca-6a8f19c27cdf"
      ]
    },
    "versionCode": 0
  },
  "0e6fa8a6-b84a-4894-88ca-6a8f19c27cdf@f9941": {
    "url": "db://assets/Sprite/btn_Inicio_p.png@f9941",
    "value": {
      "depends": [
        "0e6fa8a6-b84a-4894-88ca-6a8f19c27cdf@6c48a"
      ]
    },
    "versionCode": 0
  },
  "72079941-91fc-44ad-8259-40e46eb2fccb": {
    "url": "db://assets/Sprite/btn_Jugar.png",
    "value": {},
    "versionCode": 0
  },
  "72079941-91fc-44ad-8259-40e46eb2fccb@6c48a": {
    "url": "db://assets/Sprite/btn_Jugar.png@6c48a",
    "value": {
      "depends": [
        "72079941-91fc-44ad-8259-40e46eb2fccb"
      ]
    },
    "versionCode": 0
  },
  "72079941-91fc-44ad-8259-40e46eb2fccb@f9941": {
    "url": "db://assets/Sprite/btn_Jugar.png@f9941",
    "value": {
      "depends": [
        "72079941-91fc-44ad-8259-40e46eb2fccb@6c48a"
      ]
    },
    "versionCode": 0
  },
  "7d52e46f-7880-4f69-9e2b-fb202bdfae32": {
    "url": "db://assets/Sprite/btn_Jugar_h.png",
    "value": {},
    "versionCode": 0
  },
  "7d52e46f-7880-4f69-9e2b-fb202bdfae32@6c48a": {
    "url": "db://assets/Sprite/btn_Jugar_h.png@6c48a",
    "value": {
      "depends": [
        "7d52e46f-7880-4f69-9e2b-fb202bdfae32"
      ]
    },
    "versionCode": 0
  },
  "7d52e46f-7880-4f69-9e2b-fb202bdfae32@f9941": {
    "url": "db://assets/Sprite/btn_Jugar_h.png@f9941",
    "value": {
      "depends": [
        "7d52e46f-7880-4f69-9e2b-fb202bdfae32@6c48a"
      ]
    },
    "versionCode": 0
  },
  "8fded429-310d-46b8-b169-d12e10751fde": {
    "url": "db://assets/Sprite/01InstLMB.png",
    "value": {},
    "versionCode": 0
  },
  "8fded429-310d-46b8-b169-d12e10751fde@6c48a": {
    "url": "db://assets/Sprite/01InstLMB.png@6c48a",
    "value": {
      "depends": [
        "8fded429-310d-46b8-b169-d12e10751fde"
      ]
    },
    "versionCode": 0
  },
  "8fded429-310d-46b8-b169-d12e10751fde@f9941": {
    "url": "db://assets/Sprite/01InstLMB.png@f9941",
    "value": {
      "depends": [
        "8fded429-310d-46b8-b169-d12e10751fde@6c48a"
      ]
    },
    "versionCode": 0
  },
  "f7629216-f878-466d-982c-4c5b7a705996": {
    "url": "db://assets/Sprite/01LMB.png",
    "value": {},
    "versionCode": 0
  },
  "f7629216-f878-466d-982c-4c5b7a705996@6c48a": {
    "url": "db://assets/Sprite/01LMB.png@6c48a",
    "value": {
      "depends": [
        "f7629216-f878-466d-982c-4c5b7a705996"
      ]
    },
    "versionCode": 0
  },
  "f7629216-f878-466d-982c-4c5b7a705996@f9941": {
    "url": "db://assets/Sprite/01LMB.png@f9941",
    "value": {
      "depends": [
        "f7629216-f878-466d-982c-4c5b7a705996@6c48a"
      ]
    },
    "versionCode": 0
  },
  "7ac9be4f-8bf9-4823-8f9b-7e6e561f0732": {
    "url": "db://assets/Sprite/03LMB.png",
    "value": {},
    "versionCode": 0
  },
  "7ac9be4f-8bf9-4823-8f9b-7e6e561f0732@6c48a": {
    "url": "db://assets/Sprite/03LMB.png@6c48a",
    "value": {
      "depends": [
        "7ac9be4f-8bf9-4823-8f9b-7e6e561f0732"
      ]
    },
    "versionCode": 0
  },
  "7ac9be4f-8bf9-4823-8f9b-7e6e561f0732@f9941": {
    "url": "db://assets/Sprite/03LMB.png@f9941",
    "value": {
      "depends": [
        "7ac9be4f-8bf9-4823-8f9b-7e6e561f0732@6c48a"
      ]
    },
    "versionCode": 0
  },
  "e3dce2c7-9765-485b-8765-c827681af20b": {
    "url": "db://assets/Sprite/InstruccionLMB.png",
    "value": {},
    "versionCode": 0
  },
  "e3dce2c7-9765-485b-8765-c827681af20b@6c48a": {
    "url": "db://assets/Sprite/InstruccionLMB.png@6c48a",
    "value": {
      "depends": [
        "e3dce2c7-9765-485b-8765-c827681af20b"
      ]
    },
    "versionCode": 0
  },
  "e3dce2c7-9765-485b-8765-c827681af20b@f9941": {
    "url": "db://assets/Sprite/InstruccionLMB.png@f9941",
    "value": {
      "depends": [
        "e3dce2c7-9765-485b-8765-c827681af20b@6c48a"
      ]
    },
    "versionCode": 0
  },
  "92585151-6df3-41b4-b46f-af1f74474595": {
    "url": "db://assets/Sprite/TextLMB.png",
    "value": {
      "depends": []
    },
    "versionCode": 1
  },
  "92585151-6df3-41b4-b46f-af1f74474595@6c48a": {
    "url": "db://assets/Sprite/TextLMB.png@6c48a",
    "value": {
      "depends": [
        "92585151-6df3-41b4-b46f-af1f74474595"
      ]
    },
    "versionCode": 1
  },
  "92585151-6df3-41b4-b46f-af1f74474595@f9941": {
    "url": "db://assets/Sprite/TextLMB.png@f9941",
    "value": {
      "depends": [
        "92585151-6df3-41b4-b46f-af1f74474595@6c48a"
      ]
    },
    "versionCode": 1
  },
  "3af3a447-d21b-4524-83a7-610eee930482": {
    "url": "db://assets/Sprite/Logo-Caliente.png",
    "value": {},
    "versionCode": 0
  },
  "3af3a447-d21b-4524-83a7-610eee930482@6c48a": {
    "url": "db://assets/Sprite/Logo-Caliente.png@6c48a",
    "value": {
      "depends": [
        "3af3a447-d21b-4524-83a7-610eee930482"
      ]
    },
    "versionCode": 0
  },
  "3af3a447-d21b-4524-83a7-610eee930482@f9941": {
    "url": "db://assets/Sprite/Logo-Caliente.png@f9941",
    "value": {
      "depends": [
        "3af3a447-d21b-4524-83a7-610eee930482@6c48a"
      ]
    },
    "versionCode": 0
  },
  "4f823b36-c703-4ee1-818e-6d837a6443a2": {
    "url": "db://assets/Sprite/caliente valla.png",
    "value": {},
    "versionCode": 0
  },
  "4f823b36-c703-4ee1-818e-6d837a6443a2@6c48a": {
    "url": "db://assets/Sprite/caliente valla.png@6c48a",
    "value": {
      "depends": [
        "4f823b36-c703-4ee1-818e-6d837a6443a2"
      ]
    },
    "versionCode": 0
  },
  "4f823b36-c703-4ee1-818e-6d837a6443a2@f9941": {
    "url": "db://assets/Sprite/caliente valla.png@f9941",
    "value": {
      "depends": [
        "4f823b36-c703-4ee1-818e-6d837a6443a2@6c48a"
      ]
    },
    "versionCode": 0
  },
  "e179c68d-8e28-4c19-8120-f47851d7faa7": {
    "url": "db://assets/Sprite/Marcos-LMB.png",
    "value": {},
    "versionCode": 0
  },
  "e179c68d-8e28-4c19-8120-f47851d7faa7@6c48a": {
    "url": "db://assets/Sprite/Marcos-LMB.png@6c48a",
    "value": {
      "depends": [
        "e179c68d-8e28-4c19-8120-f47851d7faa7"
      ]
    },
    "versionCode": 0
  },
  "e179c68d-8e28-4c19-8120-f47851d7faa7@f9941": {
    "url": "db://assets/Sprite/Marcos-LMB.png@f9941",
    "value": {
      "depends": [
        "e179c68d-8e28-4c19-8120-f47851d7faa7@6c48a"
      ]
    },
    "versionCode": 0
  },
  "7479fd73-8343-45bb-a392-c82f2c9854ed": {
    "url": "db://assets/Sprite/MB fan-png.png",
    "value": {},
    "versionCode": 0
  },
  "7479fd73-8343-45bb-a392-c82f2c9854ed@6c48a": {
    "url": "db://assets/Sprite/MB fan-png.png@6c48a",
    "value": {
      "depends": [
        "7479fd73-8343-45bb-a392-c82f2c9854ed"
      ]
    },
    "versionCode": 0
  },
  "7479fd73-8343-45bb-a392-c82f2c9854ed@f9941": {
    "url": "db://assets/Sprite/MB fan-png.png@f9941",
    "value": {
      "depends": [
        "7479fd73-8343-45bb-a392-c82f2c9854ed@6c48a"
      ]
    },
    "versionCode": 0
  },
  "b53876f9-e5bd-4cc5-9d22-cb65ae7c5640": {
    "url": "db://assets/Sprite/Inst_01.png",
    "value": {
      "depends": []
    },
    "versionCode": 1
  },
  "b53876f9-e5bd-4cc5-9d22-cb65ae7c5640@6c48a": {
    "url": "db://assets/Sprite/Inst_01.png@6c48a",
    "value": {
      "depends": [
        "b53876f9-e5bd-4cc5-9d22-cb65ae7c5640"
      ]
    },
    "versionCode": 1
  },
  "b53876f9-e5bd-4cc5-9d22-cb65ae7c5640@f9941": {
    "url": "db://assets/Sprite/Inst_01.png@f9941",
    "value": {
      "depends": [
        "b53876f9-e5bd-4cc5-9d22-cb65ae7c5640@6c48a"
      ]
    },
    "versionCode": 1
  },
  "6d65f1a3-ebd4-4311-906b-3c1481edde50": {
    "url": "db://assets/Sprite/LogoVenados_contorno 1.png",
    "value": {},
    "versionCode": 1
  },
  "6d65f1a3-ebd4-4311-906b-3c1481edde50@6c48a": {
    "url": "db://assets/Sprite/LogoVenados_contorno 1.png@6c48a",
    "value": {
      "depends": [
        "6d65f1a3-ebd4-4311-906b-3c1481edde50"
      ]
    },
    "versionCode": 1
  },
  "6d65f1a3-ebd4-4311-906b-3c1481edde50@f9941": {
    "url": "db://assets/Sprite/LogoVenados_contorno 1.png@f9941",
    "value": {
      "depends": [
        "6d65f1a3-ebd4-4311-906b-3c1481edde50@6c48a"
      ]
    },
    "versionCode": 1
  },
  "dada3e1a-a140-484d-87f9-80a7e3faea9b": {
    "url": "db://assets/Sprite/Inst_03.png",
    "value": {
      "depends": []
    },
    "versionCode": 1
  },
  "dada3e1a-a140-484d-87f9-80a7e3faea9b@6c48a": {
    "url": "db://assets/Sprite/Inst_03.png@6c48a",
    "value": {
      "depends": [
        "dada3e1a-a140-484d-87f9-80a7e3faea9b"
      ]
    },
    "versionCode": 1
  },
  "dada3e1a-a140-484d-87f9-80a7e3faea9b@f9941": {
    "url": "db://assets/Sprite/Inst_03.png@f9941",
    "value": {
      "depends": [
        "dada3e1a-a140-484d-87f9-80a7e3faea9b@6c48a"
      ]
    },
    "versionCode": 1
  },
  "ae3445fb-815b-49b3-967e-c1063c05012d": {
    "url": "db://assets/Sprite/Inst_02.png",
    "value": {
      "depends": []
    },
    "versionCode": 1
  },
  "ae3445fb-815b-49b3-967e-c1063c05012d@6c48a": {
    "url": "db://assets/Sprite/Inst_02.png@6c48a",
    "value": {
      "depends": [
        "ae3445fb-815b-49b3-967e-c1063c05012d"
      ]
    },
    "versionCode": 1
  },
  "ae3445fb-815b-49b3-967e-c1063c05012d@f9941": {
    "url": "db://assets/Sprite/Inst_02.png@f9941",
    "value": {
      "depends": [
        "ae3445fb-815b-49b3-967e-c1063c05012d@6c48a"
      ]
    },
    "versionCode": 1
  },
  "de0a9d00-a352-4a2e-9bf7-1a36496688d3": {
    "url": "db://assets/Sprite/btn_siguiente_p.png",
    "value": {},
    "versionCode": 0
  },
  "de0a9d00-a352-4a2e-9bf7-1a36496688d3@6c48a": {
    "url": "db://assets/Sprite/btn_siguiente_p.png@6c48a",
    "value": {
      "depends": [
        "de0a9d00-a352-4a2e-9bf7-1a36496688d3"
      ]
    },
    "versionCode": 0
  },
  "de0a9d00-a352-4a2e-9bf7-1a36496688d3@f9941": {
    "url": "db://assets/Sprite/btn_siguiente_p.png@f9941",
    "value": {
      "depends": [
        "de0a9d00-a352-4a2e-9bf7-1a36496688d3@6c48a"
      ]
    },
    "versionCode": 0
  },
  "f56b0d75-07b3-4a2d-bb4f-8e06479c4fd8": {
    "url": "db://assets/Sprite/bg_inst.png",
    "value": {
      "depends": []
    },
    "versionCode": 1
  },
  "f56b0d75-07b3-4a2d-bb4f-8e06479c4fd8@6c48a": {
    "url": "db://assets/Sprite/bg_inst.png@6c48a",
    "value": {
      "depends": [
        "f56b0d75-07b3-4a2d-bb4f-8e06479c4fd8"
      ]
    },
    "versionCode": 1
  },
  "f56b0d75-07b3-4a2d-bb4f-8e06479c4fd8@f9941": {
    "url": "db://assets/Sprite/bg_inst.png@f9941",
    "value": {
      "depends": [
        "f56b0d75-07b3-4a2d-bb4f-8e06479c4fd8@6c48a"
      ]
    },
    "versionCode": 1
  },
  "9f01ee4b-55d6-4397-be88-a0bf5e9f30ce": {
    "url": "db://assets/Sprite/PortadaVenados.png",
    "value": {},
    "versionCode": 0
  },
  "9f01ee4b-55d6-4397-be88-a0bf5e9f30ce@6c48a": {
    "url": "db://assets/Sprite/PortadaVenados.png@6c48a",
    "value": {
      "depends": [
        "9f01ee4b-55d6-4397-be88-a0bf5e9f30ce"
      ]
    },
    "versionCode": 0
  },
  "9f01ee4b-55d6-4397-be88-a0bf5e9f30ce@f9941": {
    "url": "db://assets/Sprite/PortadaVenados.png@f9941",
    "value": {
      "depends": [
        "9f01ee4b-55d6-4397-be88-a0bf5e9f30ce@6c48a"
      ]
    },
    "versionCode": 0
  },
  "0d06ff75-65fd-480e-8316-5db188d50ef3": {
    "url": "db://assets/Sprite/bg_inst_como.png",
    "value": {
      "depends": []
    },
    "versionCode": 1
  },
  "0d06ff75-65fd-480e-8316-5db188d50ef3@6c48a": {
    "url": "db://assets/Sprite/bg_inst_como.png@6c48a",
    "value": {
      "depends": [
        "0d06ff75-65fd-480e-8316-5db188d50ef3"
      ]
    },
    "versionCode": 1
  },
  "0d06ff75-65fd-480e-8316-5db188d50ef3@f9941": {
    "url": "db://assets/Sprite/bg_inst_como.png@f9941",
    "value": {
      "depends": [
        "0d06ff75-65fd-480e-8316-5db188d50ef3@6c48a"
      ]
    },
    "versionCode": 1
  },
  "ebd18587-4ccd-4699-9a34-bee5bd576ce2": {
    "url": "db://assets/Sprite/btn_inicio.png",
    "value": {},
    "versionCode": 0
  },
  "ebd18587-4ccd-4699-9a34-bee5bd576ce2@6c48a": {
    "url": "db://assets/Sprite/btn_inicio.png@6c48a",
    "value": {
      "depends": [
        "ebd18587-4ccd-4699-9a34-bee5bd576ce2"
      ]
    },
    "versionCode": 0
  },
  "ebd18587-4ccd-4699-9a34-bee5bd576ce2@f9941": {
    "url": "db://assets/Sprite/btn_inicio.png@f9941",
    "value": {
      "depends": [
        "ebd18587-4ccd-4699-9a34-bee5bd576ce2@6c48a"
      ]
    },
    "versionCode": 0
  },
  "8b057ba7-3a1c-4939-bfd3-f546a306242a": {
    "url": "db://assets/Sprite/btn_inicio_h.png",
    "value": {},
    "versionCode": 0
  },
  "8b057ba7-3a1c-4939-bfd3-f546a306242a@6c48a": {
    "url": "db://assets/Sprite/btn_inicio_h.png@6c48a",
    "value": {
      "depends": [
        "8b057ba7-3a1c-4939-bfd3-f546a306242a"
      ]
    },
    "versionCode": 0
  },
  "8b057ba7-3a1c-4939-bfd3-f546a306242a@f9941": {
    "url": "db://assets/Sprite/btn_inicio_h.png@f9941",
    "value": {
      "depends": [
        "8b057ba7-3a1c-4939-bfd3-f546a306242a@6c48a"
      ]
    },
    "versionCode": 0
  },
  "8341c862-2b7f-476f-8e91-e703f5a802b3": {
    "url": "db://assets/Sprite/btn_inicio_p.png",
    "value": {},
    "versionCode": 0
  },
  "8341c862-2b7f-476f-8e91-e703f5a802b3@6c48a": {
    "url": "db://assets/Sprite/btn_inicio_p.png@6c48a",
    "value": {
      "depends": [
        "8341c862-2b7f-476f-8e91-e703f5a802b3"
      ]
    },
    "versionCode": 0
  },
  "8341c862-2b7f-476f-8e91-e703f5a802b3@f9941": {
    "url": "db://assets/Sprite/btn_inicio_p.png@f9941",
    "value": {
      "depends": [
        "8341c862-2b7f-476f-8e91-e703f5a802b3@6c48a"
      ]
    },
    "versionCode": 0
  },
  "25140243-ac58-433d-aaa1-a873431faf64": {
    "url": "db://assets/Sprite/btn_jugar.png",
    "value": {},
    "versionCode": 0
  },
  "25140243-ac58-433d-aaa1-a873431faf64@6c48a": {
    "url": "db://assets/Sprite/btn_jugar.png@6c48a",
    "value": {
      "depends": [
        "25140243-ac58-433d-aaa1-a873431faf64"
      ]
    },
    "versionCode": 0
  },
  "25140243-ac58-433d-aaa1-a873431faf64@f9941": {
    "url": "db://assets/Sprite/btn_jugar.png@f9941",
    "value": {
      "depends": [
        "25140243-ac58-433d-aaa1-a873431faf64@6c48a"
      ]
    },
    "versionCode": 0
  },
  "0ec9f964-3078-4835-8c4a-ec91d6a5c339": {
    "url": "db://assets/Sprite/btn_jugar_h.png",
    "value": {},
    "versionCode": 0
  },
  "0ec9f964-3078-4835-8c4a-ec91d6a5c339@6c48a": {
    "url": "db://assets/Sprite/btn_jugar_h.png@6c48a",
    "value": {
      "depends": [
        "0ec9f964-3078-4835-8c4a-ec91d6a5c339"
      ]
    },
    "versionCode": 0
  },
  "0ec9f964-3078-4835-8c4a-ec91d6a5c339@f9941": {
    "url": "db://assets/Sprite/btn_jugar_h.png@f9941",
    "value": {
      "depends": [
        "0ec9f964-3078-4835-8c4a-ec91d6a5c339@6c48a"
      ]
    },
    "versionCode": 0
  },
  "5643fe6c-1fbf-4c0a-9eb4-5755b14c430e": {
    "url": "db://assets/Sprite/btn_jugar_p.png",
    "value": {},
    "versionCode": 0
  },
  "5643fe6c-1fbf-4c0a-9eb4-5755b14c430e@6c48a": {
    "url": "db://assets/Sprite/btn_jugar_p.png@6c48a",
    "value": {
      "depends": [
        "5643fe6c-1fbf-4c0a-9eb4-5755b14c430e"
      ]
    },
    "versionCode": 0
  },
  "5643fe6c-1fbf-4c0a-9eb4-5755b14c430e@f9941": {
    "url": "db://assets/Sprite/btn_jugar_p.png@f9941",
    "value": {
      "depends": [
        "5643fe6c-1fbf-4c0a-9eb4-5755b14c430e@6c48a"
      ]
    },
    "versionCode": 0
  },
  "1b44cd2d-bcff-411a-8a3e-68838d4f5bfa": {
    "url": "db://assets/Sprite/btn_mute.png",
    "value": {},
    "versionCode": 0
  },
  "1b44cd2d-bcff-411a-8a3e-68838d4f5bfa@6c48a": {
    "url": "db://assets/Sprite/btn_mute.png@6c48a",
    "value": {
      "depends": [
        "1b44cd2d-bcff-411a-8a3e-68838d4f5bfa"
      ]
    },
    "versionCode": 0
  },
  "1b44cd2d-bcff-411a-8a3e-68838d4f5bfa@f9941": {
    "url": "db://assets/Sprite/btn_mute.png@f9941",
    "value": {
      "depends": [
        "1b44cd2d-bcff-411a-8a3e-68838d4f5bfa@6c48a"
      ]
    },
    "versionCode": 0
  },
  "862b4951-c96b-49a3-8f43-0d71cc7087c4": {
    "url": "db://assets/Sprite/btn_salir.png",
    "value": {},
    "versionCode": 0
  },
  "862b4951-c96b-49a3-8f43-0d71cc7087c4@6c48a": {
    "url": "db://assets/Sprite/btn_salir.png@6c48a",
    "value": {
      "depends": [
        "862b4951-c96b-49a3-8f43-0d71cc7087c4"
      ]
    },
    "versionCode": 0
  },
  "862b4951-c96b-49a3-8f43-0d71cc7087c4@f9941": {
    "url": "db://assets/Sprite/btn_salir.png@f9941",
    "value": {
      "depends": [
        "862b4951-c96b-49a3-8f43-0d71cc7087c4@6c48a"
      ]
    },
    "versionCode": 0
  },
  "8b7a307b-626a-419d-96c7-c3add5eab1cc": {
    "url": "db://assets/Sprite/btn_salir_p.png",
    "value": {},
    "versionCode": 0
  },
  "8b7a307b-626a-419d-96c7-c3add5eab1cc@6c48a": {
    "url": "db://assets/Sprite/btn_salir_p.png@6c48a",
    "value": {
      "depends": [
        "8b7a307b-626a-419d-96c7-c3add5eab1cc"
      ]
    },
    "versionCode": 0
  },
  "8b7a307b-626a-419d-96c7-c3add5eab1cc@f9941": {
    "url": "db://assets/Sprite/btn_salir_p.png@f9941",
    "value": {
      "depends": [
        "8b7a307b-626a-419d-96c7-c3add5eab1cc@6c48a"
      ]
    },
    "versionCode": 0
  },
  "2fa40aa0-7abc-4fa3-89f5-b890737fd0be": {
    "url": "db://assets/Sprite/btn_salir_h.png",
    "value": {},
    "versionCode": 0
  },
  "2fa40aa0-7abc-4fa3-89f5-b890737fd0be@6c48a": {
    "url": "db://assets/Sprite/btn_salir_h.png@6c48a",
    "value": {
      "depends": [
        "2fa40aa0-7abc-4fa3-89f5-b890737fd0be"
      ]
    },
    "versionCode": 0
  },
  "2fa40aa0-7abc-4fa3-89f5-b890737fd0be@f9941": {
    "url": "db://assets/Sprite/btn_salir_h.png@f9941",
    "value": {
      "depends": [
        "2fa40aa0-7abc-4fa3-89f5-b890737fd0be@6c48a"
      ]
    },
    "versionCode": 0
  },
  "8a117000-192d-40b8-9124-3358375c58fc": {
    "url": "db://assets/Sprite/btn_siguiente_h.png",
    "value": {},
    "versionCode": 0
  },
  "8a117000-192d-40b8-9124-3358375c58fc@6c48a": {
    "url": "db://assets/Sprite/btn_siguiente_h.png@6c48a",
    "value": {
      "depends": [
        "8a117000-192d-40b8-9124-3358375c58fc"
      ]
    },
    "versionCode": 0
  },
  "8a117000-192d-40b8-9124-3358375c58fc@f9941": {
    "url": "db://assets/Sprite/btn_siguiente_h.png@f9941",
    "value": {
      "depends": [
        "8a117000-192d-40b8-9124-3358375c58fc@6c48a"
      ]
    },
    "versionCode": 0
  },
  "431c7aae-46b8-4ec3-ae6f-2e9cd2211ed8": {
    "url": "db://assets/Sprite/btn_siguiente.png",
    "value": {},
    "versionCode": 0
  },
  "431c7aae-46b8-4ec3-ae6f-2e9cd2211ed8@6c48a": {
    "url": "db://assets/Sprite/btn_siguiente.png@6c48a",
    "value": {
      "depends": [
        "431c7aae-46b8-4ec3-ae6f-2e9cd2211ed8"
      ]
    },
    "versionCode": 0
  },
  "431c7aae-46b8-4ec3-ae6f-2e9cd2211ed8@f9941": {
    "url": "db://assets/Sprite/btn_siguiente.png@f9941",
    "value": {
      "depends": [
        "431c7aae-46b8-4ec3-ae6f-2e9cd2211ed8@6c48a"
      ]
    },
    "versionCode": 0
  },
  "be5a8158-b7e3-4bc1-8c7d-9a849e30c89f": {
    "url": "db://assets/Sprite/Inst_00.png",
    "value": {
      "depends": []
    },
    "versionCode": 1
  },
  "be5a8158-b7e3-4bc1-8c7d-9a849e30c89f@6c48a": {
    "url": "db://assets/Sprite/Inst_00.png@6c48a",
    "value": {
      "depends": [
        "be5a8158-b7e3-4bc1-8c7d-9a849e30c89f"
      ]
    },
    "versionCode": 1
  },
  "be5a8158-b7e3-4bc1-8c7d-9a849e30c89f@f9941": {
    "url": "db://assets/Sprite/Inst_00.png@f9941",
    "value": {
      "depends": [
        "be5a8158-b7e3-4bc1-8c7d-9a849e30c89f@6c48a"
      ]
    },
    "versionCode": 1
  },
  "e8b9c1ff-75f7-42e6-90dc-3ebf6b98b6d7": {
    "url": "db://assets/Sprite/bg.png",
    "value": {
      "depends": []
    },
    "versionCode": 1
  },
  "e8b9c1ff-75f7-42e6-90dc-3ebf6b98b6d7@6c48a": {
    "url": "db://assets/Sprite/bg.png@6c48a",
    "value": {
      "depends": [
        "e8b9c1ff-75f7-42e6-90dc-3ebf6b98b6d7"
      ]
    },
    "versionCode": 1
  },
  "e8b9c1ff-75f7-42e6-90dc-3ebf6b98b6d7@f9941": {
    "url": "db://assets/Sprite/bg.png@f9941",
    "value": {
      "depends": [
        "e8b9c1ff-75f7-42e6-90dc-3ebf6b98b6d7@6c48a"
      ]
    },
    "versionCode": 1
  },
  "efab5e4c-fe6e-4b95-97d2-8f47bdfaf5ea": {
    "url": "db://assets/Sprite/Marco.png",
    "value": {
      "depends": []
    },
    "versionCode": 1
  },
  "efab5e4c-fe6e-4b95-97d2-8f47bdfaf5ea@6c48a": {
    "url": "db://assets/Sprite/Marco.png@6c48a",
    "value": {
      "depends": [
        "efab5e4c-fe6e-4b95-97d2-8f47bdfaf5ea"
      ]
    },
    "versionCode": 1
  },
  "efab5e4c-fe6e-4b95-97d2-8f47bdfaf5ea@f9941": {
    "url": "db://assets/Sprite/Marco.png@f9941",
    "value": {
      "depends": [
        "efab5e4c-fe6e-4b95-97d2-8f47bdfaf5ea@6c48a"
      ]
    },
    "versionCode": 1
  },
  "c569ce79-003c-4634-9f33-431a5b579c15": {
    "url": "db://assets/Sprite/PortadaVenados.png",
    "value": {
      "depends": []
    },
    "versionCode": 1
  },
  "c569ce79-003c-4634-9f33-431a5b579c15@6c48a": {
    "url": "db://assets/Sprite/PortadaVenados.png@6c48a",
    "value": {
      "depends": [
        "c569ce79-003c-4634-9f33-431a5b579c15"
      ]
    },
    "versionCode": 1
  },
  "c569ce79-003c-4634-9f33-431a5b579c15@f9941": {
    "url": "db://assets/Sprite/PortadaVenados.png@f9941",
    "value": {
      "depends": [
        "c569ce79-003c-4634-9f33-431a5b579c15@6c48a"
      ]
    },
    "versionCode": 1
  },
  "43661180-a6ff-403e-89c9-17e72ba1784a": {
    "url": "db://assets/Sprite/salsa huichol.png",
    "value": {
      "depends": []
    },
    "versionCode": 1
  },
  "43661180-a6ff-403e-89c9-17e72ba1784a@6c48a": {
    "url": "db://assets/Sprite/salsa huichol.png@6c48a",
    "value": {
      "depends": [
        "43661180-a6ff-403e-89c9-17e72ba1784a"
      ]
    },
    "versionCode": 1
  },
  "43661180-a6ff-403e-89c9-17e72ba1784a@f9941": {
    "url": "db://assets/Sprite/salsa huichol.png@f9941",
    "value": {
      "depends": [
        "43661180-a6ff-403e-89c9-17e72ba1784a@6c48a"
      ]
    },
    "versionCode": 1
  },
  "b7a13733-5f15-47ee-9f75-883ae2bf6c44": {
    "url": "db://assets/Sprite/03InstLMB.png",
    "value": {},
    "versionCode": 0
  },
  "b7a13733-5f15-47ee-9f75-883ae2bf6c44@6c48a": {
    "url": "db://assets/Sprite/03InstLMB.png@6c48a",
    "value": {
      "depends": [
        "b7a13733-5f15-47ee-9f75-883ae2bf6c44"
      ]
    },
    "versionCode": 0
  },
  "b7a13733-5f15-47ee-9f75-883ae2bf6c44@f9941": {
    "url": "db://assets/Sprite/03InstLMB.png@f9941",
    "value": {
      "depends": [
        "b7a13733-5f15-47ee-9f75-883ae2bf6c44@6c48a"
      ]
    },
    "versionCode": 0
  },
  "c43320f2-282a-46f0-8f60-7604fc69d225": {
    "url": "db://assets/Sprite/01InstLMB.png",
    "value": {},
    "versionCode": 0
  },
  "c43320f2-282a-46f0-8f60-7604fc69d225@6c48a": {
    "url": "db://assets/Sprite/01InstLMB.png@6c48a",
    "value": {
      "depends": [
        "c43320f2-282a-46f0-8f60-7604fc69d225"
      ]
    },
    "versionCode": 0
  },
  "c43320f2-282a-46f0-8f60-7604fc69d225@f9941": {
    "url": "db://assets/Sprite/01InstLMB.png@f9941",
    "value": {
      "depends": [
        "c43320f2-282a-46f0-8f60-7604fc69d225@6c48a"
      ]
    },
    "versionCode": 0
  },
  "9074118d-b08c-4f95-9261-87c1235c8b10": {
    "url": "db://assets/Sprite/02InstLMB.png",
    "value": {},
    "versionCode": 0
  },
  "9074118d-b08c-4f95-9261-87c1235c8b10@6c48a": {
    "url": "db://assets/Sprite/02InstLMB.png@6c48a",
    "value": {
      "depends": [
        "9074118d-b08c-4f95-9261-87c1235c8b10"
      ]
    },
    "versionCode": 0
  },
  "9074118d-b08c-4f95-9261-87c1235c8b10@f9941": {
    "url": "db://assets/Sprite/02InstLMB.png@f9941",
    "value": {
      "depends": [
        "9074118d-b08c-4f95-9261-87c1235c8b10@6c48a"
      ]
    },
    "versionCode": 0
  },
  "c50c4b64-2f36-4a60-8d94-c27dae1758a4": {
    "url": "db://assets/Sprite/Juego01.png",
    "value": {
      "depends": []
    },
    "versionCode": 1
  },
  "c50c4b64-2f36-4a60-8d94-c27dae1758a4@6c48a": {
    "url": "db://assets/Sprite/Juego01.png@6c48a",
    "value": {
      "depends": [
        "c50c4b64-2f36-4a60-8d94-c27dae1758a4"
      ]
    },
    "versionCode": 1
  },
  "c50c4b64-2f36-4a60-8d94-c27dae1758a4@f9941": {
    "url": "db://assets/Sprite/Juego01.png@f9941",
    "value": {
      "depends": [
        "c50c4b64-2f36-4a60-8d94-c27dae1758a4@6c48a"
      ]
    },
    "versionCode": 1
  },
  "ecabcb5b-a413-4aa2-902d-bfabb2196ff7": {
    "url": "db://assets/Script/Instrucciones.ts",
    "value": {},
    "versionCode": 1
  },
  "88311dbc-a228-4c91-a710-43e927169e84": {
    "url": "db://assets/Sprite/GameOver.png",
    "value": {
      "depends": []
    },
    "versionCode": 1
  },
  "88311dbc-a228-4c91-a710-43e927169e84@6c48a": {
    "url": "db://assets/Sprite/GameOver.png@6c48a",
    "value": {
      "depends": [
        "88311dbc-a228-4c91-a710-43e927169e84"
      ]
    },
    "versionCode": 1
  },
  "88311dbc-a228-4c91-a710-43e927169e84@f9941": {
    "url": "db://assets/Sprite/GameOver.png@f9941",
    "value": {
      "depends": [
        "88311dbc-a228-4c91-a710-43e927169e84@6c48a"
      ]
    },
    "versionCode": 1
  },
  "60d5d730-02ea-4a9d-917b-db1a5776ad80": {
    "url": "db://assets/Sprite/Jugar",
    "value": {},
    "versionCode": 1
  },
  "28196f05-e452-439d-8b98-63d2be1a6566": {
    "url": "db://assets/Sprite/Jugar/Hover.png",
    "value": {
      "depends": []
    },
    "versionCode": 1
  },
  "7eac972b-d148-473a-8f03-140081160520": {
    "url": "db://assets/Sprite/Jugar/Normal.png",
    "value": {
      "depends": []
    },
    "versionCode": 1
  },
  "199e701f-4f9d-460c-b0c6-1f13d6a22f14": {
    "url": "db://assets/Sprite/Jugar/Press.png",
    "value": {
      "depends": []
    },
    "versionCode": 1
  },
  "7eac972b-d148-473a-8f03-140081160520@6c48a": {
    "url": "db://assets/Sprite/Jugar/Normal.png@6c48a",
    "value": {
      "depends": [
        "7eac972b-d148-473a-8f03-140081160520"
      ]
    },
    "versionCode": 1
  },
  "199e701f-4f9d-460c-b0c6-1f13d6a22f14@6c48a": {
    "url": "db://assets/Sprite/Jugar/Press.png@6c48a",
    "value": {
      "depends": [
        "199e701f-4f9d-460c-b0c6-1f13d6a22f14"
      ]
    },
    "versionCode": 1
  },
  "28196f05-e452-439d-8b98-63d2be1a6566@6c48a": {
    "url": "db://assets/Sprite/Jugar/Hover.png@6c48a",
    "value": {
      "depends": [
        "28196f05-e452-439d-8b98-63d2be1a6566"
      ]
    },
    "versionCode": 1
  },
  "7eac972b-d148-473a-8f03-140081160520@f9941": {
    "url": "db://assets/Sprite/Jugar/Normal.png@f9941",
    "value": {
      "depends": [
        "7eac972b-d148-473a-8f03-140081160520@6c48a"
      ]
    },
    "versionCode": 1
  },
  "afe74683-5087-47ec-a61d-1734fbeeaea7": {
    "url": "db://assets/Sprite/Inicio",
    "value": {},
    "versionCode": 1
  },
  "199e701f-4f9d-460c-b0c6-1f13d6a22f14@f9941": {
    "url": "db://assets/Sprite/Jugar/Press.png@f9941",
    "value": {
      "depends": [
        "199e701f-4f9d-460c-b0c6-1f13d6a22f14@6c48a"
      ]
    },
    "versionCode": 1
  },
  "22a5e0bc-facd-4be8-b729-f3ef700e3622": {
    "url": "db://assets/Sprite/Inicio/Hover.png",
    "value": {
      "depends": []
    },
    "versionCode": 1
  },
  "77da5e5b-96f2-4237-b7b4-222dd2afe246": {
    "url": "db://assets/Sprite/Inicio/Normal.png",
    "value": {
      "depends": []
    },
    "versionCode": 1
  },
  "28196f05-e452-439d-8b98-63d2be1a6566@f9941": {
    "url": "db://assets/Sprite/Jugar/Hover.png@f9941",
    "value": {
      "depends": [
        "28196f05-e452-439d-8b98-63d2be1a6566@6c48a"
      ]
    },
    "versionCode": 1
  },
  "95225543-202c-411b-a468-299a88fe5553": {
    "url": "db://assets/Sprite/Inicio/Press.png",
    "value": {
      "depends": []
    },
    "versionCode": 1
  },
  "22a5e0bc-facd-4be8-b729-f3ef700e3622@6c48a": {
    "url": "db://assets/Sprite/Inicio/Hover.png@6c48a",
    "value": {
      "depends": [
        "22a5e0bc-facd-4be8-b729-f3ef700e3622"
      ]
    },
    "versionCode": 1
  },
  "77da5e5b-96f2-4237-b7b4-222dd2afe246@6c48a": {
    "url": "db://assets/Sprite/Inicio/Normal.png@6c48a",
    "value": {
      "depends": [
        "77da5e5b-96f2-4237-b7b4-222dd2afe246"
      ]
    },
    "versionCode": 1
  },
  "95225543-202c-411b-a468-299a88fe5553@6c48a": {
    "url": "db://assets/Sprite/Inicio/Press.png@6c48a",
    "value": {
      "depends": [
        "95225543-202c-411b-a468-299a88fe5553"
      ]
    },
    "versionCode": 1
  },
  "22a5e0bc-facd-4be8-b729-f3ef700e3622@f9941": {
    "url": "db://assets/Sprite/Inicio/Hover.png@f9941",
    "value": {
      "depends": [
        "22a5e0bc-facd-4be8-b729-f3ef700e3622@6c48a"
      ]
    },
    "versionCode": 1
  },
  "1f6b4aaa-7d7d-4888-a56b-7d0e99c96f36": {
    "url": "db://assets/Sprite/Salir",
    "value": {},
    "versionCode": 1
  },
  "a777528a-ec01-407e-a595-9b0dcfe4ab31": {
    "url": "db://assets/Sprite/Salir/Hover.png",
    "value": {
      "depends": []
    },
    "versionCode": 1
  },
  "77da5e5b-96f2-4237-b7b4-222dd2afe246@f9941": {
    "url": "db://assets/Sprite/Inicio/Normal.png@f9941",
    "value": {
      "depends": [
        "77da5e5b-96f2-4237-b7b4-222dd2afe246@6c48a"
      ]
    },
    "versionCode": 1
  },
  "6bff1878-25aa-4329-94d6-7c309ca47c7d": {
    "url": "db://assets/Sprite/Salir/Normal.png",
    "value": {
      "depends": []
    },
    "versionCode": 1
  },
  "95225543-202c-411b-a468-299a88fe5553@f9941": {
    "url": "db://assets/Sprite/Inicio/Press.png@f9941",
    "value": {
      "depends": [
        "95225543-202c-411b-a468-299a88fe5553@6c48a"
      ]
    },
    "versionCode": 1
  },
  "5a29798d-d153-48f3-9fd0-cd4675be2cd9": {
    "url": "db://assets/Sprite/Salir/Press.png",
    "value": {
      "depends": []
    },
    "versionCode": 1
  },
  "6bff1878-25aa-4329-94d6-7c309ca47c7d@6c48a": {
    "url": "db://assets/Sprite/Salir/Normal.png@6c48a",
    "value": {
      "depends": [
        "6bff1878-25aa-4329-94d6-7c309ca47c7d"
      ]
    },
    "versionCode": 1
  },
  "a777528a-ec01-407e-a595-9b0dcfe4ab31@6c48a": {
    "url": "db://assets/Sprite/Salir/Hover.png@6c48a",
    "value": {
      "depends": [
        "a777528a-ec01-407e-a595-9b0dcfe4ab31"
      ]
    },
    "versionCode": 1
  },
  "5a29798d-d153-48f3-9fd0-cd4675be2cd9@6c48a": {
    "url": "db://assets/Sprite/Salir/Press.png@6c48a",
    "value": {
      "depends": [
        "5a29798d-d153-48f3-9fd0-cd4675be2cd9"
      ]
    },
    "versionCode": 1
  },
  "6bff1878-25aa-4329-94d6-7c309ca47c7d@f9941": {
    "url": "db://assets/Sprite/Salir/Normal.png@f9941",
    "value": {
      "depends": [
        "6bff1878-25aa-4329-94d6-7c309ca47c7d@6c48a"
      ]
    },
    "versionCode": 1
  },
  "26058dab-fd61-43ed-a155-cfd8e5d0f230": {
    "url": "db://assets/Sprite/Siguiente",
    "value": {},
    "versionCode": 1
  },
  "848711e3-0478-4274-8d3e-6062fbeb1ea2": {
    "url": "db://assets/Sprite/Siguiente/Hover.png",
    "value": {
      "depends": []
    },
    "versionCode": 1
  },
  "5a29798d-d153-48f3-9fd0-cd4675be2cd9@f9941": {
    "url": "db://assets/Sprite/Salir/Press.png@f9941",
    "value": {
      "depends": [
        "5a29798d-d153-48f3-9fd0-cd4675be2cd9@6c48a"
      ]
    },
    "versionCode": 1
  },
  "a777528a-ec01-407e-a595-9b0dcfe4ab31@f9941": {
    "url": "db://assets/Sprite/Salir/Hover.png@f9941",
    "value": {
      "depends": [
        "a777528a-ec01-407e-a595-9b0dcfe4ab31@6c48a"
      ]
    },
    "versionCode": 1
  },
  "e5439241-2029-40c6-beaa-efbeae6b9558": {
    "url": "db://assets/Sprite/Siguiente/Normal.png",
    "value": {
      "depends": []
    },
    "versionCode": 1
  },
  "13ff5fd8-7b5a-4f35-858c-3f7e614fc1fc": {
    "url": "db://assets/Sprite/Siguiente/Press.png",
    "value": {
      "depends": []
    },
    "versionCode": 1
  },
  "848711e3-0478-4274-8d3e-6062fbeb1ea2@6c48a": {
    "url": "db://assets/Sprite/Siguiente/Hover.png@6c48a",
    "value": {
      "depends": [
        "848711e3-0478-4274-8d3e-6062fbeb1ea2"
      ]
    },
    "versionCode": 1
  },
  "e5439241-2029-40c6-beaa-efbeae6b9558@6c48a": {
    "url": "db://assets/Sprite/Siguiente/Normal.png@6c48a",
    "value": {
      "depends": [
        "e5439241-2029-40c6-beaa-efbeae6b9558"
      ]
    },
    "versionCode": 1
  },
  "13ff5fd8-7b5a-4f35-858c-3f7e614fc1fc@6c48a": {
    "url": "db://assets/Sprite/Siguiente/Press.png@6c48a",
    "value": {
      "depends": [
        "13ff5fd8-7b5a-4f35-858c-3f7e614fc1fc"
      ]
    },
    "versionCode": 1
  },
  "848711e3-0478-4274-8d3e-6062fbeb1ea2@f9941": {
    "url": "db://assets/Sprite/Siguiente/Hover.png@f9941",
    "value": {
      "depends": [
        "848711e3-0478-4274-8d3e-6062fbeb1ea2@6c48a"
      ]
    },
    "versionCode": 1
  },
  "7563ea5c-89cd-44c7-b68f-7c8fad1107e5": {
    "url": "db://assets/Sprite/Volver",
    "value": {},
    "versionCode": 1
  },
  "825f6a1d-5aee-4fbb-87b9-0a157c217e8b": {
    "url": "db://assets/Sprite/Volver/Hover.png",
    "value": {
      "depends": []
    },
    "versionCode": 1
  },
  "e5439241-2029-40c6-beaa-efbeae6b9558@f9941": {
    "url": "db://assets/Sprite/Siguiente/Normal.png@f9941",
    "value": {
      "depends": [
        "e5439241-2029-40c6-beaa-efbeae6b9558@6c48a"
      ]
    },
    "versionCode": 1
  },
  "13ff5fd8-7b5a-4f35-858c-3f7e614fc1fc@f9941": {
    "url": "db://assets/Sprite/Siguiente/Press.png@f9941",
    "value": {
      "depends": [
        "13ff5fd8-7b5a-4f35-858c-3f7e614fc1fc@6c48a"
      ]
    },
    "versionCode": 1
  },
  "52ca86e5-0111-4ae8-a68b-9c661c00d9ec": {
    "url": "db://assets/Sprite/Volver/Normal.png",
    "value": {
      "depends": []
    },
    "versionCode": 1
  },
  "a60269b7-c994-46e1-b03b-68ec9706a5ce": {
    "url": "db://assets/Sprite/Volver/Press.png",
    "value": {
      "depends": []
    },
    "versionCode": 1
  },
  "52ca86e5-0111-4ae8-a68b-9c661c00d9ec@6c48a": {
    "url": "db://assets/Sprite/Volver/Normal.png@6c48a",
    "value": {
      "depends": [
        "52ca86e5-0111-4ae8-a68b-9c661c00d9ec"
      ]
    },
    "versionCode": 1
  },
  "a60269b7-c994-46e1-b03b-68ec9706a5ce@6c48a": {
    "url": "db://assets/Sprite/Volver/Press.png@6c48a",
    "value": {
      "depends": [
        "a60269b7-c994-46e1-b03b-68ec9706a5ce"
      ]
    },
    "versionCode": 1
  },
  "825f6a1d-5aee-4fbb-87b9-0a157c217e8b@6c48a": {
    "url": "db://assets/Sprite/Volver/Hover.png@6c48a",
    "value": {
      "depends": [
        "825f6a1d-5aee-4fbb-87b9-0a157c217e8b"
      ]
    },
    "versionCode": 1
  },
  "52ca86e5-0111-4ae8-a68b-9c661c00d9ec@f9941": {
    "url": "db://assets/Sprite/Volver/Normal.png@f9941",
    "value": {
      "depends": [
        "52ca86e5-0111-4ae8-a68b-9c661c00d9ec@6c48a"
      ]
    },
    "versionCode": 1
  },
  "a60269b7-c994-46e1-b03b-68ec9706a5ce@f9941": {
    "url": "db://assets/Sprite/Volver/Press.png@f9941",
    "value": {
      "depends": [
        "a60269b7-c994-46e1-b03b-68ec9706a5ce@6c48a"
      ]
    },
    "versionCode": 1
  },
  "825f6a1d-5aee-4fbb-87b9-0a157c217e8b@f9941": {
    "url": "db://assets/Sprite/Volver/Hover.png@f9941",
    "value": {
      "depends": [
        "825f6a1d-5aee-4fbb-87b9-0a157c217e8b@6c48a"
      ]
    },
    "versionCode": 1
  },
  "4f459ccd-b469-4e66-81ba-711ccdd3404d": {
    "url": "db://assets/Script/ButtonMessage.ts",
    "value": {},
    "versionCode": 1
  },
  "21504e05-663e-468c-9961-f9f11cef6413": {
    "url": "db://assets/Sprite/FanVenados_Blanco.png",
    "value": {
      "depends": []
    },
    "versionCode": 1
  },
  "21504e05-663e-468c-9961-f9f11cef6413@6c48a": {
    "url": "db://assets/Sprite/FanVenados_Blanco.png@6c48a",
    "value": {
      "depends": [
        "21504e05-663e-468c-9961-f9f11cef6413"
      ]
    },
    "versionCode": 1
  },
  "21504e05-663e-468c-9961-f9f11cef6413@f9941": {
    "url": "db://assets/Sprite/FanVenados_Blanco.png@f9941",
    "value": {
      "depends": [
        "21504e05-663e-468c-9961-f9f11cef6413@6c48a"
      ]
    },
    "versionCode": 1
  },
  "3858a3c4-bd16-4b52-914b-dd196d59c086": {
    "url": "db://assets/Sprite/VenadosLoyalty.png",
    "value": {
      "depends": []
    },
    "versionCode": 1
  },
  "3858a3c4-bd16-4b52-914b-dd196d59c086@6c48a": {
    "url": "db://assets/Sprite/VenadosLoyalty.png@6c48a",
    "value": {
      "depends": [
        "3858a3c4-bd16-4b52-914b-dd196d59c086"
      ]
    },
    "versionCode": 1
  },
  "3858a3c4-bd16-4b52-914b-dd196d59c086@f9941": {
    "url": "db://assets/Sprite/VenadosLoyalty.png@f9941",
    "value": {
      "depends": [
        "3858a3c4-bd16-4b52-914b-dd196d59c086@6c48a"
      ]
    },
    "versionCode": 1
  },
  "d247eb86-7ac6-4bc5-b619-a5c12f39ce57": {
    "url": "db://assets/Sprite/VenadosLoyalty-bg.jpg",
    "value": {
      "depends": []
    },
    "versionCode": 1
  },
  "d247eb86-7ac6-4bc5-b619-a5c12f39ce57@6c48a": {
    "url": "db://assets/Sprite/VenadosLoyalty-bg.jpg@6c48a",
    "value": {
      "depends": [
        "d247eb86-7ac6-4bc5-b619-a5c12f39ce57"
      ]
    },
    "versionCode": 1
  },
  "d247eb86-7ac6-4bc5-b619-a5c12f39ce57@f9941": {
    "url": "db://assets/Sprite/VenadosLoyalty-bg.jpg@f9941",
    "value": {
      "depends": [
        "d247eb86-7ac6-4bc5-b619-a5c12f39ce57@6c48a"
      ]
    },
    "versionCode": 1
  }
}
