{
  "__type__": "cc.SpriteFrame",
  "content": {
    "name": "Dominadas Puntos Portada",
    "atlas": "",
    "rect": {
      "x": 0,
      "y": 0,
      "width": 640,
      "height": 960
    },
    "offset": {
      "x": 0,
      "y": 0
    },
    "originalSize": {
      "width": 640,
      "height": 960
    },
    "rotated": false,
    "capInsets": [
      0,
      0,
      0,
      0
    ],
    "vertices": {
      "rawPosition": [
        -320,
        -480,
        0,
        320,
        -480,
        0,
        -320,
        480,
        0,
        320,
        480,
        0
      ],
      "indexes": [
        0,
        1,
        2,
        2,
        1,
        3
      ],
      "uv": [
        0,
        960,
        640,
        960,
        0,
        0,
        640,
        0
      ],
      "nuv": [
        0,
        0,
        1,
        0,
        0,
        1,
        1,
        1
      ],
      "minPos": {
        "x": -320,
        "y": -480,
        "z": 0
      },
      "maxPos": {
        "x": 320,
        "y": 480,
        "z": 0
      }
    },
    "texture": "cf8cfeb7-775f-4677-b8fd-6e16ef92a6a3@6c48a",
    "packable": true,
    "pixelsToUnit": 100,
    "pivot": {
      "x": 0.5,
      "y": 0.5
    },
    "meshType": 0
  }
}