[1,["fe3jleyUxJK4GxSl6Rc6HH@99380","fe3jleyUxJK4GxSl6Rc6HH@0b568","f7+2mnN+ZMKaW0hq/PF/mJ@6c48a","f6SJZOjTJB/JrJeh5xTdF7"],["node","root","data","_mesh","mainTexture","_effectAsset"],[["cc.Node",["_name","_components","_prefab","_children","_parent","_lscale"],2,9,4,2,1,5],["cc.Prefab",["_name"],2],["78e3fRz6c1Ada7HNiLw+lnU",["speed","destroyZ","node","__prefab"],1,1,4],["cc.CompPrefabInfo",["fileId"],2],["cc.PrefabInfo",["fileId","instance","targetOverrides","nestedPrefabInstanceRoots","root","asset"],-1,1,1],["cc.MeshRenderer",["_shadowCastingMode","node","__prefab","_materials","bakeSettings","_mesh"],2,1,4,3,4,6],["cc.ModelBakeSettings",["_castShadow","_receiveShadow"],1],["cc.RigidBody",["_group","_type","node","__prefab"],1,1,4],["cc.BoxCollider",["_isTrigger","node","__prefab","_size"],2,1,4,5],["cc.Mesh",["_native","_hash","_struct"],1,11],["cc.Material",["_states","_defines","_props"],1,12]],[[3,0,2],[4,0,1,2,3,4,5,5],[1,0,2],[0,0,3,1,2,2],[0,0,4,1,2,5,2],[2,0,1,2,3,3],[5,0,1,2,3,4,5,2],[6,0,1,3],[7,0,1,2,3,3],[8,0,1,2,3,2],[9,0,1,2,3],[10,0,1,2,3]],[[[[2,"moneda"],[3,"moneda",[-3],[[5,15,-500,-2,[0,"fbJUq93LZNGK8v7FUtVl97"]]],[1,"62b8nQvxpXuLvSahza9IGc",null,null,null,-1,0]],[4,"Cylinder",1,[[6,1,-4,[0,"577M76JCtQqb6fWgx+JxnT"],[0],[7,true,true],1],[8,64,4,-5,[0,"7atpyGczBAh46lqkmoZbvo"]],[9,true,-6,[0,"36msvkJrZKkoAbvjgI4DUz"],[1,2,2,0.2]]],[1,"1a4/pWO81XjYIJnduGt88z",null,null,null,1,0],[1,0.8,0.8,0.8]]],0,[0,1,1,0,0,1,0,-1,2,0,0,2,0,0,2,0,0,2,0,2,1,6],[0,0],[-1,3],[0,1]],[[[10,".bin",2159808120,[{"primitives":[{"primitiveMode":7,"vertexBundelIndices":[0],"indexView":{"offset":18912,"length":2280,"count":1140,"stride":2}}],"vertexBundles":[{"view":{"offset":0,"length":18912,"count":394,"stride":48},"attributes":[{"name":"a_position","format":32,"isNormalized":false},{"name":"a_normal","format":32,"isNormalized":false},{"name":"a_texCoord","format":21,"isNormalized":false},{"name":"a_tangent","format":44,"isNormalized":false}]}]},"minPosition",8,[1,-1,-1,-0.08401259779930115],"maxPosition",8,[1,1,1,0.08401259779930115]]],-1],0,0,[],[],[]],[[[11,[{"rasterizerState":{},"depthStencilState":{},"blendState":{"targets":[{}]}},{"rasterizerState":{},"depthStencilState":{},"blendState":{"targets":[{}]}},{"rasterizerState":{},"depthStencilState":{},"blendState":{"targets":[{}]}},{"rasterizerState":{},"depthStencilState":{},"blendState":{"targets":[{}]}}],[{"DCC_APP_NAME":2,"USE_ALBEDO_MAP":true,"HAS_EXPORTED_METALLIC":true},{},{},{}],[[[{"emissiveScale":0,"shininessExponent":25,"specularFactor":0.25,"transparencyFactor":0},"mainColor",8,[4,4286394214],"emissive",8,[4,4294967295],"mainTexture",6,0],{},{},{}],11,0,0,0]]],0,0,[0,0],[4,5],[2,3]]]]
