{
  "__type__": "cc.SpriteFrame",
  "content": {
    "name": "Corea-Player",
    "atlas": "",
    "rect": {
      "x": 0,
      "y": 0,
      "width": 413,
      "height": 506
    },
    "offset": {
      "x": 0,
      "y": 0
    },
    "originalSize": {
      "width": 413,
      "height": 506
    },
    "rotated": false,
    "capInsets": [
      0,
      0,
      0,
      0
    ],
    "vertices": {
      "rawPosition": [
        -206.5,
        -253,
        0,
        206.5,
        -253,
        0,
        -206.5,
        253,
        0,
        206.5,
        253,
        0
      ],
      "indexes": [
        0,
        1,
        2,
        2,
        1,
        3
      ],
      "uv": [
        0,
        506,
        413,
        506,
        0,
        0,
        413,
        0
      ],
      "nuv": [
        0,
        0,
        1,
        0,
        0,
        1,
        1,
        1
      ],
      "minPos": {
        "x": -206.5,
        "y": -253,
        "z": 0
      },
      "maxPos": {
        "x": 206.5,
        "y": 253,
        "z": 0
      }
    },
    "texture": "281cdef0-4c79-40cf-a09f-7779efa075de@6c48a",
    "packable": true,
    "pixelsToUnit": 100,
    "pivot": {
      "x": 0.5,
      "y": 0.5
    },
    "meshType": 0
  }
}