{
  "__type__": "cc.SpriteFrame",
  "content": {
    "name": "Jersey",
    "atlas": "",
    "rect": {
      "x": 0,
      "y": 0,
      "width": 100,
      "height": 92
    },
    "offset": {
      "x": 0,
      "y": 0
    },
    "originalSize": {
      "width": 100,
      "height": 92
    },
    "rotated": false,
    "capInsets": [
      0,
      0,
      0,
      0
    ],
    "vertices": {
      "rawPosition": [
        -50,
        -46,
        0,
        50,
        -46,
        0,
        -50,
        46,
        0,
        50,
        46,
        0
      ],
      "indexes": [
        0,
        1,
        2,
        2,
        1,
        3
      ],
      "uv": [
        0,
        92,
        100,
        92,
        0,
        0,
        100,
        0
      ],
      "nuv": [
        0,
        0,
        1,
        0,
        0,
        1,
        1,
        1
      ],
      "minPos": {
        "x": -50,
        "y": -46,
        "z": 0
      },
      "maxPos": {
        "x": 50,
        "y": 46,
        "z": 0
      }
    },
    "texture": "b0871ed3-c15f-443e-b9d1-0f61eedc6ef5@6c48a",
    "packable": true,
    "pixelsToUnit": 100,
    "pivot": {
      "x": 0.5,
      "y": 0.5
    },
    "meshType": 0
  }
}