{
  "__type__": "cc.SpriteFrame",
  "content": {
    "name": "frente",
    "atlas": "",
    "rect": {
      "x": 0,
      "y": 0,
      "width": 3000,
      "height": 260
    },
    "offset": {
      "x": 0,
      "y": 0
    },
    "originalSize": {
      "width": 3000,
      "height": 260
    },
    "rotated": false,
    "capInsets": [
      0,
      0,
      0,
      0
    ],
    "vertices": {
      "rawPosition": [
        -1500,
        -130,
        0,
        1500,
        -130,
        0,
        -1500,
        130,
        0,
        1500,
        130,
        0
      ],
      "indexes": [
        0,
        1,
        2,
        2,
        1,
        3
      ],
      "uv": [
        0,
        260,
        3000,
        260,
        0,
        0,
        3000,
        0
      ],
      "nuv": [
        0,
        0,
        1,
        0,
        0,
        1,
        1,
        1
      ],
      "minPos": {
        "x": -1500,
        "y": -130,
        "z": 0
      },
      "maxPos": {
        "x": 1500,
        "y": 130,
        "z": 0
      }
    },
    "texture": "20ccfef5-62ee-4143-81bb-bdf580daf77b@6c48a",
    "packable": true,
    "pixelsToUnit": 100,
    "pivot": {
      "x": 0.5,
      "y": 0.5
    },
    "meshType": 0
  }
}