{
  "__type__": "cc.SpriteFrame",
  "content": {
    "name": "fan-canoneros-normal",
    "atlas": "",
    "rect": {
      "x": 8,
      "y": 11,
      "width": 277,
      "height": 188
    },
    "offset": {
      "x": 1.5,
      "y": 0
    },
    "originalSize": {
      "width": 290,
      "height": 210
    },
    "rotated": false,
    "capInsets": [
      0,
      0,
      0,
      0
    ],
    "vertices": {
      "rawPosition": [
        -138.5,
        -94,
        0,
        138.5,
        -94,
        0,
        -138.5,
        94,
        0,
        138.5,
        94,
        0
      ],
      "indexes": [
        0,
        1,
        2,
        2,
        1,
        3
      ],
      "uv": [
        8,
        199,
        285,
        199,
        8,
        11,
        285,
        11
      ],
      "nuv": [
        0.027586206896551724,
        0.05238095238095238,
        0.9827586206896551,
        0.05238095238095238,
        0.027586206896551724,
        0.9476190476190476,
        0.9827586206896551,
        0.9476190476190476
      ],
      "minPos": {
        "x": -138.5,
        "y": -94,
        "z": 0
      },
      "maxPos": {
        "x": 138.5,
        "y": 94,
        "z": 0
      }
    },
    "texture": "c0c18801-f7b0-40bd-a2d8-2e7bce3bd3a9@6c48a",
    "packable": true,
    "pixelsToUnit": 100,
    "pivot": {
      "x": 0.5,
      "y": 0.5
    },
    "meshType": 0
  }
}