{
  "__type__": "cc.SpriteFrame",
  "content": {
    "name": "estrella",
    "atlas": "",
    "rect": {
      "x": 0,
      "y": 0,
      "width": 138,
      "height": 134
    },
    "offset": {
      "x": 0,
      "y": 0
    },
    "originalSize": {
      "width": 138,
      "height": 134
    },
    "rotated": false,
    "capInsets": [
      0,
      0,
      0,
      0
    ],
    "vertices": {
      "rawPosition": [
        -69,
        -67,
        0,
        69,
        -67,
        0,
        -69,
        67,
        0,
        69,
        67,
        0
      ],
      "indexes": [
        0,
        1,
        2,
        2,
        1,
        3
      ],
      "uv": [
        0,
        134,
        138,
        134,
        0,
        0,
        138,
        0
      ],
      "nuv": [
        0,
        0,
        1,
        0,
        0,
        1,
        1,
        1
      ],
      "minPos": {
        "x": -69,
        "y": -67,
        "z": 0
      },
      "maxPos": {
        "x": 69,
        "y": 67,
        "z": 0
      }
    },
    "texture": "cd93ab51-691a-400c-8b95-fe4bb3951624@6c48a",
    "packable": true,
    "pixelsToUnit": 100,
    "pivot": {
      "x": 0.5,
      "y": 0.5
    },
    "meshType": 0
  }
}