[1,["09hpF2jrpAKZLTZooKN+QA@f9941","8dyaq+dwRJfry6ZHwRecfb@f9941","d7LpCM0vpKjpJ9YiY7xO5t@f9941","7e0VSrtppBp7GhwV0gXgnw@f9941","d0MqyYBeFAkIi762QNy1/B@b47c0","6fAc9/gb9Kfr1dCvwZaWSA@b47c0","09hpF2jrpAKZLTZooKN+QA@6c48a","7e0VSrtppBp7GhwV0gXgnw@6c48a","8dyaq+dwRJfry6ZHwRecfb@6c48a","d7LpCM0vpKjpJ9YiY7xO5t@6c48a"],["node","_spriteFrame","_textureSource","_cameraComponent","scene","_parent","_envmapHDR","_envmapLDR"],["cc.ImageAsset",["cc.Node",["_name","_layer","_id","_components","_parent","_lpos","_lrot","_euler","_children"],0,9,1,5,5,5,2],"cc.SpriteFrame",["cc.Sprite",["_sizeMode","node","_spriteFrame","_color"],2,1,6,5],"cc.TextureCube",["cc.UITransform",["node","_contentSize"],3,1,5],["cc.Camera",["_clearFlags","_visibility","_depth","_projection","_priority","_orthoHeight","_far","node","_color"],-4,1,5],["cc.SceneAsset",["_name"],2],["cc.Node",["_name","_id","_parent","_components","_lpos"],1,1,12,5],["cc.Node",["_name","_parent","_components","_lpos"],2,1,2,5],["cc.Canvas",["node","_cameraComponent"],3,1,1],["cc.Widget",["_alignFlags","node"],2,1],["cc.Scene",["_name","_children","_globals"],2,2,4],["cc.SceneGlobals",["ambient","shadows","_skybox","fog","octree","skin","lightProbeInfo","postSettings"],3,4,4,4,4,4,4,4,4],["cc.AmbientInfo",["_skyIllumLDR","_skyColorHDR","_skyColorLDR","_groundAlbedoLDR"],2,5,5,5],["cc.ShadowsInfo",["_shadowColor"],3,5],["cc.SkyboxInfo",["_enabled","_envmapHDR","_envmapLDR"],2,6,6],["cc.FogInfo",[],3],["cc.OctreeInfo",[],3],["cc.SkinInfo",[],3],["cc.LightProbeInfo",[],3],["cc.PostSettingsInfo",[],3],["cc.UIOpacity",["_opacity","node"],2,1],["cc.DirectionalLight",["node","_color","_staticSettings"],3,1,5,4],["cc.StaticLightSettings",[],3],["cce314MRhBCTJ4fD6Ei8Pv1",["node","fader"],3,1,1],["4f3f8ikGYhFvLukkdXyt5Xz",["node","router","btnInicio","btnSalir"],3,1,1,1,1]],[[5,0,1,1],[3,1,2,1],[1,0,1,4,3,3],[1,0,1,4,3,5,3],[7,0,2],[1,0,1,2,8,3,5,4],[1,0,2,4,3,6,7,3],[1,0,2,4,3,5,6,7,3],[1,0,1,2,4,3,5,4],[8,0,1,2,3,4,3],[9,0,1,2,3,2],[5,0,1],[10,0,1,1],[11,0,1,2],[12,0,1,2,2],[13,0,1,2,3,4,5,6,7,1],[14,0,1,2,3,2],[15,0,1],[16,0,1,2,2],[17,1],[18,1],[19,1],[20,1],[21,1],[3,0,1,3,2,2],[3,1,1],[22,0,1,2],[23,0,1,2,1],[24,1],[6,2,0,1,7,8,4],[6,3,4,5,6,0,1,7,8,7],[25,0,1,1],[26,0,1,2,3,1]],[[[[4,"0-splash"],[5,"Canvas",33554432,"5acoQlItBLd4NOULJPWj9g",[-5,-6,-7,-8,-9],[[0,-1,[5,640,960.0000000000001]],[12,-3,-2],[13,45,-4]],[1,320,480.00000000000006,0]],[14,"0-splash",[-10,-11,-12,-13,1],[15,[16,0.8,[2,0.2,0.5,0.8,0.520833125],[2,0.452588,0.607642,0.755699,0],[2,0.618555,0.577848,0.544564,0]],[17,[4,4283190348]],[18,true,4,5],[19],[20],[21],[22],[23]]],[2,"opacity",33554432,1,[[0,-14,[5,640,960]],[24,0,-15,[4,4278190218],3],[26,0,-16]]],[9,"SceneRouter","33WpEAX7RGiJtl67rpvpbB",2,[[-17,[11,-18],[25,-19]],1,4,4],[1,-320,-480,0]],[3,"splash-salir",33554432,1,[[0,-20,[5,329,121]],[1,-21,1]],[1,0,-319.293,0]],[3,"splash-inicio",33554432,1,[[0,-22,[5,329,121]],[1,-23,2]],[1,0,-180.354,0]],[2,"splash01",33554432,1,[[0,-24,[5,640,960]],[1,-25,0]]],[6,"Main Light","c0y6F5f+pAvI805TdmxIjx",2,[[27,-26,[4,4293982975],[28]]],[3,-0.06397656665577071,-0.44608233363525845,-0.8239028751062036,-0.3436591377065261],[1,-117.894,-194.909,38.562]],[7,"Main Camera","c9DMICJLFO5IeO07EPon7U",2,[[29,0,14,1822425087,-27,[4,4284030492]]],[1,-10,10,10],[3,-0.27781593346944056,-0.36497167621709875,-0.11507512748638377,0.8811195706053617],[1,-35,-45,0]],[31,4,3],[10,"Camera",1,[-28],[1,0,0,1000]],[30,0,1073741824,480.00000000000006,2000,6,41943040,11,[4,4278190080]],[8,"SplashCtrl",33554432,"3ccAyfqclBvLfS3kxEMuKI",2,[[32,-29,10,6,5]],[1,320,299.64599999999996,0]]],0,[0,0,1,0,3,12,0,0,1,0,0,1,0,-1,11,0,-2,7,0,-3,5,0,-4,6,0,-5,3,0,-1,8,0,-2,9,0,-3,4,0,-4,13,0,0,3,0,0,3,0,0,3,0,-1,10,0,0,4,0,0,4,0,0,5,0,0,5,0,0,6,0,0,6,0,0,7,0,0,7,0,0,8,0,0,9,0,-1,12,0,0,13,0,4,2,1,5,2,29],[0,0,0,0,0,0],[1,1,1,1,6,7],[0,1,2,3,4,5]],[[{"name":"splash01","rect":{"x":0,"y":0,"width":640,"height":960},"offset":{"x":0,"y":0},"originalSize":{"width":640,"height":960},"rotated":false,"capInsets":[0,0,0,0],"vertices":{"rawPosition":[-320,-480,0,320,-480,0,-320,480,0,320,480,0],"indexes":[0,1,2,2,1,3],"uv":[0,960,640,960,0,0,640,0],"nuv":[0,0,1,0,0,1,1,1],"minPos":{"x":-320,"y":-480,"z":0},"maxPos":{"x":320,"y":480,"z":0}},"packable":true,"pixelsToUnit":100,"pivot":{"x":0.5,"y":0.5},"meshType":0}],[2],0,[0],[2],[6]],[[{"base":"2,2,0,0,2,0","rgbe":false,"mipmaps":[{"front":"6fAc9/gb9Kfr1dCvwZaWSA@b47c0@e9a6d","back":"6fAc9/gb9Kfr1dCvwZaWSA@b47c0@40c10","left":"6fAc9/gb9Kfr1dCvwZaWSA@b47c0@8fd34","right":"6fAc9/gb9Kfr1dCvwZaWSA@b47c0@74afd","top":"6fAc9/gb9Kfr1dCvwZaWSA@b47c0@bb97f","bottom":"6fAc9/gb9Kfr1dCvwZaWSA@b47c0@7d38f"}]}],[4],0,[],[],[]],[[{"fmt":"0","w":0,"h":0},-1],[0],0,[],[],[]],[[{"fmt":"0","w":0,"h":0},-1],[0],0,[],[],[]],[[{"fmt":"0","w":0,"h":0},-1],[0],0,[],[],[]],[[{"fmt":"0","w":0,"h":0},-1],[0],0,[],[],[]],[[{"fmt":"0","w":0,"h":0},-1],[0],0,[],[],[]],[[{"fmt":"0","w":0,"h":0},-1],[0],0,[],[],[]],[[{"name":"red","rect":{"x":0,"y":0,"width":66,"height":66},"offset":{"x":0,"y":0},"originalSize":{"width":66,"height":66},"rotated":false,"capInsets":[0,0,0,0],"vertices":{"rawPosition":[-33,-33,0,33,-33,0,-33,33,0,33,33,0],"indexes":[0,1,2,2,1,3],"uv":[0,66,66,66,0,0,66,0],"nuv":[0,0,1,0,0,1,1,1],"minPos":{"x":-33,"y":-33,"z":0},"maxPos":{"x":33,"y":33,"z":0}},"packable":true,"pixelsToUnit":100,"pivot":{"x":0.5,"y":0.5},"meshType":0}],[2],0,[0],[2],[7]],[[{"name":"splash-salir","rect":{"x":0,"y":0,"width":329,"height":121},"offset":{"x":0,"y":5},"originalSize":{"width":329,"height":131},"rotated":false,"capInsets":[0,0,0,0],"vertices":{"rawPosition":[-164.5,-60.5,0,164.5,-60.5,0,-164.5,60.5,0,164.5,60.5,0],"indexes":[0,1,2,2,1,3],"uv":[0,131,329,131,0,10,329,10],"nuv":[0,0.07633587786259542,1,0.07633587786259542,0,1,1,1],"minPos":{"x":-164.5,"y":-60.5,"z":0},"maxPos":{"x":164.5,"y":60.5,"z":0}},"packable":true,"pixelsToUnit":100,"pivot":{"x":0.5,"y":0.5},"meshType":0}],[2],0,[0],[2],[8]],[[{"base":"2,2,0,0,2,0","rgbe":true,"mipmaps":[{"front":"d0MqyYBeFAkIi762QNy1/B@b47c0@e9a6d","back":"d0MqyYBeFAkIi762QNy1/B@b47c0@40c10","left":"d0MqyYBeFAkIi762QNy1/B@b47c0@8fd34","right":"d0MqyYBeFAkIi762QNy1/B@b47c0@74afd","top":"d0MqyYBeFAkIi762QNy1/B@b47c0@bb97f","bottom":"d0MqyYBeFAkIi762QNy1/B@b47c0@7d38f"}]}],[4],0,[],[],[]],[[{"fmt":"0","w":0,"h":0},-1],[0],0,[],[],[]],[[{"fmt":"0","w":0,"h":0},-1],[0],0,[],[],[]],[[{"fmt":"0","w":0,"h":0},-1],[0],0,[],[],[]],[[{"fmt":"0","w":0,"h":0},-1],[0],0,[],[],[]],[[{"fmt":"0","w":0,"h":0},-1],[0],0,[],[],[]],[[{"fmt":"0","w":0,"h":0},-1],[0],0,[],[],[]],[[{"name":"splash-inicio","rect":{"x":0,"y":0,"width":329,"height":121},"offset":{"x":0,"y":5},"originalSize":{"width":329,"height":131},"rotated":false,"capInsets":[0,0,0,0],"vertices":{"rawPosition":[-164.5,-60.5,0,164.5,-60.5,0,-164.5,60.5,0,164.5,60.5,0],"indexes":[0,1,2,2,1,3],"uv":[0,131,329,131,0,10,329,10],"nuv":[0,0.07633587786259542,1,0.07633587786259542,0,1,1,1],"minPos":{"x":-164.5,"y":-60.5,"z":0},"maxPos":{"x":164.5,"y":60.5,"z":0}},"packable":true,"pixelsToUnit":100,"pivot":{"x":0.5,"y":0.5},"meshType":0}],[2],0,[0],[2],[9]]]]
