{
  "__type__": "cc.SpriteFrame",
  "content": {
    "name": "fondo",
    "atlas": "",
    "rect": {
      "x": 0,
      "y": 0,
      "width": 504,
      "height": 814
    },
    "offset": {
      "x": 0,
      "y": 0
    },
    "originalSize": {
      "width": 504,
      "height": 814
    },
    "rotated": false,
    "capInsets": [
      0,
      0,
      0,
      0
    ],
    "vertices": {
      "rawPosition": [
        -252,
        -407,
        0,
        252,
        -407,
        0,
        -252,
        407,
        0,
        252,
        407,
        0
      ],
      "indexes": [
        0,
        1,
        2,
        2,
        1,
        3
      ],
      "uv": [
        0,
        814,
        504,
        814,
        0,
        0,
        504,
        0
      ],
      "nuv": [
        0,
        0,
        1,
        0,
        0,
        1,
        1,
        1
      ],
      "minPos": {
        "x": -252,
        "y": -407,
        "z": 0
      },
      "maxPos": {
        "x": 252,
        "y": 407,
        "z": 0
      }
    },
    "texture": "58015a8c-f62f-4f58-868c-6d90f8c4cdfc@6c48a",
    "packable": true,
    "pixelsToUnit": 100,
    "pivot": {
      "x": 0.5,
      "y": 0.5
    },
    "meshType": 0
  }
}