{
  "__type__": "cc.SpriteFrame",
  "content": {
    "name": "cursorgolpe",
    "atlas": "",
    "rect": {
      "x": 0,
      "y": 0,
      "width": 72,
      "height": 68
    },
    "offset": {
      "x": 0,
      "y": 0
    },
    "originalSize": {
      "width": 72,
      "height": 68
    },
    "rotated": false,
    "capInsets": [
      0,
      0,
      0,
      0
    ],
    "vertices": {
      "rawPosition": [
        -36,
        -34,
        0,
        36,
        -34,
        0,
        -36,
        34,
        0,
        36,
        34,
        0
      ],
      "indexes": [
        0,
        1,
        2,
        2,
        1,
        3
      ],
      "uv": [
        0,
        68,
        72,
        68,
        0,
        0,
        72,
        0
      ],
      "nuv": [
        0,
        0,
        1,
        0,
        0,
        1,
        1,
        1
      ],
      "minPos": {
        "x": -36,
        "y": -34,
        "z": 0
      },
      "maxPos": {
        "x": 36,
        "y": 34,
        "z": 0
      }
    },
    "texture": "71274405-65ab-4cc3-beae-cc4c81b3d21c@6c48a",
    "packable": true,
    "pixelsToUnit": 100,
    "pivot": {
      "x": 0.5,
      "y": 0.5
    },
    "meshType": 0
  }
}