{"__type__":"cc.Material","_name":"","_objFlags":0,"__editorExtras__":{},"_native":"","_effectAsset":{"__uuid__":"9b20a514-6cc3-49de-b216-b6b863046249","__expectedType__":"cc.EffectAsset"},"_techIdx":0,"_defines":[{"USE_OUTLINE_PASS":true},{},{},{},{},{},{}],"_states":[{"rasterizerState":{},"depthStencilState":{},"blendState":{"targets":[{}]}},{"rasterizerState":{},"depthStencilState":{},"blendState":{"targets":[{}]}},{"rasterizerState":{},"depthStencilState":{},"blendState":{"targets":[{}]}},{"rasterizerState":{},"depthStencilState":{},"blendState":{"targets":[{}]}},{"rasterizerState":{},"depthStencilState":{},"blendState":{"targets":[{}]}},{"rasterizerState":{},"depthStencilState":{},"blendState":{"targets":[{}]}},{"rasterizerState":{},"depthStencilState":{},"blendState":{"targets":[{}]}}],"_props":[{"lineWidth":0.2},{"mainColor":{"__type__":"cc.Color","r":34,"g":102,"b":53,"a":255},"shadeColor1":{"__type__":"cc.Color","r":32,"g":94,"b":54,"a":255},"shadeColor2":{"__type__":"cc.Color","r":16,"g":61,"b":41,"a":255}},{},{},{},{},{}]}