{
  "0d4640c2-5f51-4bb9-bcd5-466c6f8b8073": {
    "url": "db://assets/Sprite",
    "value": {},
    "versionCode": 0
  },
  "c95de23b-1608-4a4d-b8d0-6c697654bc47": {
    "url": "db://assets/Scene",
    "value": {},
    "versionCode": 0
  },
  "07efbe13-6120-4f13-a1db-2a26dff37f96": {
    "url": "db://assets/Script",
    "value": {},
    "versionCode": 0
  },
  "63b76f74-50df-4804-8cde-038b481ca2c2": {
    "url": "db://assets/Prefab",
    "value": {},
    "versionCode": 0
  },
  "2e1b7c0f-ac81-47bb-a713-337ac4d38f9f": {
    "url": "db://assets/Animation",
    "value": {},
    "versionCode": 0
  },
  "90ad3b98-9738-494e-a4a7-35fdeb545c4f": {
    "url": "db://assets/Script/Player.ts",
    "value": {},
    "versionCode": 0
  },
  "3cdc55a9-859d-4b4d-846c-ffb6b08bfe10": {
    "url": "db://assets/Script/Spawn-Players.ts",
    "value": {},
    "versionCode": 0
  },
  "8232e317-8752-4da1-9a27-b1354ad7d63c": {
    "url": "db://assets/Script/Balon.ts",
    "value": {},
    "versionCode": 0
  },
  "1709f00f-c497-409f-843d-05eaeca5d9fb": {
    "url": "db://assets/Sprite/Jugador-Chile.png",
    "value": {
      "depends": []
    },
    "versionCode": 0
  },
  "1709f00f-c497-409f-843d-05eaeca5d9fb@6c48a": {
    "url": "db://assets/Sprite/Jugador-Chile.png@6c48a",
    "value": {
      "depends": [
        "1709f00f-c497-409f-843d-05eaeca5d9fb"
      ]
    },
    "versionCode": 0
  },
  "1709f00f-c497-409f-843d-05eaeca5d9fb@f9941": {
    "url": "db://assets/Sprite/Jugador-Chile.png@f9941",
    "value": {
      "depends": [
        "1709f00f-c497-409f-843d-05eaeca5d9fb@6c48a"
      ]
    },
    "versionCode": 0
  },
  "3fbc8240-42af-460e-b85a-f7529d19b6a6": {
    "url": "db://assets/Sprite/Player-Brasil.png",
    "value": {
      "depends": []
    },
    "versionCode": 0
  },
  "3fbc8240-42af-460e-b85a-f7529d19b6a6@6c48a": {
    "url": "db://assets/Sprite/Player-Brasil.png@6c48a",
    "value": {
      "depends": [
        "3fbc8240-42af-460e-b85a-f7529d19b6a6"
      ]
    },
    "versionCode": 0
  },
  "3fbc8240-42af-460e-b85a-f7529d19b6a6@f9941": {
    "url": "db://assets/Sprite/Player-Brasil.png@f9941",
    "value": {
      "depends": [
        "3fbc8240-42af-460e-b85a-f7529d19b6a6@6c48a"
      ]
    },
    "versionCode": 0
  },
  "b2a4a1a4-d4f0-4c10-86da-fb9c79667c08": {
    "url": "db://assets/Sprite/RunnerFutbol_inst.png",
    "value": {
      "depends": []
    },
    "versionCode": 0
  },
  "b2a4a1a4-d4f0-4c10-86da-fb9c79667c08@6c48a": {
    "url": "db://assets/Sprite/RunnerFutbol_inst.png@6c48a",
    "value": {
      "depends": [
        "b2a4a1a4-d4f0-4c10-86da-fb9c79667c08"
      ]
    },
    "versionCode": 0
  },
  "b2a4a1a4-d4f0-4c10-86da-fb9c79667c08@f9941": {
    "url": "db://assets/Sprite/RunnerFutbol_inst.png@f9941",
    "value": {
      "depends": [
        "b2a4a1a4-d4f0-4c10-86da-fb9c79667c08@6c48a"
      ]
    },
    "versionCode": 0
  },
  "a121c4f8-f81e-4de8-95f6-91d97e86e682": {
    "url": "db://assets/Scene/folder",
    "value": {},
    "versionCode": 0
  },
  "2fd82335-50e6-4195-8a29-fa61cdb308a5": {
    "url": "db://assets/Scene/Instrucciones.scene",
    "value": {
      "depends": [
        "2fd82335-50e6-4195-8a29-fa61cdb308a5",
        "ae19dce8-3815-4cd5-8cbe-ad127ce5f6a4@f9941",
        "376ff476-9fb1-4394-b604-a37a6c109a32@f9941",
        "aa211667-3369-429c-bdab-4fb58442fe0c@f9941",
        "951249e0-9f16-456d-8b85-a6ca954da16b@f9941",
        "b2a4a1a4-d4f0-4c10-86da-fb9c79667c08@f9941"
      ],
      "dependScripts": [
        "a48ba88b-3c96-47d1-9b93-39739e84b177"
      ]
    },
    "versionCode": 0
  },
  "ecc3471e-0d73-4395-a60f-789d68b1dc22": {
    "url": "db://assets/Scene/Juego.scene",
    "value": {
      "depends": [
        "ecc3471e-0d73-4395-a60f-789d68b1dc22",
        "16b99d75-b136-445f-995b-bce6efa35f58@f9941",
        "73284348-f809-40e4-8df7-c8ed0b70e9b0",
        "43f27991-d321-4153-9204-462769e6f1cb",
        "ef875380-07ce-4c61-a12f-91d6ddfad5f7@f9941",
        "3ec6cf81-9893-4848-a201-4069eb2ad390@f9941",
        "9beab47d-548e-4b05-89fa-799d436984d3@f9941",
        "1d1a2ab1-a91e-45ca-8e8c-3119549ced94@f9941",
        "52ca9f57-1304-4a02-bc8e-02936bf993c2@f9941",
        "23ac17a6-bf45-47e8-95e5-898b111e9a77@f9941",
        "e365dca2-437a-46a4-a26a-71e9361649a6@f9941",
        "7b0c26ee-e33f-40db-81fd-ef9e262f21e2@f9941",
        "ee1d0940-d146-4390-b330-826f6fe756c7@f9941",
        "4daf8189-9c86-4e11-ad73-71b573f979cf@f9941",
        "edb82797-7891-4e07-b146-4e3c1821a31d@f9941",
        "c392c096-5587-478e-961f-b6735a9cc0b5@f9941",
        "3fbc8240-42af-460e-b85a-f7529d19b6a6@f9941",
        "deedd826-e359-42d6-9734-99f37c2678d3@f9941",
        "88abe3a7-1b10-42f7-978e-da3168189285@f9941",
        "d2c0dee6-39c9-4a98-b37d-d6fecfe1851e@f9941",
        "c9e222c7-73b7-42e0-84db-d7ccbeed651c@f9941",
        "74d4eaf6-aadb-4f66-b69d-91f7e55f5573@f9941",
        "0ef55c13-44fa-4d1e-b9dc-eac80356ba84@f9941",
        "869d6ce3-36ca-43bf-8ad6-a3991a045962@f9941",
        "8210deda-58f7-4a17-a022-d1e2d5ddb560@f9941",
        "0e01608f-fa44-4f32-bad8-c1a64f957be4@f9941",
        "3b130f0e-d385-4a2e-b383-5c174121694c@f9941",
        "2ebd5b39-f587-4618-a905-772485508cd0@f9941",
        "5f7da1af-c6d5-4b8a-9fd7-ab597c0cc96f@f9941",
        "cfdda88b-1ee3-460f-a0cc-c3f47dc8e765@f9941",
        "03b858f2-7698-4ce4-8183-f3a2ef7de703@f9941",
        "0da89bf3-3524-4c64-a581-3df80083c594",
        "8f34cdde-8e21-473b-8491-0d4d6f5cbbc5",
        "2b635d46-194f-44f8-b338-5e72fa0ddaee@f9941",
        "3b9d02c3-1a1b-49cd-a57b-c87f548bf848@f9941",
        "6689d8b0-9170-4c7f-8c25-16ffd76fab59@f9941",
        "3a30d5bc-e67a-457c-a839-a9554c9f558f@f9941",
        "5392801a-c60e-4f49-a7a5-ba1c0ba80c09@f9941",
        "951249e0-9f16-456d-8b85-a6ca954da16b@f9941",
        "b987a266-b90f-4de9-b80e-f3fad75ecc37@f9941",
        "c9c9b676-20af-4627-9167-a125c2d77938@f9941",
        "0405ca0f-3afe-4fbd-964f-fdf136f5daec@f9941",
        "7ecdec30-6b94-423d-9766-7d5d451a9612@f9941",
        "90279927-0d60-4fb4-8352-4e26f25d81ab@f9941",
        "1bc6c050-290d-400f-bcf6-a8bc2791df62@f9941"
      ],
      "dependScripts": [
        "3cdc55a9-859d-4b4d-846c-ffb6b08bfe10",
        "90ad3b98-9738-494e-a4a7-35fdeb545c4f",
        "2d3414b1-4f8c-4c97-9dd5-f90a2582b4a7",
        "CC3eba29-7abb-723a-f7ab-ae275e2277e8",
        "ccd5ae4b-0baa-481a-92e9-352431d2ef6e",
        "0d79cfbd-4759-4d3d-a5c2-98e844a86770",
        "c9cbd010-e3ca-4e58-8d55-0ac416ecb4c2",
        "4040ac00-113f-4c70-b702-dabd16e934ba",
        "a48ba88b-3c96-47d1-9b93-39739e84b177"
      ]
    },
    "versionCode": 0
  },
  "a585033c-2fc9-4525-a876-fc69f325e55c": {
    "url": "db://assets/Scene/Seleccion-Equipo.scene",
    "value": {
      "depends": [
        "a585033c-2fc9-4525-a876-fc69f325e55c",
        "4aef43a6-bf11-4af3-9ce0-0d29af2a896d@f9941",
        "25dae62d-370f-4f37-bd65-5b719a11b636@f9941",
        "19d3f327-ab6d-4138-b169-ceb57f8a872c@f9941",
        "3dde8754-2e1f-4e80-b5e4-369a33d2217f@f9941",
        "a219ceb7-3b7f-43a9-934e-710cef764ec7@f9941",
        "b927e5bc-4a53-4fe4-8a2b-b3ee0782c372@f9941",
        "05d3c3f5-bc73-4f00-a2bb-e2171c90267e@f9941",
        "23e0ad0e-9113-46b1-8010-a97bc9e24ae2@f9941",
        "74f318bb-d74e-463b-be12-fb058889d3ef@f9941",
        "b6dccf29-e54d-4b0c-b02b-65a8a66a3e5d@f9941",
        "10717e69-17ee-401a-b80b-c57ef960255b@f9941",
        "fa0e5a9d-2a97-4d19-886e-21a85ed5328b@f9941",
        "c23e0f2c-4008-4810-8697-12e7ea1616f0@f9941",
        "34759796-d931-4649-89b9-bca0428969d7@f9941",
        "3268aca1-add1-4684-93e8-794129179cd8@f9941",
        "d7bcc432-7c26-4f65-a72b-b7f58e08cddc@f9941",
        "9d5f3741-235d-4ed1-a74f-f704c72de433@f9941",
        "6f572983-e6e6-4e29-ac8d-c251d22a9e49@f9941",
        "6eb6d1be-7da3-45d8-85e6-325d16019e03@f9941",
        "065d3373-983e-4b8f-976f-a4816946197a@f9941",
        "56188023-9368-4907-b44e-056e61a2d551@f9941",
        "f406fa5b-cd4a-4164-973c-6c078dcc47ab@f9941",
        "f5ffe96d-70bb-466d-bd75-4d344478ad6f@f9941",
        "e5e61651-adee-416c-864d-f0a963acb66c@f9941",
        "ae19dce8-3815-4cd5-8cbe-ad127ce5f6a4@f9941",
        "376ff476-9fb1-4394-b604-a37a6c109a32@f9941",
        "aa211667-3369-429c-bdab-4fb58442fe0c@f9941",
        "8c2b2265-21d9-4140-94f4-df33929dd983",
        "a07c1539-5907-410d-b166-af86439b08f0@f9941",
        "1bc6c050-290d-400f-bcf6-a8bc2791df62@f9941"
      ],
      "dependScripts": [
        "231f3b9e-4385-4e63-ab4c-d497440fcc08",
        "c3213bd6-09ba-48f3-9092-00fb96cbe36d",
        "a48ba88b-3c96-47d1-9b93-39739e84b177",
        "fb58b77d-abd8-47a4-8081-2edf85cf3604"
      ]
    },
    "versionCode": 0
  },
  "90279927-0d60-4fb4-8352-4e26f25d81ab": {
    "url": "db://assets/Sprite/Marcos-HockeyFutbol_juego.png",
    "value": {
      "depends": []
    },
    "versionCode": 0
  },
  "90279927-0d60-4fb4-8352-4e26f25d81ab@6c48a": {
    "url": "db://assets/Sprite/Marcos-HockeyFutbol_juego.png@6c48a",
    "value": {
      "depends": [
        "90279927-0d60-4fb4-8352-4e26f25d81ab"
      ]
    },
    "versionCode": 0
  },
  "90279927-0d60-4fb4-8352-4e26f25d81ab@f9941": {
    "url": "db://assets/Sprite/Marcos-HockeyFutbol_juego.png@f9941",
    "value": {
      "depends": [
        "90279927-0d60-4fb4-8352-4e26f25d81ab@6c48a"
      ]
    },
    "versionCode": 0
  },
  "97d41214-8e7a-40b2-a6d0-1ec708cc9d49": {
    "url": "db://assets/Sprite/Banderas/Colombia2.png",
    "value": {
      "depends": []
    },
    "versionCode": 0
  },
  "97d41214-8e7a-40b2-a6d0-1ec708cc9d49@6c48a": {
    "url": "db://assets/Sprite/Banderas/Colombia2.png@6c48a",
    "value": {
      "depends": [
        "97d41214-8e7a-40b2-a6d0-1ec708cc9d49"
      ]
    },
    "versionCode": 0
  },
  "97d41214-8e7a-40b2-a6d0-1ec708cc9d49@f9941": {
    "url": "db://assets/Sprite/Banderas/Colombia2.png@f9941",
    "value": {
      "depends": [
        "97d41214-8e7a-40b2-a6d0-1ec708cc9d49@6c48a"
      ]
    },
    "versionCode": 0
  },
  "80e40b0d-cdf0-4a2e-892f-d5c9e1c2e480": {
    "url": "db://assets/Sprite/Banderas/Venezuela.png",
    "value": {
      "depends": []
    },
    "versionCode": 0
  },
  "80e40b0d-cdf0-4a2e-892f-d5c9e1c2e480@6c48a": {
    "url": "db://assets/Sprite/Banderas/Venezuela.png@6c48a",
    "value": {
      "depends": [
        "80e40b0d-cdf0-4a2e-892f-d5c9e1c2e480"
      ]
    },
    "versionCode": 0
  },
  "80e40b0d-cdf0-4a2e-892f-d5c9e1c2e480@f9941": {
    "url": "db://assets/Sprite/Banderas/Venezuela.png@f9941",
    "value": {
      "depends": [
        "80e40b0d-cdf0-4a2e-892f-d5c9e1c2e480@6c48a"
      ]
    },
    "versionCode": 0
  },
  "54eff6c9-6384-43a6-8b5e-66de2a066d8a": {
    "url": "db://assets/Sprite/Banderas/Paraguay2.png",
    "value": {
      "depends": []
    },
    "versionCode": 0
  },
  "54eff6c9-6384-43a6-8b5e-66de2a066d8a@6c48a": {
    "url": "db://assets/Sprite/Banderas/Paraguay2.png@6c48a",
    "value": {
      "depends": [
        "54eff6c9-6384-43a6-8b5e-66de2a066d8a"
      ]
    },
    "versionCode": 0
  },
  "54eff6c9-6384-43a6-8b5e-66de2a066d8a@f9941": {
    "url": "db://assets/Sprite/Banderas/Paraguay2.png@f9941",
    "value": {
      "depends": [
        "54eff6c9-6384-43a6-8b5e-66de2a066d8a@6c48a"
      ]
    },
    "versionCode": 0
  },
  "3268aca1-add1-4684-93e8-794129179cd8": {
    "url": "db://assets/Sprite/Banderas/Brasil2.png",
    "value": {
      "depends": []
    },
    "versionCode": 0
  },
  "3268aca1-add1-4684-93e8-794129179cd8@6c48a": {
    "url": "db://assets/Sprite/Banderas/Brasil2.png@6c48a",
    "value": {
      "depends": [
        "3268aca1-add1-4684-93e8-794129179cd8"
      ]
    },
    "versionCode": 0
  },
  "3268aca1-add1-4684-93e8-794129179cd8@f9941": {
    "url": "db://assets/Sprite/Banderas/Brasil2.png@f9941",
    "value": {
      "depends": [
        "3268aca1-add1-4684-93e8-794129179cd8@6c48a"
      ]
    },
    "versionCode": 0
  },
  "c253658f-c378-4c80-a721-b0cc07e2e88b": {
    "url": "db://assets/Sprite/Banderas/Bolivia2.png",
    "value": {
      "depends": []
    },
    "versionCode": 0
  },
  "c253658f-c378-4c80-a721-b0cc07e2e88b@6c48a": {
    "url": "db://assets/Sprite/Banderas/Bolivia2.png@6c48a",
    "value": {
      "depends": [
        "c253658f-c378-4c80-a721-b0cc07e2e88b"
      ]
    },
    "versionCode": 0
  },
  "c253658f-c378-4c80-a721-b0cc07e2e88b@f9941": {
    "url": "db://assets/Sprite/Banderas/Bolivia2.png@f9941",
    "value": {
      "depends": [
        "c253658f-c378-4c80-a721-b0cc07e2e88b@6c48a"
      ]
    },
    "versionCode": 0
  },
  "025b0b64-4e1a-4b08-b276-c63b37b4e95e": {
    "url": "db://assets/Sprite/Banderas/Uruguay2.png",
    "value": {
      "depends": []
    },
    "versionCode": 0
  },
  "025b0b64-4e1a-4b08-b276-c63b37b4e95e@6c48a": {
    "url": "db://assets/Sprite/Banderas/Uruguay2.png@6c48a",
    "value": {
      "depends": [
        "025b0b64-4e1a-4b08-b276-c63b37b4e95e"
      ]
    },
    "versionCode": 0
  },
  "025b0b64-4e1a-4b08-b276-c63b37b4e95e@f9941": {
    "url": "db://assets/Sprite/Banderas/Uruguay2.png@f9941",
    "value": {
      "depends": [
        "025b0b64-4e1a-4b08-b276-c63b37b4e95e@6c48a"
      ]
    },
    "versionCode": 0
  },
  "9743c8d6-baa0-4dbb-aa36-be0354586a28": {
    "url": "db://assets/Sprite/Banderas/Chile2.png",
    "value": {
      "depends": []
    },
    "versionCode": 0
  },
  "9743c8d6-baa0-4dbb-aa36-be0354586a28@6c48a": {
    "url": "db://assets/Sprite/Banderas/Chile2.png@6c48a",
    "value": {
      "depends": [
        "9743c8d6-baa0-4dbb-aa36-be0354586a28"
      ]
    },
    "versionCode": 0
  },
  "9743c8d6-baa0-4dbb-aa36-be0354586a28@f9941": {
    "url": "db://assets/Sprite/Banderas/Chile2.png@f9941",
    "value": {
      "depends": [
        "9743c8d6-baa0-4dbb-aa36-be0354586a28@6c48a"
      ]
    },
    "versionCode": 0
  },
  "d6331e85-0f7c-4aea-86d8-7467400f7f88": {
    "url": "db://assets/Sprite/Banderas/Perú2.png",
    "value": {
      "depends": []
    },
    "versionCode": 0
  },
  "d6331e85-0f7c-4aea-86d8-7467400f7f88@6c48a": {
    "url": "db://assets/Sprite/Banderas/Perú2.png@6c48a",
    "value": {
      "depends": [
        "d6331e85-0f7c-4aea-86d8-7467400f7f88"
      ]
    },
    "versionCode": 0
  },
  "d6331e85-0f7c-4aea-86d8-7467400f7f88@f9941": {
    "url": "db://assets/Sprite/Banderas/Perú2.png@f9941",
    "value": {
      "depends": [
        "d6331e85-0f7c-4aea-86d8-7467400f7f88@6c48a"
      ]
    },
    "versionCode": 0
  },
  "34759796-d931-4649-89b9-bca0428969d7": {
    "url": "db://assets/Sprite/Banderas/Argentina2.png",
    "value": {
      "depends": []
    },
    "versionCode": 0
  },
  "34759796-d931-4649-89b9-bca0428969d7@6c48a": {
    "url": "db://assets/Sprite/Banderas/Argentina2.png@6c48a",
    "value": {
      "depends": [
        "34759796-d931-4649-89b9-bca0428969d7"
      ]
    },
    "versionCode": 0
  },
  "34759796-d931-4649-89b9-bca0428969d7@f9941": {
    "url": "db://assets/Sprite/Banderas/Argentina2.png@f9941",
    "value": {
      "depends": [
        "34759796-d931-4649-89b9-bca0428969d7@6c48a"
      ]
    },
    "versionCode": 0
  },
  "4c117ac5-a440-4719-a26a-f7d1bff8ed70": {
    "url": "db://assets/Sprite/Banderas/Venezuela2.png",
    "value": {
      "depends": []
    },
    "versionCode": 0
  },
  "4c117ac5-a440-4719-a26a-f7d1bff8ed70@6c48a": {
    "url": "db://assets/Sprite/Banderas/Venezuela2.png@6c48a",
    "value": {
      "depends": [
        "4c117ac5-a440-4719-a26a-f7d1bff8ed70"
      ]
    },
    "versionCode": 0
  },
  "4c117ac5-a440-4719-a26a-f7d1bff8ed70@f9941": {
    "url": "db://assets/Sprite/Banderas/Venezuela2.png@f9941",
    "value": {
      "depends": [
        "4c117ac5-a440-4719-a26a-f7d1bff8ed70@6c48a"
      ]
    },
    "versionCode": 0
  },
  "25dae62d-370f-4f37-bd65-5b719a11b636": {
    "url": "db://assets/Sprite/Banderas/Argentina.png",
    "value": {
      "depends": []
    },
    "versionCode": 0
  },
  "25dae62d-370f-4f37-bd65-5b719a11b636@6c48a": {
    "url": "db://assets/Sprite/Banderas/Argentina.png@6c48a",
    "value": {
      "depends": [
        "25dae62d-370f-4f37-bd65-5b719a11b636"
      ]
    },
    "versionCode": 0
  },
  "25dae62d-370f-4f37-bd65-5b719a11b636@f9941": {
    "url": "db://assets/Sprite/Banderas/Argentina.png@f9941",
    "value": {
      "depends": [
        "25dae62d-370f-4f37-bd65-5b719a11b636@6c48a"
      ]
    },
    "versionCode": 0
  },
  "04fa3669-619d-44dd-9208-232b48b03bae": {
    "url": "db://assets/Sprite/Banderas/Bolivia.png",
    "value": {
      "depends": []
    },
    "versionCode": 0
  },
  "04fa3669-619d-44dd-9208-232b48b03bae@6c48a": {
    "url": "db://assets/Sprite/Banderas/Bolivia.png@6c48a",
    "value": {
      "depends": [
        "04fa3669-619d-44dd-9208-232b48b03bae"
      ]
    },
    "versionCode": 0
  },
  "04fa3669-619d-44dd-9208-232b48b03bae@f9941": {
    "url": "db://assets/Sprite/Banderas/Bolivia.png@f9941",
    "value": {
      "depends": [
        "04fa3669-619d-44dd-9208-232b48b03bae@6c48a"
      ]
    },
    "versionCode": 0
  },
  "19d3f327-ab6d-4138-b169-ceb57f8a872c": {
    "url": "db://assets/Sprite/Banderas/Brasil.png",
    "value": {
      "depends": []
    },
    "versionCode": 0
  },
  "19d3f327-ab6d-4138-b169-ceb57f8a872c@6c48a": {
    "url": "db://assets/Sprite/Banderas/Brasil.png@6c48a",
    "value": {
      "depends": [
        "19d3f327-ab6d-4138-b169-ceb57f8a872c"
      ]
    },
    "versionCode": 0
  },
  "19d3f327-ab6d-4138-b169-ceb57f8a872c@f9941": {
    "url": "db://assets/Sprite/Banderas/Brasil.png@f9941",
    "value": {
      "depends": [
        "19d3f327-ab6d-4138-b169-ceb57f8a872c@6c48a"
      ]
    },
    "versionCode": 0
  },
  "89957d1c-20bc-4b0e-bbb5-9a2843f356d7": {
    "url": "db://assets/Sprite/Banderas/Chile.png",
    "value": {
      "depends": []
    },
    "versionCode": 0
  },
  "89957d1c-20bc-4b0e-bbb5-9a2843f356d7@6c48a": {
    "url": "db://assets/Sprite/Banderas/Chile.png@6c48a",
    "value": {
      "depends": [
        "89957d1c-20bc-4b0e-bbb5-9a2843f356d7"
      ]
    },
    "versionCode": 0
  },
  "89957d1c-20bc-4b0e-bbb5-9a2843f356d7@f9941": {
    "url": "db://assets/Sprite/Banderas/Chile.png@f9941",
    "value": {
      "depends": [
        "89957d1c-20bc-4b0e-bbb5-9a2843f356d7@6c48a"
      ]
    },
    "versionCode": 0
  },
  "e90764d8-b1c3-46a1-896a-db964f7f6386": {
    "url": "db://assets/Sprite/Banderas/Colombia.png",
    "value": {
      "depends": []
    },
    "versionCode": 0
  },
  "e90764d8-b1c3-46a1-896a-db964f7f6386@6c48a": {
    "url": "db://assets/Sprite/Banderas/Colombia.png@6c48a",
    "value": {
      "depends": [
        "e90764d8-b1c3-46a1-896a-db964f7f6386"
      ]
    },
    "versionCode": 0
  },
  "e90764d8-b1c3-46a1-896a-db964f7f6386@f9941": {
    "url": "db://assets/Sprite/Banderas/Colombia.png@f9941",
    "value": {
      "depends": [
        "e90764d8-b1c3-46a1-896a-db964f7f6386@6c48a"
      ]
    },
    "versionCode": 0
  },
  "7db30073-f3c7-487d-8ad0-44fe81e64c42": {
    "url": "db://assets/Sprite/Banderas/Paraguay.png",
    "value": {
      "depends": []
    },
    "versionCode": 0
  },
  "7db30073-f3c7-487d-8ad0-44fe81e64c42@6c48a": {
    "url": "db://assets/Sprite/Banderas/Paraguay.png@6c48a",
    "value": {
      "depends": [
        "7db30073-f3c7-487d-8ad0-44fe81e64c42"
      ]
    },
    "versionCode": 0
  },
  "7db30073-f3c7-487d-8ad0-44fe81e64c42@f9941": {
    "url": "db://assets/Sprite/Banderas/Paraguay.png@f9941",
    "value": {
      "depends": [
        "7db30073-f3c7-487d-8ad0-44fe81e64c42@6c48a"
      ]
    },
    "versionCode": 0
  },
  "b6e1b9cc-0e4c-468e-ac3b-e58c406848b3": {
    "url": "db://assets/Sprite/Banderas/Uruguay.png",
    "value": {
      "depends": []
    },
    "versionCode": 0
  },
  "b6e1b9cc-0e4c-468e-ac3b-e58c406848b3@6c48a": {
    "url": "db://assets/Sprite/Banderas/Uruguay.png@6c48a",
    "value": {
      "depends": [
        "b6e1b9cc-0e4c-468e-ac3b-e58c406848b3"
      ]
    },
    "versionCode": 0
  },
  "b6e1b9cc-0e4c-468e-ac3b-e58c406848b3@f9941": {
    "url": "db://assets/Sprite/Banderas/Uruguay.png@f9941",
    "value": {
      "depends": [
        "b6e1b9cc-0e4c-468e-ac3b-e58c406848b3@6c48a"
      ]
    },
    "versionCode": 0
  },
  "341927d6-59a0-4de9-92d2-66f097ffbfb5": {
    "url": "db://assets/Sprite/Banderas/Perú.png",
    "value": {
      "depends": []
    },
    "versionCode": 0
  },
  "341927d6-59a0-4de9-92d2-66f097ffbfb5@6c48a": {
    "url": "db://assets/Sprite/Banderas/Perú.png@6c48a",
    "value": {
      "depends": [
        "341927d6-59a0-4de9-92d2-66f097ffbfb5"
      ]
    },
    "versionCode": 0
  },
  "341927d6-59a0-4de9-92d2-66f097ffbfb5@f9941": {
    "url": "db://assets/Sprite/Banderas/Perú.png@f9941",
    "value": {
      "depends": [
        "341927d6-59a0-4de9-92d2-66f097ffbfb5@6c48a"
      ]
    },
    "versionCode": 0
  },
  "0cd2c191-3471-4d5d-92f6-26abd334325b": {
    "url": "db://assets/Sprite/Banderas",
    "value": {},
    "versionCode": 0
  },
  "0972a249-45bf-4843-9dde-a48675bedd19": {
    "url": "db://assets/Font",
    "value": {},
    "versionCode": 0
  },
  "337e5a72-faf5-4091-af74-9373c85bca4f": {
    "url": "db://assets/Font/DynaPuff-VariableFont_wdth,wght.ttf",
    "value": {
      "depends": []
    },
    "versionCode": 0
  },
  "60a2097a-44bb-4e1f-a78f-685d2de34dd7": {
    "url": "db://assets/Font/DynaPuff_Condensed-Bold.ttf",
    "value": {
      "depends": []
    },
    "versionCode": 0
  },
  "4a52fa95-da7e-4a50-a944-209a0a36b5d6": {
    "url": "db://assets/Font/DynaPuff_Condensed-Regular.ttf",
    "value": {
      "depends": []
    },
    "versionCode": 0
  },
  "8f34cdde-8e21-473b-8491-0d4d6f5cbbc5": {
    "url": "db://assets/Font/DynaPuff-Bold.ttf",
    "value": {
      "depends": []
    },
    "versionCode": 0
  },
  "3a30d5bc-e67a-457c-a839-a9554c9f558f": {
    "url": "db://assets/Sprite/btn-exitH.png",
    "value": {
      "depends": []
    },
    "versionCode": 0
  },
  "3a30d5bc-e67a-457c-a839-a9554c9f558f@6c48a": {
    "url": "db://assets/Sprite/btn-exitH.png@6c48a",
    "value": {
      "depends": [
        "3a30d5bc-e67a-457c-a839-a9554c9f558f"
      ]
    },
    "versionCode": 0
  },
  "3a30d5bc-e67a-457c-a839-a9554c9f558f@f9941": {
    "url": "db://assets/Sprite/btn-exitH.png@f9941",
    "value": {
      "depends": [
        "3a30d5bc-e67a-457c-a839-a9554c9f558f@6c48a"
      ]
    },
    "versionCode": 0
  },
  "5392801a-c60e-4f49-a7a5-ba1c0ba80c09": {
    "url": "db://assets/Sprite/btn-exitP.png",
    "value": {
      "depends": []
    },
    "versionCode": 0
  },
  "5392801a-c60e-4f49-a7a5-ba1c0ba80c09@6c48a": {
    "url": "db://assets/Sprite/btn-exitP.png@6c48a",
    "value": {
      "depends": [
        "5392801a-c60e-4f49-a7a5-ba1c0ba80c09"
      ]
    },
    "versionCode": 0
  },
  "5392801a-c60e-4f49-a7a5-ba1c0ba80c09@f9941": {
    "url": "db://assets/Sprite/btn-exitP.png@f9941",
    "value": {
      "depends": [
        "5392801a-c60e-4f49-a7a5-ba1c0ba80c09@6c48a"
      ]
    },
    "versionCode": 0
  },
  "aa211667-3369-429c-bdab-4fb58442fe0c": {
    "url": "db://assets/Sprite/btn-nextP.png",
    "value": {
      "depends": []
    },
    "versionCode": 0
  },
  "aa211667-3369-429c-bdab-4fb58442fe0c@6c48a": {
    "url": "db://assets/Sprite/btn-nextP.png@6c48a",
    "value": {
      "depends": [
        "aa211667-3369-429c-bdab-4fb58442fe0c"
      ]
    },
    "versionCode": 0
  },
  "aa211667-3369-429c-bdab-4fb58442fe0c@f9941": {
    "url": "db://assets/Sprite/btn-nextP.png@f9941",
    "value": {
      "depends": [
        "aa211667-3369-429c-bdab-4fb58442fe0c@6c48a"
      ]
    },
    "versionCode": 0
  },
  "6689d8b0-9170-4c7f-8c25-16ffd76fab59": {
    "url": "db://assets/Sprite/btn-exit.png",
    "value": {
      "depends": []
    },
    "versionCode": 0
  },
  "6689d8b0-9170-4c7f-8c25-16ffd76fab59@6c48a": {
    "url": "db://assets/Sprite/btn-exit.png@6c48a",
    "value": {
      "depends": [
        "6689d8b0-9170-4c7f-8c25-16ffd76fab59"
      ]
    },
    "versionCode": 0
  },
  "6689d8b0-9170-4c7f-8c25-16ffd76fab59@f9941": {
    "url": "db://assets/Sprite/btn-exit.png@f9941",
    "value": {
      "depends": [
        "6689d8b0-9170-4c7f-8c25-16ffd76fab59@6c48a"
      ]
    },
    "versionCode": 0
  },
  "376ff476-9fb1-4394-b604-a37a6c109a32": {
    "url": "db://assets/Sprite/btn-nextH.png",
    "value": {
      "depends": []
    },
    "versionCode": 0
  },
  "376ff476-9fb1-4394-b604-a37a6c109a32@6c48a": {
    "url": "db://assets/Sprite/btn-nextH.png@6c48a",
    "value": {
      "depends": [
        "376ff476-9fb1-4394-b604-a37a6c109a32"
      ]
    },
    "versionCode": 0
  },
  "376ff476-9fb1-4394-b604-a37a6c109a32@f9941": {
    "url": "db://assets/Sprite/btn-nextH.png@f9941",
    "value": {
      "depends": [
        "376ff476-9fb1-4394-b604-a37a6c109a32@6c48a"
      ]
    },
    "versionCode": 0
  },
  "ae19dce8-3815-4cd5-8cbe-ad127ce5f6a4": {
    "url": "db://assets/Sprite/btn-next.png",
    "value": {
      "depends": []
    },
    "versionCode": 0
  },
  "ae19dce8-3815-4cd5-8cbe-ad127ce5f6a4@6c48a": {
    "url": "db://assets/Sprite/btn-next.png@6c48a",
    "value": {
      "depends": [
        "ae19dce8-3815-4cd5-8cbe-ad127ce5f6a4"
      ]
    },
    "versionCode": 0
  },
  "ae19dce8-3815-4cd5-8cbe-ad127ce5f6a4@f9941": {
    "url": "db://assets/Sprite/btn-next.png@f9941",
    "value": {
      "depends": [
        "ae19dce8-3815-4cd5-8cbe-ad127ce5f6a4@6c48a"
      ]
    },
    "versionCode": 0
  },
  "06a3f9de-743a-42d1-9831-89f9df0986ee": {
    "url": "db://assets/Sprite/btn-playP.png",
    "value": {
      "depends": []
    },
    "versionCode": 0
  },
  "06a3f9de-743a-42d1-9831-89f9df0986ee@6c48a": {
    "url": "db://assets/Sprite/btn-playP.png@6c48a",
    "value": {
      "depends": [
        "06a3f9de-743a-42d1-9831-89f9df0986ee"
      ]
    },
    "versionCode": 0
  },
  "06a3f9de-743a-42d1-9831-89f9df0986ee@f9941": {
    "url": "db://assets/Sprite/btn-playP.png@f9941",
    "value": {
      "depends": [
        "06a3f9de-743a-42d1-9831-89f9df0986ee@6c48a"
      ]
    },
    "versionCode": 0
  },
  "2fd5d1e5-95c1-4ee8-a93e-bcadc255f960": {
    "url": "db://assets/Sprite/btn-playH.png",
    "value": {
      "depends": []
    },
    "versionCode": 0
  },
  "2fd5d1e5-95c1-4ee8-a93e-bcadc255f960@6c48a": {
    "url": "db://assets/Sprite/btn-playH.png@6c48a",
    "value": {
      "depends": [
        "2fd5d1e5-95c1-4ee8-a93e-bcadc255f960"
      ]
    },
    "versionCode": 0
  },
  "2fd5d1e5-95c1-4ee8-a93e-bcadc255f960@f9941": {
    "url": "db://assets/Sprite/btn-playH.png@f9941",
    "value": {
      "depends": [
        "2fd5d1e5-95c1-4ee8-a93e-bcadc255f960@6c48a"
      ]
    },
    "versionCode": 0
  },
  "e5b2033f-3b59-4d07-babc-6930b34fffc1": {
    "url": "db://assets/Sprite/btn-play.png",
    "value": {
      "depends": []
    },
    "versionCode": 0
  },
  "e5b2033f-3b59-4d07-babc-6930b34fffc1@6c48a": {
    "url": "db://assets/Sprite/btn-play.png@6c48a",
    "value": {
      "depends": [
        "e5b2033f-3b59-4d07-babc-6930b34fffc1"
      ]
    },
    "versionCode": 0
  },
  "e5b2033f-3b59-4d07-babc-6930b34fffc1@f9941": {
    "url": "db://assets/Sprite/btn-play.png@f9941",
    "value": {
      "depends": [
        "e5b2033f-3b59-4d07-babc-6930b34fffc1@6c48a"
      ]
    },
    "versionCode": 0
  },
  "e5255043-6001-411f-b9e4-056ee16959cd": {
    "url": "db://assets/Sprite/RunnerFutbol_inst.png",
    "value": {},
    "versionCode": 0
  },
  "e5255043-6001-411f-b9e4-056ee16959cd@6c48a": {
    "url": "db://assets/Sprite/RunnerFutbol_inst.png@6c48a",
    "value": {
      "depends": [
        "e5255043-6001-411f-b9e4-056ee16959cd"
      ]
    },
    "versionCode": 0
  },
  "e5255043-6001-411f-b9e4-056ee16959cd@f9941": {
    "url": "db://assets/Sprite/RunnerFutbol_inst.png@f9941",
    "value": {
      "depends": [
        "e5255043-6001-411f-b9e4-056ee16959cd@6c48a"
      ]
    },
    "versionCode": 0
  },
  "1bc6c050-290d-400f-bcf6-a8bc2791df62": {
    "url": "db://assets/Sprite/RunnerFutbol_seleccion.png",
    "value": {
      "depends": []
    },
    "versionCode": 0
  },
  "1bc6c050-290d-400f-bcf6-a8bc2791df62@6c48a": {
    "url": "db://assets/Sprite/RunnerFutbol_seleccion.png@6c48a",
    "value": {
      "depends": [
        "1bc6c050-290d-400f-bcf6-a8bc2791df62"
      ]
    },
    "versionCode": 0
  },
  "1bc6c050-290d-400f-bcf6-a8bc2791df62@f9941": {
    "url": "db://assets/Sprite/RunnerFutbol_seleccion.png@f9941",
    "value": {
      "depends": [
        "1bc6c050-290d-400f-bcf6-a8bc2791df62@6c48a"
      ]
    },
    "versionCode": 0
  },
  "7ecdec30-6b94-423d-9766-7d5d451a9612": {
    "url": "db://assets/Sprite/RunnerFutbol_gameover.png",
    "value": {
      "depends": []
    },
    "versionCode": 0
  },
  "7ecdec30-6b94-423d-9766-7d5d451a9612@6c48a": {
    "url": "db://assets/Sprite/RunnerFutbol_gameover.png@6c48a",
    "value": {
      "depends": [
        "7ecdec30-6b94-423d-9766-7d5d451a9612"
      ]
    },
    "versionCode": 0
  },
  "7ecdec30-6b94-423d-9766-7d5d451a9612@f9941": {
    "url": "db://assets/Sprite/RunnerFutbol_gameover.png@f9941",
    "value": {
      "depends": [
        "7ecdec30-6b94-423d-9766-7d5d451a9612@6c48a"
      ]
    },
    "versionCode": 0
  },
  "5f7da1af-c6d5-4b8a-9fd7-ab597c0cc96f": {
    "url": "db://assets/Sprite/balon.png",
    "value": {
      "depends": []
    },
    "versionCode": 0
  },
  "5f7da1af-c6d5-4b8a-9fd7-ab597c0cc96f@6c48a": {
    "url": "db://assets/Sprite/balon.png@6c48a",
    "value": {
      "depends": [
        "5f7da1af-c6d5-4b8a-9fd7-ab597c0cc96f"
      ]
    },
    "versionCode": 0
  },
  "5f7da1af-c6d5-4b8a-9fd7-ab597c0cc96f@f9941": {
    "url": "db://assets/Sprite/balon.png@f9941",
    "value": {
      "depends": [
        "5f7da1af-c6d5-4b8a-9fd7-ab597c0cc96f@6c48a"
      ]
    },
    "versionCode": 0
  },
  "43f27991-d321-4153-9204-462769e6f1cb": {
    "url": "db://assets/Prefab/Enemigo.prefab",
    "value": {
      "depends": [
        "1709f00f-c497-409f-843d-05eaeca5d9fb@f9941"
      ],
      "dependScripts": []
    },
    "versionCode": 0
  },
  "7ee3e9c8-500c-4082-a7ce-22bb7450363d": {
    "url": "db://assets/Script/Enemigo.ts",
    "value": {},
    "versionCode": 0
  },
  "ccd5ae4b-0baa-481a-92e9-352431d2ef6e": {
    "url": "db://assets/Script/Muerte.ts",
    "value": {},
    "versionCode": 0
  },
  "a48ba88b-3c96-47d1-9b93-39739e84b177": {
    "url": "db://assets/Script/CambioEscena.ts",
    "value": {},
    "versionCode": 0
  },
  "2d3414b1-4f8c-4c97-9dd5-f90a2582b4a7": {
    "url": "db://assets/Script/MovimientoCubeta.ts",
    "value": {},
    "versionCode": 0
  },
  "0d79cfbd-4759-4d3d-a5c2-98e844a86770": {
    "url": "db://assets/Script/ManagerGame.ts",
    "value": {},
    "versionCode": 0
  },
  "c3213bd6-09ba-48f3-9092-00fb96cbe36d": {
    "url": "db://assets/Script/SeleccionEquipo.ts",
    "value": {},
    "versionCode": 0
  },
  "fb58b77d-abd8-47a4-8081-2edf85cf3604": {
    "url": "db://assets/Script/PoscionBoton.ts",
    "value": {},
    "versionCode": 0
  },
  "8c2b2265-21d9-4140-94f4-df33929dd983": {
    "url": "db://assets/Animation/SeleccionPC.anim",
    "value": {
      "depends": []
    },
    "versionCode": 0
  },
  "a68b81d9-d317-41bb-aa75-e4972720606e": {
    "url": "db://assets/Sprite/1137 1.png",
    "value": {
      "depends": []
    },
    "versionCode": 0
  },
  "a68b81d9-d317-41bb-aa75-e4972720606e@6c48a": {
    "url": "db://assets/Sprite/1137 1.png@6c48a",
    "value": {
      "depends": [
        "a68b81d9-d317-41bb-aa75-e4972720606e"
      ]
    },
    "versionCode": 0
  },
  "a68b81d9-d317-41bb-aa75-e4972720606e@f9941": {
    "url": "db://assets/Sprite/1137 1.png@f9941",
    "value": {
      "depends": [
        "a68b81d9-d317-41bb-aa75-e4972720606e@6c48a"
      ]
    },
    "versionCode": 0
  },
  "16b99d75-b136-445f-995b-bce6efa35f58": {
    "url": "db://assets/Sprite/1137 2.png",
    "value": {
      "depends": []
    },
    "versionCode": 0
  },
  "16b99d75-b136-445f-995b-bce6efa35f58@6c48a": {
    "url": "db://assets/Sprite/1137 2.png@6c48a",
    "value": {
      "depends": [
        "16b99d75-b136-445f-995b-bce6efa35f58"
      ]
    },
    "versionCode": 0
  },
  "16b99d75-b136-445f-995b-bce6efa35f58@f9941": {
    "url": "db://assets/Sprite/1137 2.png@f9941",
    "value": {
      "depends": [
        "16b99d75-b136-445f-995b-bce6efa35f58@6c48a"
      ]
    },
    "versionCode": 0
  },
  "3ec6cf81-9893-4848-a201-4069eb2ad390": {
    "url": "db://assets/Sprite/Jugador-Argentina.png",
    "value": {
      "depends": []
    },
    "versionCode": 0
  },
  "3ec6cf81-9893-4848-a201-4069eb2ad390@6c48a": {
    "url": "db://assets/Sprite/Jugador-Argentina.png@6c48a",
    "value": {
      "depends": [
        "3ec6cf81-9893-4848-a201-4069eb2ad390"
      ]
    },
    "versionCode": 0
  },
  "3ec6cf81-9893-4848-a201-4069eb2ad390@f9941": {
    "url": "db://assets/Sprite/Jugador-Argentina.png@f9941",
    "value": {
      "depends": [
        "3ec6cf81-9893-4848-a201-4069eb2ad390@6c48a"
      ]
    },
    "versionCode": 0
  },
  "285af737-69ad-4bf7-a373-f96196283cf8": {
    "url": "db://assets/Sprite/Jugador-Peru.png",
    "value": {
      "depends": []
    },
    "versionCode": 0
  },
  "285af737-69ad-4bf7-a373-f96196283cf8@6c48a": {
    "url": "db://assets/Sprite/Jugador-Peru.png@6c48a",
    "value": {
      "depends": [
        "285af737-69ad-4bf7-a373-f96196283cf8"
      ]
    },
    "versionCode": 0
  },
  "285af737-69ad-4bf7-a373-f96196283cf8@f9941": {
    "url": "db://assets/Sprite/Jugador-Peru.png@f9941",
    "value": {
      "depends": [
        "285af737-69ad-4bf7-a373-f96196283cf8@6c48a"
      ]
    },
    "versionCode": 0
  },
  "2101936f-6ece-4bce-bd7f-d56f1de39368": {
    "url": "db://assets/Sprite/Jugador-Venezuela.png",
    "value": {
      "depends": []
    },
    "versionCode": 0
  },
  "2101936f-6ece-4bce-bd7f-d56f1de39368@6c48a": {
    "url": "db://assets/Sprite/Jugador-Venezuela.png@6c48a",
    "value": {
      "depends": [
        "2101936f-6ece-4bce-bd7f-d56f1de39368"
      ]
    },
    "versionCode": 0
  },
  "2101936f-6ece-4bce-bd7f-d56f1de39368@f9941": {
    "url": "db://assets/Sprite/Jugador-Venezuela.png@f9941",
    "value": {
      "depends": [
        "2101936f-6ece-4bce-bd7f-d56f1de39368@6c48a"
      ]
    },
    "versionCode": 0
  },
  "8eb8903c-32f3-4485-8859-dade7410bc2d": {
    "url": "db://assets/Sprite/Jugador-Paraguay.png",
    "value": {
      "depends": []
    },
    "versionCode": 0
  },
  "8eb8903c-32f3-4485-8859-dade7410bc2d@6c48a": {
    "url": "db://assets/Sprite/Jugador-Paraguay.png@6c48a",
    "value": {
      "depends": [
        "8eb8903c-32f3-4485-8859-dade7410bc2d"
      ]
    },
    "versionCode": 0
  },
  "8eb8903c-32f3-4485-8859-dade7410bc2d@f9941": {
    "url": "db://assets/Sprite/Jugador-Paraguay.png@f9941",
    "value": {
      "depends": [
        "8eb8903c-32f3-4485-8859-dade7410bc2d@6c48a"
      ]
    },
    "versionCode": 0
  },
  "9beab47d-548e-4b05-89fa-799d436984d3": {
    "url": "db://assets/Sprite/Jugador-Brasil.png",
    "value": {
      "depends": []
    },
    "versionCode": 0
  },
  "9beab47d-548e-4b05-89fa-799d436984d3@6c48a": {
    "url": "db://assets/Sprite/Jugador-Brasil.png@6c48a",
    "value": {
      "depends": [
        "9beab47d-548e-4b05-89fa-799d436984d3"
      ]
    },
    "versionCode": 0
  },
  "9beab47d-548e-4b05-89fa-799d436984d3@f9941": {
    "url": "db://assets/Sprite/Jugador-Brasil.png@f9941",
    "value": {
      "depends": [
        "9beab47d-548e-4b05-89fa-799d436984d3@6c48a"
      ]
    },
    "versionCode": 0
  },
  "f240c8e1-886f-4bf3-a910-644365ae8bc5": {
    "url": "db://assets/Sprite/Jugador-Uruguay.png",
    "value": {
      "depends": []
    },
    "versionCode": 0
  },
  "f240c8e1-886f-4bf3-a910-644365ae8bc5@6c48a": {
    "url": "db://assets/Sprite/Jugador-Uruguay.png@6c48a",
    "value": {
      "depends": [
        "f240c8e1-886f-4bf3-a910-644365ae8bc5"
      ]
    },
    "versionCode": 0
  },
  "f240c8e1-886f-4bf3-a910-644365ae8bc5@f9941": {
    "url": "db://assets/Sprite/Jugador-Uruguay.png@f9941",
    "value": {
      "depends": [
        "f240c8e1-886f-4bf3-a910-644365ae8bc5@6c48a"
      ]
    },
    "versionCode": 0
  },
  "10ce9251-c50d-4be1-a120-3a24a6a5071f": {
    "url": "db://assets/Sprite/Jugador-Bolivia.png",
    "value": {
      "depends": []
    },
    "versionCode": 0
  },
  "10ce9251-c50d-4be1-a120-3a24a6a5071f@6c48a": {
    "url": "db://assets/Sprite/Jugador-Bolivia.png@6c48a",
    "value": {
      "depends": [
        "10ce9251-c50d-4be1-a120-3a24a6a5071f"
      ]
    },
    "versionCode": 0
  },
  "10ce9251-c50d-4be1-a120-3a24a6a5071f@f9941": {
    "url": "db://assets/Sprite/Jugador-Bolivia.png@f9941",
    "value": {
      "depends": [
        "10ce9251-c50d-4be1-a120-3a24a6a5071f@6c48a"
      ]
    },
    "versionCode": 0
  },
  "6711eeb0-2e74-4815-8d5d-06fd5d30e536": {
    "url": "db://assets/Sprite/Jugador-Colombia.png",
    "value": {
      "depends": []
    },
    "versionCode": 0
  },
  "6711eeb0-2e74-4815-8d5d-06fd5d30e536@6c48a": {
    "url": "db://assets/Sprite/Jugador-Colombia.png@6c48a",
    "value": {
      "depends": [
        "6711eeb0-2e74-4815-8d5d-06fd5d30e536"
      ]
    },
    "versionCode": 0
  },
  "6711eeb0-2e74-4815-8d5d-06fd5d30e536@f9941": {
    "url": "db://assets/Sprite/Jugador-Colombia.png@f9941",
    "value": {
      "depends": [
        "6711eeb0-2e74-4815-8d5d-06fd5d30e536@6c48a"
      ]
    },
    "versionCode": 0
  },
  "d0381db3-9529-4f14-93cf-ca41eaa2f3b0": {
    "url": "db://assets/Sprite/Player-Chile.png",
    "value": {
      "depends": []
    },
    "versionCode": 0
  },
  "d0381db3-9529-4f14-93cf-ca41eaa2f3b0@6c48a": {
    "url": "db://assets/Sprite/Player-Chile.png@6c48a",
    "value": {
      "depends": [
        "d0381db3-9529-4f14-93cf-ca41eaa2f3b0"
      ]
    },
    "versionCode": 0
  },
  "d0381db3-9529-4f14-93cf-ca41eaa2f3b0@f9941": {
    "url": "db://assets/Sprite/Player-Chile.png@f9941",
    "value": {
      "depends": [
        "d0381db3-9529-4f14-93cf-ca41eaa2f3b0@6c48a"
      ]
    },
    "versionCode": 0
  },
  "4651515b-024b-4f19-b7e0-01088eeab427": {
    "url": "db://assets/Sprite/Player-Uruguay.png",
    "value": {
      "depends": []
    },
    "versionCode": 0
  },
  "4651515b-024b-4f19-b7e0-01088eeab427@6c48a": {
    "url": "db://assets/Sprite/Player-Uruguay.png@6c48a",
    "value": {
      "depends": [
        "4651515b-024b-4f19-b7e0-01088eeab427"
      ]
    },
    "versionCode": 0
  },
  "4651515b-024b-4f19-b7e0-01088eeab427@f9941": {
    "url": "db://assets/Sprite/Player-Uruguay.png@f9941",
    "value": {
      "depends": [
        "4651515b-024b-4f19-b7e0-01088eeab427@6c48a"
      ]
    },
    "versionCode": 0
  },
  "38161f3b-88e1-41a8-bfe3-70d7f5f8bd67": {
    "url": "db://assets/Sprite/Player-Paraguay.png",
    "value": {
      "depends": []
    },
    "versionCode": 0
  },
  "38161f3b-88e1-41a8-bfe3-70d7f5f8bd67@6c48a": {
    "url": "db://assets/Sprite/Player-Paraguay.png@6c48a",
    "value": {
      "depends": [
        "38161f3b-88e1-41a8-bfe3-70d7f5f8bd67"
      ]
    },
    "versionCode": 0
  },
  "38161f3b-88e1-41a8-bfe3-70d7f5f8bd67@f9941": {
    "url": "db://assets/Sprite/Player-Paraguay.png@f9941",
    "value": {
      "depends": [
        "38161f3b-88e1-41a8-bfe3-70d7f5f8bd67@6c48a"
      ]
    },
    "versionCode": 0
  },
  "b610d595-24ed-4bb2-8639-e435134cecc6": {
    "url": "db://assets/Sprite/Player-Peru.png",
    "value": {
      "depends": []
    },
    "versionCode": 0
  },
  "b610d595-24ed-4bb2-8639-e435134cecc6@6c48a": {
    "url": "db://assets/Sprite/Player-Peru.png@6c48a",
    "value": {
      "depends": [
        "b610d595-24ed-4bb2-8639-e435134cecc6"
      ]
    },
    "versionCode": 0
  },
  "b610d595-24ed-4bb2-8639-e435134cecc6@f9941": {
    "url": "db://assets/Sprite/Player-Peru.png@f9941",
    "value": {
      "depends": [
        "b610d595-24ed-4bb2-8639-e435134cecc6@6c48a"
      ]
    },
    "versionCode": 0
  },
  "88abe3a7-1b10-42f7-978e-da3168189285": {
    "url": "db://assets/Sprite/Player-Argentina.png",
    "value": {
      "depends": []
    },
    "versionCode": 0
  },
  "88abe3a7-1b10-42f7-978e-da3168189285@6c48a": {
    "url": "db://assets/Sprite/Player-Argentina.png@6c48a",
    "value": {
      "depends": [
        "88abe3a7-1b10-42f7-978e-da3168189285"
      ]
    },
    "versionCode": 0
  },
  "88abe3a7-1b10-42f7-978e-da3168189285@f9941": {
    "url": "db://assets/Sprite/Player-Argentina.png@f9941",
    "value": {
      "depends": [
        "88abe3a7-1b10-42f7-978e-da3168189285@6c48a"
      ]
    },
    "versionCode": 0
  },
  "7aec9a6a-3501-48e7-b841-ec98c2957206": {
    "url": "db://assets/Sprite/Player-Venezuela.png",
    "value": {
      "depends": []
    },
    "versionCode": 0
  },
  "7aec9a6a-3501-48e7-b841-ec98c2957206@6c48a": {
    "url": "db://assets/Sprite/Player-Venezuela.png@6c48a",
    "value": {
      "depends": [
        "7aec9a6a-3501-48e7-b841-ec98c2957206"
      ]
    },
    "versionCode": 0
  },
  "7aec9a6a-3501-48e7-b841-ec98c2957206@f9941": {
    "url": "db://assets/Sprite/Player-Venezuela.png@f9941",
    "value": {
      "depends": [
        "7aec9a6a-3501-48e7-b841-ec98c2957206@6c48a"
      ]
    },
    "versionCode": 0
  },
  "4732df56-90b0-4166-85c7-bef641ba36a3": {
    "url": "db://assets/Sprite/Player-Colombia.png",
    "value": {
      "depends": []
    },
    "versionCode": 0
  },
  "4732df56-90b0-4166-85c7-bef641ba36a3@6c48a": {
    "url": "db://assets/Sprite/Player-Colombia.png@6c48a",
    "value": {
      "depends": [
        "4732df56-90b0-4166-85c7-bef641ba36a3"
      ]
    },
    "versionCode": 0
  },
  "4732df56-90b0-4166-85c7-bef641ba36a3@f9941": {
    "url": "db://assets/Sprite/Player-Colombia.png@f9941",
    "value": {
      "depends": [
        "4732df56-90b0-4166-85c7-bef641ba36a3@6c48a"
      ]
    },
    "versionCode": 0
  },
  "48ef87fd-83b5-4802-83df-7627e6af61e7": {
    "url": "db://assets/Sprite/Player-Bolivia.png",
    "value": {
      "depends": []
    },
    "versionCode": 0
  },
  "48ef87fd-83b5-4802-83df-7627e6af61e7@6c48a": {
    "url": "db://assets/Sprite/Player-Bolivia.png@6c48a",
    "value": {
      "depends": [
        "48ef87fd-83b5-4802-83df-7627e6af61e7"
      ]
    },
    "versionCode": 0
  },
  "48ef87fd-83b5-4802-83df-7627e6af61e7@f9941": {
    "url": "db://assets/Sprite/Player-Bolivia.png@f9941",
    "value": {
      "depends": [
        "48ef87fd-83b5-4802-83df-7627e6af61e7@6c48a"
      ]
    },
    "versionCode": 0
  },
  "c9cbd010-e3ca-4e58-8d55-0ac416ecb4c2": {
    "url": "db://assets/Script/Score.ts",
    "value": {},
    "versionCode": 0
  },
  "3b9d02c3-1a1b-49cd-a57b-c87f548bf848": {
    "url": "db://assets/Sprite/Rectangle 84.png",
    "value": {
      "depends": []
    },
    "versionCode": 0
  },
  "3b9d02c3-1a1b-49cd-a57b-c87f548bf848@6c48a": {
    "url": "db://assets/Sprite/Rectangle 84.png@6c48a",
    "value": {
      "depends": [
        "3b9d02c3-1a1b-49cd-a57b-c87f548bf848"
      ]
    },
    "versionCode": 0
  },
  "3b9d02c3-1a1b-49cd-a57b-c87f548bf848@f9941": {
    "url": "db://assets/Sprite/Rectangle 84.png@f9941",
    "value": {
      "depends": [
        "3b9d02c3-1a1b-49cd-a57b-c87f548bf848@6c48a"
      ]
    },
    "versionCode": 0
  },
  "2b635d46-194f-44f8-b338-5e72fa0ddaee": {
    "url": "db://assets/Sprite/PuntosFutbol2026 1.png",
    "value": {
      "depends": []
    },
    "versionCode": 0
  },
  "2b635d46-194f-44f8-b338-5e72fa0ddaee@6c48a": {
    "url": "db://assets/Sprite/PuntosFutbol2026 1.png@6c48a",
    "value": {
      "depends": [
        "2b635d46-194f-44f8-b338-5e72fa0ddaee"
      ]
    },
    "versionCode": 0
  },
  "2b635d46-194f-44f8-b338-5e72fa0ddaee@f9941": {
    "url": "db://assets/Sprite/PuntosFutbol2026 1.png@f9941",
    "value": {
      "depends": [
        "2b635d46-194f-44f8-b338-5e72fa0ddaee@6c48a"
      ]
    },
    "versionCode": 0
  },
  "bdb395e8-d54e-4ec7-ae5e-8dc6a084d09a": {
    "url": "db://assets/Animation/cancha.anim",
    "value": {
      "depends": [
        "16b99d75-b136-445f-995b-bce6efa35f58@f9941"
      ]
    },
    "versionCode": 0
  },
  "73284348-f809-40e4-8df7-c8ed0b70e9b0": {
    "url": "db://assets/Animation/canchabucle.anim",
    "value": {
      "depends": []
    },
    "versionCode": 0
  },
  "cfdda88b-1ee3-460f-a0cc-c3f47dc8e765": {
    "url": "db://assets/Sprite/balon-girando.png",
    "value": {
      "depends": []
    },
    "versionCode": 0
  },
  "cfdda88b-1ee3-460f-a0cc-c3f47dc8e765@6c48a": {
    "url": "db://assets/Sprite/balon-girando.png@6c48a",
    "value": {
      "depends": [
        "cfdda88b-1ee3-460f-a0cc-c3f47dc8e765"
      ]
    },
    "versionCode": 0
  },
  "cfdda88b-1ee3-460f-a0cc-c3f47dc8e765@f9941": {
    "url": "db://assets/Sprite/balon-girando.png@f9941",
    "value": {
      "depends": [
        "cfdda88b-1ee3-460f-a0cc-c3f47dc8e765@6c48a"
      ]
    },
    "versionCode": 0
  },
  "0da89bf3-3524-4c64-a581-3df80083c594": {
    "url": "db://assets/Animation/balon-anim.anim",
    "value": {
      "depends": [
        "5f7da1af-c6d5-4b8a-9fd7-ab597c0cc96f@f9941"
      ]
    },
    "versionCode": 0
  },
  "43653f4d-e8e6-45b2-9715-61c5ec32fb8a": {
    "url": "db://assets/Animation/balon2-anim.anim",
    "value": {
      "depends": []
    },
    "versionCode": 0
  },
  "03b858f2-7698-4ce4-8183-f3a2ef7de703": {
    "url": "db://assets/Sprite/balon-girando2.png",
    "value": {
      "depends": []
    },
    "versionCode": 0
  },
  "03b858f2-7698-4ce4-8183-f3a2ef7de703@6c48a": {
    "url": "db://assets/Sprite/balon-girando2.png@6c48a",
    "value": {
      "depends": [
        "03b858f2-7698-4ce4-8183-f3a2ef7de703"
      ]
    },
    "versionCode": 0
  },
  "03b858f2-7698-4ce4-8183-f3a2ef7de703@f9941": {
    "url": "db://assets/Sprite/balon-girando2.png@f9941",
    "value": {
      "depends": [
        "03b858f2-7698-4ce4-8183-f3a2ef7de703@6c48a"
      ]
    },
    "versionCode": 0
  },
  "1bdb8398-e155-4835-83d6-8d457bc1717a": {
    "url": "db://assets/Scene/Inicio.scene",
    "value": {
      "depends": [
        "1bdb8398-e155-4835-83d6-8d457bc1717a",
        "2a8af403-ed95-4e02-a751-527edde3609b@f9941",
        "85b7c48f-4100-440b-8442-64abf957321b@f9941",
        "39da7ed7-11ce-4335-b47d-4cceb734c447@f9941",
        "951249e0-9f16-456d-8b85-a6ca954da16b@f9941",
        "6689d8b0-9170-4c7f-8c25-16ffd76fab59@f9941",
        "3a30d5bc-e67a-457c-a839-a9554c9f558f@f9941",
        "5392801a-c60e-4f49-a7a5-ba1c0ba80c09@f9941",
        "30ec6df6-6126-49ae-8ba2-a85e1e2995b1@f9941"
      ],
      "dependScripts": [
        "4040ac00-113f-4c70-b702-dabd16e934ba",
        "a48ba88b-3c96-47d1-9b93-39739e84b177"
      ]
    },
    "versionCode": 0
  },
  "30ec6df6-6126-49ae-8ba2-a85e1e2995b1": {
    "url": "db://assets/Sprite/Runner Portada.png",
    "value": {
      "depends": []
    },
    "versionCode": 0
  },
  "30ec6df6-6126-49ae-8ba2-a85e1e2995b1@6c48a": {
    "url": "db://assets/Sprite/Runner Portada.png@6c48a",
    "value": {
      "depends": [
        "30ec6df6-6126-49ae-8ba2-a85e1e2995b1"
      ]
    },
    "versionCode": 0
  },
  "30ec6df6-6126-49ae-8ba2-a85e1e2995b1@f9941": {
    "url": "db://assets/Sprite/Runner Portada.png@f9941",
    "value": {
      "depends": [
        "30ec6df6-6126-49ae-8ba2-a85e1e2995b1@6c48a"
      ]
    },
    "versionCode": 0
  },
  "b6dccf29-e54d-4b0c-b02b-65a8a66a3e5d": {
    "url": "db://assets/Sprite/Banderas/Mexico.png",
    "value": {
      "depends": []
    },
    "versionCode": 0
  },
  "b6dccf29-e54d-4b0c-b02b-65a8a66a3e5d@6c48a": {
    "url": "db://assets/Sprite/Banderas/Mexico.png@6c48a",
    "value": {
      "depends": [
        "b6dccf29-e54d-4b0c-b02b-65a8a66a3e5d"
      ]
    },
    "versionCode": 0
  },
  "b6dccf29-e54d-4b0c-b02b-65a8a66a3e5d@f9941": {
    "url": "db://assets/Sprite/Banderas/Mexico.png@f9941",
    "value": {
      "depends": [
        "b6dccf29-e54d-4b0c-b02b-65a8a66a3e5d@6c48a"
      ]
    },
    "versionCode": 0
  },
  "fa0e5a9d-2a97-4d19-886e-21a85ed5328b": {
    "url": "db://assets/Sprite/Banderas/USA.png",
    "value": {
      "depends": []
    },
    "versionCode": 0
  },
  "fa0e5a9d-2a97-4d19-886e-21a85ed5328b@6c48a": {
    "url": "db://assets/Sprite/Banderas/USA.png@6c48a",
    "value": {
      "depends": [
        "fa0e5a9d-2a97-4d19-886e-21a85ed5328b"
      ]
    },
    "versionCode": 0
  },
  "fa0e5a9d-2a97-4d19-886e-21a85ed5328b@f9941": {
    "url": "db://assets/Sprite/Banderas/USA.png@f9941",
    "value": {
      "depends": [
        "fa0e5a9d-2a97-4d19-886e-21a85ed5328b@6c48a"
      ]
    },
    "versionCode": 0
  },
  "d639f39a-6113-4a09-a71e-73c1116ce0d5": {
    "url": "db://assets/Sprite/Banderas/Canada.png",
    "value": {
      "depends": []
    },
    "versionCode": 0
  },
  "d639f39a-6113-4a09-a71e-73c1116ce0d5@6c48a": {
    "url": "db://assets/Sprite/Banderas/Canada.png@6c48a",
    "value": {
      "depends": [
        "d639f39a-6113-4a09-a71e-73c1116ce0d5"
      ]
    },
    "versionCode": 0
  },
  "d639f39a-6113-4a09-a71e-73c1116ce0d5@f9941": {
    "url": "db://assets/Sprite/Banderas/Canada.png@f9941",
    "value": {
      "depends": [
        "d639f39a-6113-4a09-a71e-73c1116ce0d5@6c48a"
      ]
    },
    "versionCode": 0
  },
  "f406fa5b-cd4a-4164-973c-6c078dcc47ab": {
    "url": "db://assets/Sprite/Banderas/Mexico2.png",
    "value": {
      "depends": []
    },
    "versionCode": 0
  },
  "f406fa5b-cd4a-4164-973c-6c078dcc47ab@6c48a": {
    "url": "db://assets/Sprite/Banderas/Mexico2.png@6c48a",
    "value": {
      "depends": [
        "f406fa5b-cd4a-4164-973c-6c078dcc47ab"
      ]
    },
    "versionCode": 0
  },
  "f406fa5b-cd4a-4164-973c-6c078dcc47ab@f9941": {
    "url": "db://assets/Sprite/Banderas/Mexico2.png@f9941",
    "value": {
      "depends": [
        "f406fa5b-cd4a-4164-973c-6c078dcc47ab@6c48a"
      ]
    },
    "versionCode": 0
  },
  "4b5f4c33-1c35-4961-8487-c5e87c315143": {
    "url": "db://assets/Sprite/Banderas/Canda2.png",
    "value": {
      "depends": []
    },
    "versionCode": 0
  },
  "4b5f4c33-1c35-4961-8487-c5e87c315143@6c48a": {
    "url": "db://assets/Sprite/Banderas/Canda2.png@6c48a",
    "value": {
      "depends": [
        "4b5f4c33-1c35-4961-8487-c5e87c315143"
      ]
    },
    "versionCode": 0
  },
  "4b5f4c33-1c35-4961-8487-c5e87c315143@f9941": {
    "url": "db://assets/Sprite/Banderas/Canda2.png@f9941",
    "value": {
      "depends": [
        "4b5f4c33-1c35-4961-8487-c5e87c315143@6c48a"
      ]
    },
    "versionCode": 0
  },
  "e5e61651-adee-416c-864d-f0a963acb66c": {
    "url": "db://assets/Sprite/Banderas/USA2.png",
    "value": {
      "depends": []
    },
    "versionCode": 0
  },
  "e5e61651-adee-416c-864d-f0a963acb66c@6c48a": {
    "url": "db://assets/Sprite/Banderas/USA2.png@6c48a",
    "value": {
      "depends": [
        "e5e61651-adee-416c-864d-f0a963acb66c"
      ]
    },
    "versionCode": 0
  },
  "e5e61651-adee-416c-864d-f0a963acb66c@f9941": {
    "url": "db://assets/Sprite/Banderas/USA2.png@f9941",
    "value": {
      "depends": [
        "e5e61651-adee-416c-864d-f0a963acb66c@6c48a"
      ]
    },
    "versionCode": 0
  },
  "c392c096-5587-478e-961f-b6735a9cc0b5": {
    "url": "db://assets/Sprite/Jugador-USA.png",
    "value": {
      "depends": []
    },
    "versionCode": 0
  },
  "c392c096-5587-478e-961f-b6735a9cc0b5@6c48a": {
    "url": "db://assets/Sprite/Jugador-USA.png@6c48a",
    "value": {
      "depends": [
        "c392c096-5587-478e-961f-b6735a9cc0b5"
      ]
    },
    "versionCode": 0
  },
  "c392c096-5587-478e-961f-b6735a9cc0b5@f9941": {
    "url": "db://assets/Sprite/Jugador-USA.png@f9941",
    "value": {
      "depends": [
        "c392c096-5587-478e-961f-b6735a9cc0b5@6c48a"
      ]
    },
    "versionCode": 0
  },
  "85b89067-7e09-431b-9af1-660d9c38e02c": {
    "url": "db://assets/Sprite/Jugador-Canada.png",
    "value": {
      "depends": []
    },
    "versionCode": 0
  },
  "85b89067-7e09-431b-9af1-660d9c38e02c@6c48a": {
    "url": "db://assets/Sprite/Jugador-Canada.png@6c48a",
    "value": {
      "depends": [
        "85b89067-7e09-431b-9af1-660d9c38e02c"
      ]
    },
    "versionCode": 0
  },
  "85b89067-7e09-431b-9af1-660d9c38e02c@f9941": {
    "url": "db://assets/Sprite/Jugador-Canada.png@f9941",
    "value": {
      "depends": [
        "85b89067-7e09-431b-9af1-660d9c38e02c@6c48a"
      ]
    },
    "versionCode": 0
  },
  "2ebd5b39-f587-4618-a905-772485508cd0": {
    "url": "db://assets/Sprite/Player-USA.png",
    "value": {
      "depends": []
    },
    "versionCode": 0
  },
  "2ebd5b39-f587-4618-a905-772485508cd0@6c48a": {
    "url": "db://assets/Sprite/Player-USA.png@6c48a",
    "value": {
      "depends": [
        "2ebd5b39-f587-4618-a905-772485508cd0"
      ]
    },
    "versionCode": 0
  },
  "2ebd5b39-f587-4618-a905-772485508cd0@f9941": {
    "url": "db://assets/Sprite/Player-USA.png@f9941",
    "value": {
      "depends": [
        "2ebd5b39-f587-4618-a905-772485508cd0@6c48a"
      ]
    },
    "versionCode": 0
  },
  "0e01608f-fa44-4f32-bad8-c1a64f957be4": {
    "url": "db://assets/Sprite/Player-Mexico.png",
    "value": {
      "depends": []
    },
    "versionCode": 0
  },
  "0e01608f-fa44-4f32-bad8-c1a64f957be4@6c48a": {
    "url": "db://assets/Sprite/Player-Mexico.png@6c48a",
    "value": {
      "depends": [
        "0e01608f-fa44-4f32-bad8-c1a64f957be4"
      ]
    },
    "versionCode": 0
  },
  "0e01608f-fa44-4f32-bad8-c1a64f957be4@f9941": {
    "url": "db://assets/Sprite/Player-Mexico.png@f9941",
    "value": {
      "depends": [
        "0e01608f-fa44-4f32-bad8-c1a64f957be4@6c48a"
      ]
    },
    "versionCode": 0
  },
  "4daf8189-9c86-4e11-ad73-71b573f979cf": {
    "url": "db://assets/Sprite/Jugador-Mexico.png",
    "value": {
      "depends": []
    },
    "versionCode": 0
  },
  "4daf8189-9c86-4e11-ad73-71b573f979cf@6c48a": {
    "url": "db://assets/Sprite/Jugador-Mexico.png@6c48a",
    "value": {
      "depends": [
        "4daf8189-9c86-4e11-ad73-71b573f979cf"
      ]
    },
    "versionCode": 0
  },
  "4daf8189-9c86-4e11-ad73-71b573f979cf@f9941": {
    "url": "db://assets/Sprite/Jugador-Mexico.png@f9941",
    "value": {
      "depends": [
        "4daf8189-9c86-4e11-ad73-71b573f979cf@6c48a"
      ]
    },
    "versionCode": 0
  },
  "82ab8c1b-5bb4-42b1-b113-9410f077c8f0": {
    "url": "db://assets/Sprite/Player-Canada.png",
    "value": {
      "depends": []
    },
    "versionCode": 0
  },
  "82ab8c1b-5bb4-42b1-b113-9410f077c8f0@6c48a": {
    "url": "db://assets/Sprite/Player-Canada.png@6c48a",
    "value": {
      "depends": [
        "82ab8c1b-5bb4-42b1-b113-9410f077c8f0"
      ]
    },
    "versionCode": 0
  },
  "82ab8c1b-5bb4-42b1-b113-9410f077c8f0@f9941": {
    "url": "db://assets/Sprite/Player-Canada.png@f9941",
    "value": {
      "depends": [
        "82ab8c1b-5bb4-42b1-b113-9410f077c8f0@6c48a"
      ]
    },
    "versionCode": 0
  },
  "231f3b9e-4385-4e63-ab4c-d497440fcc08": {
    "url": "db://assets/Script/Equipos.ts",
    "value": {},
    "versionCode": 0
  },
  "c9c9b676-20af-4627-9167-a125c2d77938": {
    "url": "db://assets/Sprite/Penaltis-internacional Volver-H.png",
    "value": {
      "depends": []
    },
    "versionCode": 0
  },
  "c9c9b676-20af-4627-9167-a125c2d77938@6c48a": {
    "url": "db://assets/Sprite/Penaltis-internacional Volver-H.png@6c48a",
    "value": {
      "depends": [
        "c9c9b676-20af-4627-9167-a125c2d77938"
      ]
    },
    "versionCode": 0
  },
  "c9c9b676-20af-4627-9167-a125c2d77938@f9941": {
    "url": "db://assets/Sprite/Penaltis-internacional Volver-H.png@f9941",
    "value": {
      "depends": [
        "c9c9b676-20af-4627-9167-a125c2d77938@6c48a"
      ]
    },
    "versionCode": 0
  },
  "39da7ed7-11ce-4335-b47d-4cceb734c447": {
    "url": "db://assets/Sprite/Penaltis-internacional-inicio-P.png",
    "value": {
      "depends": []
    },
    "versionCode": 0
  },
  "39da7ed7-11ce-4335-b47d-4cceb734c447@6c48a": {
    "url": "db://assets/Sprite/Penaltis-internacional-inicio-P.png@6c48a",
    "value": {
      "depends": [
        "39da7ed7-11ce-4335-b47d-4cceb734c447"
      ]
    },
    "versionCode": 0
  },
  "39da7ed7-11ce-4335-b47d-4cceb734c447@f9941": {
    "url": "db://assets/Sprite/Penaltis-internacional-inicio-P.png@f9941",
    "value": {
      "depends": [
        "39da7ed7-11ce-4335-b47d-4cceb734c447@6c48a"
      ]
    },
    "versionCode": 0
  },
  "85b7c48f-4100-440b-8442-64abf957321b": {
    "url": "db://assets/Sprite/Penaltis-internacional-inicio-H.png",
    "value": {
      "depends": []
    },
    "versionCode": 0
  },
  "85b7c48f-4100-440b-8442-64abf957321b@6c48a": {
    "url": "db://assets/Sprite/Penaltis-internacional-inicio-H.png@6c48a",
    "value": {
      "depends": [
        "85b7c48f-4100-440b-8442-64abf957321b"
      ]
    },
    "versionCode": 0
  },
  "85b7c48f-4100-440b-8442-64abf957321b@f9941": {
    "url": "db://assets/Sprite/Penaltis-internacional-inicio-H.png@f9941",
    "value": {
      "depends": [
        "85b7c48f-4100-440b-8442-64abf957321b@6c48a"
      ]
    },
    "versionCode": 0
  },
  "2a8af403-ed95-4e02-a751-527edde3609b": {
    "url": "db://assets/Sprite/Penaltis-internacional-inicio.png",
    "value": {
      "depends": []
    },
    "versionCode": 0
  },
  "2a8af403-ed95-4e02-a751-527edde3609b@6c48a": {
    "url": "db://assets/Sprite/Penaltis-internacional-inicio.png@6c48a",
    "value": {
      "depends": [
        "2a8af403-ed95-4e02-a751-527edde3609b"
      ]
    },
    "versionCode": 0
  },
  "2a8af403-ed95-4e02-a751-527edde3609b@f9941": {
    "url": "db://assets/Sprite/Penaltis-internacional-inicio.png@f9941",
    "value": {
      "depends": [
        "2a8af403-ed95-4e02-a751-527edde3609b@6c48a"
      ]
    },
    "versionCode": 0
  },
  "0405ca0f-3afe-4fbd-964f-fdf136f5daec": {
    "url": "db://assets/Sprite/Penaltis-internacional Volver-P.png",
    "value": {
      "depends": []
    },
    "versionCode": 0
  },
  "0405ca0f-3afe-4fbd-964f-fdf136f5daec@6c48a": {
    "url": "db://assets/Sprite/Penaltis-internacional Volver-P.png@6c48a",
    "value": {
      "depends": [
        "0405ca0f-3afe-4fbd-964f-fdf136f5daec"
      ]
    },
    "versionCode": 0
  },
  "0405ca0f-3afe-4fbd-964f-fdf136f5daec@f9941": {
    "url": "db://assets/Sprite/Penaltis-internacional Volver-P.png@f9941",
    "value": {
      "depends": [
        "0405ca0f-3afe-4fbd-964f-fdf136f5daec@6c48a"
      ]
    },
    "versionCode": 0
  },
  "b987a266-b90f-4de9-b80e-f3fad75ecc37": {
    "url": "db://assets/Sprite/Penaltis-internacional Volver.png",
    "value": {
      "depends": []
    },
    "versionCode": 0
  },
  "b987a266-b90f-4de9-b80e-f3fad75ecc37@6c48a": {
    "url": "db://assets/Sprite/Penaltis-internacional Volver.png@6c48a",
    "value": {
      "depends": [
        "b987a266-b90f-4de9-b80e-f3fad75ecc37"
      ]
    },
    "versionCode": 0
  },
  "b987a266-b90f-4de9-b80e-f3fad75ecc37@f9941": {
    "url": "db://assets/Sprite/Penaltis-internacional Volver.png@f9941",
    "value": {
      "depends": [
        "b987a266-b90f-4de9-b80e-f3fad75ecc37@6c48a"
      ]
    },
    "versionCode": 0
  },
  "4040ac00-113f-4c70-b702-dabd16e934ba": {
    "url": "db://assets/Script/ButtonMessage.ts",
    "value": {},
    "versionCode": 0
  },
  "c23e0f2c-4008-4810-8697-12e7ea1616f0": {
    "url": "db://assets/Sprite/Banderas/Alemania2.png",
    "value": {
      "depends": []
    },
    "versionCode": 0
  },
  "c23e0f2c-4008-4810-8697-12e7ea1616f0@6c48a": {
    "url": "db://assets/Sprite/Banderas/Alemania2.png@6c48a",
    "value": {
      "depends": [
        "c23e0f2c-4008-4810-8697-12e7ea1616f0"
      ]
    },
    "versionCode": 0
  },
  "c23e0f2c-4008-4810-8697-12e7ea1616f0@f9941": {
    "url": "db://assets/Sprite/Banderas/Alemania2.png@f9941",
    "value": {
      "depends": [
        "c23e0f2c-4008-4810-8697-12e7ea1616f0@6c48a"
      ]
    },
    "versionCode": 0
  },
  "3dde8754-2e1f-4e80-b5e4-369a33d2217f": {
    "url": "db://assets/Sprite/Banderas/Corea.png",
    "value": {
      "depends": []
    },
    "versionCode": 0
  },
  "3dde8754-2e1f-4e80-b5e4-369a33d2217f@6c48a": {
    "url": "db://assets/Sprite/Banderas/Corea.png@6c48a",
    "value": {
      "depends": [
        "3dde8754-2e1f-4e80-b5e4-369a33d2217f"
      ]
    },
    "versionCode": 0
  },
  "3dde8754-2e1f-4e80-b5e4-369a33d2217f@f9941": {
    "url": "db://assets/Sprite/Banderas/Corea.png@f9941",
    "value": {
      "depends": [
        "3dde8754-2e1f-4e80-b5e4-369a33d2217f@6c48a"
      ]
    },
    "versionCode": 0
  },
  "4aef43a6-bf11-4af3-9ce0-0d29af2a896d": {
    "url": "db://assets/Sprite/Banderas/Alemania.png",
    "value": {
      "depends": []
    },
    "versionCode": 0
  },
  "4aef43a6-bf11-4af3-9ce0-0d29af2a896d@6c48a": {
    "url": "db://assets/Sprite/Banderas/Alemania.png@6c48a",
    "value": {
      "depends": [
        "4aef43a6-bf11-4af3-9ce0-0d29af2a896d"
      ]
    },
    "versionCode": 0
  },
  "4aef43a6-bf11-4af3-9ce0-0d29af2a896d@f9941": {
    "url": "db://assets/Sprite/Banderas/Alemania.png@f9941",
    "value": {
      "depends": [
        "4aef43a6-bf11-4af3-9ce0-0d29af2a896d@6c48a"
      ]
    },
    "versionCode": 0
  },
  "a219ceb7-3b7f-43a9-934e-710cef764ec7": {
    "url": "db://assets/Sprite/Banderas/Francia.png",
    "value": {
      "depends": []
    },
    "versionCode": 0
  },
  "a219ceb7-3b7f-43a9-934e-710cef764ec7@6c48a": {
    "url": "db://assets/Sprite/Banderas/Francia.png@6c48a",
    "value": {
      "depends": [
        "a219ceb7-3b7f-43a9-934e-710cef764ec7"
      ]
    },
    "versionCode": 0
  },
  "a219ceb7-3b7f-43a9-934e-710cef764ec7@f9941": {
    "url": "db://assets/Sprite/Banderas/Francia.png@f9941",
    "value": {
      "depends": [
        "a219ceb7-3b7f-43a9-934e-710cef764ec7@6c48a"
      ]
    },
    "versionCode": 0
  },
  "9d5f3741-235d-4ed1-a74f-f704c72de433": {
    "url": "db://assets/Sprite/Banderas/Francia2.png",
    "value": {
      "depends": []
    },
    "versionCode": 0
  },
  "9d5f3741-235d-4ed1-a74f-f704c72de433@6c48a": {
    "url": "db://assets/Sprite/Banderas/Francia2.png@6c48a",
    "value": {
      "depends": [
        "9d5f3741-235d-4ed1-a74f-f704c72de433"
      ]
    },
    "versionCode": 0
  },
  "9d5f3741-235d-4ed1-a74f-f704c72de433@f9941": {
    "url": "db://assets/Sprite/Banderas/Francia2.png@f9941",
    "value": {
      "depends": [
        "9d5f3741-235d-4ed1-a74f-f704c72de433@6c48a"
      ]
    },
    "versionCode": 0
  },
  "b927e5bc-4a53-4fe4-8a2b-b3ee0782c372": {
    "url": "db://assets/Sprite/Banderas/Holanda.png",
    "value": {
      "depends": []
    },
    "versionCode": 0
  },
  "b927e5bc-4a53-4fe4-8a2b-b3ee0782c372@6c48a": {
    "url": "db://assets/Sprite/Banderas/Holanda.png@6c48a",
    "value": {
      "depends": [
        "b927e5bc-4a53-4fe4-8a2b-b3ee0782c372"
      ]
    },
    "versionCode": 0
  },
  "b927e5bc-4a53-4fe4-8a2b-b3ee0782c372@f9941": {
    "url": "db://assets/Sprite/Banderas/Holanda.png@f9941",
    "value": {
      "depends": [
        "b927e5bc-4a53-4fe4-8a2b-b3ee0782c372@6c48a"
      ]
    },
    "versionCode": 0
  },
  "d7bcc432-7c26-4f65-a72b-b7f58e08cddc": {
    "url": "db://assets/Sprite/Banderas/Corea2.png",
    "value": {
      "depends": []
    },
    "versionCode": 0
  },
  "d7bcc432-7c26-4f65-a72b-b7f58e08cddc@6c48a": {
    "url": "db://assets/Sprite/Banderas/Corea2.png@6c48a",
    "value": {
      "depends": [
        "d7bcc432-7c26-4f65-a72b-b7f58e08cddc"
      ]
    },
    "versionCode": 0
  },
  "d7bcc432-7c26-4f65-a72b-b7f58e08cddc@f9941": {
    "url": "db://assets/Sprite/Banderas/Corea2.png@f9941",
    "value": {
      "depends": [
        "d7bcc432-7c26-4f65-a72b-b7f58e08cddc@6c48a"
      ]
    },
    "versionCode": 0
  },
  "23e0ad0e-9113-46b1-8010-a97bc9e24ae2": {
    "url": "db://assets/Sprite/Banderas/Italia.png",
    "value": {
      "depends": []
    },
    "versionCode": 0
  },
  "23e0ad0e-9113-46b1-8010-a97bc9e24ae2@6c48a": {
    "url": "db://assets/Sprite/Banderas/Italia.png@6c48a",
    "value": {
      "depends": [
        "23e0ad0e-9113-46b1-8010-a97bc9e24ae2"
      ]
    },
    "versionCode": 0
  },
  "23e0ad0e-9113-46b1-8010-a97bc9e24ae2@f9941": {
    "url": "db://assets/Sprite/Banderas/Italia.png@f9941",
    "value": {
      "depends": [
        "23e0ad0e-9113-46b1-8010-a97bc9e24ae2@6c48a"
      ]
    },
    "versionCode": 0
  },
  "05d3c3f5-bc73-4f00-a2bb-e2171c90267e": {
    "url": "db://assets/Sprite/Banderas/Inglaterra.png",
    "value": {
      "depends": []
    },
    "versionCode": 0
  },
  "05d3c3f5-bc73-4f00-a2bb-e2171c90267e@6c48a": {
    "url": "db://assets/Sprite/Banderas/Inglaterra.png@6c48a",
    "value": {
      "depends": [
        "05d3c3f5-bc73-4f00-a2bb-e2171c90267e"
      ]
    },
    "versionCode": 0
  },
  "05d3c3f5-bc73-4f00-a2bb-e2171c90267e@f9941": {
    "url": "db://assets/Sprite/Banderas/Inglaterra.png@f9941",
    "value": {
      "depends": [
        "05d3c3f5-bc73-4f00-a2bb-e2171c90267e@6c48a"
      ]
    },
    "versionCode": 0
  },
  "6f572983-e6e6-4e29-ac8d-c251d22a9e49": {
    "url": "db://assets/Sprite/Banderas/Holanda2.png",
    "value": {
      "depends": []
    },
    "versionCode": 0
  },
  "6f572983-e6e6-4e29-ac8d-c251d22a9e49@6c48a": {
    "url": "db://assets/Sprite/Banderas/Holanda2.png@6c48a",
    "value": {
      "depends": [
        "6f572983-e6e6-4e29-ac8d-c251d22a9e49"
      ]
    },
    "versionCode": 0
  },
  "6f572983-e6e6-4e29-ac8d-c251d22a9e49@f9941": {
    "url": "db://assets/Sprite/Banderas/Holanda2.png@f9941",
    "value": {
      "depends": [
        "6f572983-e6e6-4e29-ac8d-c251d22a9e49@6c48a"
      ]
    },
    "versionCode": 0
  },
  "6eb6d1be-7da3-45d8-85e6-325d16019e03": {
    "url": "db://assets/Sprite/Banderas/Inglaterra2.png",
    "value": {
      "depends": []
    },
    "versionCode": 0
  },
  "6eb6d1be-7da3-45d8-85e6-325d16019e03@6c48a": {
    "url": "db://assets/Sprite/Banderas/Inglaterra2.png@6c48a",
    "value": {
      "depends": [
        "6eb6d1be-7da3-45d8-85e6-325d16019e03"
      ]
    },
    "versionCode": 0
  },
  "6eb6d1be-7da3-45d8-85e6-325d16019e03@f9941": {
    "url": "db://assets/Sprite/Banderas/Inglaterra2.png@f9941",
    "value": {
      "depends": [
        "6eb6d1be-7da3-45d8-85e6-325d16019e03@6c48a"
      ]
    },
    "versionCode": 0
  },
  "065d3373-983e-4b8f-976f-a4816946197a": {
    "url": "db://assets/Sprite/Banderas/Italia2.png",
    "value": {
      "depends": []
    },
    "versionCode": 0
  },
  "065d3373-983e-4b8f-976f-a4816946197a@6c48a": {
    "url": "db://assets/Sprite/Banderas/Italia2.png@6c48a",
    "value": {
      "depends": [
        "065d3373-983e-4b8f-976f-a4816946197a"
      ]
    },
    "versionCode": 0
  },
  "065d3373-983e-4b8f-976f-a4816946197a@f9941": {
    "url": "db://assets/Sprite/Banderas/Italia2.png@f9941",
    "value": {
      "depends": [
        "065d3373-983e-4b8f-976f-a4816946197a@6c48a"
      ]
    },
    "versionCode": 0
  },
  "56188023-9368-4907-b44e-056e61a2d551": {
    "url": "db://assets/Sprite/Banderas/Japon2.png",
    "value": {
      "depends": []
    },
    "versionCode": 0
  },
  "56188023-9368-4907-b44e-056e61a2d551@6c48a": {
    "url": "db://assets/Sprite/Banderas/Japon2.png@6c48a",
    "value": {
      "depends": [
        "56188023-9368-4907-b44e-056e61a2d551"
      ]
    },
    "versionCode": 0
  },
  "56188023-9368-4907-b44e-056e61a2d551@f9941": {
    "url": "db://assets/Sprite/Banderas/Japon2.png@f9941",
    "value": {
      "depends": [
        "56188023-9368-4907-b44e-056e61a2d551@6c48a"
      ]
    },
    "versionCode": 0
  },
  "10717e69-17ee-401a-b80b-c57ef960255b": {
    "url": "db://assets/Sprite/Banderas/Portugal.png",
    "value": {
      "depends": []
    },
    "versionCode": 0
  },
  "10717e69-17ee-401a-b80b-c57ef960255b@6c48a": {
    "url": "db://assets/Sprite/Banderas/Portugal.png@6c48a",
    "value": {
      "depends": [
        "10717e69-17ee-401a-b80b-c57ef960255b"
      ]
    },
    "versionCode": 0
  },
  "10717e69-17ee-401a-b80b-c57ef960255b@f9941": {
    "url": "db://assets/Sprite/Banderas/Portugal.png@f9941",
    "value": {
      "depends": [
        "10717e69-17ee-401a-b80b-c57ef960255b@6c48a"
      ]
    },
    "versionCode": 0
  },
  "74f318bb-d74e-463b-be12-fb058889d3ef": {
    "url": "db://assets/Sprite/Banderas/Japon.png",
    "value": {
      "depends": []
    },
    "versionCode": 0
  },
  "74f318bb-d74e-463b-be12-fb058889d3ef@6c48a": {
    "url": "db://assets/Sprite/Banderas/Japon.png@6c48a",
    "value": {
      "depends": [
        "74f318bb-d74e-463b-be12-fb058889d3ef"
      ]
    },
    "versionCode": 0
  },
  "74f318bb-d74e-463b-be12-fb058889d3ef@f9941": {
    "url": "db://assets/Sprite/Banderas/Japon.png@f9941",
    "value": {
      "depends": [
        "74f318bb-d74e-463b-be12-fb058889d3ef@6c48a"
      ]
    },
    "versionCode": 0
  },
  "f5ffe96d-70bb-466d-bd75-4d344478ad6f": {
    "url": "db://assets/Sprite/Banderas/Portugal2.png",
    "value": {
      "depends": []
    },
    "versionCode": 0
  },
  "f5ffe96d-70bb-466d-bd75-4d344478ad6f@6c48a": {
    "url": "db://assets/Sprite/Banderas/Portugal2.png@6c48a",
    "value": {
      "depends": [
        "f5ffe96d-70bb-466d-bd75-4d344478ad6f"
      ]
    },
    "versionCode": 0
  },
  "f5ffe96d-70bb-466d-bd75-4d344478ad6f@f9941": {
    "url": "db://assets/Sprite/Banderas/Portugal2.png@f9941",
    "value": {
      "depends": [
        "f5ffe96d-70bb-466d-bd75-4d344478ad6f@6c48a"
      ]
    },
    "versionCode": 0
  },
  "a07c1539-5907-410d-b166-af86439b08f0": {
    "url": "db://assets/Sprite/Penaltis_seleccion2.png",
    "value": {
      "depends": []
    },
    "versionCode": 0
  },
  "a07c1539-5907-410d-b166-af86439b08f0@6c48a": {
    "url": "db://assets/Sprite/Penaltis_seleccion2.png@6c48a",
    "value": {
      "depends": [
        "a07c1539-5907-410d-b166-af86439b08f0"
      ]
    },
    "versionCode": 0
  },
  "a07c1539-5907-410d-b166-af86439b08f0@f9941": {
    "url": "db://assets/Sprite/Penaltis_seleccion2.png@f9941",
    "value": {
      "depends": [
        "a07c1539-5907-410d-b166-af86439b08f0@6c48a"
      ]
    },
    "versionCode": 0
  },
  "52ca9f57-1304-4a02-bc8e-02936bf993c2": {
    "url": "db://assets/Sprite/Jugador-Francia.png",
    "value": {
      "depends": []
    },
    "versionCode": 0
  },
  "52ca9f57-1304-4a02-bc8e-02936bf993c2@6c48a": {
    "url": "db://assets/Sprite/Jugador-Francia.png@6c48a",
    "value": {
      "depends": [
        "52ca9f57-1304-4a02-bc8e-02936bf993c2"
      ]
    },
    "versionCode": 0
  },
  "52ca9f57-1304-4a02-bc8e-02936bf993c2@f9941": {
    "url": "db://assets/Sprite/Jugador-Francia.png@f9941",
    "value": {
      "depends": [
        "52ca9f57-1304-4a02-bc8e-02936bf993c2@6c48a"
      ]
    },
    "versionCode": 0
  },
  "23ac17a6-bf45-47e8-95e5-898b111e9a77": {
    "url": "db://assets/Sprite/Jugador-Holanda.png",
    "value": {
      "depends": []
    },
    "versionCode": 0
  },
  "23ac17a6-bf45-47e8-95e5-898b111e9a77@6c48a": {
    "url": "db://assets/Sprite/Jugador-Holanda.png@6c48a",
    "value": {
      "depends": [
        "23ac17a6-bf45-47e8-95e5-898b111e9a77"
      ]
    },
    "versionCode": 0
  },
  "23ac17a6-bf45-47e8-95e5-898b111e9a77@f9941": {
    "url": "db://assets/Sprite/Jugador-Holanda.png@f9941",
    "value": {
      "depends": [
        "23ac17a6-bf45-47e8-95e5-898b111e9a77@6c48a"
      ]
    },
    "versionCode": 0
  },
  "7b0c26ee-e33f-40db-81fd-ef9e262f21e2": {
    "url": "db://assets/Sprite/Jugador-Italia.png",
    "value": {
      "depends": []
    },
    "versionCode": 0
  },
  "7b0c26ee-e33f-40db-81fd-ef9e262f21e2@6c48a": {
    "url": "db://assets/Sprite/Jugador-Italia.png@6c48a",
    "value": {
      "depends": [
        "7b0c26ee-e33f-40db-81fd-ef9e262f21e2"
      ]
    },
    "versionCode": 0
  },
  "7b0c26ee-e33f-40db-81fd-ef9e262f21e2@f9941": {
    "url": "db://assets/Sprite/Jugador-Italia.png@f9941",
    "value": {
      "depends": [
        "7b0c26ee-e33f-40db-81fd-ef9e262f21e2@6c48a"
      ]
    },
    "versionCode": 0
  },
  "e365dca2-437a-46a4-a26a-71e9361649a6": {
    "url": "db://assets/Sprite/Jugador-Inglaterra.png",
    "value": {
      "depends": []
    },
    "versionCode": 0
  },
  "e365dca2-437a-46a4-a26a-71e9361649a6@6c48a": {
    "url": "db://assets/Sprite/Jugador-Inglaterra.png@6c48a",
    "value": {
      "depends": [
        "e365dca2-437a-46a4-a26a-71e9361649a6"
      ]
    },
    "versionCode": 0
  },
  "e365dca2-437a-46a4-a26a-71e9361649a6@f9941": {
    "url": "db://assets/Sprite/Jugador-Inglaterra.png@f9941",
    "value": {
      "depends": [
        "e365dca2-437a-46a4-a26a-71e9361649a6@6c48a"
      ]
    },
    "versionCode": 0
  },
  "ee1d0940-d146-4390-b330-826f6fe756c7": {
    "url": "db://assets/Sprite/Jugador-Japon.png",
    "value": {
      "depends": []
    },
    "versionCode": 0
  },
  "ee1d0940-d146-4390-b330-826f6fe756c7@6c48a": {
    "url": "db://assets/Sprite/Jugador-Japon.png@6c48a",
    "value": {
      "depends": [
        "ee1d0940-d146-4390-b330-826f6fe756c7"
      ]
    },
    "versionCode": 0
  },
  "ee1d0940-d146-4390-b330-826f6fe756c7@f9941": {
    "url": "db://assets/Sprite/Jugador-Japon.png@f9941",
    "value": {
      "depends": [
        "ee1d0940-d146-4390-b330-826f6fe756c7@6c48a"
      ]
    },
    "versionCode": 0
  },
  "edb82797-7891-4e07-b146-4e3c1821a31d": {
    "url": "db://assets/Sprite/Jugador-Portugal.png",
    "value": {
      "depends": []
    },
    "versionCode": 0
  },
  "edb82797-7891-4e07-b146-4e3c1821a31d@6c48a": {
    "url": "db://assets/Sprite/Jugador-Portugal.png@6c48a",
    "value": {
      "depends": [
        "edb82797-7891-4e07-b146-4e3c1821a31d"
      ]
    },
    "versionCode": 0
  },
  "edb82797-7891-4e07-b146-4e3c1821a31d@f9941": {
    "url": "db://assets/Sprite/Jugador-Portugal.png@f9941",
    "value": {
      "depends": [
        "edb82797-7891-4e07-b146-4e3c1821a31d@6c48a"
      ]
    },
    "versionCode": 0
  },
  "7921783e-7bfa-4569-a613-51632507be06": {
    "url": "db://assets/Sprite/Japon_portero.png",
    "value": {},
    "versionCode": 0
  },
  "7921783e-7bfa-4569-a613-51632507be06@6c48a": {
    "url": "db://assets/Sprite/Japon_portero.png@6c48a",
    "value": {
      "depends": [
        "7921783e-7bfa-4569-a613-51632507be06"
      ]
    },
    "versionCode": 0
  },
  "7921783e-7bfa-4569-a613-51632507be06@f9941": {
    "url": "db://assets/Sprite/Japon_portero.png@f9941",
    "value": {
      "depends": [
        "7921783e-7bfa-4569-a613-51632507be06@6c48a"
      ]
    },
    "versionCode": 0
  },
  "93bc239a-329b-4a27-955e-0f00ce422a9b": {
    "url": "db://assets/Sprite/Japon-1.png",
    "value": {},
    "versionCode": 0
  },
  "93bc239a-329b-4a27-955e-0f00ce422a9b@6c48a": {
    "url": "db://assets/Sprite/Japon-1.png@6c48a",
    "value": {
      "depends": [
        "93bc239a-329b-4a27-955e-0f00ce422a9b"
      ]
    },
    "versionCode": 0
  },
  "93bc239a-329b-4a27-955e-0f00ce422a9b@f9941": {
    "url": "db://assets/Sprite/Japon-1.png@f9941",
    "value": {
      "depends": [
        "93bc239a-329b-4a27-955e-0f00ce422a9b@6c48a"
      ]
    },
    "versionCode": 0
  },
  "ef875380-07ce-4c61-a12f-91d6ddfad5f7": {
    "url": "db://assets/Sprite/Jugador-Alemania.png",
    "value": {
      "depends": []
    },
    "versionCode": 0
  },
  "ef875380-07ce-4c61-a12f-91d6ddfad5f7@6c48a": {
    "url": "db://assets/Sprite/Jugador-Alemania.png@6c48a",
    "value": {
      "depends": [
        "ef875380-07ce-4c61-a12f-91d6ddfad5f7"
      ]
    },
    "versionCode": 0
  },
  "ef875380-07ce-4c61-a12f-91d6ddfad5f7@f9941": {
    "url": "db://assets/Sprite/Jugador-Alemania.png@f9941",
    "value": {
      "depends": [
        "ef875380-07ce-4c61-a12f-91d6ddfad5f7@6c48a"
      ]
    },
    "versionCode": 0
  },
  "1d1a2ab1-a91e-45ca-8e8c-3119549ced94": {
    "url": "db://assets/Sprite/Jugador-Corea.png",
    "value": {
      "depends": []
    },
    "versionCode": 0
  },
  "1d1a2ab1-a91e-45ca-8e8c-3119549ced94@6c48a": {
    "url": "db://assets/Sprite/Jugador-Corea.png@6c48a",
    "value": {
      "depends": [
        "1d1a2ab1-a91e-45ca-8e8c-3119549ced94"
      ]
    },
    "versionCode": 0
  },
  "1d1a2ab1-a91e-45ca-8e8c-3119549ced94@f9941": {
    "url": "db://assets/Sprite/Jugador-Corea.png@f9941",
    "value": {
      "depends": [
        "1d1a2ab1-a91e-45ca-8e8c-3119549ced94@6c48a"
      ]
    },
    "versionCode": 0
  },
  "deedd826-e359-42d6-9734-99f37c2678d3": {
    "url": "db://assets/Sprite/Player-Alemania.png",
    "value": {
      "depends": []
    },
    "versionCode": 0
  },
  "deedd826-e359-42d6-9734-99f37c2678d3@6c48a": {
    "url": "db://assets/Sprite/Player-Alemania.png@6c48a",
    "value": {
      "depends": [
        "deedd826-e359-42d6-9734-99f37c2678d3"
      ]
    },
    "versionCode": 0
  },
  "deedd826-e359-42d6-9734-99f37c2678d3@f9941": {
    "url": "db://assets/Sprite/Player-Alemania.png@f9941",
    "value": {
      "depends": [
        "deedd826-e359-42d6-9734-99f37c2678d3@6c48a"
      ]
    },
    "versionCode": 0
  },
  "d2c0dee6-39c9-4a98-b37d-d6fecfe1851e": {
    "url": "db://assets/Sprite/Player-Corea.png",
    "value": {
      "depends": []
    },
    "versionCode": 0
  },
  "d2c0dee6-39c9-4a98-b37d-d6fecfe1851e@6c48a": {
    "url": "db://assets/Sprite/Player-Corea.png@6c48a",
    "value": {
      "depends": [
        "d2c0dee6-39c9-4a98-b37d-d6fecfe1851e"
      ]
    },
    "versionCode": 0
  },
  "d2c0dee6-39c9-4a98-b37d-d6fecfe1851e@f9941": {
    "url": "db://assets/Sprite/Player-Corea.png@f9941",
    "value": {
      "depends": [
        "d2c0dee6-39c9-4a98-b37d-d6fecfe1851e@6c48a"
      ]
    },
    "versionCode": 0
  },
  "74d4eaf6-aadb-4f66-b69d-91f7e55f5573": {
    "url": "db://assets/Sprite/Player-Holanda.png",
    "value": {
      "depends": []
    },
    "versionCode": 0
  },
  "74d4eaf6-aadb-4f66-b69d-91f7e55f5573@6c48a": {
    "url": "db://assets/Sprite/Player-Holanda.png@6c48a",
    "value": {
      "depends": [
        "74d4eaf6-aadb-4f66-b69d-91f7e55f5573"
      ]
    },
    "versionCode": 0
  },
  "74d4eaf6-aadb-4f66-b69d-91f7e55f5573@f9941": {
    "url": "db://assets/Sprite/Player-Holanda.png@f9941",
    "value": {
      "depends": [
        "74d4eaf6-aadb-4f66-b69d-91f7e55f5573@6c48a"
      ]
    },
    "versionCode": 0
  },
  "0ef55c13-44fa-4d1e-b9dc-eac80356ba84": {
    "url": "db://assets/Sprite/Player-Inglaterra.png",
    "value": {
      "depends": []
    },
    "versionCode": 0
  },
  "0ef55c13-44fa-4d1e-b9dc-eac80356ba84@6c48a": {
    "url": "db://assets/Sprite/Player-Inglaterra.png@6c48a",
    "value": {
      "depends": [
        "0ef55c13-44fa-4d1e-b9dc-eac80356ba84"
      ]
    },
    "versionCode": 0
  },
  "0ef55c13-44fa-4d1e-b9dc-eac80356ba84@f9941": {
    "url": "db://assets/Sprite/Player-Inglaterra.png@f9941",
    "value": {
      "depends": [
        "0ef55c13-44fa-4d1e-b9dc-eac80356ba84@6c48a"
      ]
    },
    "versionCode": 0
  },
  "c9e222c7-73b7-42e0-84db-d7ccbeed651c": {
    "url": "db://assets/Sprite/Player-Francia.png",
    "value": {
      "depends": []
    },
    "versionCode": 0
  },
  "c9e222c7-73b7-42e0-84db-d7ccbeed651c@6c48a": {
    "url": "db://assets/Sprite/Player-Francia.png@6c48a",
    "value": {
      "depends": [
        "c9e222c7-73b7-42e0-84db-d7ccbeed651c"
      ]
    },
    "versionCode": 0
  },
  "c9e222c7-73b7-42e0-84db-d7ccbeed651c@f9941": {
    "url": "db://assets/Sprite/Player-Francia.png@f9941",
    "value": {
      "depends": [
        "c9e222c7-73b7-42e0-84db-d7ccbeed651c@6c48a"
      ]
    },
    "versionCode": 0
  },
  "869d6ce3-36ca-43bf-8ad6-a3991a045962": {
    "url": "db://assets/Sprite/Player-Italia.png",
    "value": {
      "depends": []
    },
    "versionCode": 0
  },
  "869d6ce3-36ca-43bf-8ad6-a3991a045962@6c48a": {
    "url": "db://assets/Sprite/Player-Italia.png@6c48a",
    "value": {
      "depends": [
        "869d6ce3-36ca-43bf-8ad6-a3991a045962"
      ]
    },
    "versionCode": 0
  },
  "869d6ce3-36ca-43bf-8ad6-a3991a045962@f9941": {
    "url": "db://assets/Sprite/Player-Italia.png@f9941",
    "value": {
      "depends": [
        "869d6ce3-36ca-43bf-8ad6-a3991a045962@6c48a"
      ]
    },
    "versionCode": 0
  },
  "3b130f0e-d385-4a2e-b383-5c174121694c": {
    "url": "db://assets/Sprite/Player-Portugal.png",
    "value": {
      "depends": []
    },
    "versionCode": 0
  },
  "3b130f0e-d385-4a2e-b383-5c174121694c@6c48a": {
    "url": "db://assets/Sprite/Player-Portugal.png@6c48a",
    "value": {
      "depends": [
        "3b130f0e-d385-4a2e-b383-5c174121694c"
      ]
    },
    "versionCode": 0
  },
  "3b130f0e-d385-4a2e-b383-5c174121694c@f9941": {
    "url": "db://assets/Sprite/Player-Portugal.png@f9941",
    "value": {
      "depends": [
        "3b130f0e-d385-4a2e-b383-5c174121694c@6c48a"
      ]
    },
    "versionCode": 0
  },
  "8210deda-58f7-4a17-a022-d1e2d5ddb560": {
    "url": "db://assets/Sprite/Player-Japon.png",
    "value": {
      "depends": []
    },
    "versionCode": 0
  },
  "8210deda-58f7-4a17-a022-d1e2d5ddb560@6c48a": {
    "url": "db://assets/Sprite/Player-Japon.png@6c48a",
    "value": {
      "depends": [
        "8210deda-58f7-4a17-a022-d1e2d5ddb560"
      ]
    },
    "versionCode": 0
  },
  "8210deda-58f7-4a17-a022-d1e2d5ddb560@f9941": {
    "url": "db://assets/Sprite/Player-Japon.png@f9941",
    "value": {
      "depends": [
        "8210deda-58f7-4a17-a022-d1e2d5ddb560@6c48a"
      ]
    },
    "versionCode": 0
  }
}
