{
  "__type__": "cc.SpriteFrame",
  "content": {
    "name": "Recurso 2",
    "atlas": "",
    "rect": {
      "x": 0,
      "y": 0,
      "width": 523,
      "height": 247
    },
    "offset": {
      "x": 0,
      "y": 0
    },
    "originalSize": {
      "width": 523,
      "height": 247
    },
    "rotated": false,
    "capInsets": [
      0,
      0,
      0,
      0
    ],
    "vertices": {
      "rawPosition": [
        -261.5,
        -123.5,
        0,
        261.5,
        -123.5,
        0,
        -261.5,
        123.5,
        0,
        261.5,
        123.5,
        0
      ],
      "indexes": [
        0,
        1,
        2,
        2,
        1,
        3
      ],
      "uv": [
        0,
        247,
        523,
        247,
        0,
        0,
        523,
        0
      ],
      "nuv": [
        0,
        0,
        1,
        0,
        0,
        1,
        1,
        1
      ],
      "minPos": {
        "x": -261.5,
        "y": -123.5,
        "z": 0
      },
      "maxPos": {
        "x": 261.5,
        "y": 123.5,
        "z": 0
      }
    },
    "texture": "55038107-66b8-4d82-9ae0-d2743bc44d39@6c48a",
    "packable": true,
    "pixelsToUnit": 100,
    "pivot": {
      "x": 0.5,
      "y": 0.5
    },
    "meshType": 0
  }
}