{
  "__type__": "cc.SpriteFrame",
  "content": {
    "name": "Paleta-Francia",
    "atlas": "",
    "rect": {
      "x": 0,
      "y": 0,
      "width": 163,
      "height": 101
    },
    "offset": {
      "x": 0,
      "y": 0
    },
    "originalSize": {
      "width": 163,
      "height": 101
    },
    "rotated": false,
    "capInsets": [
      0,
      0,
      0,
      0
    ],
    "vertices": {
      "rawPosition": [
        -81.5,
        -50.5,
        0,
        81.5,
        -50.5,
        0,
        -81.5,
        50.5,
        0,
        81.5,
        50.5,
        0
      ],
      "indexes": [
        0,
        1,
        2,
        2,
        1,
        3
      ],
      "uv": [
        0,
        101,
        163,
        101,
        0,
        0,
        163,
        0
      ],
      "nuv": [
        0,
        0,
        1,
        0,
        0,
        1,
        1,
        1
      ],
      "minPos": {
        "x": -81.5,
        "y": -50.5,
        "z": 0
      },
      "maxPos": {
        "x": 81.5,
        "y": 50.5,
        "z": 0
      }
    },
    "texture": "0e83d900-1285-4f87-98ca-1e7f13250261@6c48a",
    "packable": true,
    "pixelsToUnit": 100,
    "pivot": {
      "x": 0.5,
      "y": 0.5
    },
    "meshType": 0
  }
}