[1,["f6SJZOjTJB/JrJeh5xTdF7","1cDMt0c8hFGpa+QMGgKWvS@6c48a","11Y2hZq0xAOKyOa4yiaQX/@99380","11Y2hZq0xAOKyOa4yiaQX/@1043e","11Y2hZq0xAOKyOa4yiaQX/@a9549","11Y2hZq0xAOKyOa4yiaQX/@e736c","11Y2hZq0xAOKyOa4yiaQX/@551ec","11Y2hZq0xAOKyOa4yiaQX/@10a81"],["_effectAsset","mainTexture","root","node","data","_mesh"],[["cc.Material",["_states","_defines","_name","_props"],0,12],["cc.Node",["_name","_prefab","_children","_parent","_components","_lrot","_euler"],2,4,2,1,9,5,5],["cc.Mesh",["_native","_hash","_struct"],1,11],["cc.Prefab",[],3],["cc.PrefabInfo",["fileId","instance","targetOverrides","nestedPrefabInstanceRoots","root","asset"],-1,1,1],["cc.MeshRenderer",["_shadowCastingMode","node","__prefab","_materials","bakeSettings","_mesh"],2,1,4,3,4,6],["cc.CompPrefabInfo",["fileId"],2],["cc.ModelBakeSettings",["_castShadow","_receiveShadow"],1]],[[0,2,0,1,3,4],[4,0,1,2,3,4,5,5],[0,0,1,3,3],[2,0,1,2,3],[3,1],[1,0,2,1,2],[1,0,3,4,1,5,6,2],[5,0,1,2,3,4,5,2],[6,0,2],[7,0,1,3]],[[[[0,"Material.002",[{"rasterizerState":{},"blendState":{"targets":[{}]},"depthStencilState":{}}],[{"DCC_APP_NAME":2,"HAS_EXPORTED_METALLIC":true}],[[[{"shininessExponent":25,"emissiveScale":0,"metallic":0,"specularFactor":0.25,"transparencyFactor":0},"mainColor",8,[4,4280953386],"emissive",8,[4,4294967295]]],11]]],0,0,[0],[0],[0]],[[[3,".bin",1849048771,[{"primitives":[{"primitiveMode":7,"vertexBundelIndices":[0],"indexView":{"offset":85104,"length":7356,"count":3678,"stride":2}},{"primitiveMode":7,"vertexBundelIndices":[1],"indexView":{"offset":115980,"length":2652,"count":1326,"stride":2}},{"primitiveMode":7,"vertexBundelIndices":[2],"indexView":{"offset":224664,"length":9396,"count":4698,"stride":2}},{"primitiveMode":7,"vertexBundelIndices":[3],"indexView":{"offset":388668,"length":12348,"count":6174,"stride":2}},{"primitiveMode":7,"vertexBundelIndices":[4],"indexView":{"offset":420024,"length":2280,"count":1140,"stride":2}}],"vertexBundles":[{"view":{"offset":0,"length":85104,"count":1773,"stride":48},"attributes":[{"name":"a_position","format":32,"isNormalized":false},{"name":"a_normal","format":32,"isNormalized":false},{"name":"a_texCoord","format":21,"isNormalized":false},{"name":"a_tangent","format":44,"isNormalized":false}]},{"view":{"offset":92460,"length":23520,"count":490,"stride":48},"attributes":[{"name":"a_position","format":32,"isNormalized":false},{"name":"a_normal","format":32,"isNormalized":false},{"name":"a_texCoord","format":21,"isNormalized":false},{"name":"a_tangent","format":44,"isNormalized":false}]},{"view":{"offset":118632,"length":106032,"count":2209,"stride":48},"attributes":[{"name":"a_position","format":32,"isNormalized":false},{"name":"a_normal","format":32,"isNormalized":false},{"name":"a_texCoord","format":21,"isNormalized":false},{"name":"a_tangent","format":44,"isNormalized":false}]},{"view":{"offset":234060,"length":154608,"count":3221,"stride":48},"attributes":[{"name":"a_position","format":32,"isNormalized":false},{"name":"a_normal","format":32,"isNormalized":false},{"name":"a_texCoord","format":21,"isNormalized":false},{"name":"a_tangent","format":44,"isNormalized":false}]},{"view":{"offset":401016,"length":19008,"count":396,"stride":48},"attributes":[{"name":"a_position","format":32,"isNormalized":false},{"name":"a_normal","format":32,"isNormalized":false},{"name":"a_texCoord","format":21,"isNormalized":false},{"name":"a_tangent","format":44,"isNormalized":false}]}]},"minPosition",8,[1,-5.465933799743652,-1.3224738836288452,-1.6230400800704956],"maxPosition",8,[1,0.8138868808746338,1.4173072576522827,2.301466941833496]]],-1],0,0,[],[],[]],[[[0,"Material.005",[{"rasterizerState":{},"blendState":{"targets":[{}]},"depthStencilState":{}}],[{"DCC_APP_NAME":2,"HAS_EXPORTED_METALLIC":true}],[[[{"shininessExponent":25,"emissiveScale":0,"metallic":0,"specularFactor":0.25,"transparencyFactor":0},"mainColor",8,[4,4279510063],"emissive",8,[4,4294967295]]],11]]],0,0,[0],[0],[0]],[[[2,[{"rasterizerState":{},"depthStencilState":{},"blendState":{"targets":[{}]}},{"rasterizerState":{},"depthStencilState":{},"blendState":{"targets":[{}]}},{"rasterizerState":{},"depthStencilState":{},"blendState":{"targets":[{}]}},{"rasterizerState":{},"depthStencilState":{},"blendState":{"targets":[{}]}}],[{"DCC_APP_NAME":2,"USE_ALBEDO_MAP":true,"HAS_EXPORTED_METALLIC":true},{},{},{}],[[[{"emissiveScale":0,"shininessExponent":25,"specularFactor":0.25,"transparencyFactor":0},"mainColor",8,[4,4283519313],"emissive",8,[4,4294967295],"mainTexture",6,0],{},{},{}],11,0,0,0]]],0,0,[0,0],[1,0],[1,0]],[[[0,"Material.003",[{"rasterizerState":{},"blendState":{"targets":[{}]},"depthStencilState":{}}],[{"DCC_APP_NAME":2,"HAS_EXPORTED_METALLIC":true}],[[[{"shininessExponent":25,"emissiveScale":0,"metallic":0,"specularFactor":0.25,"transparencyFactor":0},"mainColor",8,[4,4279323215],"emissive",8,[4,4294967295]]],11]]],0,0,[0],[0],[0]],[[[4],[5,"Cannon",[-2],[1,"d6jcRWh3xbZIqq4V0PhmVs",null,null,null,-1,0]],[6,"cañon",1,[[7,1,-3,[8,"57Eb9q3ehXdJ1VWlsaahAR"],[0,1,2,3,4],[9,true,true],5]],[1,"d4aIjsgXZWFqzZH84jHmGz",null,null,null,1,0],[3,-0.7071068407911908,0,0,0.7071067215818992],[1,-90.00000965934633,0,0]]],0,[0,2,1,0,-1,2,0,3,2,0,4,1,3],[0,0,0,0,0,0],[-1,-2,-3,-4,-5,5],[2,3,4,5,6,7]],[[[0,"Material.004",[{"rasterizerState":{},"blendState":{"targets":[{}]},"depthStencilState":{}}],[{"DCC_APP_NAME":2,"HAS_EXPORTED_METALLIC":true}],[[[{"shininessExponent":25,"emissiveScale":0,"metallic":0.6850393414497375,"specularFactor":0.25,"transparencyFactor":0},"mainColor",8,[4,4293388263],"emissive",8,[4,4294967295]]],11]]],0,0,[0],[0],[0]]]]
