{
  "__version__": "1.3.7",
  "log": {
    "level": 4
  },
  "common": {
    "polyfills": {
      "asyncFunctions": true,
      "coreJs": true
    },
    "name": "Puntos Futbol",
    "buildPath": "project://build",
    "outputName": "Portero",
    "mainBundleCompressionType": "merge_all_json",
    "platform": "web-mobile",
    "sourceMaps": false
  },
  "BuildTaskManager": {
    "taskMap": {
      "1720554713244": {
        "type": "build",
        "id": "1720554713244",
        "progress": 1,
        "state": "success",
        "stage": "build",
        "message": "11-7-2024 14:05:54 build success in 14 s!",
        "options": {
          "name": "Penaltis",
          "server": "",
          "platform": "web-desktop",
          "buildPath": "project://build",
          "debug": false,
          "md5Cache": false,
          "skipCompressTexture": false,
          "sourceMaps": false,
          "polyfills": {
            "asyncFunctions": true
          },
          "experimentalEraseModules": false,
          "startSceneAssetBundle": false,
          "bundleConfigs": [],
          "useBuiltinServer": false,
          "mainBundleIsRemote": false,
          "mainBundleCompressionType": "merge_dep",
          "useSplashScreen": true,
          "bundleCommonChunk": false,
          "packAutoAtlas": true,
          "startScene": "964ada2a-33bd-406d-8fb0-18bef0893af5",
          "outputName": "penalti-Desktop",
          "taskName": "web-desktop",
          "scenes": [
            {
              "url": "db://assets/Scenes/Inicio.scene",
              "uuid": "964ada2a-33bd-406d-8fb0-18bef0893af5"
            },
            {
              "url": "db://assets/Scenes/Juego.scene",
              "uuid": "aae2f741-089b-476c-b0dd-4f49eadbaeb9"
            }
          ],
          "packages": {},
          "__version__": "1.3.7",
          "buildMode": "normal",
          "logDest": "project://temp/builder/log/web-desktop9-7-2024 14-51.log"
        },
        "time": "11-7-2024 14:05:40",
        "dirty": false
      },
      "1743715661713": {
        "type": "build",
        "id": "1743715661713",
        "progress": 1,
        "state": "success",
        "stage": "build",
        "message": "19-6-2025 19:24:16 build success in 12 s!",
        "options": {
          "name": "Puntos Futbol",
          "server": "",
          "platform": "web-mobile",
          "buildPath": "project://build",
          "debug": false,
          "md5Cache": false,
          "skipCompressTexture": false,
          "sourceMaps": false,
          "polyfills": {
            "asyncFunctions": true,
            "coreJs": true
          },
          "experimentalEraseModules": false,
          "startSceneAssetBundle": false,
          "bundleConfigs": [],
          "useBuiltinServer": false,
          "mainBundleIsRemote": false,
          "mainBundleCompressionType": "merge_all_json",
          "useSplashScreen": true,
          "bundleCommonChunk": false,
          "packAutoAtlas": true,
          "startScene": "964ada2a-33bd-406d-8fb0-18bef0893af5",
          "outputName": "Portero",
          "taskName": "web-mobile",
          "scenes": [
            {
              "url": "db://assets/Scenes/Inicio.scene",
              "uuid": "964ada2a-33bd-406d-8fb0-18bef0893af5"
            },
            {
              "url": "db://assets/Scenes/Juego.scene",
              "uuid": "aae2f741-089b-476c-b0dd-4f49eadbaeb9"
            },
            {
              "url": "db://assets/Scenes/Instrucciones.scene",
              "uuid": "f5375772-9221-48db-a2a6-aabbc6068a4d"
            }
          ],
          "packages": {},
          "__version__": "1.3.7",
          "buildMode": "normal",
          "logDest": "project://temp/builder/log/web-mobile3-4-2025 15-27.log"
        },
        "time": "19-6-2025 19:24:04",
        "dirty": false
      }
    }
  }
}
