{
  "__version__": "3.0.7",
  "builder": {
    "options": {
      "web-desktop": {
        "configID": "d95357",
        "services": []
      },
      "web-mobile": {
        "configID": "d95357",
        "services": []
      }
    },
    "taskOptionsMap": {
      "1720554713244": {
        "configID": "d95357",
        "services": []
      },
      "1720554982993": {
        "configID": "d95357",
        "services": []
      },
      "1743715661713": {
        "configID": "d95357",
        "services": [],
        "__version__": "3.0.7"
      }
    },
    "__version__": "1.3.7"
  },
  "builder-options": {
    "configID": "d95357",
    "services": [],
    "__version__": "3.0.7"
  }
}
