{
  "__version__": "1.0.8",
  "builder": {
    "taskOptionsMap": {
      "1720554713244": {
        "cleanupImageCache": "inheritProjectSetting",
        "__version__": "1.0.8"
      },
      "1720554982993": {
        "cleanupImageCache": "inheritProjectSetting",
        "__version__": "1.0.8"
      },
      "1743715661713": {
        "cleanupImageCache": "on",
        "__version__": "1.0.8"
      }
    },
    "__version__": "1.3.7",
    "options": {
      "web-desktop": {
        "cleanupImageCache": "inheritProjectSetting",
        "__version__": "1.0.8"
      },
      "web-mobile": {
        "cleanupImageCache": "on",
        "__version__": "1.0.8"
      }
    }
  }
}
