{
  "__version__": "1.0.0",
  "builder": {
    "taskOptionsMap": {},
    "__version__": "1.3.7"
  },
  "gizmos-infos": {
    "is2D": true,
    "is3DIcon": false,
    "iconSize": 2,
    "gridVisible": true,
    "gridColor": [
      166,
      166,
      166,
      255
    ],
    "transformToolName": "position",
    "pivot": "pivot",
    "coordinate": "global",
    "toolsVisibility3d": true
  },
  "snap-configs": {
    "position": {
      "x": 1,
      "y": 1,
      "z": 1
    },
    "rotation": 1,
    "scale": 1,
    "isPositionSnapEnabled": false,
    "isRotationSnapEnabled": false,
    "isScaleSnapEnabled": false
  },
  "rect-snap-configs": {
    "enableSnapping": true,
    "snapThreshold": 4
  },
  "float-window": {
    "position": {
      "cc": {
        "Camera": {
          "dock": false,
          "top": null,
          "bottom": 10,
          "left": null,
          "right": 10
        }
      }
    }
  },
  "camera-infos": {
    "f46876e4-e81b-4931-b493-6d367be385e7": {
      "position": {
        "x": 102.89054930218772,
        "y": 102.8905493021877,
        "z": 102.89054930218768
      },
      "rotation": {
        "x": -0.27984814233312133,
        "y": 0.3647051996310009,
        "z": 0.11591689595929512,
        "w": 0.8804762392171493
      },
      "viewCenter": {
        "x": 0,
        "y": 0,
        "z": 0
      },
      "contentRect": {
        "x": 0,
        "y": 0,
        "width": 300,
        "height": 150
      },
      "scale": 1
    },
    "19c2191e-1e52-4bcc-95cf-8acdce80688f": {
      "position": {
        "x": 282.0507605047639,
        "y": 805.387346347545,
        "z": -2189.508705958614
      },
      "rotation": {
        "x": -0.00008524782640474553,
        "y": 0.9998498296971614,
        "z": -0.016546126290088323,
        "w": -0.00515135828280826
      },
      "viewCenter": {
        "x": 304.68733652794435,
        "y": 878.1177157755197,
        "z": 7.249377408807959
      },
      "contentRect": {
        "x": 0,
        "y": 0,
        "width": 637,
        "height": 507
      },
      "scale": 1
    },
    "9be08b8a-9a57-4ccf-944d-bf0fc7905194": {
      "position": {
        "x": -92.24781184217545,
        "y": 772.6516649660889,
        "z": 5000
      },
      "rotation": {
        "x": 0,
        "y": 0,
        "z": 0,
        "w": 1
      },
      "viewCenter": {
        "x": 0,
        "y": 0,
        "z": 0
      },
      "contentRect": {
        "x": 0,
        "y": 0,
        "width": 637,
        "height": 507
      },
      "scale": 1
    },
    "19323c5d-5d36-438a-86ee-8288c690e5b0": {
      "position": {
        "x": 0,
        "y": 0,
        "z": 5000
      },
      "rotation": {
        "x": 0,
        "y": 0,
        "z": 0,
        "w": 1
      },
      "viewCenter": {
        "x": 0,
        "y": 0,
        "z": 0
      },
      "contentRect": {
        "x": 0,
        "y": 0,
        "width": 0,
        "height": 0
      },
      "scale": 1
    },
    "964ada2a-33bd-406d-8fb0-18bef0893af5": {
      "position": {
        "x": 346.10193359316867,
        "y": 681.7682425707975,
        "z": 5000
      },
      "rotation": {
        "x": 0,
        "y": 0,
        "z": 0,
        "w": 1
      },
      "viewCenter": {
        "x": 0,
        "y": 0,
        "z": 0
      },
      "contentRect": {
        "x": -316.087611679634,
        "y": 170.52453866029467,
        "width": 627,
        "height": 663.4191522762951
      },
      "scale": 0.649396750435325
    },
    "f5375772-9221-48db-a2a6-aabbc6068a4d": {
      "position": {
        "x": 412.1366294524189,
        "y": 336.70494417862835,
        "z": 5000
      },
      "rotation": {
        "x": 0,
        "y": 0,
        "z": 0,
        "w": 1
      },
      "viewCenter": {
        "x": 0,
        "y": 0,
        "z": 0
      },
      "contentRect": {
        "x": 93.63662945241892,
        "y": -0.2950558213716237,
        "width": 627,
        "height": 663.4191522762951
      },
      "scale": 0.9843014128728415
    },
    "aae2f741-089b-476c-b0dd-4f49eadbaeb9": {
      "position": {
        "x": 404.19901726654973,
        "y": 619.3230135843883,
        "z": 5000
      },
      "rotation": {
        "x": 0,
        "y": 0,
        "z": 0,
        "w": 1
      },
      "viewCenter": {
        "x": 0,
        "y": 0,
        "z": 0
      },
      "contentRect": {
        "x": -39.63824471564113,
        "y": 149.70556527042186,
        "width": 860.0474777448071,
        "height": 664
      },
      "scale": 0.7063399738000802
    }
  },
  "camera-uuids": [
    "f46876e4-e81b-4931-b493-6d367be385e7",
    "19c2191e-1e52-4bcc-95cf-8acdce80688f",
    "9be08b8a-9a57-4ccf-944d-bf0fc7905194",
    "19323c5d-5d36-438a-86ee-8288c690e5b0",
    "964ada2a-33bd-406d-8fb0-18bef0893af5",
    "f5375772-9221-48db-a2a6-aabbc6068a4d",
    "aae2f741-089b-476c-b0dd-4f49eadbaeb9"
  ],
  "camera": {
    "color": [
      48,
      48,
      48,
      255
    ],
    "fov": 45,
    "far": 10000,
    "near": 0.01,
    "wheelSpeed": 0.01,
    "wanderSpeed": 10,
    "enableAcceleration": true,
    "size": "__default_design__",
    "far2D": 10000,
    "near2D": 1,
    "wheelSpeed2D": 6,
    "iso": 0,
    "aperture": 19,
    "shutter": 7,
    "size_rotate": false
  },
  "scene_view": {
    "isSceneLightOn": true,
    "output_device": "__default_design__"
  },
  "game-view": {
    "scaleValue": 51,
    "sliderValue": 23
  }
}
