{
  "__version__": "1.0.1",
  "builder": {
    "common": {
      "polyfills": {
        "asyncFunctions": true
      },
      "name": "Penaltis",
      "sourceMaps": false,
      "outputName": "penalti-Desktop"
    },
    "taskOptionsMap": {
      "1720554713244": {
        "resolution": {
          "designWidth": 640,
          "designHeight": 960
        },
        "cullEngineAsmJsModule": false,
        "__version__": "1.0.1"
      }
    },
    "__version__": "1.3.7",
    "options": {
      "web-desktop": {
        "resolution": {
          "designWidth": 640,
          "designHeight": 960
        },
        "cullEngineAsmJsModule": false,
        "__version__": "1.0.1"
      }
    }
  }
}
