{
  "__version__": "1.0.1",
  "builder": {
    "common": {
      "polyfills": {
        "asyncFunctions": true,
        "coreJs": true
      },
      "buildPath": "project://build",
      "outputName": "Portero",
      "mainBundleCompressionType": "merge_all_json",
      "platform": "web-mobile",
      "name": "Puntos Futbol"
    },
    "taskOptionsMap": {
      "1720554982993": {
        "orientation": "portrait",
        "embedWebDebugger": false,
        "cullEngineAsmJsModule": false,
        "__version__": "1.0.1"
      },
      "1743715661713": {
        "orientation": "portrait",
        "embedWebDebugger": false,
        "cullEngineAsmJsModule": false,
        "__version__": "1.0.1"
      }
    },
    "__version__": "1.3.7",
    "options": {
      "web-mobile": {
        "orientation": "portrait",
        "embedWebDebugger": false,
        "cullEngineAsmJsModule": false,
        "__version__": "1.0.1"
      }
    }
  }
}
