{
  "__type__": "cc.SpriteFrame",
  "content": {
    "name": "Tenis",
    "atlas": "",
    "rect": {
      "x": 0,
      "y": 0,
      "width": 100,
      "height": 40
    },
    "offset": {
      "x": 0,
      "y": 0
    },
    "originalSize": {
      "width": 100,
      "height": 40
    },
    "rotated": false,
    "capInsets": [
      0,
      0,
      0,
      0
    ],
    "vertices": {
      "rawPosition": [
        -50,
        -20,
        0,
        50,
        -20,
        0,
        -50,
        20,
        0,
        50,
        20,
        0
      ],
      "indexes": [
        0,
        1,
        2,
        2,
        1,
        3
      ],
      "uv": [
        0,
        40,
        100,
        40,
        0,
        0,
        100,
        0
      ],
      "nuv": [
        0,
        0,
        1,
        0,
        0,
        1,
        1,
        1
      ],
      "minPos": {
        "x": -50,
        "y": -20,
        "z": 0
      },
      "maxPos": {
        "x": 50,
        "y": 20,
        "z": 0
      }
    },
    "texture": "967f1619-b291-484d-b105-8f29f47af5de@6c48a",
    "packable": true,
    "pixelsToUnit": 100,
    "pivot": {
      "x": 0.5,
      "y": 0.5
    },
    "meshType": 0
  }
}