{
  "__type__": "cc.SpriteFrame",
  "content": {
    "name": "nube04",
    "atlas": "",
    "rect": {
      "x": 0,
      "y": 0,
      "width": 39,
      "height": 22
    },
    "offset": {
      "x": 0,
      "y": 0
    },
    "originalSize": {
      "width": 39,
      "height": 22
    },
    "rotated": false,
    "capInsets": [
      0,
      0,
      0,
      0
    ],
    "vertices": {
      "rawPosition": [
        -19.5,
        -11,
        0,
        19.5,
        -11,
        0,
        -19.5,
        11,
        0,
        19.5,
        11,
        0
      ],
      "indexes": [
        0,
        1,
        2,
        2,
        1,
        3
      ],
      "uv": [
        0,
        22,
        39,
        22,
        0,
        0,
        39,
        0
      ],
      "nuv": [
        0,
        0,
        1,
        0,
        0,
        1,
        1,
        1
      ],
      "minPos": {
        "x": -19.5,
        "y": -11,
        "z": 0
      },
      "maxPos": {
        "x": 19.5,
        "y": 11,
        "z": 0
      }
    },
    "texture": "75479ec7-371e-4c60-807b-946ccc013b12@6c48a",
    "packable": true,
    "pixelsToUnit": 100,
    "pivot": {
      "x": 0.5,
      "y": 0.5
    },
    "meshType": 0
  }
}