{
  "__type__": "cc.SpriteFrame",
  "content": {
    "name": "Colombia-Portero",
    "atlas": "",
    "rect": {
      "x": 0,
      "y": 0,
      "width": 163,
      "height": 79
    },
    "offset": {
      "x": 0,
      "y": 0
    },
    "originalSize": {
      "width": 163,
      "height": 79
    },
    "rotated": false,
    "capInsets": [
      0,
      0,
      0,
      0
    ],
    "vertices": {
      "rawPosition": [
        -81.5,
        -39.5,
        0,
        81.5,
        -39.5,
        0,
        -81.5,
        39.5,
        0,
        81.5,
        39.5,
        0
      ],
      "indexes": [
        0,
        1,
        2,
        2,
        1,
        3
      ],
      "uv": [
        0,
        79,
        163,
        79,
        0,
        0,
        163,
        0
      ],
      "nuv": [
        0,
        0,
        1,
        0,
        0,
        1,
        1,
        1
      ],
      "minPos": {
        "x": -81.5,
        "y": -39.5,
        "z": 0
      },
      "maxPos": {
        "x": 81.5,
        "y": 39.5,
        "z": 0
      }
    },
    "texture": "4038f52f-cdc2-432d-9b05-18689768c6d8@6c48a",
    "packable": true,
    "pixelsToUnit": 100,
    "pivot": {
      "x": 0.5,
      "y": 0.5
    },
    "meshType": 0
  }
}