{
  "__type__": "cc.SpriteFrame",
  "content": {
    "name": "Termo",
    "atlas": "",
    "rect": {
      "x": 0,
      "y": 0,
      "width": 67,
      "height": 133
    },
    "offset": {
      "x": 0,
      "y": 0
    },
    "originalSize": {
      "width": 67,
      "height": 133
    },
    "rotated": false,
    "capInsets": [
      0,
      0,
      0,
      0
    ],
    "vertices": {
      "rawPosition": [
        -33.5,
        -66.5,
        0,
        33.5,
        -66.5,
        0,
        -33.5,
        66.5,
        0,
        33.5,
        66.5,
        0
      ],
      "indexes": [
        0,
        1,
        2,
        2,
        1,
        3
      ],
      "uv": [
        0,
        133,
        67,
        133,
        0,
        0,
        67,
        0
      ],
      "nuv": [
        0,
        0,
        1,
        0,
        0,
        1,
        1,
        1
      ],
      "minPos": {
        "x": -33.5,
        "y": -66.5,
        "z": 0
      },
      "maxPos": {
        "x": 33.5,
        "y": 66.5,
        "z": 0
      }
    },
    "texture": "8f83a234-7998-47fe-b321-85e4a784b4c3@6c48a",
    "packable": true,
    "pixelsToUnit": 100,
    "pivot": {
      "x": 0.5,
      "y": 0.5
    },
    "meshType": 0
  }
}