{
  "__type__": "cc.SpriteFrame",
  "content": {
    "name": "bateador 1",
    "atlas": "",
    "rect": {
      "x": 22,
      "y": 0,
      "width": 252,
      "height": 363
    },
    "offset": {
      "x": 11,
      "y": 0
    },
    "originalSize": {
      "width": 274,
      "height": 363
    },
    "rotated": false,
    "capInsets": [
      0,
      0,
      0,
      0
    ],
    "vertices": {
      "rawPosition": [
        -126,
        -181.5,
        0,
        126,
        -181.5,
        0,
        -126,
        181.5,
        0,
        126,
        181.5,
        0
      ],
      "indexes": [
        0,
        1,
        2,
        2,
        1,
        3
      ],
      "uv": [
        22,
        363,
        274,
        363,
        22,
        0,
        274,
        0
      ],
      "nuv": [
        0.08029197080291971,
        0,
        1,
        0,
        0.08029197080291971,
        1,
        1,
        1
      ],
      "minPos": {
        "x": -126,
        "y": -181.5,
        "z": 0
      },
      "maxPos": {
        "x": 126,
        "y": 181.5,
        "z": 0
      }
    },
    "texture": "2c3e0bfb-cab9-4ed5-877e-20aaebd62fa0@6c48a",
    "packable": true,
    "pixelsToUnit": 100,
    "pivot": {
      "x": 0.5,
      "y": 0.5
    },
    "meshType": 0
  }
}