{
  "__type__": "cc.SpriteFrame",
  "content": {
    "name": "balon 1",
    "atlas": "",
    "rect": {
      "x": 1,
      "y": 1,
      "width": 99,
      "height": 98
    },
    "offset": {
      "x": 0.5,
      "y": 0
    },
    "originalSize": {
      "width": 100,
      "height": 100
    },
    "rotated": false,
    "capInsets": [
      0,
      0,
      0,
      0
    ],
    "vertices": {
      "rawPosition": [
        -49.5,
        -49,
        0,
        49.5,
        -49,
        0,
        -49.5,
        49,
        0,
        49.5,
        49,
        0
      ],
      "indexes": [
        0,
        1,
        2,
        2,
        1,
        3
      ],
      "uv": [
        1,
        99,
        100,
        99,
        1,
        1,
        100,
        1
      ],
      "nuv": [
        0.01,
        0.01,
        1,
        0.01,
        0.01,
        0.99,
        1,
        0.99
      ],
      "minPos": {
        "x": -49.5,
        "y": -49,
        "z": 0
      },
      "maxPos": {
        "x": 49.5,
        "y": 49,
        "z": 0
      }
    },
    "texture": "f05a702f-1f58-4792-9329-e5df0682d990@6c48a",
    "packable": true,
    "pixelsToUnit": 100,
    "pivot": {
      "x": 0.5,
      "y": 0.5
    },
    "meshType": 0
  }
}