{
  "__type__": "cc.SpriteFrame",
  "content": {
    "name": "Italia_portero",
    "atlas": "",
    "rect": {
      "x": 0,
      "y": 0,
      "width": 164,
      "height": 79
    },
    "offset": {
      "x": 0,
      "y": 0
    },
    "originalSize": {
      "width": 164,
      "height": 79
    },
    "rotated": false,
    "capInsets": [
      0,
      0,
      0,
      0
    ],
    "vertices": {
      "rawPosition": [
        -82,
        -39.5,
        0,
        82,
        -39.5,
        0,
        -82,
        39.5,
        0,
        82,
        39.5,
        0
      ],
      "indexes": [
        0,
        1,
        2,
        2,
        1,
        3
      ],
      "uv": [
        0,
        79,
        164,
        79,
        0,
        0,
        164,
        0
      ],
      "nuv": [
        0,
        0,
        1,
        0,
        0,
        1,
        1,
        1
      ],
      "minPos": {
        "x": -82,
        "y": -39.5,
        "z": 0
      },
      "maxPos": {
        "x": 82,
        "y": 39.5,
        "z": 0
      }
    },
    "texture": "777da8fe-2d56-4bae-a305-13b70bf2f1a0@6c48a",
    "packable": true,
    "pixelsToUnit": 100,
    "pivot": {
      "x": 0.5,
      "y": 0.5
    },
    "meshType": 0
  }
}