[1,["f6SJZOjTJB/JrJeh5xTdF7","88vxHA7z1HPadc5v1gSHa3@c3e5e","88vxHA7z1HPadc5v1gSHa3@403c9","88vxHA7z1HPadc5v1gSHa3@55180","88vxHA7z1HPadc5v1gSHa3@6d26c","88vxHA7z1HPadc5v1gSHa3@a2951","88vxHA7z1HPadc5v1gSHa3@53dde","88vxHA7z1HPadc5v1gSHa3@88b23","88vxHA7z1HPadc5v1gSHa3@cf1a7","88vxHA7z1HPadc5v1gSHa3@e97c4","bb/m6uD3NDvYd10aE7XD9N","94iADGeURPiKQt+4NTaw4D@6c48a"],["node","_effectAsset","_mesh","root","data","asset","mainTexture"],[["cc.Node",["_name","_objFlags","__editorExtras__","_prefab","_components","_parent","_children","_lrot","_lscale","_euler"],0,4,9,1,2,5,5,5],["cc.BoxCollider",["_isTrigger","node","__prefab","_size","_center"],2,1,4,5,5],["cc.RigidBody",["_type","_group","node","__prefab"],1,1,4],["cc.Material",["_states","_defines","_name","_props"],0,12],["cc.Prefab",["_name"],2],["8a590ArT+hIdpDmdj7bYY0v",["Derecha","node","__prefab"],2,1,4],["cc.CompPrefabInfo",["fileId"],2],["35cbdTmjThDc6JE8WPZ/ZXn",["node","__prefab"],3,1,4],["cc.PrefabInfo",["fileId","instance","targetOverrides","root","asset","nestedPrefabInstanceRoots"],0,1,1,2],["cc.PrefabInfo",["fileId","instance","targetOverrides","nestedPrefabInstanceRoots","root","asset"],-1,1,1],["cc.PrefabInfo",["fileId","targetOverrides","nestedPrefabInstanceRoots","root","instance","asset"],0,1,4,6],["71a05sTVSxIM7FuN+AONj3j",["nombre","node","__prefab"],2,1,4],["cc.TargetInfo",["localID"],2],["cc.PrefabInstance",["fileId","prefabRootNode","propertyOverrides"],2,1,9],["CCPropertyOverrideInfo",["value","propertyPath","targetInfo"],1,1],["CCPropertyOverrideInfo",["propertyPath","targetInfo","value"],2,1,8],["cc.MeshRenderer",["node","__prefab","_materials","bakeSettings","_mesh"],3,1,4,3,4,6],["cc.ModelBakeSettings",[],3],["cc.Mesh",["_native","_hash","_struct"],1,11]],[[6,0,2],[9,0,1,2,3,4,5,5],[0,0,5,4,3,7,8,9,2],[16,0,1,2,3,4,1],[17,1],[3,2,0,1,3,4],[18,0,1,2,3],[0,0,5,4,3,2],[2,1,0,2,3,3],[1,0,1,2,4,3,2],[15,0,1,2,2],[4,0,2],[0,0,6,4,3,2],[0,1,2,5,3,3],[5,0,1,2,2],[2,0,2,3,2],[1,0,1,2,3,2],[1,1,2,3,1],[7,0,1,1],[8,0,1,2,3,4,5,4],[10,0,1,2,3,4,5,4],[11,0,1,2,2],[12,0,2],[13,0,1,2,2],[14,0,1,2,3],[3,0,1,3,3]],[[[[11,"COCHE-PASE-DER"],[12,"COCHE-PASE-DER",[-7,-8,-9,-10,-11,-12,-13,-14],[[14,true,-3,[0,"336/YEeGtHAJGLJJnJ3Stn"]],[15,2,-4,[0,"9cO1PlrXBBnb+4Pd6T5/It"]],[16,true,-5,[0,"77oawkdOVL0pIUGZ1/AX5E"],[1,7,2,7]],[18,-6,[0,"7b5kNINmdMEpUwXikYYo47"]]],[19,"bbBK9JGylYtr+MqRL6pnyZ",null,null,-2,0,[-1]]],[7,"Vuelta",1,[[8,64,2,-15,[0,"7e9fDv53JCt6rjnnAm2iG4"]],[9,true,-16,[0,"02UgHtvDxKop7op90IESkt"],[1,-0.5,1,1],[1,2,1,6]],[21,2,-17,[0,"86uNnw3BRKza8hAsw2memh"]]],[1,"b7YemlvdRLkqqFmJmgMbLV",null,null,null,1,0]],[7,"Paredes",1,[[8,2,2,-18,[0,"56ATt/fTtFb7lAqZv42oMb"]],[9,true,-19,[0,"82hr1SwSJA0I1QFZdsGyws"],[1,-3.5,1,0],[1,2,3,8]],[9,true,-20,[0,"ebMkBFa1dA+6DLNnJu5ASA"],[1,0,1,-3.5],[1,8,3,2]]],[1,"49ojYx7GBCvL3RZe/nYGbH",null,null,null,1,0]],[22,["58dySctw5OA7dc7sAaDeb9"]],[7,"Piso",1,[[8,32,2,-21,[0,"feY1WMmjZICIedNvPuymnQ"]],[17,-22,[0,"feJp1cZLhEPoochiszFWNl"],[1,8,1,8]]],[1,"93FyAboBdAxbeNkMDIarj2",null,null,null,1,0]],[13,0,{},1,[20,"58dySctw5OA7dc7sAaDeb9",null,null,-23,[23,"6az6KNzj9BM6WUM/PVF/b7",1,[[24,"Particulas",["_name"],4],[10,["_lpos"],4,[1,0,0,0]],[10,["_lrot"],4,[3,0,0,0,1]],[10,["_euler"],4,[1,0,0,0]]]],12]],[2,"carreteraDER",1,[[3,-24,[0,"06yX5uGWNWrYRQJki9d07C"],[0,1,2,3],[4],4]],[1,"e0NPZl8axVBIKptDPBKTs7",null,null,null,1,0],[3,-0.7071067811865475,0,0,0.7071067811865476],[1,0.5,0.5,0.5],[1,-90,0,0]],[2,"arbusto",1,[[3,-25,[0,"1e9Geh98ZVU4EvrUhwZ3bC"],[5],[4],6]],[1,"27VAfmMwJbbJu4XRGl8JfQ",null,null,null,1,0],[3,-0.7071067811865475,0,0,0.7071067811865476],[1,0.5,0.5,0.5],[1,-90,0,0]],[2,"arbol01",1,[[3,-26,[0,"692YEgUbJXpI+H+4ZaGpH6"],[7,8],[4],9]],[1,"e2M+DhH/1aZr+JYTOHJnPK",null,null,null,1,0],[3,-0.7071067811865475,0,0,0.7071067811865476],[1,0.5,0.5,0.5],[1,-90,0,0]],[2,"arbusto02",1,[[3,-27,[0,"2efQWLVZpZirb4kYNQ2dID"],[10],[4],11]],[1,"c22kp+2kpQy6HJHcU0h1T1",null,null,null,1,0],[3,-0.7071067811865475,0,0,0.7071067811865476],[1,0.5,0.5,0.5],[1,-90,0,0]]],0,[0,-1,6,0,3,1,0,0,1,0,0,1,0,0,1,0,0,1,0,-1,7,0,-2,8,0,-3,9,0,-4,10,0,-5,5,0,-6,2,0,-7,3,0,-8,6,0,0,2,0,0,2,0,0,2,0,0,3,0,0,3,0,0,3,0,0,5,0,0,5,0,3,6,0,0,7,0,0,8,0,0,9,0,0,10,0,4,1,27],[0,0,0,0,0,0,0,0,0,0,0,0,0],[-1,-2,-3,-4,2,-1,2,-1,-2,2,-1,2,5],[3,4,5,2,6,1,7,2,1,8,1,9,10]],[[[5,"tronco",[{"rasterizerState":{},"blendState":{"targets":[{}]},"depthStencilState":{}}],[{"DCC_APP_NAME":2,"HAS_EXPORTED_METALLIC":true}],[[[{"shininessExponent":25,"emissiveScale":0,"metallic":0,"specularFactor":0.25,"transparencyFactor":0},"mainColor",8,[4,4279906148],"emissive",8,[4,4294967295]]],11]]],0,0,[0],[1],[0]],[[[6,".bin",1658706545,[{"primitives":[{"primitiveMode":7,"vertexBundelIndices":[0],"indexView":{"offset":1920,"length":120,"count":60,"stride":2}},{"primitiveMode":7,"vertexBundelIndices":[1],"indexView":{"offset":2520,"length":36,"count":18,"stride":2}},{"primitiveMode":7,"vertexBundelIndices":[2],"indexView":{"offset":2748,"length":12,"count":6,"stride":2}},{"primitiveMode":7,"vertexBundelIndices":[3],"indexView":{"offset":4728,"length":144,"count":72,"stride":2}}],"vertexBundles":[{"view":{"offset":0,"length":1920,"count":40,"stride":48},"attributes":[{"name":"a_position","format":32,"isNormalized":false},{"name":"a_normal","format":32,"isNormalized":false},{"name":"a_texCoord","format":21,"isNormalized":false},{"name":"a_tangent","format":44,"isNormalized":false}]},{"view":{"offset":2040,"length":480,"count":10,"stride":48},"attributes":[{"name":"a_position","format":32,"isNormalized":false},{"name":"a_normal","format":32,"isNormalized":false},{"name":"a_texCoord","format":21,"isNormalized":false},{"name":"a_tangent","format":44,"isNormalized":false}]},{"view":{"offset":2556,"length":192,"count":4,"stride":48},"attributes":[{"name":"a_position","format":32,"isNormalized":false},{"name":"a_normal","format":32,"isNormalized":false},{"name":"a_texCoord","format":21,"isNormalized":false},{"name":"a_tangent","format":44,"isNormalized":false}]},{"view":{"offset":2760,"length":1968,"count":41,"stride":48},"attributes":[{"name":"a_position","format":32,"isNormalized":false},{"name":"a_normal","format":32,"isNormalized":false},{"name":"a_texCoord","format":21,"isNormalized":false},{"name":"a_tangent","format":44,"isNormalized":false}]}]},"minPosition",8,[1,-8,-8,-1],"maxPosition",8,[1,8,8,1.2000000476837158]]],-1],0,0,[],[],[]],[[[5,"banqueta",[{"rasterizerState":{},"blendState":{"targets":[{}]},"depthStencilState":{}}],[{"DCC_APP_NAME":2,"HAS_EXPORTED_METALLIC":true}],[[[{"shininessExponent":0,"emissiveScale":0,"metallic":0,"specularFactor":0.25,"transparencyFactor":0},"mainColor",8,[4,4279959039],"emissive",8,[4,4294967295]]],11]]],0,0,[0],[1],[0]],[[[5,"pasto",[{"rasterizerState":{},"blendState":{"targets":[{}]},"depthStencilState":{}}],[{"DCC_APP_NAME":2,"HAS_EXPORTED_METALLIC":true}],[[[{"shininessExponent":0,"emissiveScale":0,"metallic":0,"specularFactor":0.25,"transparencyFactor":0},"mainColor",8,[4,4283557758],"emissive",8,[4,4294967295]]],11]]],0,0,[0],[1],[0]],[[[6,".bin",174614729,[{"primitives":[{"primitiveMode":7,"vertexBundelIndices":[0],"indexView":{"offset":22272,"length":1488,"count":744,"stride":2}}],"vertexBundles":[{"view":{"offset":0,"length":22272,"count":464,"stride":48},"attributes":[{"name":"a_position","format":32,"isNormalized":false},{"name":"a_normal","format":32,"isNormalized":false},{"name":"a_texCoord","format":21,"isNormalized":false},{"name":"a_tangent","format":44,"isNormalized":false}]}]},"minPosition",8,[1,-2.9489572048187256,4.68241024017334,0.8601231575012207],"maxPosition",8,[1,0.6346705555915833,7.5146918296813965,2.9645259380340576]]],-1],0,0,[],[],[]],[[[25,[{"rasterizerState":{},"depthStencilState":{},"blendState":{"targets":[{}]}},{"rasterizerState":{},"depthStencilState":{},"blendState":{"targets":[{}]}},{"rasterizerState":{},"depthStencilState":{},"blendState":{"targets":[{}]}},{"rasterizerState":{},"depthStencilState":{},"blendState":{"targets":[{}]}}],[{"DCC_APP_NAME":2,"USE_ALBEDO_MAP":true,"HAS_EXPORTED_METALLIC":true},{},{},{}],[[[{"emissiveScale":0,"shininessExponent":0,"specularFactor":0.25,"transparencyFactor":0},"mainColor",8,[4,4293388263],"emissive",8,[4,4294967295],"mainTexture",6,0],{},{},{}],11,0,0,0]]],0,0,[0,0],[6,1],[11,0]],[[[5,"naturaleza",[{"rasterizerState":{},"blendState":{"targets":[{}]},"depthStencilState":{}}],[{"DCC_APP_NAME":2,"HAS_EXPORTED_METALLIC":true}],[[[{"shininessExponent":0,"emissiveScale":0,"metallic":0,"specularFactor":0.25,"transparencyFactor":0},"mainColor",8,[4,4281050407],"emissive",8,[4,4294967295]]],11]]],0,0,[0],[1],[0]],[[[6,".bin",85526657,[{"primitives":[{"primitiveMode":7,"vertexBundelIndices":[0],"indexView":{"offset":1920,"length":132,"count":66,"stride":2}},{"primitiveMode":7,"vertexBundelIndices":[1],"indexView":{"offset":35460,"length":2232,"count":1116,"stride":2}}],"vertexBundles":[{"view":{"offset":0,"length":1920,"count":40,"stride":48},"attributes":[{"name":"a_position","format":32,"isNormalized":false},{"name":"a_normal","format":32,"isNormalized":false},{"name":"a_texCoord","format":21,"isNormalized":false},{"name":"a_tangent","format":44,"isNormalized":false}]},{"view":{"offset":2052,"length":33408,"count":696,"stride":48},"attributes":[{"name":"a_position","format":32,"isNormalized":false},{"name":"a_normal","format":32,"isNormalized":false},{"name":"a_texCoord","format":21,"isNormalized":false},{"name":"a_tangent","format":44,"isNormalized":false}]}]},"minPosition",8,[1,3.068422555923462,4.612395286560059,0.9146372079849243],"maxPosition",8,[1,7.3367414474487305,8.752032279968262,6.264129638671875]]],-1],0,0,[],[],[]],[[[6,".bin",1637496205,[{"primitives":[{"primitiveMode":7,"vertexBundelIndices":[0],"indexView":{"offset":22272,"length":1488,"count":744,"stride":2}}],"vertexBundles":[{"view":{"offset":0,"length":22272,"count":464,"stride":48},"attributes":[{"name":"a_position","format":32,"isNormalized":false},{"name":"a_normal","format":32,"isNormalized":false},{"name":"a_texCoord","format":21,"isNormalized":false},{"name":"a_tangent","format":44,"isNormalized":false}]}]},"minPosition",8,[1,-7.122716903686523,-3.1419742107391357,0.8601231575012207],"maxPosition",8,[1,-4.302441596984863,6.434618949890137,2.9645256996154785]]],-1],0,0,[],[],[]]]]
