{
  "__type__": "cc.Material",
  "_name": "piso",
  "_objFlags": 0,
  "__editorExtras__": {},
  "_native": "",
  "_effectAsset": {
    "__uuid__": "9b20a514-6cc3-49de-b216-b6b863046249",
    "__expectedType__": "cc.EffectAsset"
  },
  "_techIdx": 0,
  "_defines": [
    {},
    {
      "USE_BASE_COLOR_MAP": true,
      "BASE_COLOR_MAP_AS_SHADE_MAP_1": true,
      "BASE_COLOR_MAP_AS_SHADE_MAP_2": true
    },
    {},
    {},
    {},
    {},
    {}
  ],
  "_states": [
    {
      "rasterizerState": {},
      "depthStencilState": {},
      "blendState": {
        "targets": [
          {}
        ]
      }
    },
    {
      "rasterizerState": {},
      "depthStencilState": {},
      "blendState": {
        "targets": [
          {}
        ]
      }
    },
    {
      "rasterizerState": {},
      "depthStencilState": {},
      "blendState": {
        "targets": [
          {}
        ]
      }
    },
    {
      "rasterizerState": {},
      "depthStencilState": {},
      "blendState": {
        "targets": [
          {}
        ]
      }
    },
    {
      "rasterizerState": {},
      "depthStencilState": {},
      "blendState": {
        "targets": [
          {}
        ]
      }
    },
    {
      "rasterizerState": {},
      "depthStencilState": {},
      "blendState": {
        "targets": [
          {}
        ]
      }
    },
    {
      "rasterizerState": {},
      "depthStencilState": {},
      "blendState": {
        "targets": [
          {}
        ]
      }
    }
  ],
  "_props": [
    {
      "baseColor": {
        "__type__": "cc.Color",
        "r": 88,
        "g": 71,
        "b": 71,
        "a": 255
      }
    },
    {
      "mainColor": {
        "__type__": "cc.Color",
        "r": 205,
        "g": 228,
        "b": 202,
        "a": 255
      },
      "mainTexture": {
        "__uuid__": "4d5a96ac-3a4b-427c-9d24-e299583a7b67@6c48a",
        "__expectedType__": "cc.Texture2D"
      }
    },
    {},
    {},
    {},
    {},
    {}
  ]
}