{
  "__type__": "cc.SpriteFrame",
  "content": {
    "name": "Paleta-Japón",
    "atlas": "",
    "rect": {
      "x": 1,
      "y": 2,
      "width": 162,
      "height": 97
    },
    "offset": {
      "x": 0.5,
      "y": 0
    },
    "originalSize": {
      "width": 163,
      "height": 101
    },
    "rotated": false,
    "capInsets": [
      0,
      0,
      0,
      0
    ],
    "vertices": {
      "rawPosition": [
        -81,
        -48.5,
        0,
        81,
        -48.5,
        0,
        -81,
        48.5,
        0,
        81,
        48.5,
        0
      ],
      "indexes": [
        0,
        1,
        2,
        2,
        1,
        3
      ],
      "uv": [
        1,
        99,
        163,
        99,
        1,
        2,
        163,
        2
      ],
      "nuv": [
        0.006134969325153374,
        0.019801980198019802,
        1,
        0.019801980198019802,
        0.006134969325153374,
        0.9801980198019802,
        1,
        0.9801980198019802
      ],
      "minPos": {
        "x": -81,
        "y": -48.5,
        "z": 0
      },
      "maxPos": {
        "x": 81,
        "y": 48.5,
        "z": 0
      }
    },
    "texture": "5a5e3f07-c857-4569-88fb-7324c02df4a3@6c48a",
    "packable": true,
    "pixelsToUnit": 100,
    "pivot": {
      "x": 0.5,
      "y": 0.5
    },
    "meshType": 0
  }
}