[
  {
    "__type__": "cc.SceneAsset",
    "_name": "Inicio",
    "_objFlags": 0,
    "__editorExtras__": {},
    "_native": "",
    "scene": {
      "__id__": 1
    }
  },
  {
    "__type__": "cc.Scene",
    "_name": "Inicio",
    "_objFlags": 0,
    "__editorExtras__": {},
    "_parent": null,
    "_children": [
      {
        "__id__": 2
      },
      {
        "__id__": 5
      },
      {
        "__id__": 7
      },
      {
        "__id__": 20
      }
    ],
    "_active": true,
    "_components": [],
    "_prefab": null,
    "_lpos": {
      "__type__": "cc.Vec3",
      "x": 0,
      "y": 0,
      "z": 0
    },
    "_lrot": {
      "__type__": "cc.Quat",
      "x": 0,
      "y": 0,
      "z": 0,
      "w": 1
    },
    "_lscale": {
      "__type__": "cc.Vec3",
      "x": 1,
      "y": 1,
      "z": 1
    },
    "_mobility": 0,
    "_layer": 1073741824,
    "_euler": {
      "__type__": "cc.Vec3",
      "x": 0,
      "y": 0,
      "z": 0
    },
    "autoReleaseAssets": false,
    "_globals": {
      "__id__": 39
    },
    "_id": "4bdcf820-482b-46cf-806b-1851d20ac600"
  },
  {
    "__type__": "cc.Node",
    "_name": "Main Light",
    "_objFlags": 0,
    "__editorExtras__": {},
    "_parent": {
      "__id__": 1
    },
    "_children": [],
    "_active": true,
    "_components": [
      {
        "__id__": 3
      }
    ],
    "_prefab": null,
    "_lpos": {
      "__type__": "cc.Vec3",
      "x": 0,
      "y": 0,
      "z": 0
    },
    "_lrot": {
      "__type__": "cc.Quat",
      "x": -0.06397656665577071,
      "y": -0.44608233363525845,
      "z": -0.8239028751062036,
      "w": -0.3436591377065261
    },
    "_lscale": {
      "__type__": "cc.Vec3",
      "x": 1,
      "y": 1,
      "z": 1
    },
    "_mobility": 0,
    "_layer": 1073741824,
    "_euler": {
      "__type__": "cc.Vec3",
      "x": -117.894,
      "y": -194.909,
      "z": 38.562
    },
    "_id": "c0y6F5f+pAvI805TdmxIjx"
  },
  {
    "__type__": "cc.DirectionalLight",
    "_name": "",
    "_objFlags": 0,
    "__editorExtras__": {},
    "node": {
      "__id__": 2
    },
    "_enabled": true,
    "__prefab": null,
    "_color": {
      "__type__": "cc.Color",
      "r": 255,
      "g": 250,
      "b": 240,
      "a": 255
    },
    "_useColorTemperature": false,
    "_colorTemperature": 6550,
    "_staticSettings": {
      "__id__": 4
    },
    "_visibility": -325058561,
    "_illuminanceHDR": 65000,
    "_illuminance": 65000,
    "_illuminanceLDR": 1.6927083333333335,
    "_shadowEnabled": false,
    "_shadowPcf": 0,
    "_shadowBias": 0.00001,
    "_shadowNormalBias": 0,
    "_shadowSaturation": 1,
    "_shadowDistance": 50,
    "_shadowInvisibleOcclusionRange": 200,
    "_csmLevel": 4,
    "_csmLayerLambda": 0.75,
    "_csmOptimizationMode": 2,
    "_csmAdvancedOptions": false,
    "_csmLayersTransition": false,
    "_csmTransitionRange": 0.05,
    "_shadowFixedArea": false,
    "_shadowNear": 0.1,
    "_shadowFar": 10,
    "_shadowOrthoSize": 5,
    "_id": "597uMYCbhEtJQc0ffJlcgA"
  },
  {
    "__type__": "cc.StaticLightSettings",
    "_baked": false,
    "_editorOnly": false,
    "_castShadow": false
  },
  {
    "__type__": "cc.Node",
    "_name": "Main Camera",
    "_objFlags": 0,
    "__editorExtras__": {},
    "_parent": {
      "__id__": 1
    },
    "_children": [],
    "_active": true,
    "_components": [
      {
        "__id__": 6
      }
    ],
    "_prefab": null,
    "_lpos": {
      "__type__": "cc.Vec3",
      "x": -10,
      "y": 10,
      "z": 10
    },
    "_lrot": {
      "__type__": "cc.Quat",
      "x": -0.27781593346944056,
      "y": -0.36497167621709875,
      "z": -0.11507512748638377,
      "w": 0.8811195706053617
    },
    "_lscale": {
      "__type__": "cc.Vec3",
      "x": 1,
      "y": 1,
      "z": 1
    },
    "_mobility": 0,
    "_layer": 1073741824,
    "_euler": {
      "__type__": "cc.Vec3",
      "x": -35,
      "y": -45,
      "z": 0
    },
    "_id": "c9DMICJLFO5IeO07EPon7U"
  },
  {
    "__type__": "cc.Camera",
    "_name": "",
    "_objFlags": 0,
    "__editorExtras__": {},
    "node": {
      "__id__": 5
    },
    "_enabled": true,
    "__prefab": null,
    "_projection": 1,
    "_priority": 0,
    "_fov": 45,
    "_fovAxis": 0,
    "_orthoHeight": 10,
    "_near": 1,
    "_far": 1000,
    "_color": {
      "__type__": "cc.Color",
      "r": 0,
      "g": 0,
      "b": 0,
      "a": 255
    },
    "_depth": 1,
    "_stencil": 0,
    "_clearFlags": 7,
    "_rect": {
      "__type__": "cc.Rect",
      "x": 0,
      "y": 0,
      "width": 1,
      "height": 1
    },
    "_aperture": 19,
    "_shutter": 7,
    "_iso": 0,
    "_screenScale": 1,
    "_visibility": 1822425087,
    "_targetTexture": null,
    "_postProcess": null,
    "_usePostProcess": false,
    "_cameraType": -1,
    "_trackingType": 0,
    "_id": "7dWQTpwS5LrIHnc1zAPUtf"
  },
  {
    "__type__": "cc.Node",
    "_name": "Canvas",
    "_objFlags": 0,
    "__editorExtras__": {},
    "_parent": {
      "__id__": 1
    },
    "_children": [
      {
        "__id__": 8
      },
      {
        "__id__": 10
      },
      {
        "__id__": 15
      },
      {
        "__id__": 25
      },
      {
        "__id__": 30
      },
      {
        "__id__": 32
      }
    ],
    "_active": true,
    "_components": [
      {
        "__id__": 36
      },
      {
        "__id__": 37
      },
      {
        "__id__": 38
      }
    ],
    "_prefab": null,
    "_lpos": {
      "__type__": "cc.Vec3",
      "x": 320,
      "y": 479.99999999999994,
      "z": 0
    },
    "_lrot": {
      "__type__": "cc.Quat",
      "x": 0,
      "y": 0,
      "z": 0,
      "w": 1
    },
    "_lscale": {
      "__type__": "cc.Vec3",
      "x": 1,
      "y": 1,
      "z": 1
    },
    "_mobility": 0,
    "_layer": 33554432,
    "_euler": {
      "__type__": "cc.Vec3",
      "x": 0,
      "y": 0,
      "z": 0
    },
    "_id": "27xscNLQ9ClpmLKga3IhHh"
  },
  {
    "__type__": "cc.Node",
    "_name": "Camera",
    "_objFlags": 0,
    "__editorExtras__": {},
    "_parent": {
      "__id__": 7
    },
    "_children": [],
    "_active": true,
    "_components": [
      {
        "__id__": 9
      }
    ],
    "_prefab": null,
    "_lpos": {
      "__type__": "cc.Vec3",
      "x": 0,
      "y": 0,
      "z": 1000
    },
    "_lrot": {
      "__type__": "cc.Quat",
      "x": 0,
      "y": 0,
      "z": 0,
      "w": 1
    },
    "_lscale": {
      "__type__": "cc.Vec3",
      "x": 1,
      "y": 1,
      "z": 1
    },
    "_mobility": 0,
    "_layer": 1073741824,
    "_euler": {
      "__type__": "cc.Vec3",
      "x": 0,
      "y": 0,
      "z": 0
    },
    "_id": "a3X+pijeJHm44r3EjrfEK5"
  },
  {
    "__type__": "cc.Camera",
    "_name": "",
    "_objFlags": 0,
    "__editorExtras__": {},
    "node": {
      "__id__": 8
    },
    "_enabled": true,
    "__prefab": null,
    "_projection": 0,
    "_priority": 1073741824,
    "_fov": 45,
    "_fovAxis": 0,
    "_orthoHeight": 479.99999999999994,
    "_near": 1,
    "_far": 2000,
    "_color": {
      "__type__": "cc.Color",
      "r": 0,
      "g": 0,
      "b": 0,
      "a": 255
    },
    "_depth": 1,
    "_stencil": 0,
    "_clearFlags": 6,
    "_rect": {
      "__type__": "cc.Rect",
      "x": 0,
      "y": 0,
      "width": 1,
      "height": 1
    },
    "_aperture": 19,
    "_shutter": 7,
    "_iso": 0,
    "_screenScale": 1,
    "_visibility": 41943040,
    "_targetTexture": null,
    "_postProcess": null,
    "_usePostProcess": false,
    "_cameraType": -1,
    "_trackingType": 0,
    "_id": "b0JDfn9MNPor1fghYemZ6D"
  },
  {
    "__type__": "cc.Node",
    "_name": "Fondo",
    "_objFlags": 0,
    "__editorExtras__": {},
    "_parent": {
      "__id__": 7
    },
    "_children": [
      {
        "__id__": 11
      }
    ],
    "_active": true,
    "_components": [
      {
        "__id__": 13
      },
      {
        "__id__": 14
      }
    ],
    "_prefab": null,
    "_lpos": {
      "__type__": "cc.Vec3",
      "x": 0,
      "y": 0,
      "z": 0
    },
    "_lrot": {
      "__type__": "cc.Quat",
      "x": 0,
      "y": 0,
      "z": 0,
      "w": 1
    },
    "_lscale": {
      "__type__": "cc.Vec3",
      "x": 1,
      "y": 1,
      "z": 1
    },
    "_mobility": 0,
    "_layer": 33554432,
    "_euler": {
      "__type__": "cc.Vec3",
      "x": 0,
      "y": 0,
      "z": 0
    },
    "_id": "b9P3bbDXRCwqj/lmgNcWDD"
  },
  {
    "__type__": "cc.Node",
    "_name": "Node",
    "_objFlags": 0,
    "__editorExtras__": {},
    "_parent": {
      "__id__": 10
    },
    "_children": [],
    "_active": true,
    "_components": [
      {
        "__id__": 12
      }
    ],
    "_prefab": null,
    "_lpos": {
      "__type__": "cc.Vec3",
      "x": 0,
      "y": 0,
      "z": 0
    },
    "_lrot": {
      "__type__": "cc.Quat",
      "x": 0,
      "y": 0,
      "z": 0,
      "w": 1
    },
    "_lscale": {
      "__type__": "cc.Vec3",
      "x": 1,
      "y": 1,
      "z": 1
    },
    "_mobility": 0,
    "_layer": 33554432,
    "_euler": {
      "__type__": "cc.Vec3",
      "x": 0,
      "y": 0,
      "z": 0
    },
    "_id": "8eFsOTkmpGKpHAstMnDxPe"
  },
  {
    "__type__": "cc.UITransform",
    "_name": "",
    "_objFlags": 0,
    "__editorExtras__": {},
    "node": {
      "__id__": 11
    },
    "_enabled": true,
    "__prefab": null,
    "_contentSize": {
      "__type__": "cc.Size",
      "width": 100,
      "height": 100
    },
    "_anchorPoint": {
      "__type__": "cc.Vec2",
      "x": 0.5,
      "y": 0.5
    },
    "_id": "6b/ZdZhtVPnKtetGI1vgHK"
  },
  {
    "__type__": "cc.UITransform",
    "_name": "",
    "_objFlags": 0,
    "__editorExtras__": {},
    "node": {
      "__id__": 10
    },
    "_enabled": true,
    "__prefab": null,
    "_contentSize": {
      "__type__": "cc.Size",
      "width": 640,
      "height": 960
    },
    "_anchorPoint": {
      "__type__": "cc.Vec2",
      "x": 0.5,
      "y": 0.5
    },
    "_id": "14y5vKMcJH3YZSNOOkmfq0"
  },
  {
    "__type__": "cc.Sprite",
    "_name": "",
    "_objFlags": 0,
    "__editorExtras__": {},
    "node": {
      "__id__": 10
    },
    "_enabled": true,
    "__prefab": null,
    "_customMaterial": null,
    "_srcBlendFactor": 2,
    "_dstBlendFactor": 4,
    "_color": {
      "__type__": "cc.Color",
      "r": 255,
      "g": 255,
      "b": 255,
      "a": 255
    },
    "_spriteFrame": {
      "__uuid__": "58056d1f-8a3e-4423-b09c-b8f2b612e262@f9941",
      "__expectedType__": "cc.SpriteFrame"
    },
    "_type": 0,
    "_fillType": 0,
    "_sizeMode": 1,
    "_fillCenter": {
      "__type__": "cc.Vec2",
      "x": 0,
      "y": 0
    },
    "_fillStart": 0,
    "_fillRange": 0,
    "_isTrimmedMode": true,
    "_useGrayscale": false,
    "_atlas": null,
    "_id": "c8Uj+Bo2tCybHC63syXAdd"
  },
  {
    "__type__": "cc.Node",
    "_name": "Inicio",
    "_objFlags": 0,
    "__editorExtras__": {},
    "_parent": {
      "__id__": 7
    },
    "_children": [],
    "_active": true,
    "_components": [
      {
        "__id__": 16
      },
      {
        "__id__": 17
      },
      {
        "__id__": 23
      },
      {
        "__id__": 24
      }
    ],
    "_prefab": null,
    "_lpos": {
      "__type__": "cc.Vec3",
      "x": 0,
      "y": -170,
      "z": 0
    },
    "_lrot": {
      "__type__": "cc.Quat",
      "x": 0,
      "y": 0,
      "z": 0,
      "w": 1
    },
    "_lscale": {
      "__type__": "cc.Vec3",
      "x": 1,
      "y": 1,
      "z": 1
    },
    "_mobility": 0,
    "_layer": 33554432,
    "_euler": {
      "__type__": "cc.Vec3",
      "x": 0,
      "y": 0,
      "z": 0
    },
    "_id": "dfznokKBFHvKs70LLjMKBu"
  },
  {
    "__type__": "cc.UITransform",
    "_name": "",
    "_objFlags": 0,
    "__editorExtras__": {},
    "node": {
      "__id__": 15
    },
    "_enabled": true,
    "__prefab": null,
    "_contentSize": {
      "__type__": "cc.Size",
      "width": 329,
      "height": 131
    },
    "_anchorPoint": {
      "__type__": "cc.Vec2",
      "x": 0.5,
      "y": 0.5
    },
    "_id": "b0hJ6H5DRFVI5bsN9GquiU"
  },
  {
    "__type__": "cc.Button",
    "_name": "",
    "_objFlags": 0,
    "__editorExtras__": {},
    "node": {
      "__id__": 15
    },
    "_enabled": true,
    "__prefab": null,
    "clickEvents": [
      {
        "__id__": 18
      },
      {
        "__id__": 19
      }
    ],
    "_interactable": true,
    "_transition": 2,
    "_normalColor": {
      "__type__": "cc.Color",
      "r": 255,
      "g": 255,
      "b": 255,
      "a": 255
    },
    "_hoverColor": {
      "__type__": "cc.Color",
      "r": 211,
      "g": 211,
      "b": 211,
      "a": 255
    },
    "_pressedColor": {
      "__type__": "cc.Color",
      "r": 255,
      "g": 255,
      "b": 255,
      "a": 255
    },
    "_disabledColor": {
      "__type__": "cc.Color",
      "r": 124,
      "g": 124,
      "b": 124,
      "a": 255
    },
    "_normalSprite": {
      "__uuid__": "dca55c14-c304-46b4-9d77-728bd67b55df@f9941",
      "__expectedType__": "cc.SpriteFrame"
    },
    "_hoverSprite": {
      "__uuid__": "214813f3-accd-4f4f-8613-f400fbb4fd6a@f9941",
      "__expectedType__": "cc.SpriteFrame"
    },
    "_pressedSprite": {
      "__uuid__": "badcb2c2-7f5a-4915-ae3e-b0164622d771@f9941",
      "__expectedType__": "cc.SpriteFrame"
    },
    "_disabledSprite": {
      "__uuid__": "badcb2c2-7f5a-4915-ae3e-b0164622d771@f9941",
      "__expectedType__": "cc.SpriteFrame"
    },
    "_duration": 0.1,
    "_zoomScale": 1.2,
    "_target": null,
    "_id": "c0aXIKvPBAH5dwdzAnMj3C"
  },
  {
    "__type__": "cc.ClickEvent",
    "target": {
      "__id__": 15
    },
    "component": "",
    "_componentId": "142a7jvMhFMt6cJqcFn5tqF",
    "handler": "Carga",
    "customEventData": ""
  },
  {
    "__type__": "cc.ClickEvent",
    "target": {
      "__id__": 20
    },
    "component": "",
    "_componentId": "7c6e54/Z0xOr4k8JWaCiNfb",
    "handler": "sendMessageToStart",
    "customEventData": ""
  },
  {
    "__type__": "cc.Node",
    "_name": "Manager",
    "_objFlags": 0,
    "__editorExtras__": {},
    "_parent": {
      "__id__": 1
    },
    "_children": [],
    "_active": true,
    "_components": [
      {
        "__id__": 21
      },
      {
        "__id__": 22
      }
    ],
    "_prefab": null,
    "_lpos": {
      "__type__": "cc.Vec3",
      "x": 0,
      "y": 0,
      "z": 0
    },
    "_lrot": {
      "__type__": "cc.Quat",
      "x": 0,
      "y": 0,
      "z": 0,
      "w": 1
    },
    "_lscale": {
      "__type__": "cc.Vec3",
      "x": 1,
      "y": 1,
      "z": 1
    },
    "_mobility": 0,
    "_layer": 1073741824,
    "_euler": {
      "__type__": "cc.Vec3",
      "x": 0,
      "y": 0,
      "z": 0
    },
    "_id": "b5675nt9FE17eHY++NchQY"
  },
  {
    "__type__": "1486ffEIu1Hxp7VDK6gWRBt",
    "_name": "",
    "_objFlags": 0,
    "__editorExtras__": {},
    "node": {
      "__id__": 20
    },
    "_enabled": true,
    "__prefab": null,
    "scoreText": null,
    "score": 0,
    "gameOver": {
      "__id__": 11
    },
    "finalScoreText": null,
    "fin": false,
    "golpes": 3,
    "anotar": false,
    "reset": false,
    "mensaje": null,
    "timerLabel": null,
    "felicitacion": null,
    "_id": "bbmn6ymu5MBL2d+WpbOGZq"
  },
  {
    "__type__": "7c6e54/Z0xOr4k8JWaCiNfb",
    "_name": "",
    "_objFlags": 0,
    "__editorExtras__": {},
    "node": {
      "__id__": 20
    },
    "_enabled": true,
    "__prefab": null,
    "mainScore": {
      "__id__": 21
    },
    "_id": "04KufFMU1MWaAv5LZ9s0Bz"
  },
  {
    "__type__": "cc.Sprite",
    "_name": "",
    "_objFlags": 0,
    "__editorExtras__": {},
    "node": {
      "__id__": 15
    },
    "_enabled": true,
    "__prefab": null,
    "_customMaterial": null,
    "_srcBlendFactor": 2,
    "_dstBlendFactor": 4,
    "_color": {
      "__type__": "cc.Color",
      "r": 255,
      "g": 255,
      "b": 255,
      "a": 255
    },
    "_spriteFrame": {
      "__uuid__": "dca55c14-c304-46b4-9d77-728bd67b55df@f9941",
      "__expectedType__": "cc.SpriteFrame"
    },
    "_type": 0,
    "_fillType": 0,
    "_sizeMode": 2,
    "_fillCenter": {
      "__type__": "cc.Vec2",
      "x": 0,
      "y": 0
    },
    "_fillStart": 0,
    "_fillRange": 0,
    "_isTrimmedMode": true,
    "_useGrayscale": false,
    "_atlas": null,
    "_id": "3bBxVYI85Eb5xKr3bhDjXx"
  },
  {
    "__type__": "142a7jvMhFMt6cJqcFn5tqF",
    "_name": "",
    "_objFlags": 0,
    "__editorExtras__": {},
    "node": {
      "__id__": 15
    },
    "_enabled": true,
    "__prefab": null,
    "escena": "Instrucciones",
    "_id": "5ddxCmfflJJbvwib0QBBbc"
  },
  {
    "__type__": "cc.Node",
    "_name": "Salir",
    "_objFlags": 0,
    "__editorExtras__": {},
    "_parent": {
      "__id__": 7
    },
    "_children": [],
    "_active": true,
    "_components": [
      {
        "__id__": 26
      },
      {
        "__id__": 27
      },
      {
        "__id__": 29
      }
    ],
    "_prefab": null,
    "_lpos": {
      "__type__": "cc.Vec3",
      "x": 0,
      "y": -300,
      "z": 0
    },
    "_lrot": {
      "__type__": "cc.Quat",
      "x": 0,
      "y": 0,
      "z": 0,
      "w": 1
    },
    "_lscale": {
      "__type__": "cc.Vec3",
      "x": 0.8,
      "y": 0.8,
      "z": 0.8
    },
    "_mobility": 0,
    "_layer": 33554432,
    "_euler": {
      "__type__": "cc.Vec3",
      "x": 0,
      "y": 0,
      "z": 0
    },
    "_id": "70tYMWgNJPNrbhON1UUU0/"
  },
  {
    "__type__": "cc.UITransform",
    "_name": "",
    "_objFlags": 0,
    "__editorExtras__": {},
    "node": {
      "__id__": 25
    },
    "_enabled": true,
    "__prefab": null,
    "_contentSize": {
      "__type__": "cc.Size",
      "width": 329,
      "height": 131
    },
    "_anchorPoint": {
      "__type__": "cc.Vec2",
      "x": 0.5,
      "y": 0.5
    },
    "_id": "d9wlPA8lRHi5x9AyI+tPTE"
  },
  {
    "__type__": "cc.Button",
    "_name": "",
    "_objFlags": 0,
    "__editorExtras__": {},
    "node": {
      "__id__": 25
    },
    "_enabled": true,
    "__prefab": null,
    "clickEvents": [
      {
        "__id__": 28
      }
    ],
    "_interactable": true,
    "_transition": 2,
    "_normalColor": {
      "__type__": "cc.Color",
      "r": 255,
      "g": 255,
      "b": 255,
      "a": 255
    },
    "_hoverColor": {
      "__type__": "cc.Color",
      "r": 211,
      "g": 211,
      "b": 211,
      "a": 255
    },
    "_pressedColor": {
      "__type__": "cc.Color",
      "r": 255,
      "g": 255,
      "b": 255,
      "a": 255
    },
    "_disabledColor": {
      "__type__": "cc.Color",
      "r": 124,
      "g": 124,
      "b": 124,
      "a": 255
    },
    "_normalSprite": {
      "__uuid__": "96d75ff2-bf50-4ddb-9da2-2fd939326a04@f9941",
      "__expectedType__": "cc.SpriteFrame"
    },
    "_hoverSprite": {
      "__uuid__": "c9d682ae-9f1e-4c20-9c65-dbd442fb38b2@f9941",
      "__expectedType__": "cc.SpriteFrame"
    },
    "_pressedSprite": {
      "__uuid__": "8fe440cd-1cf1-4818-9918-64c6af59391a@f9941",
      "__expectedType__": "cc.SpriteFrame"
    },
    "_disabledSprite": {
      "__uuid__": "8fe440cd-1cf1-4818-9918-64c6af59391a@f9941",
      "__expectedType__": "cc.SpriteFrame"
    },
    "_duration": 0.1,
    "_zoomScale": 1.2,
    "_target": null,
    "_id": "beD67SSplGOYPPJOzz7Qi+"
  },
  {
    "__type__": "cc.ClickEvent",
    "target": {
      "__id__": 20
    },
    "component": "",
    "_componentId": "7c6e54/Z0xOr4k8JWaCiNfb",
    "handler": "sendMessageToExit",
    "customEventData": ""
  },
  {
    "__type__": "cc.Sprite",
    "_name": "",
    "_objFlags": 0,
    "__editorExtras__": {},
    "node": {
      "__id__": 25
    },
    "_enabled": true,
    "__prefab": null,
    "_customMaterial": null,
    "_srcBlendFactor": 2,
    "_dstBlendFactor": 4,
    "_color": {
      "__type__": "cc.Color",
      "r": 255,
      "g": 255,
      "b": 255,
      "a": 255
    },
    "_spriteFrame": {
      "__uuid__": "96d75ff2-bf50-4ddb-9da2-2fd939326a04@f9941",
      "__expectedType__": "cc.SpriteFrame"
    },
    "_type": 0,
    "_fillType": 0,
    "_sizeMode": 2,
    "_fillCenter": {
      "__type__": "cc.Vec2",
      "x": 0,
      "y": 0
    },
    "_fillStart": 0,
    "_fillRange": 0,
    "_isTrimmedMode": true,
    "_useGrayscale": false,
    "_atlas": null,
    "_id": "f4AmgWXCpKT6m/8orTQT7C"
  },
  {
    "__type__": "cc.Node",
    "_name": "Marco",
    "_objFlags": 0,
    "__editorExtras__": {},
    "_parent": {
      "__id__": 7
    },
    "_children": [],
    "_active": true,
    "_components": [
      {
        "__id__": 31
      }
    ],
    "_prefab": null,
    "_lpos": {
      "__type__": "cc.Vec3",
      "x": 0,
      "y": 0,
      "z": 0
    },
    "_lrot": {
      "__type__": "cc.Quat",
      "x": 0,
      "y": 0,
      "z": 0,
      "w": 1
    },
    "_lscale": {
      "__type__": "cc.Vec3",
      "x": 1,
      "y": 1,
      "z": 1
    },
    "_mobility": 0,
    "_layer": 33554432,
    "_euler": {
      "__type__": "cc.Vec3",
      "x": 0,
      "y": 0,
      "z": 0
    },
    "_id": "5aEwEHogBFibl7vSiga4Y8"
  },
  {
    "__type__": "cc.UITransform",
    "_name": "",
    "_objFlags": 0,
    "__editorExtras__": {},
    "node": {
      "__id__": 30
    },
    "_enabled": true,
    "__prefab": null,
    "_contentSize": {
      "__type__": "cc.Size",
      "width": 100,
      "height": 100
    },
    "_anchorPoint": {
      "__type__": "cc.Vec2",
      "x": 0.5,
      "y": 0.5
    },
    "_id": "a5miFDXYtK3JVpDlcVa1ch"
  },
  {
    "__type__": "cc.Node",
    "_name": "Logo",
    "_objFlags": 0,
    "__editorExtras__": {},
    "_parent": {
      "__id__": 7
    },
    "_children": [],
    "_active": true,
    "_components": [
      {
        "__id__": 33
      },
      {
        "__id__": 34
      },
      {
        "__id__": 35
      }
    ],
    "_prefab": null,
    "_lpos": {
      "__type__": "cc.Vec3",
      "x": 0,
      "y": 350,
      "z": 0
    },
    "_lrot": {
      "__type__": "cc.Quat",
      "x": 0,
      "y": 0,
      "z": 0,
      "w": 1
    },
    "_lscale": {
      "__type__": "cc.Vec3",
      "x": 1,
      "y": 1,
      "z": 1
    },
    "_mobility": 0,
    "_layer": 33554432,
    "_euler": {
      "__type__": "cc.Vec3",
      "x": 0,
      "y": 0,
      "z": 0
    },
    "_id": "73kMIOcwBPYbZQhZThL6Pu"
  },
  {
    "__type__": "cc.UITransform",
    "_name": "",
    "_objFlags": 0,
    "__editorExtras__": {},
    "node": {
      "__id__": 32
    },
    "_enabled": true,
    "__prefab": null,
    "_contentSize": {
      "__type__": "cc.Size",
      "width": 348,
      "height": 73
    },
    "_anchorPoint": {
      "__type__": "cc.Vec2",
      "x": 0.5,
      "y": 0.5
    },
    "_id": "76AI22tKxDTKdJmtzzJGZ5"
  },
  {
    "__type__": "cc.Sprite",
    "_name": "",
    "_objFlags": 0,
    "__editorExtras__": {},
    "node": {
      "__id__": 32
    },
    "_enabled": true,
    "__prefab": null,
    "_customMaterial": null,
    "_srcBlendFactor": 2,
    "_dstBlendFactor": 4,
    "_color": {
      "__type__": "cc.Color",
      "r": 255,
      "g": 255,
      "b": 255,
      "a": 255
    },
    "_spriteFrame": {
      "__uuid__": "08e47474-e545-48de-90f6-a8e6b4d4c5dd@f9941",
      "__expectedType__": "cc.SpriteFrame"
    },
    "_type": 0,
    "_fillType": 0,
    "_sizeMode": 2,
    "_fillCenter": {
      "__type__": "cc.Vec2",
      "x": 0,
      "y": 0
    },
    "_fillStart": 0,
    "_fillRange": 0,
    "_isTrimmedMode": true,
    "_useGrayscale": false,
    "_atlas": null,
    "_id": "f2a91DDxtFfJPJOlSwkBdv"
  },
  {
    "__type__": "cc.Animation",
    "_name": "",
    "_objFlags": 0,
    "__editorExtras__": {},
    "node": {
      "__id__": 32
    },
    "_enabled": true,
    "__prefab": null,
    "playOnLoad": true,
    "_clips": [
      {
        "__uuid__": "52a007ea-3032-4029-a1d5-ad54d0e9f1b9",
        "__expectedType__": "cc.AnimationClip"
      }
    ],
    "_defaultClip": {
      "__uuid__": "52a007ea-3032-4029-a1d5-ad54d0e9f1b9",
      "__expectedType__": "cc.AnimationClip"
    },
    "_id": "23YP39So1P1rl3E3NsnkUA"
  },
  {
    "__type__": "cc.UITransform",
    "_name": "",
    "_objFlags": 0,
    "__editorExtras__": {},
    "node": {
      "__id__": 7
    },
    "_enabled": true,
    "__prefab": null,
    "_contentSize": {
      "__type__": "cc.Size",
      "width": 640,
      "height": 959.9999999999999
    },
    "_anchorPoint": {
      "__type__": "cc.Vec2",
      "x": 0.5,
      "y": 0.5
    },
    "_id": "92AHcBPGFE4rHufoKWNIwC"
  },
  {
    "__type__": "cc.Canvas",
    "_name": "",
    "_objFlags": 0,
    "__editorExtras__": {},
    "node": {
      "__id__": 7
    },
    "_enabled": true,
    "__prefab": null,
    "_cameraComponent": {
      "__id__": 9
    },
    "_alignCanvasWithScreen": true,
    "_id": "599OIxfwVLuqCvP3UV46FY"
  },
  {
    "__type__": "cc.Widget",
    "_name": "",
    "_objFlags": 0,
    "__editorExtras__": {},
    "node": {
      "__id__": 7
    },
    "_enabled": true,
    "__prefab": null,
    "_alignFlags": 45,
    "_target": null,
    "_left": 0,
    "_right": 0,
    "_top": 0,
    "_bottom": 0,
    "_horizontalCenter": 0,
    "_verticalCenter": 0,
    "_isAbsLeft": true,
    "_isAbsRight": true,
    "_isAbsTop": true,
    "_isAbsBottom": true,
    "_isAbsHorizontalCenter": true,
    "_isAbsVerticalCenter": true,
    "_originalWidth": 0,
    "_originalHeight": 0,
    "_alignMode": 2,
    "_lockFlags": 0,
    "_id": "05XYUQB9pI66vj6h5Rfz5i"
  },
  {
    "__type__": "cc.SceneGlobals",
    "ambient": {
      "__id__": 40
    },
    "shadows": {
      "__id__": 41
    },
    "_skybox": {
      "__id__": 42
    },
    "fog": {
      "__id__": 43
    },
    "octree": {
      "__id__": 44
    },
    "skin": {
      "__id__": 45
    },
    "lightProbeInfo": {
      "__id__": 46
    },
    "postSettings": {
      "__id__": 47
    },
    "bakedWithStationaryMainLight": false,
    "bakedWithHighpLightmap": false
  },
  {
    "__type__": "cc.AmbientInfo",
    "_skyColorHDR": {
      "__type__": "cc.Vec4",
      "x": 0.2,
      "y": 0.5,
      "z": 0.8,
      "w": 0.520833125
    },
    "_skyColor": {
      "__type__": "cc.Vec4",
      "x": 0.2,
      "y": 0.5,
      "z": 0.8,
      "w": 0.520833125
    },
    "_skyIllumHDR": 20000,
    "_skyIllum": 20000,
    "_groundAlbedoHDR": {
      "__type__": "cc.Vec4",
      "x": 0.2,
      "y": 0.2,
      "z": 0.2,
      "w": 1
    },
    "_groundAlbedo": {
      "__type__": "cc.Vec4",
      "x": 0.2,
      "y": 0.2,
      "z": 0.2,
      "w": 1
    },
    "_skyColorLDR": {
      "__type__": "cc.Vec4",
      "x": 0.452588,
      "y": 0.607642,
      "z": 0.755699,
      "w": 0
    },
    "_skyIllumLDR": 0.8,
    "_groundAlbedoLDR": {
      "__type__": "cc.Vec4",
      "x": 0.618555,
      "y": 0.577848,
      "z": 0.544564,
      "w": 0
    }
  },
  {
    "__type__": "cc.ShadowsInfo",
    "_enabled": false,
    "_type": 0,
    "_normal": {
      "__type__": "cc.Vec3",
      "x": 0,
      "y": 1,
      "z": 0
    },
    "_distance": 0,
    "_planeBias": 1,
    "_shadowColor": {
      "__type__": "cc.Color",
      "r": 76,
      "g": 76,
      "b": 76,
      "a": 255
    },
    "_maxReceived": 4,
    "_size": {
      "__type__": "cc.Vec2",
      "x": 1024,
      "y": 1024
    }
  },
  {
    "__type__": "cc.SkyboxInfo",
    "_envLightingType": 0,
    "_envmapHDR": {
      "__uuid__": "d032ac98-05e1-4090-88bb-eb640dcb5fc1@b47c0",
      "__expectedType__": "cc.TextureCube"
    },
    "_envmap": {
      "__uuid__": "d032ac98-05e1-4090-88bb-eb640dcb5fc1@b47c0",
      "__expectedType__": "cc.TextureCube"
    },
    "_envmapLDR": {
      "__uuid__": "6f01cf7f-81bf-4a7e-bd5d-0afc19696480@b47c0",
      "__expectedType__": "cc.TextureCube"
    },
    "_diffuseMapHDR": null,
    "_diffuseMapLDR": null,
    "_enabled": true,
    "_useHDR": true,
    "_editableMaterial": null,
    "_reflectionHDR": null,
    "_reflectionLDR": null,
    "_rotationAngle": 0
  },
  {
    "__type__": "cc.FogInfo",
    "_type": 0,
    "_fogColor": {
      "__type__": "cc.Color",
      "r": 200,
      "g": 200,
      "b": 200,
      "a": 255
    },
    "_enabled": false,
    "_fogDensity": 0.3,
    "_fogStart": 0.5,
    "_fogEnd": 300,
    "_fogAtten": 5,
    "_fogTop": 1.5,
    "_fogRange": 1.2,
    "_accurate": false
  },
  {
    "__type__": "cc.OctreeInfo",
    "_enabled": false,
    "_minPos": {
      "__type__": "cc.Vec3",
      "x": -1024,
      "y": -1024,
      "z": -1024
    },
    "_maxPos": {
      "__type__": "cc.Vec3",
      "x": 1024,
      "y": 1024,
      "z": 1024
    },
    "_depth": 8
  },
  {
    "__type__": "cc.SkinInfo",
    "_enabled": true,
    "_blurRadius": 0.01,
    "_sssIntensity": 3
  },
  {
    "__type__": "cc.LightProbeInfo",
    "_giScale": 1,
    "_giSamples": 1024,
    "_bounces": 2,
    "_reduceRinging": 0,
    "_showProbe": true,
    "_showWireframe": true,
    "_showConvex": false,
    "_data": null,
    "_lightProbeSphereVolume": 1
  },
  {
    "__type__": "cc.PostSettingsInfo",
    "_toneMappingType": 0
  }
]