{
  "__type__": "cc.SpriteFrame",
  "content": {
    "name": "Logo_C",
    "atlas": "",
    "rect": {
      "x": 0,
      "y": 0,
      "width": 482,
      "height": 75
    },
    "offset": {
      "x": -0.5,
      "y": 0
    },
    "originalSize": {
      "width": 483,
      "height": 75
    },
    "rotated": false,
    "capInsets": [
      0,
      0,
      0,
      0
    ],
    "vertices": {
      "rawPosition": [
        -241,
        -37.5,
        0,
        241,
        -37.5,
        0,
        -241,
        37.5,
        0,
        241,
        37.5,
        0
      ],
      "indexes": [
        0,
        1,
        2,
        2,
        1,
        3
      ],
      "uv": [
        0,
        75,
        482,
        75,
        0,
        0,
        482,
        0
      ],
      "nuv": [
        0,
        0,
        0.9979296066252588,
        0,
        0,
        1,
        0.9979296066252588,
        1
      ],
      "minPos": {
        "x": -241,
        "y": -37.5,
        "z": 0
      },
      "maxPos": {
        "x": 241,
        "y": 37.5,
        "z": 0
      }
    },
    "texture": "f75ddc20-a12f-4a41-8bf7-fa36d623e941@6c48a",
    "packable": true,
    "pixelsToUnit": 100,
    "pivot": {
      "x": 0.5,
      "y": 0.5
    },
    "meshType": 0
  }
}