{
  "__type__": "cc.SpriteFrame",
  "content": {
    "name": "Trofeo",
    "atlas": "",
    "rect": {
      "x": 0,
      "y": 0,
      "width": 100,
      "height": 133
    },
    "offset": {
      "x": 0,
      "y": 0
    },
    "originalSize": {
      "width": 100,
      "height": 133
    },
    "rotated": false,
    "capInsets": [
      0,
      0,
      0,
      0
    ],
    "vertices": {
      "rawPosition": [
        -50,
        -66.5,
        0,
        50,
        -66.5,
        0,
        -50,
        66.5,
        0,
        50,
        66.5,
        0
      ],
      "indexes": [
        0,
        1,
        2,
        2,
        1,
        3
      ],
      "uv": [
        0,
        133,
        100,
        133,
        0,
        0,
        100,
        0
      ],
      "nuv": [
        0,
        0,
        1,
        0,
        0,
        1,
        1,
        1
      ],
      "minPos": {
        "x": -50,
        "y": -66.5,
        "z": 0
      },
      "maxPos": {
        "x": 50,
        "y": 66.5,
        "z": 0
      }
    },
    "texture": "af3924cb-21b4-42ef-b7ce-a54f601e4dd4@6c48a",
    "packable": true,
    "pixelsToUnit": 100,
    "pivot": {
      "x": 0.5,
      "y": 0.5
    },
    "meshType": 0
  }
}