[1,["2dvbA4/xhIYK85EczlO0w8@6c48a","62Szj81YxMi5i8N8vCLed1@6c48a","82kiQRY1xHJ4lyHhAgjiJM@6c48a","62Szj81YxMi5i8N8vCLed1@f9941","e0sLowTJxLy6DYG740urzq@f9941","82kiQRY1xHJ4lyHhAgjiJM@f9941","2dvbA4/xhIYK85EczlO0w8@f9941","20g1ukYUVPvKWKBRznAKo+@f9941","d0MqyYBeFAkIi762QNy1/B@b47c0","6fAc9/gb9Kfr1dCvwZaWSA@b47c0"],["node","_spriteFrame","_textureSource","_cameraComponent","sceneRouter","btnSalir","btnVolver","scoreLabel","scene","_parent","_envmapHDR","_envmapLDR"],[["cc.Node",["_name","_layer","_id","_components","_parent","_lpos","_lrot","_euler","_children","_lscale"],0,9,1,5,5,5,2,5],"cc.SpriteFrame",["cc.Node",["_name","_id","_parent","_components","_lpos"],1,1,2,5],["cc.Sprite",["_sizeMode","node","_spriteFrame","_color"],2,1,6,5],["cc.Camera",["_clearFlags","_visibility","_depth","_projection","_priority","_orthoHeight","_far","node","_color"],-4,1,5],["cc.SceneAsset",["_name"],2],["cc.Node",["_name","_layer","_parent","_components","_lpos"],1,1,12,5],["cc.UITransform",["node","_contentSize"],3,1,5],["cc.Canvas",["node","_cameraComponent"],3,1,1],["cc.Widget",["_alignFlags","node"],2,1],["cc.Scene",["_name","_children","_globals"],2,2,4],["cc.SceneGlobals",["ambient","shadows","_skybox","fog","octree","skin","lightProbeInfo","postSettings"],3,4,4,4,4,4,4,4,4],["cc.AmbientInfo",["_skyIllumLDR","_skyColorHDR","_skyColorLDR","_groundAlbedoLDR"],2,5,5,5],["cc.ShadowsInfo",["_shadowColor"],3,5],["cc.SkyboxInfo",["_enabled","_envmapHDR","_envmapLDR"],2,6,6],["cc.FogInfo",[],3],["cc.OctreeInfo",[],3],["cc.SkinInfo",[],3],["cc.LightProbeInfo",[],3],["cc.PostSettingsInfo",[],3],["cc.UIOpacity",["_opacity","node"],2,1],["1d49dG7El9HepJnLQ+SEmmF",["node","scoreLabel","btnVolver","btnSalir","sceneRouter"],3,1,1,1,1,1],["cc.Label",["_string","_actualFontSize","_fontSize","_lineHeight","_isBold","_enableOutline","_outlineWidth","node","_outlineColor"],-4,1,5],["cc.DirectionalLight",["node","_color","_staticSettings"],3,1,5,4],["cc.StaticLightSettings",[],3],["cce314MRhBCTJ4fD6Ei8Pv1",["fader"],3,1]],[[7,0,1,1],[3,1,2,1],[0,0,1,4,3,3],[0,0,1,4,3,5,3],[0,0,1,4,3,5,9,3],[22,0,1,2,3,4,5,6,7,8,8],[5,0,2],[0,0,1,2,8,3,5,4],[0,0,2,4,3,6,7,3],[0,0,2,4,3,5,6,7,3],[6,0,1,2,3,4,3],[2,0,2,3,4,2],[2,0,1,2,3,3],[8,0,1,1],[9,0,1,2],[10,0,1,2,2],[11,0,1,2,3,4,5,6,7,1],[12,0,1,2,3,2],[13,0,1],[14,0,1,2,2],[15,1],[16,1],[17,1],[18,1],[19,1],[3,0,1,3,2,2],[20,0,1,2],[21,0,1,2,3,4,1],[23,0,1,2,1],[24,1],[4,2,0,1,7,8,4],[4,3,4,5,6,0,1,7,8,7],[25,0,1]],[[[{"name":"btn-salir","rect":{"x":0,"y":0,"width":329,"height":121},"offset":{"x":0,"y":5},"originalSize":{"width":329,"height":131},"rotated":false,"capInsets":[0,0,0,0],"vertices":{"rawPosition":[-164.5,-60.5,0,164.5,-60.5,0,-164.5,60.5,0,164.5,60.5,0],"indexes":[0,1,2,2,1,3],"uv":[0,131,329,131,0,10,329,10],"nuv":[0,0.07633587786259542,1,0.07633587786259542,0,1,1,1],"minPos":{"x":-164.5,"y":-60.5,"z":0},"maxPos":{"x":164.5,"y":60.5,"z":0}},"packable":true,"pixelsToUnit":100,"pivot":{"x":0.5,"y":0.5},"meshType":0}],[1],0,[0],[2],[0]],[[{"name":"endbg","rect":{"x":0,"y":0,"width":640,"height":960},"offset":{"x":0,"y":0},"originalSize":{"width":640,"height":960},"rotated":false,"capInsets":[0,0,0,0],"vertices":{"rawPosition":[-320,-480,0,320,-480,0,-320,480,0,320,480,0],"indexes":[0,1,2,2,1,3],"uv":[0,960,640,960,0,0,640,0],"nuv":[0,0,1,0,0,1,1,1],"minPos":{"x":-320,"y":-480,"z":0},"maxPos":{"x":320,"y":480,"z":0}},"packable":true,"pixelsToUnit":100,"pivot":{"x":0.5,"y":0.5},"meshType":0}],[1],0,[0],[2],[1]],[[{"name":"btn-volver","rect":{"x":0,"y":0,"width":329,"height":121},"offset":{"x":0,"y":5},"originalSize":{"width":329,"height":131},"rotated":false,"capInsets":[0,0,0,0],"vertices":{"rawPosition":[-164.5,-60.5,0,164.5,-60.5,0,-164.5,60.5,0,164.5,60.5,0],"indexes":[0,1,2,2,1,3],"uv":[0,131,329,131,0,10,329,10],"nuv":[0,0.07633587786259542,1,0.07633587786259542,0,1,1,1],"minPos":{"x":-164.5,"y":-60.5,"z":0},"maxPos":{"x":164.5,"y":60.5,"z":0}},"packable":true,"pixelsToUnit":100,"pivot":{"x":0.5,"y":0.5},"meshType":0}],[1],0,[0],[2],[2]],[[[6,"30-gameover"],[7,"Canvas",33554432,"49o9gkUfxI2YMeGkvUcR2s",[-5,-6,-7,-8,-9,-10,-11,-12],[[0,-1,[5,640,960.0000000000001]],[13,-3,-2],[14,45,-4]],[1,320,480.00000000000006,0]],[15,"30-gameover",[-13,-14,1,-15],[16,[17,0.8,[2,0.2,0.5,0.8,0.520833125],[2,0.452588,0.607642,0.755699,0],[2,0.618555,0.577848,0.544564,0]],[18,[4,4283190348]],[19,true,5,6],[20],[21],[22],[23],[24]]],[2,"opacity",33554432,1,[[0,-16,[5,640,960]],[25,0,-17,[4,4278190218],4],[26,0,-18]]],[10,"FinalScore",33554432,1,[[[0,-19,[5,232.4609375,110.8]],-20,[27,-25,-24,-23,-22,-21]],4,1,4],[1,0,71.485,0]],[3,"btn-volver",33554432,1,[[0,-26,[5,329,121]],[1,-27,2]],[1,0,-174.286,0]],[4,"btn-salir",33554432,1,[[0,-28,[5,329,121]],[1,-29,3]],[1,-6,-306.00000000000006,0],[1,0.8,0.8,0.8]],[2,"endbg",33554432,1,[[0,-30,[5,640,960]],[1,-31,0]]],[4,"logo",33554432,1,[[0,-32,[5,596,120]],[1,-33,1]],[1,0.8570000000000277,245.286,0],[1,0.8,0.8,0.8]],[3,"labelcarreras",33554432,1,[[0,-34,[5,128.43430355394244,47.800000000000004]],[5,"carreras",45.875,30,30,true,true,5,-35,[4,4278190335]]],[1,0,9.89,0]],[8,"Main Light","c0y6F5f+pAvI805TdmxIjx",2,[[28,-36,[4,4293982975],[29]]],[3,-0.06397656665577071,-0.44608233363525845,-0.8239028751062036,-0.3436591377065261],[1,-117.894,-194.909,38.562]],[9,"Main Camera","c9DMICJLFO5IeO07EPon7U",2,[[30,0,14,1822425087,-37,[4,4284030492]]],[1,-10,10,10],[3,-0.27781593346944056,-0.36497167621709875,-0.11507512748638377,0.8811195706053617],[1,-35,-45,0]],[11,"Camera",1,[-38],[1,0,0,1000]],[31,0,1073741824,480.00000000000006,2000,6,41943040,12,[4,4278190080]],[5,"00000",100,80,80,true,true,5,4,[4,4278190335]],[32,3],[12,"SceneRouter","03Oi6Ly0VDGa7MzzTHAKqR",2,[15]]],0,[0,0,1,0,3,13,0,0,1,0,0,1,0,-1,12,0,-2,7,0,-3,8,0,-4,9,0,-5,4,0,-6,6,0,-7,5,0,-8,3,0,-1,10,0,-2,11,0,-4,16,0,0,3,0,0,3,0,0,3,0,0,4,0,-2,14,0,4,15,0,5,6,0,6,5,0,7,14,0,0,4,0,0,5,0,0,5,0,0,6,0,0,6,0,0,7,0,0,7,0,0,8,0,0,8,0,0,9,0,0,9,0,0,10,0,0,11,0,-1,13,0,8,2,1,9,2,15,0,16,38],[0,0,0,0,0,0,0],[1,1,1,1,1,10,11],[3,4,5,6,7,8,9]]]]
