[1,["36o3Mm0mdJ2b4flSptshOv@2b2a7","36o3Mm0mdJ2b4flSptshOv@535a8","36o3Mm0mdJ2b4flSptshOv@1e446"],["root","node","data","_mesh"],[["cc.Node",["_name","_prefab","_children","_parent","_components","_lrot","_lscale","_euler"],2,4,2,1,9,5,5,5],["cc.Mesh",["_native","_hash","_struct"],1,11],["cc.Prefab",[],3],["cc.PrefabInfo",["fileId","instance","targetOverrides","nestedPrefabInstanceRoots","root","asset"],-1,1,1],["cc.MeshRenderer",["_shadowCastingMode","node","__prefab","_materials","bakeSettings","_mesh"],2,1,4,3,4,6],["cc.CompPrefabInfo",["fileId"],2],["cc.ModelBakeSettings",["_castShadow","_receiveShadow"],1]],[[3,0,1,2,3,4,5,5],[1,0,1,2,3],[2,1],[0,0,2,1,2],[0,0,3,4,1,5,6,7,2],[4,0,1,2,3,4,5,2],[5,0,2],[6,0,1,3]],[[[[1,".bin",1937266220,[{"primitives":[{"primitiveMode":7,"vertexBundelIndices":[0],"indexView":{"offset":186240,"length":46080,"count":23040,"stride":2}},{"primitiveMode":7,"vertexBundelIndices":[1],"indexView":{"offset":325632,"length":22902,"count":11451,"stride":2}}],"vertexBundles":[{"view":{"offset":0,"length":186240,"count":3880,"stride":48},"attributes":[{"name":"a_position","format":32,"isNormalized":false},{"name":"a_normal","format":32,"isNormalized":false},{"name":"a_texCoord","format":21,"isNormalized":false},{"name":"a_tangent","format":44,"isNormalized":false}]},{"view":{"offset":232320,"length":93312,"count":1944,"stride":48},"attributes":[{"name":"a_position","format":32,"isNormalized":false},{"name":"a_normal","format":32,"isNormalized":false},{"name":"a_texCoord","format":21,"isNormalized":false},{"name":"a_tangent","format":44,"isNormalized":false}]}]},"minPosition",8,[1,-0.008404609747231007,-0.008487652987241745,-0.008514716289937496],"maxPosition",8,[1,0.008404609747231007,0.008487652987241745,0.008514716289937496]]],-1],0,0,[],[],[]],[[[2],[3,"highpolybalon",[-2],[0,"a6+CZOxvdSxZFqNCJEhtDi",null,null,null,-1,0]],[4,"BALÓN",1,[[5,1,-3,[6,"70ZJqy72taE50PThO6GcUW"],[0,1],[7,true,true],2]],[0,"5aiaWFp89Xq7MypkDje6Ql",null,null,null,1,0],[3,-0.7071068407911908,0,0,0.7071067215818992],[1,100,100,100],[1,-90.00000965934633,0,0]]],0,[0,0,1,0,-1,2,0,1,2,0,2,1,3],[0,0,0],[-1,-2,3],[0,1,2]]]]
