{
  "__type__": "cc.SpriteFrame",
  "content": {
    "name": "VenadosLoyalty-bg",
    "atlas": "",
    "rect": {
      "x": 0,
      "y": 0,
      "width": 2363,
      "height": 445
    },
    "offset": {
      "x": 0,
      "y": 0
    },
    "originalSize": {
      "width": 2363,
      "height": 445
    },
    "rotated": false,
    "capInsets": [
      0,
      0,
      0,
      0
    ],
    "vertices": {
      "rawPosition": [
        -1181.5,
        -222.5,
        0,
        1181.5,
        -222.5,
        0,
        -1181.5,
        222.5,
        0,
        1181.5,
        222.5,
        0
      ],
      "indexes": [
        0,
        1,
        2,
        2,
        1,
        3
      ],
      "uv": [
        0,
        445,
        2363,
        445,
        0,
        0,
        2363,
        0
      ],
      "nuv": [
        0,
        0,
        1,
        0,
        0,
        1,
        1,
        1
      ],
      "minPos": {
        "x": -1181.5,
        "y": -222.5,
        "z": 0
      },
      "maxPos": {
        "x": 1181.5,
        "y": 222.5,
        "z": 0
      }
    },
    "texture": "e1834a41-5632-4816-838a-43e5c3d24dc4@6c48a",
    "packable": true,
    "pixelsToUnit": 100,
    "pivot": {
      "x": 0.5,
      "y": 0.5
    },
    "meshType": 0
  }
}