{
  "version": "1.0.0",
  "map": {
    "C:\\Users\\Mau\\Raqueta-pelota\\assets\\scenes.meta": {
      "time": 1716485723653.4563
    },
    "C:\\Users\\Mau\\Raqueta-pelota\\assets\\scenes": {
      "time": 1716495954064.5122,
      "uuid": "92a9dff3-2cf9-4366-84b3-b7555c4dd8ce"
    },
    "C:\\Users\\Mau\\Raqueta-pelota\\assets\\scripts.meta": {
      "time": 1716485730006.2915
    },
    "C:\\Users\\Mau\\Raqueta-pelota\\assets\\scripts": {
      "time": 1717022587810.2114,
      "uuid": "022dd720-29b1-42a2-aa1b-9b3d7963b241"
    },
    "C:\\Users\\Mau\\Raqueta-pelota\\assets\\sprite.meta": {
      "time": 1716485735506.4883
    },
    "C:\\Users\\Mau\\Raqueta-pelota\\assets\\sprite": {
      "time": 1716490252362.7356,
      "uuid": "101f2b28-fed4-4d57-9f2a-e74b962e6e01"
    },
    "C:\\Users\\Mau\\Raqueta-pelota\\assets\\prefab.meta": {
      "time": 1716485744341.5354
    },
    "C:\\Users\\Mau\\Raqueta-pelota\\assets\\prefab": {
      "time": 1716485744333.0188,
      "uuid": "a728d9ac-65b3-4ba5-bf70-8a7330d6d43d"
    },
    "C:\\Users\\Mau\\Raqueta-pelota\\assets\\scenes\\inicio.scene.meta": {
      "time": 1716485759409.3054
    },
    "C:\\Users\\Mau\\Raqueta-pelota\\assets\\scenes\\inicio.scene": {
      "time": 1717027175941.0093,
      "uuid": "873693f4-f2bc-445b-9870-7373223aa0d8"
    },
    "C:\\Users\\Mau\\Raqueta-pelota\\assets\\scenes\\juego.scene.meta": {
      "time": 1716485765583.24
    },
    "C:\\Users\\Mau\\Raqueta-pelota\\assets\\scenes\\juego.scene": {
      "time": 1717030396678.941,
      "uuid": "03bb4b39-2769-4340-b198-b91c626de905"
    },
    "C:\\Users\\Mau\\Raqueta-pelota\\assets\\sprite\\pelota.png.meta": {
      "time": 1716485825247.6265
    },
    "C:\\Users\\Mau\\Raqueta-pelota\\assets\\scripts\\RebotePelota.ts.meta": {
      "time": 1716485971250.3696
    },
    "C:\\Users\\Mau\\Raqueta-pelota\\assets\\scripts\\RebotePelota.ts": {
      "time": 1717006557728.1587,
      "uuid": "d256c4fa-2359-49f1-b4c3-06071eb1c573"
    },
    "C:\\Users\\Mau\\Raqueta-pelota\\assets\\sprite\\Botón_salir.png.meta": {
      "time": 1716490252391.7927
    },
    "C:\\Users\\Mau\\Raqueta-pelota\\assets\\sprite\\Botón_salir_h.png.meta": {
      "time": 1716490252419.9084
    },
    "C:\\Users\\Mau\\Raqueta-pelota\\assets\\sprite\\Juego.png.meta": {
      "time": 1716490252463.0466
    },
    "C:\\Users\\Mau\\Raqueta-pelota\\assets\\sprite\\GameOver.png.meta": {
      "time": 1716490252513.774
    },
    "C:\\Users\\Mau\\Raqueta-pelota\\assets\\sprite\\Botón_Jugar.png.meta": {
      "time": 1716490252539.629
    },
    "C:\\Users\\Mau\\Raqueta-pelota\\assets\\sprite\\instruccion.png.meta": {
      "time": 1716490252570.2146
    },
    "C:\\Users\\Mau\\Raqueta-pelota\\assets\\sprite\\Botón_Jugar_h.png.meta": {
      "time": 1716490252590.772
    },
    "C:\\Users\\Mau\\Raqueta-pelota\\assets\\scripts\\GameOver.ts.meta": {
      "time": 1716495276045.222
    },
    "C:\\Users\\Mau\\Raqueta-pelota\\assets\\scripts\\GameOver.ts": {
      "time": 1717027134490.538,
      "uuid": "4d56e002-fcd3-49d0-945e-74ed58374b3e"
    },
    "C:\\Users\\Mau\\Raqueta-pelota\\assets\\scripts\\CambioEscena.ts.meta": {
      "time": 1705099126440.2366
    },
    "C:\\Users\\Mau\\Raqueta-pelota\\assets\\scripts\\CambioEscena.ts": {
      "time": 1717006662878.691,
      "uuid": "a48ba88b-3c96-47d1-9b93-39739e84b177"
    },
    "C:\\Users\\Mau\\Raqueta-pelota\\assets\\scripts\\LoadAssets.ts.meta": {
      "time": 1717022587815.212
    },
    "C:\\Users\\Mau\\Raqueta-pelota\\assets\\scripts\\LoadAssets.ts": {
      "time": 1717027152870.4941,
      "uuid": "5718d97a-c13d-44d1-be0b-1d3ce5918302"
    },
    "C:\\Users\\Mau\\Dominadas\\assets\\prefab": {
      "time": 1716485744333.0188,
      "uuid": "a728d9ac-65b3-4ba5-bf70-8a7330d6d43d"
    },
    "C:\\Users\\Mau\\Dominadas\\assets\\scenes": {
      "time": 1719848452415.862,
      "uuid": "92a9dff3-2cf9-4366-84b3-b7555c4dd8ce"
    },
    "C:\\Users\\Mau\\Dominadas\\assets\\scripts": {
      "time": 1719848452436.7983,
      "uuid": "022dd720-29b1-42a2-aa1b-9b3d7963b241"
    },
    "C:\\Users\\Mau\\Dominadas\\assets\\sprite": {
      "time": 1738110422740.9673,
      "uuid": "101f2b28-fed4-4d57-9f2a-e74b962e6e01"
    },
    "C:\\Users\\Mau\\Dominadas\\assets\\scripts\\CambioEscena.ts": {
      "time": 1717006662878.691,
      "uuid": "a48ba88b-3c96-47d1-9b93-39739e84b177"
    },
    "C:\\Users\\Mau\\Dominadas\\assets\\scripts\\GameOver.ts": {
      "time": 1719904508842.7578,
      "uuid": "4d56e002-fcd3-49d0-945e-74ed58374b3e"
    },
    "C:\\Users\\Mau\\Dominadas\\assets\\scripts\\LoadAssets.ts": {
      "time": 1717027152870.4941,
      "uuid": "5718d97a-c13d-44d1-be0b-1d3ce5918302"
    },
    "C:\\Users\\Mau\\Dominadas\\assets\\scripts\\RebotePelota.ts": {
      "time": 1720470440880.2544,
      "uuid": "d256c4fa-2359-49f1-b4c3-06071eb1c573"
    },
    "C:\\Users\\Mau\\Dominadas\\assets\\prefab.meta": {
      "time": 1716485744341.5354
    },
    "C:\\Users\\Mau\\Dominadas\\assets\\scenes.meta": {
      "time": 1716485723653.4563
    },
    "C:\\Users\\Mau\\Dominadas\\assets\\scripts.meta": {
      "time": 1716485730006.2915
    },
    "C:\\Users\\Mau\\Dominadas\\assets\\sprite.meta": {
      "time": 1716485735506.4883
    },
    "C:\\Users\\Mau\\Dominadas\\assets\\scripts\\CambioEscena.ts.meta": {
      "time": 1705099126440.2366
    },
    "C:\\Users\\Mau\\Dominadas\\assets\\scripts\\GameOver.ts.meta": {
      "time": 1716495276045.222
    },
    "C:\\Users\\Mau\\Dominadas\\assets\\scripts\\LoadAssets.ts.meta": {
      "time": 1717022587815.212
    },
    "C:\\Users\\Mau\\Dominadas\\assets\\scripts\\RebotePelota.ts.meta": {
      "time": 1716485971250.3696
    },
    "C:\\Users\\Mau\\Dominadas\\assets\\scenes\\inicio.scene": {
      "time": 1738110454302.9211,
      "uuid": "873693f4-f2bc-445b-9870-7373223aa0d8"
    },
    "C:\\Users\\Mau\\Dominadas\\assets\\scenes\\juego.scene": {
      "time": 1738173058439.2427,
      "uuid": "03bb4b39-2769-4340-b198-b91c626de905"
    },
    "C:\\Users\\Mau\\Dominadas\\assets\\scenes\\inicio.scene.meta": {
      "time": 1716485759409.3054
    },
    "C:\\Users\\Mau\\Dominadas\\assets\\scenes\\juego.scene.meta": {
      "time": 1716485765583.24
    },
    "C:\\Users\\Mau\\Dominadas\\assets\\Audio.meta": {
      "time": 1719859046886.6772
    },
    "C:\\Users\\Mau\\Dominadas\\assets\\Audio": {
      "time": 1719859046880.168,
      "uuid": "5ada3e24-a6df-46b9-a9c8-36915f499881"
    },
    "C:\\Users\\Mau\\Dominadas\\assets\\sprite\\conffeti.png.meta": {
      "time": 1719905488906.8613
    },
    "C:\\Users\\Mau\\Dominadas\\assets\\sprite\\conffeti.png": {
      "time": 1720467887647.556,
      "uuid": "bbec96f8-78c0-4fe7-96d3-64a316831114"
    },
    "C:\\Users\\Mau\\Dominadas\\assets\\Particle.meta": {
      "time": 1719859508120.2166
    },
    "C:\\Users\\Mau\\Dominadas\\assets\\Particle": {
      "time": 1720469440637.5007,
      "uuid": "9a89159f-1481-4839-b31b-82685a7a58e1"
    },
    "C:\\Users\\Mau\\Dominadas\\assets\\Particle\\confeti.prefab.meta": {
      "time": 1719859629451.7256
    },
    "C:\\Users\\Mau\\Dominadas\\assets\\Particle\\confeti.prefab": {
      "time": 1720468158086.2747,
      "uuid": "9be08b8a-9a57-4ccf-944d-bf0fc7905194"
    },
    "C:\\Users\\Mau\\Dominadas\\assets\\sprite\\confeti2.png.meta": {
      "time": 1719860975288.8618
    },
    "C:\\Users\\Mau\\Dominadas\\assets\\sprite\\confeti2.png": {
      "time": 1720468092597.0576,
      "uuid": "dddf4aff-612e-441f-b74b-930a8f2245a9"
    },
    "C:\\Users\\Mau\\Dominadas\\assets\\confetti.plist.meta": {
      "time": 1719905488920.886
    },
    "C:\\Users\\Mau\\Dominadas\\assets\\confetti.plist": {
      "time": 1719860993235.4407,
      "uuid": "f42a6522-25af-48f9-b506-f1c60150b7a1"
    },
    "C:\\Users\\Mau\\Dominadas\\assets\\sprite\\CarlsJunior_logo.png.meta": {
      "time": 1720466328120.8235
    },
    "C:\\Users\\Mau\\Dominadas\\assets\\sprite\\CarlsJunior_logo.png": {
      "time": 1720466303614.307,
      "uuid": "60d2eb96-de10-4648-8f8f-f669a3b3bceb"
    },
    "C:\\Users\\Mau\\Dominadas\\assets\\sprite\\balon.png.meta": {
      "time": 1720466561870.4028
    },
    "C:\\Users\\Mau\\Dominadas\\assets\\sprite\\balon.png": {
      "time": 1720466419067.4036,
      "uuid": "0a2c064f-8182-4af2-981e-be86be9afc06"
    },
    "C:\\Users\\Mau\\Dominadas\\assets\\sprite\\Estrellas.png.meta": {
      "time": 1720466599795.8396
    },
    "C:\\Users\\Mau\\Dominadas\\assets\\sprite\\Estrellas.png": {
      "time": 1720466418962.4622,
      "uuid": "a94cd87e-3a3d-4c63-a528-4ff43b232ac1"
    },
    "C:\\Users\\Mau\\Dominadas\\assets\\sprite\\balon_brillo.png.meta": {
      "time": 1720466827427.8772
    },
    "C:\\Users\\Mau\\Dominadas\\assets\\sprite\\balon_brillo.png": {
      "time": 1720466805093.7673,
      "uuid": "6ad951f1-5257-4115-856b-a06a96b4cd09"
    },
    "C:\\Users\\Mau\\Dominadas\\assets\\sprite\\felicidades_estrellas.png.meta": {
      "time": 1720467104455.9985
    },
    "C:\\Users\\Mau\\Dominadas\\assets\\sprite\\felicidades_estrellas.png": {
      "time": 1720466748881.1567,
      "uuid": "3cfe0391-b4c4-431e-8669-e854d9f5abf7"
    },
    "C:\\Users\\Mau\\Dominadas\\assets\\Particle\\brillo.prefab.meta": {
      "time": 1720469440642.0051
    },
    "C:\\Users\\Mau\\Dominadas\\assets\\Particle\\brillo.prefab": {
      "time": 1720470321233.5178,
      "uuid": "ff925bf3-94cc-45a9-8bdc-ee30d196e287"
    },
    "C:\\Users\\Mau\\Dominadas\\assets\\sprite\\png-transparent-world-of-coca-cola-fizzy-drinks-diet-coke-cola-company-text-logo.png.meta": {
      "time": 1738023054478.689
    },
    "C:\\Users\\Mau\\Dominadas\\assets\\sprite\\balon-seleccion.png.meta": {
      "time": 1738025293968.0637
    },
    "C:\\Users\\Mau\\Dominadas\\assets\\sprite\\balon-seleccion-brillo.png.meta": {
      "time": 1738025931138.9026
    },
    "C:\\Users\\Mau\\Dominadas\\assets\\sprite\\balon-seleccion.png": {
      "time": 1738025274267.7444,
      "uuid": "3f727f12-0043-456e-ae58-422e9c144fce"
    },
    "C:\\Users\\Mau\\Dominadas\\assets\\sprite\\balon-seleccion-brillo.png": {
      "time": 1738025919607.4958,
      "uuid": "1142d5a1-d4f8-43db-80e8-28fd6098efcc"
    },
    "C:\\Users\\Mau\\Dominadas\\assets\\sprite\\Boton_Salir_h.png.meta": {
      "time": 1738084288190.6658
    },
    "C:\\Users\\Mau\\Dominadas\\assets\\sprite\\Boton_Jugar _press.png.meta": {
      "time": 1738084288205.2295
    },
    "C:\\Users\\Mau\\Dominadas\\assets\\sprite\\Boton_Jugar.png.meta": {
      "time": 1738084288218.7488
    },
    "C:\\Users\\Mau\\Dominadas\\assets\\sprite\\Boton_Jugar_h.png.meta": {
      "time": 1738084288231.2632
    },
    "C:\\Users\\Mau\\Dominadas\\assets\\sprite\\Boton_Salir _press.png.meta": {
      "time": 1738084288242.502
    },
    "C:\\Users\\Mau\\Dominadas\\assets\\sprite\\Boton_Salir.png.meta": {
      "time": 1738084288255.5674
    },
    "C:\\Users\\Mau\\Dominadas\\assets\\sprite\\Boton_Salir_h.png": {
      "time": 1738084221919.7993,
      "uuid": "8d2b7193-f4f2-4179-92e8-211267d5cf19"
    },
    "C:\\Users\\Mau\\Dominadas\\assets\\sprite\\Boton_Jugar _press.png": {
      "time": 1738084221820.0425,
      "uuid": "631a843a-79d2-451a-af1f-f00bf6290ad5"
    },
    "C:\\Users\\Mau\\Dominadas\\assets\\sprite\\Boton_Jugar.png": {
      "time": 1738084221841.603,
      "uuid": "63d40aa5-901e-4e37-a34a-fb131cc56b89"
    },
    "C:\\Users\\Mau\\Dominadas\\assets\\sprite\\Boton_Jugar_h.png": {
      "time": 1738084221860.0151,
      "uuid": "9f2e70a9-09f7-4dd6-a324-b9371bbfc83a"
    },
    "C:\\Users\\Mau\\Dominadas\\assets\\sprite\\Boton_Salir _press.png": {
      "time": 1738084221880.0452,
      "uuid": "16d0af0e-a486-4193-a592-843dafd4ede8"
    },
    "C:\\Users\\Mau\\Dominadas\\assets\\sprite\\Boton_Salir.png": {
      "time": 1738084221901.7769,
      "uuid": "f87d448c-d0ee-4034-8ccc-47cf8d7cf966"
    },
    "C:\\Users\\Mau\\Dominadas\\assets\\sprite\\Fondo.png.meta": {
      "time": 1738084302936.451
    },
    "C:\\Users\\Mau\\Dominadas\\assets\\sprite\\Fondo.png": {
      "time": 1738084221975.5288,
      "uuid": "7cdca724-8c21-456b-883d-e070d35289f6"
    },
    "C:\\Users\\Mau\\Dominadas\\assets\\sprite\\Logo.png.meta": {
      "time": 1738109852078.7002
    },
    "C:\\Users\\Mau\\Dominadas\\assets\\sprite\\instruccion_texto.png.meta": {
      "time": 1738084582995.612
    },
    "C:\\Users\\Mau\\Dominadas\\assets\\sprite\\instruccion_texto.png": {
      "time": 1738084558353.304,
      "uuid": "e2ce8252-6dcb-4d8e-a777-56fb467f61a2"
    },
    "C:\\Users\\Mau\\Dominadas\\assets\\sprite\\Felicidades.png.meta": {
      "time": 1738084760391.6277
    },
    "C:\\Users\\Mau\\Dominadas\\assets\\sprite\\Felicidades.png": {
      "time": 1738084221956.668,
      "uuid": "17ec04fc-dcf6-4fcc-9b54-0335db53db98"
    },
    "C:\\Users\\Mau\\Dominadas\\assets\\sprite\\Logo_juego.png.meta": {
      "time": 1738084896399.7546
    },
    "C:\\Users\\Mau\\Dominadas\\assets\\sprite\\Logo_juego.png": {
      "time": 1738083454929.038,
      "uuid": "dcc454dc-6d33-4614-b715-3af8ab8cf811"
    },
    "C:\\Users\\Mau\\Dominadas\\assets\\sprite\\Logo-Caliente.png.meta": {
      "time": 1738110422763.4507
    },
    "E:\\DominadasSanLuis\\assets\\Audio": {
      "time": 1719859046880.168,
      "uuid": "5ada3e24-a6df-46b9-a9c8-36915f499881"
    },
    "E:\\DominadasSanLuis\\assets\\Particle": {
      "time": 1738880983853.5552,
      "uuid": "9a89159f-1481-4839-b31b-82685a7a58e1"
    },
    "E:\\DominadasSanLuis\\assets\\prefab": {
      "time": 1716485744333.0188,
      "uuid": "a728d9ac-65b3-4ba5-bf70-8a7330d6d43d"
    },
    "E:\\DominadasSanLuis\\assets\\scenes": {
      "time": 1738880983868.8481,
      "uuid": "92a9dff3-2cf9-4366-84b3-b7555c4dd8ce"
    },
    "E:\\DominadasSanLuis\\assets\\scripts": {
      "time": 1738880983891.7615,
      "uuid": "022dd720-29b1-42a2-aa1b-9b3d7963b241"
    },
    "E:\\DominadasSanLuis\\assets\\sprite": {
      "time": 1738945516473.2832,
      "uuid": "101f2b28-fed4-4d57-9f2a-e74b962e6e01"
    },
    "E:\\DominadasSanLuis\\assets\\scripts\\CambioEscena.ts": {
      "time": 1717006662878.691,
      "uuid": "a48ba88b-3c96-47d1-9b93-39739e84b177"
    },
    "E:\\DominadasSanLuis\\assets\\scripts\\GameOver.ts": {
      "time": 1719904508842.7578,
      "uuid": "4d56e002-fcd3-49d0-945e-74ed58374b3e"
    },
    "E:\\DominadasSanLuis\\assets\\scripts\\LoadAssets.ts": {
      "time": 1717027152870.4941,
      "uuid": "5718d97a-c13d-44d1-be0b-1d3ce5918302"
    },
    "E:\\DominadasSanLuis\\assets\\scripts\\RebotePelota.ts": {
      "time": 1720470440880.2544,
      "uuid": "d256c4fa-2359-49f1-b4c3-06071eb1c573"
    },
    "E:\\DominadasSanLuis\\assets\\Audio.meta": {
      "time": 1719859046886.6772
    },
    "E:\\DominadasSanLuis\\assets\\Particle.meta": {
      "time": 1719859508120.2166
    },
    "E:\\DominadasSanLuis\\assets\\prefab.meta": {
      "time": 1716485744341.5354
    },
    "E:\\DominadasSanLuis\\assets\\scenes.meta": {
      "time": 1716485723653.4563
    },
    "E:\\DominadasSanLuis\\assets\\scripts.meta": {
      "time": 1716485730006.2915
    },
    "E:\\DominadasSanLuis\\assets\\sprite.meta": {
      "time": 1716485735506.4883
    },
    "E:\\DominadasSanLuis\\assets\\scripts\\CambioEscena.ts.meta": {
      "time": 1705099126440.2366
    },
    "E:\\DominadasSanLuis\\assets\\scripts\\GameOver.ts.meta": {
      "time": 1716495276045.222
    },
    "E:\\DominadasSanLuis\\assets\\scripts\\LoadAssets.ts.meta": {
      "time": 1717022587815.212
    },
    "E:\\DominadasSanLuis\\assets\\scripts\\RebotePelota.ts.meta": {
      "time": 1716485971250.3696
    },
    "E:\\DominadasSanLuis\\assets\\confetti.plist": {
      "time": 1719860993235.4407,
      "uuid": "f42a6522-25af-48f9-b506-f1c60150b7a1"
    },
    "E:\\DominadasSanLuis\\assets\\Particle\\brillo.prefab": {
      "time": 1720470321233.5178,
      "uuid": "ff925bf3-94cc-45a9-8bdc-ee30d196e287"
    },
    "E:\\DominadasSanLuis\\assets\\Particle\\confeti.prefab": {
      "time": 1720468158086.2747,
      "uuid": "9be08b8a-9a57-4ccf-944d-bf0fc7905194"
    },
    "E:\\DominadasSanLuis\\assets\\scenes\\inicio.scene": {
      "time": 1738945549204.7383,
      "uuid": "873693f4-f2bc-445b-9870-7373223aa0d8"
    },
    "E:\\DominadasSanLuis\\assets\\scenes\\juego.scene": {
      "time": 1738946189723.0796,
      "uuid": "03bb4b39-2769-4340-b198-b91c626de905"
    },
    "E:\\DominadasSanLuis\\assets\\sprite\\balon-seleccion-brillo.png": {
      "time": 1738025919607.4958,
      "uuid": "1142d5a1-d4f8-43db-80e8-28fd6098efcc"
    },
    "E:\\DominadasSanLuis\\assets\\sprite\\balon-seleccion.png": {
      "time": 1738025274267.7444,
      "uuid": "3f727f12-0043-456e-ae58-422e9c144fce"
    },
    "E:\\DominadasSanLuis\\assets\\sprite\\balon.png": {
      "time": 1720466419067.4036,
      "uuid": "0a2c064f-8182-4af2-981e-be86be9afc06"
    },
    "E:\\DominadasSanLuis\\assets\\sprite\\balon_brillo.png": {
      "time": 1720466805093.7673,
      "uuid": "6ad951f1-5257-4115-856b-a06a96b4cd09"
    },
    "E:\\DominadasSanLuis\\assets\\sprite\\Boton_Jugar _press.png": {
      "time": 1738881733881.435,
      "uuid": "631a843a-79d2-451a-af1f-f00bf6290ad5"
    },
    "E:\\DominadasSanLuis\\assets\\sprite\\Boton_Jugar.png": {
      "time": 1738881733898.9326,
      "uuid": "63d40aa5-901e-4e37-a34a-fb131cc56b89"
    },
    "E:\\DominadasSanLuis\\assets\\sprite\\Boton_Jugar_h.png": {
      "time": 1738881733917.089,
      "uuid": "9f2e70a9-09f7-4dd6-a324-b9371bbfc83a"
    },
    "E:\\DominadasSanLuis\\assets\\sprite\\Boton_Salir _press.png": {
      "time": 1738881733934.7954,
      "uuid": "16d0af0e-a486-4193-a592-843dafd4ede8"
    },
    "E:\\DominadasSanLuis\\assets\\sprite\\Boton_Salir.png": {
      "time": 1738881733953.6587,
      "uuid": "f87d448c-d0ee-4034-8ccc-47cf8d7cf966"
    },
    "E:\\DominadasSanLuis\\assets\\sprite\\Boton_Salir_h.png": {
      "time": 1738881733971.7686,
      "uuid": "8d2b7193-f4f2-4179-92e8-211267d5cf19"
    },
    "E:\\DominadasSanLuis\\assets\\sprite\\CarlsJunior_logo.png": {
      "time": 1720466303614.307,
      "uuid": "60d2eb96-de10-4648-8f8f-f669a3b3bceb"
    },
    "E:\\DominadasSanLuis\\assets\\sprite\\confeti2.png": {
      "time": 1720468092597.0576,
      "uuid": "dddf4aff-612e-441f-b74b-930a8f2245a9"
    },
    "E:\\DominadasSanLuis\\assets\\sprite\\conffeti.png": {
      "time": 1720467887647.556,
      "uuid": "bbec96f8-78c0-4fe7-96d3-64a316831114"
    },
    "E:\\DominadasSanLuis\\assets\\sprite\\Estrellas.png": {
      "time": 1720466418962.4622,
      "uuid": "a94cd87e-3a3d-4c63-a528-4ff43b232ac1"
    },
    "E:\\DominadasSanLuis\\assets\\sprite\\Felicidades.png": {
      "time": 1738084221956.668,
      "uuid": "17ec04fc-dcf6-4fcc-9b54-0335db53db98"
    },
    "E:\\DominadasSanLuis\\assets\\sprite\\felicidades_estrellas.png": {
      "time": 1720466748881.1567,
      "uuid": "3cfe0391-b4c4-431e-8669-e854d9f5abf7"
    },
    "E:\\DominadasSanLuis\\assets\\sprite\\Fondo.png": {
      "time": 1738888604421.0156,
      "uuid": "7cdca724-8c21-456b-883d-e070d35289f6"
    },
    "E:\\DominadasSanLuis\\assets\\sprite\\instruccion_texto.png": {
      "time": 1738084558353.304,
      "uuid": "e2ce8252-6dcb-4d8e-a777-56fb467f61a2"
    },
    "E:\\DominadasSanLuis\\assets\\sprite\\Logo_juego.png": {
      "time": 1738083454929.038,
      "uuid": "dcc454dc-6d33-4614-b715-3af8ab8cf811"
    },
    "E:\\DominadasSanLuis\\assets\\Particle\\confeti.prefab.meta": {
      "time": 1719859629451.7256
    },
    "E:\\DominadasSanLuis\\assets\\scenes\\inicio.scene.meta": {
      "time": 1716485759409.3054
    },
    "E:\\DominadasSanLuis\\assets\\Particle\\brillo.prefab.meta": {
      "time": 1720469440642.0051
    },
    "E:\\DominadasSanLuis\\assets\\scenes\\juego.scene.meta": {
      "time": 1716485765583.24
    },
    "E:\\DominadasSanLuis\\assets\\confetti.plist.meta": {
      "time": 1719905488920.886
    },
    "E:\\DominadasSanLuis\\assets\\sprite\\balon-seleccion.png.meta": {
      "time": 1738025293968.0637
    },
    "E:\\DominadasSanLuis\\assets\\sprite\\balon.png.meta": {
      "time": 1720466561870.4028
    },
    "E:\\DominadasSanLuis\\assets\\sprite\\balon-seleccion-brillo.png.meta": {
      "time": 1738025931138.9026
    },
    "E:\\DominadasSanLuis\\assets\\sprite\\balon_brillo.png.meta": {
      "time": 1720466827427.8772
    },
    "E:\\DominadasSanLuis\\assets\\sprite\\Boton_Jugar _press.png.meta": {
      "time": 1738084288205.2295
    },
    "E:\\DominadasSanLuis\\assets\\sprite\\Boton_Salir _press.png.meta": {
      "time": 1738881745844.2415
    },
    "E:\\DominadasSanLuis\\assets\\sprite\\Boton_Jugar_h.png.meta": {
      "time": 1738084288231.2632
    },
    "E:\\DominadasSanLuis\\assets\\sprite\\Boton_Salir.png.meta": {
      "time": 1738881745861.3691
    },
    "E:\\DominadasSanLuis\\assets\\sprite\\Boton_Jugar.png.meta": {
      "time": 1738084288218.7488
    },
    "E:\\DominadasSanLuis\\assets\\sprite\\Boton_Salir_h.png.meta": {
      "time": 1738084288190.6658
    },
    "E:\\DominadasSanLuis\\assets\\sprite\\confeti2.png.meta": {
      "time": 1719860975288.8618
    },
    "E:\\DominadasSanLuis\\assets\\sprite\\conffeti.png.meta": {
      "time": 1719905488906.8613
    },
    "E:\\DominadasSanLuis\\assets\\sprite\\CarlsJunior_logo.png.meta": {
      "time": 1720466328120.8235
    },
    "E:\\DominadasSanLuis\\assets\\sprite\\Estrellas.png.meta": {
      "time": 1720466599795.8396
    },
    "E:\\DominadasSanLuis\\assets\\sprite\\Felicidades.png.meta": {
      "time": 1738084760391.6277
    },
    "E:\\DominadasSanLuis\\assets\\sprite\\instruccion_texto.png.meta": {
      "time": 1738084582995.612
    },
    "E:\\DominadasSanLuis\\assets\\sprite\\felicidades_estrellas.png.meta": {
      "time": 1720467104455.9985
    },
    "E:\\DominadasSanLuis\\assets\\sprite\\Fondo.png.meta": {
      "time": 1738084302936.451
    },
    "E:\\DominadasSanLuis\\assets\\sprite\\Logo_juego.png.meta": {
      "time": 1738084896399.7546
    },
    "E:\\DominadasSanLuis\\assets\\sprite\\Logotipo_izzi_negativo.png.meta": {
      "time": 1738881395512.1885
    },
    "E:\\DominadasSanLuis\\assets\\sprite\\Logotipo_izzi_negativo.png": {
      "time": 1738880893905.0234,
      "uuid": "e093a02c-ab76-4e0e-95a2-b2e713d80463"
    },
    "E:\\DominadasSanLuis\\assets\\sprite\\png-transparent-canel-039-s-hd-logo.png.meta": {
      "time": 1738884785867.1675
    },
    "E:\\DominadasSanLuis\\assets\\sprite\\png-transparent-canel-039-s-hd-logo.png": {
      "time": 1738884719518.1238,
      "uuid": "f6220ab7-67f3-4106-ab45-0cad9e2ceb91"
    },
    "E:\\DominadasSanLuis\\assets\\sprite\\fan atletico.png.meta": {
      "time": 1738945491026.0437
    },
    "E:\\DominadasSanLuis\\assets\\sprite\\fan atletico.png": {
      "time": 1738945470946.54,
      "uuid": "1bd57e46-6a30-48cf-89d8-37174c75f27c"
    },
    "C:\\Users\\GORIB\\Downloads\\Telegram Desktop\\DominadasSanLuis\\DominadasSanLuis\\assets\\Audio": {
      "time": 1719859046000,
      "uuid": "5ada3e24-a6df-46b9-a9c8-36915f499881"
    },
    "C:\\Users\\GORIB\\Downloads\\Telegram Desktop\\DominadasSanLuis\\DominadasSanLuis\\assets\\Particle": {
      "time": 1738880983000,
      "uuid": "9a89159f-1481-4839-b31b-82685a7a58e1"
    },
    "C:\\Users\\GORIB\\Downloads\\Telegram Desktop\\DominadasSanLuis\\DominadasSanLuis\\assets\\prefab": {
      "time": 1716485744000,
      "uuid": "a728d9ac-65b3-4ba5-bf70-8a7330d6d43d"
    },
    "C:\\Users\\GORIB\\Downloads\\Telegram Desktop\\DominadasSanLuis\\DominadasSanLuis\\assets\\scenes": {
      "time": 1747855700054.1917,
      "uuid": "92a9dff3-2cf9-4366-84b3-b7555c4dd8ce"
    },
    "C:\\Users\\GORIB\\Downloads\\Telegram Desktop\\DominadasSanLuis\\DominadasSanLuis\\assets\\scripts": {
      "time": 1744330886900.8606,
      "uuid": "022dd720-29b1-42a2-aa1b-9b3d7963b241"
    },
    "C:\\Users\\GORIB\\Downloads\\Telegram Desktop\\DominadasSanLuis\\DominadasSanLuis\\assets\\sprite": {
      "time": 1744330684019.105,
      "uuid": "101f2b28-fed4-4d57-9f2a-e74b962e6e01"
    },
    "C:\\Users\\GORIB\\Downloads\\Telegram Desktop\\DominadasSanLuis\\DominadasSanLuis\\assets\\scripts\\CambioEscena.ts": {
      "time": 1717006662000,
      "uuid": "a48ba88b-3c96-47d1-9b93-39739e84b177"
    },
    "C:\\Users\\GORIB\\Downloads\\Telegram Desktop\\DominadasSanLuis\\DominadasSanLuis\\assets\\scripts\\GameOver.ts": {
      "time": 1744332463038.528,
      "uuid": "4d56e002-fcd3-49d0-945e-74ed58374b3e"
    },
    "C:\\Users\\GORIB\\Downloads\\Telegram Desktop\\DominadasSanLuis\\DominadasSanLuis\\assets\\scripts\\LoadAssets.ts": {
      "time": 1717027152000,
      "uuid": "5718d97a-c13d-44d1-be0b-1d3ce5918302"
    },
    "C:\\Users\\GORIB\\Downloads\\Telegram Desktop\\DominadasSanLuis\\DominadasSanLuis\\assets\\scripts\\RebotePelota.ts": {
      "time": 1744332597042.0334,
      "uuid": "d256c4fa-2359-49f1-b4c3-06071eb1c573"
    },
    "C:\\Users\\GORIB\\Downloads\\Telegram Desktop\\DominadasSanLuis\\DominadasSanLuis\\assets\\Audio.meta": {
      "time": 1719859046000
    },
    "C:\\Users\\GORIB\\Downloads\\Telegram Desktop\\DominadasSanLuis\\DominadasSanLuis\\assets\\Particle.meta": {
      "time": 1719859508000
    },
    "C:\\Users\\GORIB\\Downloads\\Telegram Desktop\\DominadasSanLuis\\DominadasSanLuis\\assets\\prefab.meta": {
      "time": 1716485744000
    },
    "C:\\Users\\GORIB\\Downloads\\Telegram Desktop\\DominadasSanLuis\\DominadasSanLuis\\assets\\scenes.meta": {
      "time": 1716485723000
    },
    "C:\\Users\\GORIB\\Downloads\\Telegram Desktop\\DominadasSanLuis\\DominadasSanLuis\\assets\\scripts.meta": {
      "time": 1716485730000
    },
    "C:\\Users\\GORIB\\Downloads\\Telegram Desktop\\DominadasSanLuis\\DominadasSanLuis\\assets\\sprite.meta": {
      "time": 1716485735000
    },
    "C:\\Users\\GORIB\\Downloads\\Telegram Desktop\\DominadasSanLuis\\DominadasSanLuis\\assets\\scripts\\CambioEscena.ts.meta": {
      "time": 1705099126000
    },
    "C:\\Users\\GORIB\\Downloads\\Telegram Desktop\\DominadasSanLuis\\DominadasSanLuis\\assets\\scripts\\GameOver.ts.meta": {
      "time": 1716495276000
    },
    "C:\\Users\\GORIB\\Downloads\\Telegram Desktop\\DominadasSanLuis\\DominadasSanLuis\\assets\\scripts\\LoadAssets.ts.meta": {
      "time": 1717022587000
    },
    "C:\\Users\\GORIB\\Downloads\\Telegram Desktop\\DominadasSanLuis\\DominadasSanLuis\\assets\\scripts\\RebotePelota.ts.meta": {
      "time": 1716485971000
    },
    "C:\\Users\\GORIB\\Downloads\\Telegram Desktop\\DominadasSanLuis\\DominadasSanLuis\\assets\\confetti.plist": {
      "time": 1719860993000,
      "uuid": "f42a6522-25af-48f9-b506-f1c60150b7a1"
    },
    "C:\\Users\\GORIB\\Downloads\\Telegram Desktop\\DominadasSanLuis\\DominadasSanLuis\\assets\\Particle\\brillo.prefab": {
      "time": 1720470321000,
      "uuid": "ff925bf3-94cc-45a9-8bdc-ee30d196e287"
    },
    "C:\\Users\\GORIB\\Downloads\\Telegram Desktop\\DominadasSanLuis\\DominadasSanLuis\\assets\\Particle\\confeti.prefab": {
      "time": 1720468158000,
      "uuid": "9be08b8a-9a57-4ccf-944d-bf0fc7905194"
    },
    "C:\\Users\\GORIB\\Downloads\\Telegram Desktop\\DominadasSanLuis\\DominadasSanLuis\\assets\\scenes\\inicio.scene": {
      "time": 1745348983099.3955,
      "uuid": "873693f4-f2bc-445b-9870-7373223aa0d8"
    },
    "C:\\Users\\GORIB\\Downloads\\Telegram Desktop\\DominadasSanLuis\\DominadasSanLuis\\assets\\scenes\\juego.scene": {
      "time": 1745521095853.287,
      "uuid": "03bb4b39-2769-4340-b198-b91c626de905"
    },
    "C:\\Users\\GORIB\\Downloads\\Telegram Desktop\\DominadasSanLuis\\DominadasSanLuis\\assets\\sprite\\balon-seleccion-brillo.png": {
      "time": 1738025919000,
      "uuid": "1142d5a1-d4f8-43db-80e8-28fd6098efcc"
    },
    "C:\\Users\\GORIB\\Downloads\\Telegram Desktop\\DominadasSanLuis\\DominadasSanLuis\\assets\\sprite\\balon-seleccion.png": {
      "time": 1738025274000,
      "uuid": "3f727f12-0043-456e-ae58-422e9c144fce"
    },
    "C:\\Users\\GORIB\\Downloads\\Telegram Desktop\\DominadasSanLuis\\DominadasSanLuis\\assets\\sprite\\balon.png": {
      "time": 1720466419000,
      "uuid": "0a2c064f-8182-4af2-981e-be86be9afc06"
    },
    "C:\\Users\\GORIB\\Downloads\\Telegram Desktop\\DominadasSanLuis\\DominadasSanLuis\\assets\\sprite\\balon_brillo.png": {
      "time": 1720466805000,
      "uuid": "6ad951f1-5257-4115-856b-a06a96b4cd09"
    },
    "C:\\Users\\GORIB\\Downloads\\Telegram Desktop\\DominadasSanLuis\\DominadasSanLuis\\assets\\sprite\\Boton_Jugar _press.png": {
      "time": 1738881733000,
      "uuid": "631a843a-79d2-451a-af1f-f00bf6290ad5"
    },
    "C:\\Users\\GORIB\\Downloads\\Telegram Desktop\\DominadasSanLuis\\DominadasSanLuis\\assets\\sprite\\Boton_Jugar.png": {
      "time": 1738881733000,
      "uuid": "63d40aa5-901e-4e37-a34a-fb131cc56b89"
    },
    "C:\\Users\\GORIB\\Downloads\\Telegram Desktop\\DominadasSanLuis\\DominadasSanLuis\\assets\\sprite\\Boton_Jugar_h.png": {
      "time": 1738881733000,
      "uuid": "9f2e70a9-09f7-4dd6-a324-b9371bbfc83a"
    },
    "C:\\Users\\GORIB\\Downloads\\Telegram Desktop\\DominadasSanLuis\\DominadasSanLuis\\assets\\sprite\\Boton_Salir _press.png": {
      "time": 1738881733000,
      "uuid": "16d0af0e-a486-4193-a592-843dafd4ede8"
    },
    "C:\\Users\\GORIB\\Downloads\\Telegram Desktop\\DominadasSanLuis\\DominadasSanLuis\\assets\\sprite\\Boton_Salir.png": {
      "time": 1738881733000,
      "uuid": "f87d448c-d0ee-4034-8ccc-47cf8d7cf966"
    },
    "C:\\Users\\GORIB\\Downloads\\Telegram Desktop\\DominadasSanLuis\\DominadasSanLuis\\assets\\sprite\\Boton_Salir_h.png": {
      "time": 1738881733000,
      "uuid": "8d2b7193-f4f2-4179-92e8-211267d5cf19"
    },
    "C:\\Users\\GORIB\\Downloads\\Telegram Desktop\\DominadasSanLuis\\DominadasSanLuis\\assets\\sprite\\CarlsJunior_logo.png": {
      "time": 1720466303000,
      "uuid": "60d2eb96-de10-4648-8f8f-f669a3b3bceb"
    },
    "C:\\Users\\GORIB\\Downloads\\Telegram Desktop\\DominadasSanLuis\\DominadasSanLuis\\assets\\sprite\\confeti2.png": {
      "time": 1720468092000,
      "uuid": "dddf4aff-612e-441f-b74b-930a8f2245a9"
    },
    "C:\\Users\\GORIB\\Downloads\\Telegram Desktop\\DominadasSanLuis\\DominadasSanLuis\\assets\\sprite\\conffeti.png": {
      "time": 1720467887000,
      "uuid": "bbec96f8-78c0-4fe7-96d3-64a316831114"
    },
    "C:\\Users\\GORIB\\Downloads\\Telegram Desktop\\DominadasSanLuis\\DominadasSanLuis\\assets\\sprite\\Estrellas.png": {
      "time": 1720466418000,
      "uuid": "a94cd87e-3a3d-4c63-a528-4ff43b232ac1"
    },
    "C:\\Users\\GORIB\\Downloads\\Telegram Desktop\\DominadasSanLuis\\DominadasSanLuis\\assets\\sprite\\fan atletico.png": {
      "time": 1738945470000,
      "uuid": "1bd57e46-6a30-48cf-89d8-37174c75f27c"
    },
    "C:\\Users\\GORIB\\Downloads\\Telegram Desktop\\DominadasSanLuis\\DominadasSanLuis\\assets\\sprite\\Felicidades.png": {
      "time": 1744330664463.402,
      "uuid": "17ec04fc-dcf6-4fcc-9b54-0335db53db98"
    },
    "C:\\Users\\GORIB\\Downloads\\Telegram Desktop\\DominadasSanLuis\\DominadasSanLuis\\assets\\sprite\\felicidades_estrellas.png": {
      "time": 1720466748000,
      "uuid": "3cfe0391-b4c4-431e-8669-e854d9f5abf7"
    },
    "C:\\Users\\GORIB\\Downloads\\Telegram Desktop\\DominadasSanLuis\\DominadasSanLuis\\assets\\sprite\\Fondo.png": {
      "time": 1738888604000,
      "uuid": "7cdca724-8c21-456b-883d-e070d35289f6"
    },
    "C:\\Users\\GORIB\\Downloads\\Telegram Desktop\\DominadasSanLuis\\DominadasSanLuis\\assets\\sprite\\instruccion_texto.png": {
      "time": 1738084558000,
      "uuid": "e2ce8252-6dcb-4d8e-a777-56fb467f61a2"
    },
    "C:\\Users\\GORIB\\Downloads\\Telegram Desktop\\DominadasSanLuis\\DominadasSanLuis\\assets\\sprite\\Logotipo_izzi_negativo.png": {
      "time": 1738880893000,
      "uuid": "e093a02c-ab76-4e0e-95a2-b2e713d80463"
    },
    "C:\\Users\\GORIB\\Downloads\\Telegram Desktop\\DominadasSanLuis\\DominadasSanLuis\\assets\\sprite\\Logo_juego.png": {
      "time": 1738083454000,
      "uuid": "dcc454dc-6d33-4614-b715-3af8ab8cf811"
    },
    "C:\\Users\\GORIB\\Downloads\\Telegram Desktop\\DominadasSanLuis\\DominadasSanLuis\\assets\\sprite\\png-transparent-canel-039-s-hd-logo.png": {
      "time": 1738884719000,
      "uuid": "f6220ab7-67f3-4106-ab45-0cad9e2ceb91"
    },
    "C:\\Users\\GORIB\\Downloads\\Telegram Desktop\\DominadasSanLuis\\DominadasSanLuis\\assets\\scenes\\inicio.scene.meta": {
      "time": 1716485759000
    },
    "C:\\Users\\GORIB\\Downloads\\Telegram Desktop\\DominadasSanLuis\\DominadasSanLuis\\assets\\Particle\\confeti.prefab.meta": {
      "time": 1719859629000
    },
    "C:\\Users\\GORIB\\Downloads\\Telegram Desktop\\DominadasSanLuis\\DominadasSanLuis\\assets\\Particle\\brillo.prefab.meta": {
      "time": 1720469440000
    },
    "C:\\Users\\GORIB\\Downloads\\Telegram Desktop\\DominadasSanLuis\\DominadasSanLuis\\assets\\scenes\\juego.scene.meta": {
      "time": 1716485765000
    },
    "C:\\Users\\GORIB\\Downloads\\Telegram Desktop\\DominadasSanLuis\\DominadasSanLuis\\assets\\confetti.plist.meta": {
      "time": 1719905488000
    },
    "C:\\Users\\GORIB\\Downloads\\Telegram Desktop\\DominadasSanLuis\\DominadasSanLuis\\assets\\sprite\\balon-seleccion.png.meta": {
      "time": 1738025293000
    },
    "C:\\Users\\GORIB\\Downloads\\Telegram Desktop\\DominadasSanLuis\\DominadasSanLuis\\assets\\sprite\\balon-seleccion-brillo.png.meta": {
      "time": 1738025931000
    },
    "C:\\Users\\GORIB\\Downloads\\Telegram Desktop\\DominadasSanLuis\\DominadasSanLuis\\assets\\sprite\\balon.png.meta": {
      "time": 1720466561000
    },
    "C:\\Users\\GORIB\\Downloads\\Telegram Desktop\\DominadasSanLuis\\DominadasSanLuis\\assets\\sprite\\balon_brillo.png.meta": {
      "time": 1720466827000
    },
    "C:\\Users\\GORIB\\Downloads\\Telegram Desktop\\DominadasSanLuis\\DominadasSanLuis\\assets\\sprite\\Boton_Jugar _press.png.meta": {
      "time": 1738084288000
    },
    "C:\\Users\\GORIB\\Downloads\\Telegram Desktop\\DominadasSanLuis\\DominadasSanLuis\\assets\\sprite\\Boton_Jugar_h.png.meta": {
      "time": 1738084288000
    },
    "C:\\Users\\GORIB\\Downloads\\Telegram Desktop\\DominadasSanLuis\\DominadasSanLuis\\assets\\sprite\\Boton_Jugar.png.meta": {
      "time": 1738084288000
    },
    "C:\\Users\\GORIB\\Downloads\\Telegram Desktop\\DominadasSanLuis\\DominadasSanLuis\\assets\\sprite\\Boton_Salir _press.png.meta": {
      "time": 1738881745000
    },
    "C:\\Users\\GORIB\\Downloads\\Telegram Desktop\\DominadasSanLuis\\DominadasSanLuis\\assets\\sprite\\Boton_Salir.png.meta": {
      "time": 1738881745000
    },
    "C:\\Users\\GORIB\\Downloads\\Telegram Desktop\\DominadasSanLuis\\DominadasSanLuis\\assets\\sprite\\Boton_Salir_h.png.meta": {
      "time": 1738084288000
    },
    "C:\\Users\\GORIB\\Downloads\\Telegram Desktop\\DominadasSanLuis\\DominadasSanLuis\\assets\\sprite\\confeti2.png.meta": {
      "time": 1719860975000
    },
    "C:\\Users\\GORIB\\Downloads\\Telegram Desktop\\DominadasSanLuis\\DominadasSanLuis\\assets\\sprite\\CarlsJunior_logo.png.meta": {
      "time": 1720466328000
    },
    "C:\\Users\\GORIB\\Downloads\\Telegram Desktop\\DominadasSanLuis\\DominadasSanLuis\\assets\\sprite\\conffeti.png.meta": {
      "time": 1719905488000
    },
    "C:\\Users\\GORIB\\Downloads\\Telegram Desktop\\DominadasSanLuis\\DominadasSanLuis\\assets\\sprite\\Estrellas.png.meta": {
      "time": 1720466599000
    },
    "C:\\Users\\GORIB\\Downloads\\Telegram Desktop\\DominadasSanLuis\\DominadasSanLuis\\assets\\sprite\\Felicidades.png.meta": {
      "time": 1744330689703.047
    },
    "C:\\Users\\GORIB\\Downloads\\Telegram Desktop\\DominadasSanLuis\\DominadasSanLuis\\assets\\sprite\\fan atletico.png.meta": {
      "time": 1738945491000
    },
    "C:\\Users\\GORIB\\Downloads\\Telegram Desktop\\DominadasSanLuis\\DominadasSanLuis\\assets\\sprite\\felicidades_estrellas.png.meta": {
      "time": 1720467104000
    },
    "C:\\Users\\GORIB\\Downloads\\Telegram Desktop\\DominadasSanLuis\\DominadasSanLuis\\assets\\sprite\\Fondo.png.meta": {
      "time": 1738084302000
    },
    "C:\\Users\\GORIB\\Downloads\\Telegram Desktop\\DominadasSanLuis\\DominadasSanLuis\\assets\\sprite\\instruccion_texto.png.meta": {
      "time": 1738084582000
    },
    "C:\\Users\\GORIB\\Downloads\\Telegram Desktop\\DominadasSanLuis\\DominadasSanLuis\\assets\\sprite\\Logotipo_izzi_negativo.png.meta": {
      "time": 1738881395000
    },
    "C:\\Users\\GORIB\\Downloads\\Telegram Desktop\\DominadasSanLuis\\DominadasSanLuis\\assets\\sprite\\Logo_juego.png.meta": {
      "time": 1738084896000
    },
    "C:\\Users\\GORIB\\Downloads\\Telegram Desktop\\DominadasSanLuis\\DominadasSanLuis\\assets\\sprite\\png-transparent-canel-039-s-hd-logo.png.meta": {
      "time": 1738884785000
    },
    "C:\\Users\\GORIB\\Downloads\\Telegram Desktop\\DominadasSanLuis\\DominadasSanLuis\\assets\\scenes\\inst.scene.meta": {
      "time": 1743628016235.9077
    },
    "C:\\Users\\GORIB\\Downloads\\Telegram Desktop\\DominadasSanLuis\\DominadasSanLuis\\assets\\scenes\\inst.scene": {
      "time": 1747855742176.0532,
      "uuid": "a69b9b28-4a16-430e-85a2-b8e2d877b23f"
    },
    "C:\\Users\\GORIB\\Downloads\\Telegram Desktop\\DominadasSanLuis\\DominadasSanLuis\\assets\\sprite\\Canoneros.meta": {
      "time": 1743628043318.0657
    },
    "C:\\Users\\GORIB\\Downloads\\Telegram Desktop\\DominadasSanLuis\\DominadasSanLuis\\assets\\sprite\\Canoneros": {
      "time": 1747855686241.9973,
      "uuid": "da56bf37-351d-49b9-951b-d9e2e2bf2725"
    },
    "C:\\Users\\GORIB\\Downloads\\Telegram Desktop\\DominadasSanLuis\\DominadasSanLuis\\assets\\sprite\\Canoneros\\Can_03_inst.png.meta": {
      "time": 1743628058508.1387
    },
    "C:\\Users\\GORIB\\Downloads\\Telegram Desktop\\DominadasSanLuis\\DominadasSanLuis\\assets\\sprite\\Canoneros\\Can_03_juego.png.meta": {
      "time": 1743628058562.0603
    },
    "C:\\Users\\GORIB\\Downloads\\Telegram Desktop\\DominadasSanLuis\\DominadasSanLuis\\assets\\sprite\\Canoneros\\Can_03_portada.png.meta": {
      "time": 1743628058601.954
    },
    "C:\\Users\\GORIB\\Downloads\\Telegram Desktop\\DominadasSanLuis\\DominadasSanLuis\\assets\\sprite\\Canoneros\\Can_03_inst.png": {
      "time": 1747855459922.171,
      "uuid": "4b988742-97c4-46c3-b77e-8ac4eaaa3d46"
    },
    "C:\\Users\\GORIB\\Downloads\\Telegram Desktop\\DominadasSanLuis\\DominadasSanLuis\\assets\\sprite\\Canoneros\\Can_03_juego.png": {
      "time": 1743627871444.3523,
      "uuid": "98b2b3e6-e8e2-43d8-9be4-2f403f3bd322"
    },
    "C:\\Users\\GORIB\\Downloads\\Telegram Desktop\\DominadasSanLuis\\DominadasSanLuis\\assets\\sprite\\Canoneros\\Can_03_portada.png": {
      "time": 1744839602073.5923,
      "uuid": "a5eb00a4-c3fd-4ee0-ba63-03b58d170e2f"
    },
    "C:\\Users\\GORIB\\Downloads\\Telegram Desktop\\DominadasSanLuis\\DominadasSanLuis\\assets\\sprite\\Canoneros\\Jugar_Btn_p.png.meta": {
      "time": 1743628074962.4749
    },
    "C:\\Users\\GORIB\\Downloads\\Telegram Desktop\\DominadasSanLuis\\DominadasSanLuis\\assets\\sprite\\Canoneros\\Jugar_Btn_h.png.meta": {
      "time": 1743628074980.427
    },
    "C:\\Users\\GORIB\\Downloads\\Telegram Desktop\\DominadasSanLuis\\DominadasSanLuis\\assets\\sprite\\Canoneros\\Logo_C.png.meta": {
      "time": 1744839682810.331
    },
    "C:\\Users\\GORIB\\Downloads\\Telegram Desktop\\DominadasSanLuis\\DominadasSanLuis\\assets\\sprite\\Canoneros\\Salir_Btn.png.meta": {
      "time": 1743628075019.4363
    },
    "C:\\Users\\GORIB\\Downloads\\Telegram Desktop\\DominadasSanLuis\\DominadasSanLuis\\assets\\sprite\\Canoneros\\Can_marco.png.meta": {
      "time": 1743628075061.2373
    },
    "C:\\Users\\GORIB\\Downloads\\Telegram Desktop\\DominadasSanLuis\\DominadasSanLuis\\assets\\sprite\\Canoneros\\Salir_Btn_p.png.meta": {
      "time": 1743628075075.2002
    },
    "C:\\Users\\GORIB\\Downloads\\Telegram Desktop\\DominadasSanLuis\\DominadasSanLuis\\assets\\sprite\\Canoneros\\Salir_Btn_h.png.meta": {
      "time": 1743628075092.1543
    },
    "C:\\Users\\GORIB\\Downloads\\Telegram Desktop\\DominadasSanLuis\\DominadasSanLuis\\assets\\sprite\\Canoneros\\Inicio_Btn.png.meta": {
      "time": 1743628075114.0967
    },
    "C:\\Users\\GORIB\\Downloads\\Telegram Desktop\\DominadasSanLuis\\DominadasSanLuis\\assets\\sprite\\Canoneros\\Inicio_Btn_p.png.meta": {
      "time": 1743628075168.9485
    },
    "C:\\Users\\GORIB\\Downloads\\Telegram Desktop\\DominadasSanLuis\\DominadasSanLuis\\assets\\sprite\\Canoneros\\Inicio_Btn_h.png.meta": {
      "time": 1743628075187.898
    },
    "C:\\Users\\GORIB\\Downloads\\Telegram Desktop\\DominadasSanLuis\\DominadasSanLuis\\assets\\sprite\\Canoneros\\Jugar_Btn.png.meta": {
      "time": 1743628075204.853
    },
    "C:\\Users\\GORIB\\Downloads\\Telegram Desktop\\DominadasSanLuis\\DominadasSanLuis\\assets\\sprite\\Canoneros\\Jugar_Btn_p.png": {
      "time": 1743620700110.1057,
      "uuid": "535bdf7d-4cf1-42d1-9550-e0cc505a0d05"
    },
    "C:\\Users\\GORIB\\Downloads\\Telegram Desktop\\DominadasSanLuis\\DominadasSanLuis\\assets\\sprite\\Canoneros\\Jugar_Btn_h.png": {
      "time": 1743620690010.8396,
      "uuid": "48ae7960-9065-496f-b468-cfe20aec3739"
    },
    "C:\\Users\\GORIB\\Downloads\\Telegram Desktop\\DominadasSanLuis\\DominadasSanLuis\\assets\\sprite\\Canoneros\\Logo_C.png": {
      "time": 1744839449164.167,
      "uuid": "f75ddc20-a12f-4a41-8bf7-fa36d623e941"
    },
    "C:\\Users\\GORIB\\Downloads\\Telegram Desktop\\DominadasSanLuis\\DominadasSanLuis\\assets\\sprite\\Canoneros\\Salir_Btn.png": {
      "time": 1743620719207.1423,
      "uuid": "2bd54f1e-966a-4faa-8b98-f9627378242c"
    },
    "C:\\Users\\GORIB\\Downloads\\Telegram Desktop\\DominadasSanLuis\\DominadasSanLuis\\assets\\sprite\\Canoneros\\Can_marco.png": {
      "time": 1743624725125.5637,
      "uuid": "6fb3214e-9efc-4ca5-97c5-ac6998099fd7"
    },
    "C:\\Users\\GORIB\\Downloads\\Telegram Desktop\\DominadasSanLuis\\DominadasSanLuis\\assets\\sprite\\Canoneros\\Salir_Btn_p.png": {
      "time": 1743620729186.65,
      "uuid": "d44596a6-028f-42e8-b2a0-ea4f3a1ef8e0"
    },
    "C:\\Users\\GORIB\\Downloads\\Telegram Desktop\\DominadasSanLuis\\DominadasSanLuis\\assets\\sprite\\Canoneros\\Salir_Btn_h.png": {
      "time": 1743620723970.1072,
      "uuid": "c7e2c28d-d214-4fb9-9c54-cc8c972089a7"
    },
    "C:\\Users\\GORIB\\Downloads\\Telegram Desktop\\DominadasSanLuis\\DominadasSanLuis\\assets\\sprite\\Canoneros\\Inicio_Btn.png": {
      "time": 1743620629079.698,
      "uuid": "0a5926ec-e9dc-49ef-8cc8-f2f64568690b"
    },
    "C:\\Users\\GORIB\\Downloads\\Telegram Desktop\\DominadasSanLuis\\DominadasSanLuis\\assets\\sprite\\Canoneros\\Inicio_Btn_p.png": {
      "time": 1743620664434.5903,
      "uuid": "11cea450-b238-407d-813b-edb36c0c2a36"
    },
    "C:\\Users\\GORIB\\Downloads\\Telegram Desktop\\DominadasSanLuis\\DominadasSanLuis\\assets\\sprite\\Canoneros\\Inicio_Btn_h.png": {
      "time": 1743620640722.6797,
      "uuid": "4150dabe-0314-48d0-92cb-5da743cdea53"
    },
    "C:\\Users\\GORIB\\Downloads\\Telegram Desktop\\DominadasSanLuis\\DominadasSanLuis\\assets\\sprite\\Canoneros\\Jugar_Btn.png": {
      "time": 1743620684523.0193,
      "uuid": "c7252cee-5013-4309-9283-6bc55c563373"
    },
    "C:\\Users\\GORIB\\Downloads\\Telegram Desktop\\DominadasSanLuis\\DominadasSanLuis\\assets\\Font.meta": {
      "time": 1744330453401.241
    },
    "C:\\Users\\GORIB\\Downloads\\Telegram Desktop\\DominadasSanLuis\\DominadasSanLuis\\assets\\Font": {
      "time": 1744330451539.9138,
      "uuid": "ecaa0e0e-d0af-4631-acdf-a1105eecbc2b"
    },
    "C:\\Users\\GORIB\\Downloads\\Telegram Desktop\\DominadasSanLuis\\DominadasSanLuis\\assets\\Font\\Hey November.ttf.meta": {
      "time": 1744329783949.94
    },
    "C:\\Users\\GORIB\\Downloads\\Telegram Desktop\\DominadasSanLuis\\DominadasSanLuis\\assets\\Font\\VanguardCF-Heavy.otf.meta": {
      "time": 1744329434473.0298
    },
    "C:\\Users\\GORIB\\Downloads\\Telegram Desktop\\DominadasSanLuis\\DominadasSanLuis\\assets\\Font\\VanguardCF-Heavy.ttf.meta": {
      "time": 1744329594329.772
    },
    "C:\\Users\\GORIB\\Downloads\\Telegram Desktop\\DominadasSanLuis\\DominadasSanLuis\\assets\\Font\\VanguardCF-Heavy.otf": {
      "time": 1609548847000,
      "uuid": "5b0e1a4c-f0d6-4a91-a089-63114a68915d"
    },
    "C:\\Users\\GORIB\\Downloads\\Telegram Desktop\\DominadasSanLuis\\DominadasSanLuis\\assets\\Font\\Hey November.ttf": {
      "time": 1744329763467.072,
      "uuid": "14cb66e1-1efc-45d8-827b-a9a2deac908c"
    },
    "C:\\Users\\GORIB\\Downloads\\Telegram Desktop\\DominadasSanLuis\\DominadasSanLuis\\assets\\Font\\VanguardCF-Heavy.ttf": {
      "time": 1744329580585.5227,
      "uuid": "5d844cc7-01e1-41cf-8b9c-db583fa1a5ae"
    },
    "C:\\Users\\GORIB\\Downloads\\Telegram Desktop\\DominadasSanLuis\\DominadasSanLuis\\assets\\scripts\\ButtonMessage.ts.meta": {
      "time": 1744330886909.837
    },
    "C:\\Users\\GORIB\\Downloads\\Telegram Desktop\\DominadasSanLuis\\DominadasSanLuis\\assets\\scripts\\ButtonMessage.ts": {
      "time": 1748368948805.736,
      "uuid": "5e11dd7c-8d30-4ee1-8065-eb95829ee20a"
    },
    "C:\\Users\\GORIB\\Downloads\\Telegram Desktop\\DominadasSanLuis\\DominadasSanLuis\\assets\\sprite\\Canoneros\\Fondo.png.meta": {
      "time": 1744839682813.3232
    },
    "C:\\Users\\GORIB\\Downloads\\Telegram Desktop\\DominadasSanLuis\\DominadasSanLuis\\assets\\sprite\\Canoneros\\Fondo.png": {
      "time": 1744839418496.3213,
      "uuid": "5d5f290b-4e1b-4580-8582-f9351a205c1a"
    },
    "C:\\Users\\GORIB\\Downloads\\Telegram Desktop\\DominadasSanLuis\\DominadasSanLuis\\assets\\sprite\\Canoneros\\volver_p.png.meta": {
      "time": 1745520849750.8054
    },
    "C:\\Users\\GORIB\\Downloads\\Telegram Desktop\\DominadasSanLuis\\DominadasSanLuis\\assets\\sprite\\Canoneros\\volver.png.meta": {
      "time": 1745520849766.25
    },
    "C:\\Users\\GORIB\\Downloads\\Telegram Desktop\\DominadasSanLuis\\DominadasSanLuis\\assets\\sprite\\Canoneros\\volver_h.png.meta": {
      "time": 1745520849793.914
    },
    "C:\\Users\\GORIB\\Downloads\\Telegram Desktop\\DominadasSanLuis\\DominadasSanLuis\\assets\\sprite\\Canoneros\\volver_p.png": {
      "time": 1745520158269.8904,
      "uuid": "906a53f9-cc69-43ca-bd23-a23f59dd79ab"
    },
    "C:\\Users\\GORIB\\Downloads\\Telegram Desktop\\DominadasSanLuis\\DominadasSanLuis\\assets\\sprite\\Canoneros\\volver.png": {
      "time": 1745520103651.5679,
      "uuid": "b2e68f18-79b9-4c52-813b-a8b70d725b10"
    },
    "C:\\Users\\GORIB\\Downloads\\Telegram Desktop\\DominadasSanLuis\\DominadasSanLuis\\assets\\sprite\\Canoneros\\volver_h.png": {
      "time": 1745520112099.8486,
      "uuid": "b6fb20b9-acc2-4e88-bf09-f74ec4ffd8ce"
    },
    "C:\\Users\\GORIB\\Downloads\\Telegram Desktop\\DominadasSanLuis\\DominadasSanLuis\\assets\\sprite\\Canoneros\\inst_il.png.meta": {
      "time": 1747855551233.8499
    },
    "C:\\Users\\GORIB\\Downloads\\Telegram Desktop\\DominadasSanLuis\\DominadasSanLuis\\assets\\sprite\\Canoneros\\inst_il.png": {
      "time": 1747855475229.2708,
      "uuid": "91f30928-7bc1-4910-bf39-33e5e320ceda"
    },
    "C:\\Users\\GORIB\\Downloads\\Telegram Desktop\\DominadasSanLuis\\DominadasSanLuis\\assets\\sprite\\Canoneros\\Siguiente_Btn.png.meta": {
      "time": 1747855686267.442
    },
    "C:\\Users\\GORIB\\Downloads\\Telegram Desktop\\DominadasSanLuis\\DominadasSanLuis\\assets\\sprite\\Canoneros\\Siguiente_Btn_h.png.meta": {
      "time": 1747855686289.3647
    },
    "C:\\Users\\GORIB\\Downloads\\Telegram Desktop\\DominadasSanLuis\\DominadasSanLuis\\assets\\sprite\\Canoneros\\Siguiente_Btn_p.png.meta": {
      "time": 1747855686315.2954
    },
    "C:\\Users\\GORIB\\Downloads\\Telegram Desktop\\DominadasSanLuis\\DominadasSanLuis\\assets\\sprite\\Canoneros\\Siguiente_Btn.png": {
      "time": 1747855602135.5808,
      "uuid": "203acb8c-a750-4340-a718-a22a193147a8"
    },
    "C:\\Users\\GORIB\\Downloads\\Telegram Desktop\\DominadasSanLuis\\DominadasSanLuis\\assets\\sprite\\Canoneros\\Siguiente_Btn_h.png": {
      "time": 1747855609398.333,
      "uuid": "67a1f01c-7838-4005-a0fb-e138d1898408"
    },
    "C:\\Users\\GORIB\\Downloads\\Telegram Desktop\\DominadasSanLuis\\DominadasSanLuis\\assets\\sprite\\Canoneros\\Siguiente_Btn_p.png": {
      "time": 1747855628873.5295,
      "uuid": "1dcc7e16-d6fa-459b-b2f4-7293c4c674e5"
    },
    "C:\\Users\\GORIB\\Downloads\\Telegram Desktop\\DominadasSanLuis\\DominadasSanLuis\\assets\\scenes\\inst-001.scene.meta": {
      "time": 1747855700053.1946
    },
    "C:\\Users\\GORIB\\Downloads\\Telegram Desktop\\DominadasSanLuis\\DominadasSanLuis\\assets\\scenes\\inst-001.scene": {
      "time": 1747855996508.1116,
      "uuid": "30a1df6e-7d20-4a2f-bc86-ead97b7e7210"
    },
    "X:\\Escritorio\\BLUE\\Cocos\\PuntosFutbol_Dominadas\\assets\\Audio": {
      "time": 1719859046000,
      "uuid": "5ada3e24-a6df-46b9-a9c8-36915f499881"
    },
    "X:\\Escritorio\\BLUE\\Cocos\\PuntosFutbol_Dominadas\\assets\\Font": {
      "time": 1750372315109.853,
      "uuid": "ecaa0e0e-d0af-4631-acdf-a1105eecbc2b"
    },
    "X:\\Escritorio\\BLUE\\Cocos\\PuntosFutbol_Dominadas\\assets\\Particle": {
      "time": 1750372315120.0361,
      "uuid": "9a89159f-1481-4839-b31b-82685a7a58e1"
    },
    "X:\\Escritorio\\BLUE\\Cocos\\PuntosFutbol_Dominadas\\assets\\prefab": {
      "time": 1716485744000,
      "uuid": "a728d9ac-65b3-4ba5-bf70-8a7330d6d43d"
    },
    "X:\\Escritorio\\BLUE\\Cocos\\PuntosFutbol_Dominadas\\assets\\scenes": {
      "time": 1750372315141.543,
      "uuid": "92a9dff3-2cf9-4366-84b3-b7555c4dd8ce"
    },
    "X:\\Escritorio\\BLUE\\Cocos\\PuntosFutbol_Dominadas\\assets\\scripts": {
      "time": 1750372315171.9016,
      "uuid": "022dd720-29b1-42a2-aa1b-9b3d7963b241"
    },
    "X:\\Escritorio\\BLUE\\Cocos\\PuntosFutbol_Dominadas\\assets\\sprite": {
      "time": 1750372315268.181,
      "uuid": "101f2b28-fed4-4d57-9f2a-e74b962e6e01"
    },
    "X:\\Escritorio\\BLUE\\Cocos\\PuntosFutbol_Dominadas\\assets\\sprite\\Canoneros": {
      "time": 1750374156547.4531,
      "uuid": "da56bf37-351d-49b9-951b-d9e2e2bf2725"
    },
    "X:\\Escritorio\\BLUE\\Cocos\\PuntosFutbol_Dominadas\\assets\\scripts\\ButtonMessage.ts": {
      "time": 1748368948805.736,
      "uuid": "5e11dd7c-8d30-4ee1-8065-eb95829ee20a"
    },
    "X:\\Escritorio\\BLUE\\Cocos\\PuntosFutbol_Dominadas\\assets\\scripts\\CambioEscena.ts": {
      "time": 1717006662000,
      "uuid": "a48ba88b-3c96-47d1-9b93-39739e84b177"
    },
    "X:\\Escritorio\\BLUE\\Cocos\\PuntosFutbol_Dominadas\\assets\\scripts\\GameOver.ts": {
      "time": 1744332463038.528,
      "uuid": "4d56e002-fcd3-49d0-945e-74ed58374b3e"
    },
    "X:\\Escritorio\\BLUE\\Cocos\\PuntosFutbol_Dominadas\\assets\\scripts\\LoadAssets.ts": {
      "time": 1717027152000,
      "uuid": "5718d97a-c13d-44d1-be0b-1d3ce5918302"
    },
    "X:\\Escritorio\\BLUE\\Cocos\\PuntosFutbol_Dominadas\\assets\\scripts\\RebotePelota.ts": {
      "time": 1744332597042.0334,
      "uuid": "d256c4fa-2359-49f1-b4c3-06071eb1c573"
    },
    "X:\\Escritorio\\BLUE\\Cocos\\PuntosFutbol_Dominadas\\assets\\Audio.meta": {
      "time": 1719859046000
    },
    "X:\\Escritorio\\BLUE\\Cocos\\PuntosFutbol_Dominadas\\assets\\Font.meta": {
      "time": 1744330453401.241
    },
    "X:\\Escritorio\\BLUE\\Cocos\\PuntosFutbol_Dominadas\\assets\\Particle.meta": {
      "time": 1719859508000
    },
    "X:\\Escritorio\\BLUE\\Cocos\\PuntosFutbol_Dominadas\\assets\\prefab.meta": {
      "time": 1716485744000
    },
    "X:\\Escritorio\\BLUE\\Cocos\\PuntosFutbol_Dominadas\\assets\\scenes.meta": {
      "time": 1716485723000
    },
    "X:\\Escritorio\\BLUE\\Cocos\\PuntosFutbol_Dominadas\\assets\\scripts.meta": {
      "time": 1716485730000
    },
    "X:\\Escritorio\\BLUE\\Cocos\\PuntosFutbol_Dominadas\\assets\\sprite.meta": {
      "time": 1716485735000
    },
    "X:\\Escritorio\\BLUE\\Cocos\\PuntosFutbol_Dominadas\\assets\\sprite\\Canoneros.meta": {
      "time": 1743628043318.0657
    },
    "X:\\Escritorio\\BLUE\\Cocos\\PuntosFutbol_Dominadas\\assets\\scripts\\ButtonMessage.ts.meta": {
      "time": 1744330886909.837
    },
    "X:\\Escritorio\\BLUE\\Cocos\\PuntosFutbol_Dominadas\\assets\\scripts\\CambioEscena.ts.meta": {
      "time": 1705099126000
    },
    "X:\\Escritorio\\BLUE\\Cocos\\PuntosFutbol_Dominadas\\assets\\scripts\\GameOver.ts.meta": {
      "time": 1716495276000
    },
    "X:\\Escritorio\\BLUE\\Cocos\\PuntosFutbol_Dominadas\\assets\\scripts\\LoadAssets.ts.meta": {
      "time": 1717022587000
    },
    "X:\\Escritorio\\BLUE\\Cocos\\PuntosFutbol_Dominadas\\assets\\scripts\\RebotePelota.ts.meta": {
      "time": 1716485971000
    },
    "X:\\Escritorio\\BLUE\\Cocos\\PuntosFutbol_Dominadas\\assets\\confetti.plist": {
      "time": 1719860993000,
      "uuid": "f42a6522-25af-48f9-b506-f1c60150b7a1"
    },
    "X:\\Escritorio\\BLUE\\Cocos\\PuntosFutbol_Dominadas\\assets\\Font\\Hey November.ttf": {
      "time": 1744329763467.072,
      "uuid": "14cb66e1-1efc-45d8-827b-a9a2deac908c"
    },
    "X:\\Escritorio\\BLUE\\Cocos\\PuntosFutbol_Dominadas\\assets\\Font\\VanguardCF-Heavy.otf": {
      "time": 1609548847000,
      "uuid": "5b0e1a4c-f0d6-4a91-a089-63114a68915d"
    },
    "X:\\Escritorio\\BLUE\\Cocos\\PuntosFutbol_Dominadas\\assets\\Font\\VanguardCF-Heavy.ttf": {
      "time": 1744329580585.5227,
      "uuid": "5d844cc7-01e1-41cf-8b9c-db583fa1a5ae"
    },
    "X:\\Escritorio\\BLUE\\Cocos\\PuntosFutbol_Dominadas\\assets\\Particle\\brillo.prefab": {
      "time": 1720470321000,
      "uuid": "ff925bf3-94cc-45a9-8bdc-ee30d196e287"
    },
    "X:\\Escritorio\\BLUE\\Cocos\\PuntosFutbol_Dominadas\\assets\\Particle\\confeti.prefab": {
      "time": 1720468158000,
      "uuid": "9be08b8a-9a57-4ccf-944d-bf0fc7905194"
    },
    "X:\\Escritorio\\BLUE\\Cocos\\PuntosFutbol_Dominadas\\assets\\scenes\\inicio.scene": {
      "time": 1745348983099.3955,
      "uuid": "873693f4-f2bc-445b-9870-7373223aa0d8"
    },
    "X:\\Escritorio\\BLUE\\Cocos\\PuntosFutbol_Dominadas\\assets\\scenes\\inst-001.scene": {
      "time": 1747855996508.1116,
      "uuid": "30a1df6e-7d20-4a2f-bc86-ead97b7e7210"
    },
    "X:\\Escritorio\\BLUE\\Cocos\\PuntosFutbol_Dominadas\\assets\\scenes\\inst.scene": {
      "time": 1747855742176.0532,
      "uuid": "a69b9b28-4a16-430e-85a2-b8e2d877b23f"
    },
    "X:\\Escritorio\\BLUE\\Cocos\\PuntosFutbol_Dominadas\\assets\\scenes\\juego.scene": {
      "time": 1745521095853.287,
      "uuid": "03bb4b39-2769-4340-b198-b91c626de905"
    },
    "X:\\Escritorio\\BLUE\\Cocos\\PuntosFutbol_Dominadas\\assets\\sprite\\balon-seleccion-brillo.png": {
      "time": 1738025919000,
      "uuid": "1142d5a1-d4f8-43db-80e8-28fd6098efcc"
    },
    "X:\\Escritorio\\BLUE\\Cocos\\PuntosFutbol_Dominadas\\assets\\sprite\\balon-seleccion.png": {
      "time": 1738025274000,
      "uuid": "3f727f12-0043-456e-ae58-422e9c144fce"
    },
    "X:\\Escritorio\\BLUE\\Cocos\\PuntosFutbol_Dominadas\\assets\\sprite\\balon.png": {
      "time": 1720466419000,
      "uuid": "0a2c064f-8182-4af2-981e-be86be9afc06"
    },
    "X:\\Escritorio\\BLUE\\Cocos\\PuntosFutbol_Dominadas\\assets\\sprite\\balon_brillo.png": {
      "time": 1720466805000,
      "uuid": "6ad951f1-5257-4115-856b-a06a96b4cd09"
    },
    "X:\\Escritorio\\BLUE\\Cocos\\PuntosFutbol_Dominadas\\assets\\sprite\\Boton_Jugar _press.png": {
      "time": 1738881733000,
      "uuid": "631a843a-79d2-451a-af1f-f00bf6290ad5"
    },
    "X:\\Escritorio\\BLUE\\Cocos\\PuntosFutbol_Dominadas\\assets\\sprite\\Boton_Jugar.png": {
      "time": 1738881733000,
      "uuid": "63d40aa5-901e-4e37-a34a-fb131cc56b89"
    },
    "X:\\Escritorio\\BLUE\\Cocos\\PuntosFutbol_Dominadas\\assets\\sprite\\Boton_Jugar_h.png": {
      "time": 1738881733000,
      "uuid": "9f2e70a9-09f7-4dd6-a324-b9371bbfc83a"
    },
    "X:\\Escritorio\\BLUE\\Cocos\\PuntosFutbol_Dominadas\\assets\\sprite\\Boton_Salir _press.png": {
      "time": 1738881733000,
      "uuid": "16d0af0e-a486-4193-a592-843dafd4ede8"
    },
    "X:\\Escritorio\\BLUE\\Cocos\\PuntosFutbol_Dominadas\\assets\\sprite\\Boton_Salir.png": {
      "time": 1738881733000,
      "uuid": "f87d448c-d0ee-4034-8ccc-47cf8d7cf966"
    },
    "X:\\Escritorio\\BLUE\\Cocos\\PuntosFutbol_Dominadas\\assets\\sprite\\Boton_Salir_h.png": {
      "time": 1738881733000,
      "uuid": "8d2b7193-f4f2-4179-92e8-211267d5cf19"
    },
    "X:\\Escritorio\\BLUE\\Cocos\\PuntosFutbol_Dominadas\\assets\\sprite\\CarlsJunior_logo.png": {
      "time": 1720466303000,
      "uuid": "60d2eb96-de10-4648-8f8f-f669a3b3bceb"
    },
    "X:\\Escritorio\\BLUE\\Cocos\\PuntosFutbol_Dominadas\\assets\\sprite\\confeti2.png": {
      "time": 1720468092000,
      "uuid": "dddf4aff-612e-441f-b74b-930a8f2245a9"
    },
    "X:\\Escritorio\\BLUE\\Cocos\\PuntosFutbol_Dominadas\\assets\\sprite\\conffeti.png": {
      "time": 1720467887000,
      "uuid": "bbec96f8-78c0-4fe7-96d3-64a316831114"
    },
    "X:\\Escritorio\\BLUE\\Cocos\\PuntosFutbol_Dominadas\\assets\\sprite\\Estrellas.png": {
      "time": 1720466418000,
      "uuid": "a94cd87e-3a3d-4c63-a528-4ff43b232ac1"
    },
    "X:\\Escritorio\\BLUE\\Cocos\\PuntosFutbol_Dominadas\\assets\\sprite\\fan atletico.png": {
      "time": 1738945470000,
      "uuid": "1bd57e46-6a30-48cf-89d8-37174c75f27c"
    },
    "X:\\Escritorio\\BLUE\\Cocos\\PuntosFutbol_Dominadas\\assets\\sprite\\Felicidades.png": {
      "time": 1744330664463.402,
      "uuid": "17ec04fc-dcf6-4fcc-9b54-0335db53db98"
    },
    "X:\\Escritorio\\BLUE\\Cocos\\PuntosFutbol_Dominadas\\assets\\sprite\\felicidades_estrellas.png": {
      "time": 1720466748000,
      "uuid": "3cfe0391-b4c4-431e-8669-e854d9f5abf7"
    },
    "X:\\Escritorio\\BLUE\\Cocos\\PuntosFutbol_Dominadas\\assets\\sprite\\Fondo.png": {
      "time": 1738888604000,
      "uuid": "7cdca724-8c21-456b-883d-e070d35289f6"
    },
    "X:\\Escritorio\\BLUE\\Cocos\\PuntosFutbol_Dominadas\\assets\\sprite\\instruccion_texto.png": {
      "time": 1738084558000,
      "uuid": "e2ce8252-6dcb-4d8e-a777-56fb467f61a2"
    },
    "X:\\Escritorio\\BLUE\\Cocos\\PuntosFutbol_Dominadas\\assets\\sprite\\Logotipo_izzi_negativo.png": {
      "time": 1738880893000,
      "uuid": "e093a02c-ab76-4e0e-95a2-b2e713d80463"
    },
    "X:\\Escritorio\\BLUE\\Cocos\\PuntosFutbol_Dominadas\\assets\\sprite\\Logo_juego.png": {
      "time": 1738083454000,
      "uuid": "dcc454dc-6d33-4614-b715-3af8ab8cf811"
    },
    "X:\\Escritorio\\BLUE\\Cocos\\PuntosFutbol_Dominadas\\assets\\sprite\\png-transparent-canel-039-s-hd-logo.png": {
      "time": 1738884719000,
      "uuid": "f6220ab7-67f3-4106-ab45-0cad9e2ceb91"
    },
    "X:\\Escritorio\\BLUE\\Cocos\\PuntosFutbol_Dominadas\\assets\\sprite\\Canoneros\\Can_03_inst.png": {
      "time": 1750374186000,
      "uuid": "4b988742-97c4-46c3-b77e-8ac4eaaa3d46"
    },
    "X:\\Escritorio\\BLUE\\Cocos\\PuntosFutbol_Dominadas\\assets\\sprite\\Canoneros\\Can_03_juego.png": {
      "time": 1743627871444.3523,
      "uuid": "98b2b3e6-e8e2-43d8-9be4-2f403f3bd322"
    },
    "X:\\Escritorio\\BLUE\\Cocos\\PuntosFutbol_Dominadas\\assets\\sprite\\Canoneros\\Can_03_portada.png": {
      "time": 1750374294461.2974,
      "uuid": "a5eb00a4-c3fd-4ee0-ba63-03b58d170e2f"
    },
    "X:\\Escritorio\\BLUE\\Cocos\\PuntosFutbol_Dominadas\\assets\\sprite\\Canoneros\\Can_marco.png": {
      "time": 1750374156594.328,
      "uuid": "6fb3214e-9efc-4ca5-97c5-ac6998099fd7"
    },
    "X:\\Escritorio\\BLUE\\Cocos\\PuntosFutbol_Dominadas\\assets\\sprite\\Canoneros\\Fondo.png": {
      "time": 1750374220187.0823,
      "uuid": "5d5f290b-4e1b-4580-8582-f9351a205c1a"
    },
    "X:\\Escritorio\\BLUE\\Cocos\\PuntosFutbol_Dominadas\\assets\\sprite\\Canoneros\\Inicio_Btn.png": {
      "time": 1750373252000,
      "uuid": "0a5926ec-e9dc-49ef-8cc8-f2f64568690b"
    },
    "X:\\Escritorio\\BLUE\\Cocos\\PuntosFutbol_Dominadas\\assets\\sprite\\Canoneros\\Inicio_Btn_h.png": {
      "time": 1750373252000,
      "uuid": "4150dabe-0314-48d0-92cb-5da743cdea53"
    },
    "X:\\Escritorio\\BLUE\\Cocos\\PuntosFutbol_Dominadas\\assets\\sprite\\Canoneros\\Inicio_Btn_p.png": {
      "time": 1750373252000,
      "uuid": "11cea450-b238-407d-813b-edb36c0c2a36"
    },
    "X:\\Escritorio\\BLUE\\Cocos\\PuntosFutbol_Dominadas\\assets\\sprite\\Canoneros\\inst_il.png": {
      "time": 1750374186000,
      "uuid": "91f30928-7bc1-4910-bf39-33e5e320ceda"
    },
    "X:\\Escritorio\\BLUE\\Cocos\\PuntosFutbol_Dominadas\\assets\\sprite\\Canoneros\\Jugar_Btn.png": {
      "time": 1750373252000,
      "uuid": "c7252cee-5013-4309-9283-6bc55c563373"
    },
    "X:\\Escritorio\\BLUE\\Cocos\\PuntosFutbol_Dominadas\\assets\\sprite\\Canoneros\\Jugar_Btn_h.png": {
      "time": 1750373252000,
      "uuid": "48ae7960-9065-496f-b468-cfe20aec3739"
    },
    "X:\\Escritorio\\BLUE\\Cocos\\PuntosFutbol_Dominadas\\assets\\sprite\\Canoneros\\Jugar_Btn_p.png": {
      "time": 1750373252000,
      "uuid": "535bdf7d-4cf1-42d1-9550-e0cc505a0d05"
    },
    "X:\\Escritorio\\BLUE\\Cocos\\PuntosFutbol_Dominadas\\assets\\sprite\\Canoneros\\Logo_C.png": {
      "time": 1744839449164.167,
      "uuid": "f75ddc20-a12f-4a41-8bf7-fa36d623e941"
    },
    "X:\\Escritorio\\BLUE\\Cocos\\PuntosFutbol_Dominadas\\assets\\sprite\\Canoneros\\Salir_Btn.png": {
      "time": 1750373806000,
      "uuid": "2bd54f1e-966a-4faa-8b98-f9627378242c"
    },
    "X:\\Escritorio\\BLUE\\Cocos\\PuntosFutbol_Dominadas\\assets\\sprite\\Canoneros\\Salir_Btn_h.png": {
      "time": 1750373806000,
      "uuid": "c7e2c28d-d214-4fb9-9c54-cc8c972089a7"
    },
    "X:\\Escritorio\\BLUE\\Cocos\\PuntosFutbol_Dominadas\\assets\\sprite\\Canoneros\\Salir_Btn_p.png": {
      "time": 1750373806000,
      "uuid": "d44596a6-028f-42e8-b2a0-ea4f3a1ef8e0"
    },
    "X:\\Escritorio\\BLUE\\Cocos\\PuntosFutbol_Dominadas\\assets\\sprite\\Canoneros\\Siguiente_Btn.png": {
      "time": 1750373252000,
      "uuid": "203acb8c-a750-4340-a718-a22a193147a8"
    },
    "X:\\Escritorio\\BLUE\\Cocos\\PuntosFutbol_Dominadas\\assets\\sprite\\Canoneros\\Siguiente_Btn_h.png": {
      "time": 1750373252000,
      "uuid": "67a1f01c-7838-4005-a0fb-e138d1898408"
    },
    "X:\\Escritorio\\BLUE\\Cocos\\PuntosFutbol_Dominadas\\assets\\sprite\\Canoneros\\Siguiente_Btn_p.png": {
      "time": 1750373252000,
      "uuid": "1dcc7e16-d6fa-459b-b2f4-7293c4c674e5"
    },
    "X:\\Escritorio\\BLUE\\Cocos\\PuntosFutbol_Dominadas\\assets\\sprite\\Canoneros\\volver.png": {
      "time": 1750373252000,
      "uuid": "b2e68f18-79b9-4c52-813b-a8b70d725b10"
    },
    "X:\\Escritorio\\BLUE\\Cocos\\PuntosFutbol_Dominadas\\assets\\sprite\\Canoneros\\volver_h.png": {
      "time": 1750373252000,
      "uuid": "b6fb20b9-acc2-4e88-bf09-f74ec4ffd8ce"
    },
    "X:\\Escritorio\\BLUE\\Cocos\\PuntosFutbol_Dominadas\\assets\\sprite\\Canoneros\\volver_p.png": {
      "time": 1750373252000,
      "uuid": "906a53f9-cc69-43ca-bd23-a23f59dd79ab"
    },
    "X:\\Escritorio\\BLUE\\Cocos\\PuntosFutbol_Dominadas\\assets\\Font\\VanguardCF-Heavy.otf.meta": {
      "time": 1744329434473.0298
    },
    "X:\\Escritorio\\BLUE\\Cocos\\PuntosFutbol_Dominadas\\assets\\Font\\Hey November.ttf.meta": {
      "time": 1744329783949.94
    },
    "X:\\Escritorio\\BLUE\\Cocos\\PuntosFutbol_Dominadas\\assets\\Font\\VanguardCF-Heavy.ttf.meta": {
      "time": 1744329594329.772
    },
    "X:\\Escritorio\\BLUE\\Cocos\\PuntosFutbol_Dominadas\\assets\\Particle\\brillo.prefab.meta": {
      "time": 1720469440000
    },
    "X:\\Escritorio\\BLUE\\Cocos\\PuntosFutbol_Dominadas\\assets\\scenes\\inicio.scene.meta": {
      "time": 1716485759000
    },
    "X:\\Escritorio\\BLUE\\Cocos\\PuntosFutbol_Dominadas\\assets\\Particle\\confeti.prefab.meta": {
      "time": 1719859629000
    },
    "X:\\Escritorio\\BLUE\\Cocos\\PuntosFutbol_Dominadas\\assets\\scenes\\inst-001.scene.meta": {
      "time": 1747855700053.1946
    },
    "X:\\Escritorio\\BLUE\\Cocos\\PuntosFutbol_Dominadas\\assets\\confetti.plist.meta": {
      "time": 1719905488000
    },
    "X:\\Escritorio\\BLUE\\Cocos\\PuntosFutbol_Dominadas\\assets\\scenes\\inst.scene.meta": {
      "time": 1743628016235.9077
    },
    "X:\\Escritorio\\BLUE\\Cocos\\PuntosFutbol_Dominadas\\assets\\scenes\\juego.scene.meta": {
      "time": 1716485765000
    },
    "X:\\Escritorio\\BLUE\\Cocos\\PuntosFutbol_Dominadas\\assets\\sprite\\balon-seleccion.png.meta": {
      "time": 1738025293000
    },
    "X:\\Escritorio\\BLUE\\Cocos\\PuntosFutbol_Dominadas\\assets\\sprite\\balon.png.meta": {
      "time": 1720466561000
    },
    "X:\\Escritorio\\BLUE\\Cocos\\PuntosFutbol_Dominadas\\assets\\sprite\\balon-seleccion-brillo.png.meta": {
      "time": 1738025931000
    },
    "X:\\Escritorio\\BLUE\\Cocos\\PuntosFutbol_Dominadas\\assets\\sprite\\balon_brillo.png.meta": {
      "time": 1720466827000
    },
    "X:\\Escritorio\\BLUE\\Cocos\\PuntosFutbol_Dominadas\\assets\\sprite\\Boton_Jugar _press.png.meta": {
      "time": 1738084288000
    },
    "X:\\Escritorio\\BLUE\\Cocos\\PuntosFutbol_Dominadas\\assets\\sprite\\Boton_Jugar.png.meta": {
      "time": 1738084288000
    },
    "X:\\Escritorio\\BLUE\\Cocos\\PuntosFutbol_Dominadas\\assets\\sprite\\Boton_Jugar_h.png.meta": {
      "time": 1738084288000
    },
    "X:\\Escritorio\\BLUE\\Cocos\\PuntosFutbol_Dominadas\\assets\\sprite\\Boton_Salir _press.png.meta": {
      "time": 1738881745000
    },
    "X:\\Escritorio\\BLUE\\Cocos\\PuntosFutbol_Dominadas\\assets\\sprite\\Boton_Salir.png.meta": {
      "time": 1738881745000
    },
    "X:\\Escritorio\\BLUE\\Cocos\\PuntosFutbol_Dominadas\\assets\\sprite\\Boton_Salir_h.png.meta": {
      "time": 1738084288000
    },
    "X:\\Escritorio\\BLUE\\Cocos\\PuntosFutbol_Dominadas\\assets\\sprite\\CarlsJunior_logo.png.meta": {
      "time": 1720466328000
    },
    "X:\\Escritorio\\BLUE\\Cocos\\PuntosFutbol_Dominadas\\assets\\sprite\\conffeti.png.meta": {
      "time": 1719905488000
    },
    "X:\\Escritorio\\BLUE\\Cocos\\PuntosFutbol_Dominadas\\assets\\sprite\\Estrellas.png.meta": {
      "time": 1720466599000
    },
    "X:\\Escritorio\\BLUE\\Cocos\\PuntosFutbol_Dominadas\\assets\\sprite\\confeti2.png.meta": {
      "time": 1719860975000
    },
    "X:\\Escritorio\\BLUE\\Cocos\\PuntosFutbol_Dominadas\\assets\\sprite\\fan atletico.png.meta": {
      "time": 1738945491000
    },
    "X:\\Escritorio\\BLUE\\Cocos\\PuntosFutbol_Dominadas\\assets\\sprite\\Felicidades.png.meta": {
      "time": 1744330689703.047
    },
    "X:\\Escritorio\\BLUE\\Cocos\\PuntosFutbol_Dominadas\\assets\\sprite\\felicidades_estrellas.png.meta": {
      "time": 1720467104000
    },
    "X:\\Escritorio\\BLUE\\Cocos\\PuntosFutbol_Dominadas\\assets\\sprite\\Fondo.png.meta": {
      "time": 1738084302000
    },
    "X:\\Escritorio\\BLUE\\Cocos\\PuntosFutbol_Dominadas\\assets\\sprite\\instruccion_texto.png.meta": {
      "time": 1738084582000
    },
    "X:\\Escritorio\\BLUE\\Cocos\\PuntosFutbol_Dominadas\\assets\\sprite\\Logotipo_izzi_negativo.png.meta": {
      "time": 1738881395000
    },
    "X:\\Escritorio\\BLUE\\Cocos\\PuntosFutbol_Dominadas\\assets\\sprite\\Logo_juego.png.meta": {
      "time": 1738084896000
    },
    "X:\\Escritorio\\BLUE\\Cocos\\PuntosFutbol_Dominadas\\assets\\sprite\\png-transparent-canel-039-s-hd-logo.png.meta": {
      "time": 1738884785000
    },
    "X:\\Escritorio\\BLUE\\Cocos\\PuntosFutbol_Dominadas\\assets\\sprite\\Canoneros\\Can_03_inst.png.meta": {
      "time": 1743628058508.1387
    },
    "X:\\Escritorio\\BLUE\\Cocos\\PuntosFutbol_Dominadas\\assets\\sprite\\Canoneros\\Can_03_juego.png.meta": {
      "time": 1743628058562.0603
    },
    "X:\\Escritorio\\BLUE\\Cocos\\PuntosFutbol_Dominadas\\assets\\sprite\\Canoneros\\Can_marco.png.meta": {
      "time": 1743628075061.2373
    },
    "X:\\Escritorio\\BLUE\\Cocos\\PuntosFutbol_Dominadas\\assets\\sprite\\Canoneros\\Fondo.png.meta": {
      "time": 1744839682813.3232
    },
    "X:\\Escritorio\\BLUE\\Cocos\\PuntosFutbol_Dominadas\\assets\\sprite\\Canoneros\\Inicio_Btn.png.meta": {
      "time": 1743628075114.0967
    },
    "X:\\Escritorio\\BLUE\\Cocos\\PuntosFutbol_Dominadas\\assets\\sprite\\Canoneros\\Can_03_portada.png.meta": {
      "time": 1743628058601.954
    },
    "X:\\Escritorio\\BLUE\\Cocos\\PuntosFutbol_Dominadas\\assets\\sprite\\Canoneros\\Inicio_Btn_h.png.meta": {
      "time": 1743628075187.898
    },
    "X:\\Escritorio\\BLUE\\Cocos\\PuntosFutbol_Dominadas\\assets\\sprite\\Canoneros\\Inicio_Btn_p.png.meta": {
      "time": 1743628075168.9485
    },
    "X:\\Escritorio\\BLUE\\Cocos\\PuntosFutbol_Dominadas\\assets\\sprite\\Canoneros\\Jugar_Btn.png.meta": {
      "time": 1743628075204.853
    },
    "X:\\Escritorio\\BLUE\\Cocos\\PuntosFutbol_Dominadas\\assets\\sprite\\Canoneros\\Jugar_Btn_p.png.meta": {
      "time": 1743628074962.4749
    },
    "X:\\Escritorio\\BLUE\\Cocos\\PuntosFutbol_Dominadas\\assets\\sprite\\Canoneros\\Jugar_Btn_h.png.meta": {
      "time": 1743628074980.427
    },
    "X:\\Escritorio\\BLUE\\Cocos\\PuntosFutbol_Dominadas\\assets\\sprite\\Canoneros\\inst_il.png.meta": {
      "time": 1747855551233.8499
    },
    "X:\\Escritorio\\BLUE\\Cocos\\PuntosFutbol_Dominadas\\assets\\sprite\\Canoneros\\Logo_C.png.meta": {
      "time": 1744839682810.331
    },
    "X:\\Escritorio\\BLUE\\Cocos\\PuntosFutbol_Dominadas\\assets\\sprite\\Canoneros\\Salir_Btn_h.png.meta": {
      "time": 1743628075092.1543
    },
    "X:\\Escritorio\\BLUE\\Cocos\\PuntosFutbol_Dominadas\\assets\\sprite\\Canoneros\\Salir_Btn.png.meta": {
      "time": 1743628075019.4363
    },
    "X:\\Escritorio\\BLUE\\Cocos\\PuntosFutbol_Dominadas\\assets\\sprite\\Canoneros\\Salir_Btn_p.png.meta": {
      "time": 1743628075075.2002
    },
    "X:\\Escritorio\\BLUE\\Cocos\\PuntosFutbol_Dominadas\\assets\\sprite\\Canoneros\\Siguiente_Btn.png.meta": {
      "time": 1747855686267.442
    },
    "X:\\Escritorio\\BLUE\\Cocos\\PuntosFutbol_Dominadas\\assets\\sprite\\Canoneros\\Siguiente_Btn_h.png.meta": {
      "time": 1747855686289.3647
    },
    "X:\\Escritorio\\BLUE\\Cocos\\PuntosFutbol_Dominadas\\assets\\sprite\\Canoneros\\Siguiente_Btn_p.png.meta": {
      "time": 1747855686315.2954
    },
    "X:\\Escritorio\\BLUE\\Cocos\\PuntosFutbol_Dominadas\\assets\\sprite\\Canoneros\\volver.png.meta": {
      "time": 1745520849766.25
    },
    "X:\\Escritorio\\BLUE\\Cocos\\PuntosFutbol_Dominadas\\assets\\sprite\\Canoneros\\volver_p.png.meta": {
      "time": 1745520849750.8054
    },
    "X:\\Escritorio\\BLUE\\Cocos\\PuntosFutbol_Dominadas\\assets\\sprite\\Canoneros\\volver_h.png.meta": {
      "time": 1745520849793.914
    },
    "X:\\Escritorio\\BLUE\\Cocos\\PuntosFutbol_Dominadas\\assets\\Font.zip": {
      "time": 1751068560891.4211,
      "uuid": "b768878a-3c2e-45a6-9c30-03ba75ebb7fe"
    },
    "X:\\Escritorio\\BLUE\\Cocos\\PuntosFutbol_Dominadas\\assets\\Font.zip.meta": {
      "time": 1760995631236.5864
    }
  },
  "missing": {
    "f9057204-d314-4195-b68b-1ae1cdb106e7": {
      "path": "C:\\Users\\Mau\\Raqueta-pelota\\assets\\scenes\\instrucciones.scene",
      "time": 1716485784795.7583,
      "removeTime": 1716495954081
    },
    "35cd7b8d-ecc2-4def-9908-a39563e812ed": {
      "path": "C:\\Users\\Mau\\Raqueta-pelota\\assets\\sprite\\Botón_Jugar.png",
      "time": 1716490232687.0415,
      "removeTime": 1719904064621
    },
    "bc8ee0ed-135f-47ab-b753-c8dfd6494a2d": {
      "path": "C:\\Users\\Mau\\Raqueta-pelota\\assets\\sprite\\Botón_Jugar_h.png",
      "time": 1716490232930.5303,
      "removeTime": 1719904064622
    },
    "f007d769-fbf6-465b-bfaa-7c1ab5d62f7b": {
      "path": "C:\\Users\\Mau\\Raqueta-pelota\\assets\\sprite\\Botón_salir.png",
      "time": 1716490232727.211,
      "removeTime": 1719904064620
    },
    "d283d069-8758-4f3d-8d24-132480028aab": {
      "path": "C:\\Users\\Mau\\Raqueta-pelota\\assets\\sprite\\Botón_salir_h.png",
      "time": 1716490232740.7312,
      "removeTime": 1719904064621
    },
    "c1372fc7-7635-4a34-b3d5-e96bc308d0c0": {
      "path": "C:\\Users\\Mau\\Dominadas\\assets\\sprite\\MexicoFin_score.jpg",
      "time": 1719849348805.459,
      "removeTime": 1719850051361
    },
    "64526c5a-f56d-481c-abe8-9478be2fbeed": {
      "path": "C:\\Users\\Mau\\Dominadas\\assets\\sprite\\MexicoInst_v2.jpg",
      "time": 1719849349127.1958,
      "removeTime": 1719851465883
    },
    "6b664c0b-3725-456b-a116-eb8c210346c3": {
      "path": "C:\\Users\\Mau\\Raqueta-pelota\\assets\\sprite\\GameOver.png",
      "time": 1716490232750.2905,
      "removeTime": 1719904064621
    },
    "0b012376-734b-41cd-b795-1ed0b1d116dc": {
      "path": "C:\\Users\\Mau\\Dominadas\\assets\\sprite\\MexicoJuego_score.jpg",
      "time": 1719849349027.077,
      "removeTime": 1719851758366
    },
    "4fd30e94-23a1-424e-9f94-55dfee4e5ce7": {
      "path": "C:\\Users\\Mau\\Dominadas\\assets\\confetti.mtl",
      "time": 1719905413665.4854,
      "removeTime": 1719905480788
    },
    "70d4adf2-b3e1-40e6-8d53-accc5403ea72": {
      "path": "C:\\Users\\Mau\\Raqueta-pelota\\assets\\sprite\\Juego.png",
      "time": 1716490232725.209,
      "removeTime": 1738018329696
    },
    "ad179a66-e480-4a01-80f5-3d780e5e22b5": {
      "path": "C:\\Users\\Mau\\Dominadas\\assets\\sprite\\MexicoInst_v3.jpg",
      "time": 1719851415484.573,
      "removeTime": 1720466777423
    },
    "de1afae6-c07a-4c6e-a957-35ab0868f5a5": {
      "path": "C:\\Users\\Mau\\Raqueta-pelota\\assets\\sprite\\instruccion.png",
      "time": 1716490233055.3806,
      "removeTime": 1738018329697
    },
    "be54825a-fb2f-4c87-9ccf-a9b119541bc8": {
      "path": "C:\\Users\\Mau\\Raqueta-pelota\\assets\\sprite\\pelota.png",
      "time": 1716485710740.007,
      "removeTime": 1738018329696
    },
    "6060c380-b0da-4282-89bd-fea5359b69b6": {
      "path": "C:\\Users\\Mau\\Dominadas\\assets\\sprite\\MexicoFin_scorev3.jpg",
      "time": 1719851415403.4707,
      "removeTime": 1720466777477
    },
    "91dcc1bd-daad-4e50-96b5-a6f71a1fbe35": {
      "path": "C:\\Users\\Mau\\Dominadas\\assets\\sprite\\MexicoJuego04.jpg",
      "time": 1719851415028.402,
      "removeTime": 1720466777496
    },
    "c35cbed6-a7c8-416b-ab72-824e6c268e20": {
      "path": "C:\\Users\\Mau\\Dominadas\\assets\\sprite\\Botón_Jugar_h mexico.png",
      "time": 1719849348314.27,
      "removeTime": 1720466786467
    },
    "29bc8d44-ba22-49e5-b102-cc9f75011a36": {
      "path": "C:\\Users\\Mau\\Dominadas\\assets\\sprite\\Botón_Jugar mexico.png",
      "time": 1719849349028.0757,
      "removeTime": 1720466786481
    },
    "68a19ecf-6fda-43dd-a0ad-e3fe7b6ae596": {
      "path": "C:\\Users\\Mau\\Dominadas\\assets\\sprite\\Botón_salir mexico.png",
      "time": 1719849348808.4321,
      "removeTime": 1720466786503
    },
    "9ae2652a-70a9-4973-87a2-ef5853663828": {
      "path": "C:\\Users\\Mau\\Dominadas\\assets\\sprite\\Botón_salir_h mexico.png",
      "time": 1719849348807.431,
      "removeTime": 1720466786505
    },
    "ff925bf3-94cc-45a9-8bdc-ee30d196e287": {
      "path": "C:\\Users\\Mau\\Dominadas\\assets\\Particle\\confeti-001.prefab",
      "time": 1720469433239.2307,
      "removeTime": 1720469440638
    },
    "8ff529a0-ef2d-48e1-9638-743a707d4a30": {
      "path": "C:\\Users\\Mau\\Dominadas\\assets\\sprite\\Botón_Jugar (3).png",
      "time": 1720466303669.3809,
      "removeTime": 1738084277589
    },
    "813d6a4c-3e57-4bf2-a785-a794ece853fa": {
      "path": "C:\\Users\\Mau\\Dominadas\\assets\\sprite\\Boton_Salir _press.png",
      "time": 1738084221880.0452,
      "removeTime": 1738084277604
    },
    "8f196f4f-d7fd-41d3-a1f2-d4bceb689447": {
      "path": "C:\\Users\\Mau\\Dominadas\\assets\\sprite\\Boton_Salir.png",
      "time": 1738084221901.7769,
      "removeTime": 1738084277668
    },
    "543b360f-b245-4193-a403-288fd79402b2": {
      "path": "C:\\Users\\Mau\\Dominadas\\assets\\sprite\\Boton_Jugar.png",
      "time": 1738084221841.603,
      "removeTime": 1738084277685
    },
    "6d8eb50f-4679-414c-858a-61c979994c76": {
      "path": "C:\\Users\\Mau\\Dominadas\\assets\\sprite\\Boton_Salir_h.png",
      "time": 1738084221919.7993,
      "removeTime": 1738084277753
    },
    "bfc32f48-9c4f-4749-94ed-6e1efea86a3f": {
      "path": "C:\\Users\\Mau\\Dominadas\\assets\\sprite\\Boton_Jugar_h.png",
      "time": 1738084221860.0151,
      "removeTime": 1738084277772
    },
    "c9db0a1e-890c-40ce-9d69-637281ac565a": {
      "path": "C:\\Users\\Mau\\Dominadas\\assets\\sprite\\Botón_salir_h (3).png",
      "time": 1720466750425.4597,
      "removeTime": 1738084277832
    },
    "5230ee44-6ec1-4851-afd1-9ac61bc58f19": {
      "path": "C:\\Users\\Mau\\Dominadas\\assets\\sprite\\Boton_Jugar _press.png",
      "time": 1738084221820.0425,
      "removeTime": 1738084277855
    },
    "e6132efe-3400-4700-9577-1afb8825d530": {
      "path": "C:\\Users\\Mau\\Dominadas\\assets\\sprite\\Botón_salir (3).png",
      "time": 1720466749247.062,
      "removeTime": 1738084277908
    },
    "9c1a6d00-c317-4846-a0d2-074f16fd9520": {
      "path": "C:\\Users\\Mau\\Dominadas\\assets\\sprite\\Botón_Jugar_h (3).png",
      "time": 1720466303616.819,
      "removeTime": 1738084277909
    },
    "cea9760e-9666-4980-845d-1f82dcab46b3": {
      "path": "C:\\Users\\Mau\\Dominadas\\assets\\sprite\\Fondo Mexico Chivas.png",
      "time": 1720466098195.2178,
      "removeTime": 1738084321179
    },
    "2b6d6801-dc54-43bd-89c6-470facdad33c": {
      "path": "C:\\Users\\Mau\\Dominadas\\assets\\sprite\\ChivasInst.png",
      "time": 1720466098141.1292,
      "removeTime": 1738084706087
    },
    "ae14d502-df32-4408-b73e-bec0b33467dd": {
      "path": "C:\\Users\\Mau\\Dominadas\\assets\\sprite\\ChivasJuego02.png",
      "time": 1720466098241.725,
      "removeTime": 1738084709057
    },
    "c72bcd94-26c7-4031-aebb-02756abbd227": {
      "path": "C:\\Users\\Mau\\Dominadas\\assets\\sprite\\ChivasGameOver.png",
      "time": 1720466098188.2178,
      "removeTime": 1738084715520
    },
    "d40f733c-2bf5-41db-8a3f-049c23b50b25": {
      "path": "C:\\Users\\Mau\\Dominadas\\assets\\sprite\\logoJuego.png",
      "time": 1738084222098.8132,
      "removeTime": 1738084900447
    },
    "3cc954c0-d2b2-43f3-a1d4-5530fd74de30": {
      "path": "C:\\Users\\Mau\\Dominadas\\assets\\sprite\\Adidas-Logo.png",
      "time": 1738084649431.1567,
      "removeTime": 1738109804696
    },
    "e0cfac56-5976-46ba-9bb0-537465118c6c": {
      "path": "C:\\Users\\Mau\\Dominadas\\assets\\sprite\\ChivasLogo.png",
      "time": 1720466419261.6238,
      "removeTime": 1738109873038
    },
    "203aff69-ea55-41ea-98e8-a5438c5e1e10": {
      "path": "C:\\Users\\Mau\\Dominadas\\assets\\sprite\\ChivasLogo_femenil.png",
      "time": 1720466303811.7102,
      "removeTime": 1738109873038
    },
    "d115c56b-44cf-49c8-991a-b8e737a06d2d": {
      "path": "C:\\Users\\Mau\\Dominadas\\assets\\sprite\\Logo-banorte.png",
      "time": 1738109744824.2207,
      "removeTime": 1738109993687
    },
    "48633c3a-5f28-4efc-bde2-f7f9c6d5f462": {
      "path": "C:\\Users\\Mau\\Dominadas\\assets\\sprite\\Logo-Caliente.png",
      "time": 1738110410904.2302,
      "removeTime": 1738945106531
    },
    "b17dacb9-010e-4ae5-a8f4-1d5f559ea789": {
      "path": "E:\\DominadasSanLuis\\assets\\sprite\\mobil-logo-png_seeklogo-93861-2.png",
      "time": 1738881313451.9277,
      "removeTime": 1738881355021
    },
    "ac92c169-873d-4f88-82d2-00ba02f05097": {
      "path": "E:\\DominadasSanLuis\\assets\\sprite\\mobil-logo-png_seeklogo-93861.png",
      "time": 1738881302400.2085,
      "removeTime": 1738884740165
    },
    "5af34af0-0b22-4515-9561-978aa49ba11f": {
      "path": "C:\\Users\\Mau\\Dominadas\\assets\\sprite\\png-transparent-world-of-coca-cola-fizzy-drinks-diet-coke-cola-company-text-logo.png",
      "time": 1738023049710.5647,
      "removeTime": 1738945106530
    },
    "205abed2-9b4a-403c-8e1f-57ff40ded01c": {
      "path": "C:\\Users\\Mau\\Dominadas\\assets\\sprite\\Logo.png",
      "time": 1738109273486.3555,
      "removeTime": 1743627981352
    },
    "a69b9b28-4a16-430e-85a2-b8e2d877b23f": {
      "path": "C:\\Users\\GORIB\\Downloads\\Telegram Desktop\\DominadasSanLuis\\DominadasSanLuis\\assets\\scenes\\inicio-001.scene",
      "time": 1743628016252.8625,
      "removeTime": 1743628022927
    },
    "d9297953-1266-4a51-8df1-be76f8caed9a": {
      "path": "C:\\Users\\GORIB\\Downloads\\Telegram Desktop\\DominadasSanLuis\\DominadasSanLuis\\assets\\sprite\\Canoneros\\fondo.png",
      "time": 1744329062258.442,
      "removeTime": 1744839682737
    }
  }
}
