{
  "__type__": "cc.SpriteFrame",
  "content": {
    "name": "Italia2",
    "atlas": "",
    "rect": {
      "x": 7,
      "y": 7,
      "width": 126,
      "height": 126
    },
    "offset": {
      "x": -0.5,
      "y": 0.5
    },
    "originalSize": {
      "width": 141,
      "height": 141
    },
    "rotated": false,
    "capInsets": [
      0,
      0,
      0,
      0
    ],
    "vertices": {
      "rawPosition": [
        -63,
        -63,
        0,
        63,
        -63,
        0,
        -63,
        63,
        0,
        63,
        63,
        0
      ],
      "indexes": [
        0,
        1,
        2,
        2,
        1,
        3
      ],
      "uv": [
        7,
        134,
        133,
        134,
        7,
        8,
        133,
        8
      ],
      "nuv": [
        0.04964539007092199,
        0.05673758865248227,
        0.9432624113475178,
        0.05673758865248227,
        0.04964539007092199,
        0.950354609929078,
        0.9432624113475178,
        0.950354609929078
      ],
      "minPos": {
        "x": -63,
        "y": -63,
        "z": 0
      },
      "maxPos": {
        "x": 63,
        "y": 63,
        "z": 0
      }
    },
    "texture": "4c5217e9-e647-4409-9da9-77001450226d@6c48a",
    "packable": true,
    "pixelsToUnit": 100,
    "pivot": {
      "x": 0.5,
      "y": 0.5
    },
    "meshType": 0
  }
}