{
  "__type__": "cc.SpriteFrame",
  "content": {
    "name": "Inst_00",
    "atlas": "",
    "rect": {
      "x": 0,
      "y": 0,
      "width": 353,
      "height": 208
    },
    "offset": {
      "x": 0,
      "y": 0
    },
    "originalSize": {
      "width": 353,
      "height": 208
    },
    "rotated": false,
    "capInsets": [
      0,
      0,
      0,
      0
    ],
    "vertices": {
      "rawPosition": [
        -176.5,
        -104,
        0,
        176.5,
        -104,
        0,
        -176.5,
        104,
        0,
        176.5,
        104,
        0
      ],
      "indexes": [
        0,
        1,
        2,
        2,
        1,
        3
      ],
      "uv": [
        0,
        208,
        353,
        208,
        0,
        0,
        353,
        0
      ],
      "nuv": [
        0,
        0,
        1,
        0,
        0,
        1,
        1,
        1
      ],
      "minPos": {
        "x": -176.5,
        "y": -104,
        "z": 0
      },
      "maxPos": {
        "x": 176.5,
        "y": 104,
        "z": 0
      }
    },
    "texture": "be5a8158-b7e3-4bc1-8c7d-9a849e30c89f@6c48a",
    "packable": true,
    "pixelsToUnit": 100,
    "pivot": {
      "x": 0.5,
      "y": 0.5
    },
    "meshType": 0
  }
}