{
  "__type__": "cc.SpriteFrame",
  "content": {
    "name": "png-transparent-canel-039-s-hd-logo",
    "atlas": "",
    "rect": {
      "x": 1,
      "y": 103,
      "width": 919,
      "height": 185
    },
    "offset": {
      "x": 0.5,
      "y": -2
    },
    "originalSize": {
      "width": 920,
      "height": 387
    },
    "rotated": false,
    "capInsets": [
      0,
      0,
      0,
      0
    ],
    "vertices": {
      "rawPosition": [
        -459.5,
        -92.5,
        0,
        459.5,
        -92.5,
        0,
        -459.5,
        92.5,
        0,
        459.5,
        92.5,
        0
      ],
      "indexes": [
        0,
        1,
        2,
        2,
        1,
        3
      ],
      "uv": [
        1,
        284,
        920,
        284,
        1,
        99,
        920,
        99
      ],
      "nuv": [
        0.0010869565217391304,
        0.2558139534883721,
        1,
        0.2558139534883721,
        0.0010869565217391304,
        0.7338501291989664,
        1,
        0.7338501291989664
      ],
      "minPos": {
        "x": -459.5,
        "y": -92.5,
        "z": 0
      },
      "maxPos": {
        "x": 459.5,
        "y": 92.5,
        "z": 0
      }
    },
    "texture": "f6220ab7-67f3-4106-ab45-0cad9e2ceb91@6c48a",
    "packable": true,
    "pixelsToUnit": 100,
    "pivot": {
      "x": 0.5,
      "y": 0.5
    },
    "meshType": 0
  }
}