{
  "__type__": "cc.SpriteFrame",
  "content": {
    "name": "Guante_glow_inter",
    "atlas": "",
    "rect": {
      "x": 0,
      "y": 0,
      "width": 262,
      "height": 233
    },
    "offset": {
      "x": 0,
      "y": 0
    },
    "originalSize": {
      "width": 262,
      "height": 233
    },
    "rotated": false,
    "capInsets": [
      0,
      0,
      0,
      0
    ],
    "vertices": {
      "rawPosition": [
        -131,
        -116.5,
        0,
        131,
        -116.5,
        0,
        -131,
        116.5,
        0,
        131,
        116.5,
        0
      ],
      "indexes": [
        0,
        1,
        2,
        2,
        1,
        3
      ],
      "uv": [
        0,
        233,
        262,
        233,
        0,
        0,
        262,
        0
      ],
      "nuv": [
        0,
        0,
        1,
        0,
        0,
        1,
        1,
        1
      ],
      "minPos": {
        "x": -131,
        "y": -116.5,
        "z": 0
      },
      "maxPos": {
        "x": 131,
        "y": 116.5,
        "z": 0
      }
    },
    "texture": "8b94c1d6-1146-4f9b-9574-8e19873385a5@6c48a",
    "packable": true,
    "pixelsToUnit": 100,
    "pivot": {
      "x": 0.5,
      "y": 0.5
    },
    "meshType": 0
  }
}