{
  "__type__": "cc.SpriteFrame",
  "content": {
    "name": "Porteria-back",
    "atlas": "",
    "rect": {
      "x": 0,
      "y": 0,
      "width": 50,
      "height": 195
    },
    "offset": {
      "x": -52,
      "y": 2.5
    },
    "originalSize": {
      "width": 154,
      "height": 200
    },
    "rotated": false,
    "capInsets": [
      0,
      0,
      0,
      0
    ],
    "vertices": {
      "rawPosition": [
        -25,
        -97.5,
        0,
        25,
        -97.5,
        0,
        -25,
        97.5,
        0,
        25,
        97.5,
        0
      ],
      "indexes": [
        0,
        1,
        2,
        2,
        1,
        3
      ],
      "uv": [
        0,
        200,
        50,
        200,
        0,
        5,
        50,
        5
      ],
      "nuv": [
        0,
        0.025,
        0.3246753246753247,
        0.025,
        0,
        1,
        0.3246753246753247,
        1
      ],
      "minPos": {
        "x": -25,
        "y": -97.5,
        "z": 0
      },
      "maxPos": {
        "x": 25,
        "y": 97.5,
        "z": 0
      }
    },
    "texture": "bda56ea6-9c78-4ef7-baed-5049076ed218@6c48a",
    "packable": true,
    "pixelsToUnit": 100,
    "pivot": {
      "x": 0.5,
      "y": 0.5
    },
    "meshType": 0
  }
}