{
  "__type__": "cc.SpriteFrame",
  "content": {
    "name": "Jugador-Italia",
    "atlas": "",
    "rect": {
      "x": 1,
      "y": 0,
      "width": 125,
      "height": 107
    },
    "offset": {
      "x": 0.5,
      "y": 0
    },
    "originalSize": {
      "width": 126,
      "height": 107
    },
    "rotated": false,
    "capInsets": [
      0,
      0,
      0,
      0
    ],
    "vertices": {
      "rawPosition": [
        -62.5,
        -53.5,
        0,
        62.5,
        -53.5,
        0,
        -62.5,
        53.5,
        0,
        62.5,
        53.5,
        0
      ],
      "indexes": [
        0,
        1,
        2,
        2,
        1,
        3
      ],
      "uv": [
        1,
        107,
        126,
        107,
        1,
        0,
        126,
        0
      ],
      "nuv": [
        0.007936507936507936,
        0,
        1,
        0,
        0.007936507936507936,
        1,
        1,
        1
      ],
      "minPos": {
        "x": -62.5,
        "y": -53.5,
        "z": 0
      },
      "maxPos": {
        "x": 62.5,
        "y": 53.5,
        "z": 0
      }
    },
    "texture": "7b0c26ee-e33f-40db-81fd-ef9e262f21e2@6c48a",
    "packable": true,
    "pixelsToUnit": 100,
    "pivot": {
      "x": 0.5,
      "y": 0.5
    },
    "meshType": 0
  }
}