{
  "c77ecaa8-c936-46c4-a5b0-98692673ed87": {
    "assetUuid": "c77ecaa8-c936-46c4-a5b0-98692673ed87",
    "animationUuid": "",
    "expandLevels": [
      "0"
    ]
  },
  "873693f4-f2bc-445b-9870-7373223aa0d8": {
    "assetUuid": "873693f4-f2bc-445b-9870-7373223aa0d8",
    "animationUuid": "",
    "expandLevels": [
      "0",
      "0_0",
      "0_0_1"
    ]
  },
  "03bb4b39-2769-4340-b198-b91c626de905": {
    "assetUuid": "03bb4b39-2769-4340-b198-b91c626de905",
    "animationUuid": "",
    "expandLevels": [
      "0",
      "0_0",
      "0_0_1",
      "0_0_7"
    ]
  },
  "9be08b8a-9a57-4ccf-944d-bf0fc7905194": {
    "assetUuid": "9be08b8a-9a57-4ccf-944d-bf0fc7905194",
    "animationUuid": "",
    "expandLevels": [
      "0"
    ]
  },
  "ff925bf3-94cc-45a9-8bdc-ee30d196e287": {
    "assetUuid": "ff925bf3-94cc-45a9-8bdc-ee30d196e287",
    "animationUuid": "",
    "expandLevels": [
      "0"
    ]
  },
  "a69b9b28-4a16-430e-85a2-b8e2d877b23f": {
    "assetUuid": "a69b9b28-4a16-430e-85a2-b8e2d877b23f",
    "animationUuid": "",
    "expandLevels": [
      "0",
      "0_0",
      "0_0_1"
    ]
  },
  "30a1df6e-7d20-4a2f-bc86-ead97b7e7210": {
    "assetUuid": "30a1df6e-7d20-4a2f-bc86-ead97b7e7210",
    "animationUuid": "",
    "expandLevels": [
      "0",
      "0_0",
      "0_0_1"
    ]
  }
}
