{
  "be54825a-fb2f-4c87-9ccf-a9b119541bc8@6c48a": {
    "texture": {
      "mipfilter": "none"
    }
  },
  "35cd7b8d-ecc2-4def-9908-a39563e812ed@6c48a": {
    "texture": {
      "mipfilter": "none"
    }
  },
  "f007d769-fbf6-465b-bfaa-7c1ab5d62f7b@6c48a": {
    "texture": {
      "mipfilter": "none"
    }
  },
  "c35cbed6-a7c8-416b-ab72-824e6c268e20@6c48a": {
    "texture": {
      "mipfilter": "none"
    }
  },
  "bc8ee0ed-135f-47ab-b753-c8dfd6494a2d@6c48a": {
    "texture": {
      "mipfilter": "none"
    }
  },
  "d283d069-8758-4f3d-8d24-132480028aab@6c48a": {
    "texture": {
      "mipfilter": "none"
    }
  },
  "64526c5a-f56d-481c-abe8-9478be2fbeed@6c48a": {
    "texture": {
      "mipfilter": "none"
    }
  },
  "c1372fc7-7635-4a34-b3d5-e96bc308d0c0@6c48a": {
    "texture": {
      "mipfilter": "none"
    }
  },
  "0b012376-734b-41cd-b795-1ed0b1d116dc@6c48a": {
    "texture": {
      "mipfilter": "none"
    }
  },
  "70d4adf2-b3e1-40e6-8d53-accc5403ea72@6c48a": {
    "texture": {
      "mipfilter": "none"
    }
  },
  "6b664c0b-3725-456b-a116-eb8c210346c3@6c48a": {
    "texture": {
      "mipfilter": "none"
    }
  },
  "91dcc1bd-daad-4e50-96b5-a6f71a1fbe35@6c48a": {
    "texture": {
      "mipfilter": "none"
    }
  },
  "6060c380-b0da-4282-89bd-fea5359b69b6@6c48a": {
    "texture": {
      "mipfilter": "none"
    }
  },
  "ad179a66-e480-4a01-80f5-3d780e5e22b5@6c48a": {
    "texture": {
      "mipfilter": "none"
    }
  },
  "de1afae6-c07a-4c6e-a957-35ab0868f5a5@6c48a": {
    "texture": {
      "mipfilter": "none"
    }
  },
  "68a19ecf-6fda-43dd-a0ad-e3fe7b6ae596@6c48a": {
    "texture": {
      "mipfilter": "none"
    }
  },
  "9ae2652a-70a9-4973-87a2-ef5853663828@6c48a": {
    "texture": {
      "mipfilter": "none"
    }
  },
  "29bc8d44-ba22-49e5-b102-cc9f75011a36@6c48a": {
    "texture": {
      "mipfilter": "none"
    }
  },
  "bbec96f8-78c0-4fe7-96d3-64a316831114@6c48a": {
    "texture": {
      "mipfilter": "none"
    }
  },
  "dddf4aff-612e-441f-b74b-930a8f2245a9@6c48a": {
    "texture": {
      "mipfilter": "none"
    }
  },
  "60d2eb96-de10-4648-8f8f-f669a3b3bceb@6c48a": {
    "texture": {
      "mipfilter": "none"
    }
  },
  "cea9760e-9666-4980-845d-1f82dcab46b3@6c48a": {
    "texture": {
      "mipfilter": "none"
    }
  },
  "a94cd87e-3a3d-4c63-a528-4ff43b232ac1@6c48a": {
    "texture": {
      "mipfilter": "none"
    }
  },
  "0a2c064f-8182-4af2-981e-be86be9afc06@6c48a": {
    "texture": {
      "mipfilter": "none"
    }
  },
  "c72bcd94-26c7-4031-aebb-02756abbd227@6c48a": {
    "texture": {
      "mipfilter": "none"
    }
  },
  "6ad951f1-5257-4115-856b-a06a96b4cd09@6c48a": {
    "texture": {
      "mipfilter": "none"
    }
  },
  "3f727f12-0043-456e-ae58-422e9c144fce@6c48a": {
    "texture": {
      "mipfilter": "none"
    }
  },
  "1142d5a1-d4f8-43db-80e8-28fd6098efcc@6c48a": {
    "texture": {
      "mipfilter": "none"
    }
  },
  "543b360f-b245-4193-a403-288fd79402b2@6c48a": {
    "texture": {
      "mipfilter": "none"
    }
  },
  "8ff529a0-ef2d-48e1-9638-743a707d4a30@6c48a": {
    "texture": {
      "mipfilter": "none"
    }
  },
  "bfc32f48-9c4f-4749-94ed-6e1efea86a3f@6c48a": {
    "texture": {
      "mipfilter": "none"
    }
  },
  "9c1a6d00-c317-4846-a0d2-074f16fd9520@6c48a": {
    "texture": {
      "mipfilter": "none"
    }
  },
  "5230ee44-6ec1-4851-afd1-9ac61bc58f19@6c48a": {
    "texture": {
      "mipfilter": "none"
    }
  },
  "8f196f4f-d7fd-41d3-a1f2-d4bceb689447@6c48a": {
    "texture": {
      "mipfilter": "none"
    }
  },
  "e6132efe-3400-4700-9577-1afb8825d530@6c48a": {
    "texture": {
      "mipfilter": "none"
    }
  },
  "6d8eb50f-4679-414c-858a-61c979994c76@6c48a": {
    "texture": {
      "mipfilter": "none"
    }
  },
  "c9db0a1e-890c-40ce-9d69-637281ac565a@6c48a": {
    "texture": {
      "mipfilter": "none"
    }
  },
  "813d6a4c-3e57-4bf2-a785-a794ece853fa@6c48a": {
    "texture": {
      "mipfilter": "none"
    }
  },
  "2b6d6801-dc54-43bd-89c6-470facdad33c@6c48a": {
    "texture": {
      "mipfilter": "none"
    }
  },
  "ae14d502-df32-4408-b73e-bec0b33467dd@6c48a": {
    "texture": {
      "mipfilter": "none"
    }
  },
  "d40f733c-2bf5-41db-8a3f-049c23b50b25@6c48a": {
    "texture": {
      "mipfilter": "none"
    }
  },
  "3cc954c0-d2b2-43f3-a1d4-5530fd74de30@6c48a": {
    "texture": {
      "mipfilter": "none"
    }
  },
  "e0cfac56-5976-46ba-9bb0-537465118c6c@6c48a": {
    "texture": {
      "mipfilter": "none"
    }
  },
  "203aff69-ea55-41ea-98e8-a5438c5e1e10@6c48a": {
    "texture": {
      "mipfilter": "none"
    }
  },
  "d115c56b-44cf-49c8-991a-b8e737a06d2d@6c48a": {
    "texture": {
      "mipfilter": "none"
    }
  },
  "dcc454dc-6d33-4614-b715-3af8ab8cf811@6c48a": {
    "texture": {
      "mipfilter": "none"
    }
  },
  "48633c3a-5f28-4efc-bde2-f7f9c6d5f462@6c48a": {
    "texture": {
      "mipfilter": "linear"
    }
  },
  "b17dacb9-010e-4ae5-a8f4-1d5f559ea789@6c48a": {
    "texture": {
      "mipfilter": "none"
    }
  },
  "205abed2-9b4a-403c-8e1f-57ff40ded01c@6c48a": {
    "texture": {
      "mipfilter": "none"
    }
  },
  "63d40aa5-901e-4e37-a34a-fb131cc56b89@6c48a": {
    "texture": {
      "mipfilter": "none"
    }
  },
  "631a843a-79d2-451a-af1f-f00bf6290ad5@6c48a": {
    "texture": {
      "mipfilter": "none"
    }
  },
  "9f2e70a9-09f7-4dd6-a324-b9371bbfc83a@6c48a": {
    "texture": {
      "mipfilter": "none"
    }
  },
  "ac92c169-873d-4f88-82d2-00ba02f05097@6c48a": {
    "texture": {
      "mipfilter": "none"
    }
  },
  "f6220ab7-67f3-4106-ab45-0cad9e2ceb91@6c48a": {
    "texture": {
      "mipfilter": "nearest"
    }
  },
  "5af34af0-0b22-4515-9561-978aa49ba11f@6c48a": {
    "texture": {
      "mipfilter": "none"
    }
  },
  "4b988742-97c4-46c3-b77e-8ac4eaaa3d46@6c48a": {
    "texture": {
      "mipfilter": "none"
    }
  },
  "98b2b3e6-e8e2-43d8-9be4-2f403f3bd322@6c48a": {
    "texture": {
      "mipfilter": "none"
    }
  },
  "a5eb00a4-c3fd-4ee0-ba63-03b58d170e2f@6c48a": {
    "texture": {
      "mipfilter": "none"
    }
  },
  "6fb3214e-9efc-4ca5-97c5-ac6998099fd7@6c48a": {
    "texture": {
      "mipfilter": "none"
    }
  },
  "d9297953-1266-4a51-8df1-be76f8caed9a@6c48a": {
    "texture": {
      "mipfilter": "none"
    }
  },
  "0a5926ec-e9dc-49ef-8cc8-f2f64568690b@6c48a": {
    "texture": {
      "mipfilter": "none"
    }
  },
  "4150dabe-0314-48d0-92cb-5da743cdea53@6c48a": {
    "texture": {
      "mipfilter": "none"
    }
  },
  "11cea450-b238-407d-813b-edb36c0c2a36@6c48a": {
    "texture": {
      "mipfilter": "none"
    }
  },
  "c7252cee-5013-4309-9283-6bc55c563373@6c48a": {
    "texture": {
      "mipfilter": "none"
    }
  },
  "48ae7960-9065-496f-b468-cfe20aec3739@6c48a": {
    "texture": {
      "mipfilter": "none"
    }
  },
  "535bdf7d-4cf1-42d1-9550-e0cc505a0d05@6c48a": {
    "texture": {
      "mipfilter": "none"
    }
  },
  "f75ddc20-a12f-4a41-8bf7-fa36d623e941@6c48a": {
    "texture": {
      "mipfilter": "none"
    }
  },
  "2bd54f1e-966a-4faa-8b98-f9627378242c@6c48a": {
    "texture": {
      "mipfilter": "none"
    }
  },
  "c7e2c28d-d214-4fb9-9c54-cc8c972089a7@6c48a": {
    "texture": {
      "mipfilter": "none"
    }
  },
  "d44596a6-028f-42e8-b2a0-ea4f3a1ef8e0@6c48a": {
    "texture": {
      "mipfilter": "none"
    }
  },
  "b2e68f18-79b9-4c52-813b-a8b70d725b10@6c48a": {
    "texture": {
      "mipfilter": "none"
    }
  },
  "203acb8c-a750-4340-a718-a22a193147a8@6c48a": {
    "texture": {
      "mipfilter": "none"
    }
  },
  "67a1f01c-7838-4005-a0fb-e138d1898408@6c48a": {
    "texture": {
      "mipfilter": "none"
    }
  },
  "1dcc7e16-d6fa-459b-b2f4-7293c4c674e5@6c48a": {
    "texture": {
      "mipfilter": "none"
    }
  },
  "af9e11e8-1911-42c5-835e-b879f127e8b0@6c48a": {
    "texture": {
      "mipfilter": "none"
    }
  }
}
