{
  "__type__": "cc.SpriteFrame",
  "content": {
    "name": "monataña@4x",
    "atlas": "",
    "rect": {
      "x": 0,
      "y": 0,
      "width": 655,
      "height": 328
    },
    "offset": {
      "x": 0,
      "y": 0
    },
    "originalSize": {
      "width": 655,
      "height": 328
    },
    "rotated": false,
    "capInsets": [
      0,
      0,
      0,
      0
    ],
    "vertices": {
      "rawPosition": [
        -327.5,
        -164,
        0,
        327.5,
        -164,
        0,
        -327.5,
        164,
        0,
        327.5,
        164,
        0
      ],
      "indexes": [
        0,
        1,
        2,
        2,
        1,
        3
      ],
      "uv": [
        0,
        328,
        655,
        328,
        0,
        0,
        655,
        0
      ],
      "nuv": [
        0,
        0,
        1,
        0,
        0,
        1,
        1,
        1
      ],
      "minPos": {
        "x": -327.5,
        "y": -164,
        "z": 0
      },
      "maxPos": {
        "x": 327.5,
        "y": 164,
        "z": 0
      }
    },
    "texture": "6f89e0ae-2e8d-4c29-aaaf-b2d15cfa7012@6c48a",
    "packable": true,
    "pixelsToUnit": 100,
    "pivot": {
      "x": 0.5,
      "y": 0.5
    },
    "meshType": 0
  }
}