[1,["f6SJZOjTJB/JrJeh5xTdF7","50ToMaZ7VDOKU3bQ+7ANJb@c3e5e","50ToMaZ7VDOKU3bQ+7ANJb@403c9","35kIhvDGdOIJAzmvvtB1Zh","50ToMaZ7VDOKU3bQ+7ANJb@55180","50ToMaZ7VDOKU3bQ+7ANJb@6d26c","50ToMaZ7VDOKU3bQ+7ANJb@278f5","50ToMaZ7VDOKU3bQ+7ANJb@45f73","50ToMaZ7VDOKU3bQ+7ANJb@2e7eb","50ToMaZ7VDOKU3bQ+7ANJb@c2d4f","50ToMaZ7VDOKU3bQ+7ANJb@41ac8","f980ZqlAJMgIasXONMUeZX","bb/m6uD3NDvYd10aE7XD9N","bfyXVYlmpAUZ7EVwOuj22E@6c48a","e35eIJJR5Ee7rq5wExbHc6@6c48a","24oK15jypMPIoJeR7XEY91@3e042","24oK15jypMPIoJeR7XEY91@84bc4","dfbCKZOAxH+phhK/tgfNJI"],["node","_effectAsset","_mesh","root","data","asset","mainTexture","_defaultClip"],[["cc.Node",["_name","_objFlags","__editorExtras__","_prefab","_components","_parent","_children","_lrot","_lscale","_euler","_lpos"],0,4,9,1,2,5,5,5,5],["cc.BoxCollider",["_isTrigger","node","__prefab","_size","_center"],2,1,4,5,5],["cc.RigidBody",["_type","_group","node","__prefab"],1,1,4],["cc.Material",["_states","_defines","_name","_props"],0,12],["cc.Prefab",["_name"],2],["8a590ArT+hIdpDmdj7bYY0v",["node","__prefab"],3,1,4],["cc.CompPrefabInfo",["fileId"],2],["35cbdTmjThDc6JE8WPZ/ZXn",["node","__prefab"],3,1,4],["cc.PrefabInfo",["fileId","instance","targetOverrides","root","asset","nestedPrefabInstanceRoots"],0,1,1,2],["cc.PrefabInfo",["fileId","instance","targetOverrides","nestedPrefabInstanceRoots","root","asset"],-1,1,1],["cc.PrefabInfo",["fileId","targetOverrides","nestedPrefabInstanceRoots","root","instance","asset"],0,1,4,6],["71a05sTVSxIM7FuN+AONj3j",["node","__prefab"],3,1,4],["cc.TargetInfo",["localID"],2],["cc.PrefabInstance",["fileId","prefabRootNode","propertyOverrides"],2,1,9],["CCPropertyOverrideInfo",["value","propertyPath","targetInfo"],1,1],["CCPropertyOverrideInfo",["propertyPath","targetInfo","value"],2,1,8],["CCPropertyOverrideInfo",["propertyPath","targetInfo","value"],2,4,8],["cc.MeshRenderer",["node","__prefab","_materials","bakeSettings","_mesh"],3,1,4,3,4,6],["cc.ModelBakeSettings",[],3],["cc.Mesh",["_native","_hash","_struct"],1,11],["cc.Animation",["playOnLoad","node","__prefab","_clips","_defaultClip"],2,1,4,3,6]],[[6,0,2],[9,0,1,2,3,4,5,5],[15,0,1,2,2],[0,0,5,4,3,7,8,9,2],[17,0,1,2,3,4,1],[18,1],[19,0,1,2,3],[2,1,0,2,3,3],[3,2,0,1,3,4],[0,0,5,4,3,2],[1,0,1,2,4,3,2],[12,0,2],[4,0,2],[0,1,2,5,3,3],[10,0,1,2,3,4,5,4],[13,0,1,2,2],[14,0,1,2,3],[3,0,1,3,3],[0,0,6,4,3,2],[0,0,6,4,3,10,2],[5,0,1,1],[2,0,2,3,2],[1,0,1,2,3,2],[1,1,2,3,1],[1,0,1,2,2],[7,0,1,1],[8,0,1,2,3,4,5,4],[11,0,1,1],[16,0,1,2,2],[20,0,1,2,3,4,2]],[[[[12,"COCHE-PASE-VERTICAL"],[18,"COCHE-PASE-VERTICAL",[-8,-9,-10,-11,-12,-13,-14,-15,-16],[[20,-4,[0,"d3dU0nqDBFbq+q+bBtMSh3"]],[21,2,-5,[0,"2d+qgIe/5FVIbtJTjRJYtl"]],[22,true,-6,[0,"0ec0XUAKZNuZFwstgujTuJ"],[1,7,2,7]],[25,-7,[0,"fbGvWWyj1KzITXHePedDDn"]]],[26,"f3Cq5ZRApdi74tteyl4V40",null,null,-3,0,[-1,-2]]],[9,"Vuelta",1,[[7,64,2,-17,[0,"91S7cIXNVOHZqhUL3gSO2x"]],[10,true,-18,[0,"37+NmYArxEpaq+OvTuycri"],[1,0,1,0],[1,3,1,3]],[27,-19,[0,"97I7ebtI5Br6bYAj5MvV+5"]]],[1,"9a0THO1FhO8ZTHDMnKV5nM",null,null,null,1,0]],[11,["9e5ehLqjxezLyWdYRCI7+1"]],[9,"Paredes",1,[[7,2,2,-20,[0,"4405XaYcxCJJx7auC2KPwD"]],[10,true,-21,[0,"84ZkqI0IZJm6e0FEz1Hwk2"],[1,0,1,3.5],[1,8,3,2]],[10,true,-22,[0,"a3z4pz1ztOXbVU8yz1FZ3A"],[1,0,1,-3.5],[1,8,3,2]]],[1,"4aucU1RuBOnJtINRsn7C/4",null,null,null,1,0]],[11,["58dySctw5OA7dc7sAaDeb9"]],[9,"Piso",1,[[7,32,2,-23,[0,"55ZNDT4fJAT5inGd4t/gjC"]],[23,-24,[0,"f4MQacnG9A/JBUHAS5C7rI"],[1,8,1,8]]],[1,"be84xZlx5Mn7UQhLZyLHct",null,null,null,1,0]],[13,0,{},1,[14,"9e5ehLqjxezLyWdYRCI7+1",null,null,-25,[15,"37fVBl2UVOaZyqYD/j8RwL",1,[[16,"PASE-TARJETA",["_name"],3],[2,["_lpos"],3,[1,0,1.5,0]],[2,["_lrot"],3,[3,0,0,0,1]],[2,["_euler"],3,[1,0,0,0]],[28,["_size"],[11,["75WnPInR5MMISNMC7idOqk"]],[1,2.5,1,1]]]],12]],[13,0,{},1,[14,"58dySctw5OA7dc7sAaDeb9",null,null,-26,[15,"d7GHrmIDZLRLR0C14fzI2D",1,[[16,"Particulas",["_name"],5],[2,["_lpos"],5,[1,0,0,0]],[2,["_lrot"],5,[3,0,0,0,1]],[2,["_euler"],5,[1,0,0,0]]]],13]],[3,"carretera01",1,[[4,-27,[0,"b3Qkilnh1Q36NW02uq445P"],[0,1,2,3],[5],4]],[1,"6busmMTJ9UtLq1DpME3l5E",null,null,null,1,0],[3,-0.7071067811865475,0,0,0.7071067811865476],[1,0.5,0.5,0.5],[1,-90,0,0]],[3,"arbustos",1,[[4,-28,[0,"be+z+SWfxQ26O62Dzt4urh"],[5],[5],6]],[1,"aexf6QroZTd4H7X5OZ2z5p",null,null,null,1,0],[3,-0.7071067811865475,0,0,0.7071067811865476],[1,0.5,0.5,0.5],[1,-90,0,0]],[3,"arbol",1,[[4,-29,[0,"2fWHpwrRRc7KsrvIM5WRFI"],[7,8],[5],9]],[1,"0epki3QH5dWoULDJ4RnSBF",null,null,null,1,0],[3,-0.7071067811865475,0,0,0.7071067811865476],[1,0.5,0.5,0.5],[1,-90,0,0]],[3,"arbusto.001",1,[[4,-30,[0,"fbeUcWoiVV+5sN1v9avZt+"],[10],[5],11]],[1,"18t0bwCsdVi5WonIZvKp4L",null,null,null,1,0],[3,-0.7071067811865475,0,0,0.7071067811865476],[1,0.5,0.5,0.5],[1,-90,0,0]]],0,[0,-1,8,0,-2,7,0,3,1,0,0,1,0,0,1,0,0,1,0,0,1,0,-1,9,0,-2,10,0,-3,11,0,-4,12,0,-5,6,0,-6,2,0,-7,7,0,-8,4,0,-9,8,0,0,2,0,0,2,0,0,2,0,0,4,0,0,4,0,0,4,0,0,6,0,0,6,0,3,7,0,3,8,0,0,9,0,0,10,0,0,11,0,0,12,0,4,1,30],[0,0,0,0,0,0,0,0,0,0,0,0,0,0],[-1,-2,-3,-4,2,-1,2,-1,-2,2,-1,2,5,5],[4,5,2,6,7,1,8,2,1,9,1,10,11,12]],[[[17,[{"rasterizerState":{},"depthStencilState":{},"blendState":{"targets":[{}]}},{"rasterizerState":{},"depthStencilState":{},"blendState":{"targets":[{}]}},{"rasterizerState":{},"depthStencilState":{},"blendState":{"targets":[{}]}},{"rasterizerState":{},"depthStencilState":{},"blendState":{"targets":[{}]}}],[{"DCC_APP_NAME":2,"USE_ALBEDO_MAP":true,"HAS_EXPORTED_METALLIC":true},{},{},{}],[[[{"emissiveScale":0,"shininessExponent":4.564051068518893,"specularFactor":0.25,"transparencyFactor":0,"metallic":0.4909090995788574},"mainColor",8,[4,4293388263],"emissive",8,[4,4294967295],"mainTexture",6,0],{},{},{}],11,0,0,0]]],0,0,[0,0],[6,1],[13,0]],[[[6,".bin",2631521213,[{"primitives":[{"primitiveMode":7,"vertexBundelIndices":[0],"indexView":{"offset":5376,"length":360,"count":180,"stride":2}}],"vertexBundles":[{"view":{"offset":0,"length":5376,"count":112,"stride":48},"attributes":[{"name":"a_position","format":32,"isNormalized":false},{"name":"a_normal","format":32,"isNormalized":false},{"name":"a_texCoord","format":21,"isNormalized":false},{"name":"a_tangent","format":44,"isNormalized":false}]}]},"minPosition",8,[1,-2.998997449874878,-0.2802155613899231,-1.7460702657699585],"maxPosition",8,[1,2.998997449874878,0.2802155613899231,1.7460702657699585]]],-1],0,0,[],[],[]],[[[17,[{"rasterizerState":{},"depthStencilState":{},"blendState":{"targets":[{}]}},{"rasterizerState":{},"depthStencilState":{},"blendState":{"targets":[{}]}},{"rasterizerState":{},"depthStencilState":{},"blendState":{"targets":[{}]}},{"rasterizerState":{},"depthStencilState":{},"blendState":{"targets":[{}]}}],[{"DCC_APP_NAME":2,"USE_ALBEDO_MAP":true,"HAS_EXPORTED_METALLIC":true},{},{},{}],[[[{"emissiveScale":0,"shininessExponent":25,"specularFactor":0.25,"transparencyFactor":0},"mainColor",8,[4,4293388263],"emissive",8,[4,4294967295],"mainTexture",6,0],{},{},{}],11,0,0,0]]],0,0,[0,0],[6,1],[14,0]],[[[6,".bin",3330108272,[{"primitives":[{"primitiveMode":7,"vertexBundelIndices":[0],"indexView":{"offset":44544,"length":2976,"count":1488,"stride":2}}],"vertexBundles":[{"view":{"offset":0,"length":44544,"count":928,"stride":48},"attributes":[{"name":"a_position","format":32,"isNormalized":false},{"name":"a_normal","format":32,"isNormalized":false},{"name":"a_texCoord","format":21,"isNormalized":false},{"name":"a_tangent","format":44,"isNormalized":false}]}]},"minPosition",8,[1,2.808544635772705,-7.475381851196289,0.8601231575012207],"maxPosition",8,[1,6.375725269317627,7.475381374359131,2.9645259380340576]]],-1],0,0,[],[],[]],[[[8,"tronco",[{"rasterizerState":{},"blendState":{"targets":[{}]},"depthStencilState":{}}],[{"DCC_APP_NAME":2,"HAS_EXPORTED_METALLIC":true}],[[[{"shininessExponent":25,"emissiveScale":0,"metallic":0,"specularFactor":0.25,"transparencyFactor":0},"mainColor",8,[4,4279906148],"emissive",8,[4,4294967295]]],11]]],0,0,[0],[1],[0]],[[[6,".bin",26387153,[{"primitives":[{"primitiveMode":7,"vertexBundelIndices":[0],"indexView":{"offset":22272,"length":1488,"count":744,"stride":2}}],"vertexBundles":[{"view":{"offset":0,"length":22272,"count":464,"stride":48},"attributes":[{"name":"a_position","format":32,"isNormalized":false},{"name":"a_normal","format":32,"isNormalized":false},{"name":"a_texCoord","format":21,"isNormalized":false},{"name":"a_tangent","format":44,"isNormalized":false}]}]},"minPosition",8,[1,-4.998376369476318,-7.584842681884766,0.8601231575012207],"maxPosition",8,[1,-1.4147484302520752,-4.752561092376709,2.9645259380340576]]],-1],0,0,[],[],[]],[[[6,".bin",3117966696,[{"primitives":[{"primitiveMode":7,"vertexBundelIndices":[0],"indexView":{"offset":1536,"length":96,"count":48,"stride":2}},{"primitiveMode":7,"vertexBundelIndices":[1],"indexView":{"offset":2016,"length":24,"count":12,"stride":2}},{"primitiveMode":7,"vertexBundelIndices":[2],"indexView":{"offset":4056,"length":132,"count":66,"stride":2}},{"primitiveMode":7,"vertexBundelIndices":[3],"indexView":{"offset":4380,"length":12,"count":6,"stride":2}}],"vertexBundles":[{"view":{"offset":0,"length":1536,"count":32,"stride":48},"attributes":[{"name":"a_position","format":32,"isNormalized":false},{"name":"a_normal","format":32,"isNormalized":false},{"name":"a_texCoord","format":21,"isNormalized":false},{"name":"a_tangent","format":44,"isNormalized":false}]},{"view":{"offset":1632,"length":384,"count":8,"stride":48},"attributes":[{"name":"a_position","format":32,"isNormalized":false},{"name":"a_normal","format":32,"isNormalized":false},{"name":"a_texCoord","format":21,"isNormalized":false},{"name":"a_tangent","format":44,"isNormalized":false}]},{"view":{"offset":2040,"length":2016,"count":42,"stride":48},"attributes":[{"name":"a_position","format":32,"isNormalized":false},{"name":"a_normal","format":32,"isNormalized":false},{"name":"a_texCoord","format":21,"isNormalized":false},{"name":"a_tangent","format":44,"isNormalized":false}]},{"view":{"offset":4188,"length":192,"count":4,"stride":48},"attributes":[{"name":"a_position","format":32,"isNormalized":false},{"name":"a_normal","format":32,"isNormalized":false},{"name":"a_texCoord","format":21,"isNormalized":false},{"name":"a_tangent","format":44,"isNormalized":false}]}]},"minPosition",8,[1,-8,-8,-1],"maxPosition",8,[1,8,8,1.2000000476837158]]],-1],0,0,[],[],[]],[[[8,"banqueta",[{"rasterizerState":{},"blendState":{"targets":[{}]},"depthStencilState":{}}],[{"DCC_APP_NAME":2,"HAS_EXPORTED_METALLIC":true}],[[[{"shininessExponent":0,"emissiveScale":0,"metallic":0,"specularFactor":0.25,"transparencyFactor":0},"mainColor",8,[4,4279959039],"emissive",8,[4,4294967295]]],11]]],0,0,[0],[1],[0]],[[[8,"pasto",[{"rasterizerState":{},"blendState":{"targets":[{}]},"depthStencilState":{}}],[{"DCC_APP_NAME":2,"HAS_EXPORTED_METALLIC":true}],[[[{"shininessExponent":0,"emissiveScale":0,"metallic":0,"specularFactor":0.25,"transparencyFactor":0},"mainColor",8,[4,4283557758],"emissive",8,[4,4294967295]]],11]]],0,0,[0],[1],[0]],[[[6,".bin",1957679657,[{"primitives":[{"primitiveMode":7,"vertexBundelIndices":[0],"indexView":{"offset":2304,"length":168,"count":84,"stride":2}},{"primitiveMode":7,"vertexBundelIndices":[1],"indexView":{"offset":35880,"length":2232,"count":1116,"stride":2}}],"vertexBundles":[{"view":{"offset":0,"length":2304,"count":48,"stride":48},"attributes":[{"name":"a_position","format":32,"isNormalized":false},{"name":"a_normal","format":32,"isNormalized":false},{"name":"a_texCoord","format":21,"isNormalized":false},{"name":"a_tangent","format":44,"isNormalized":false}]},{"view":{"offset":2472,"length":33408,"count":696,"stride":48},"attributes":[{"name":"a_position","format":32,"isNormalized":false},{"name":"a_normal","format":32,"isNormalized":false},{"name":"a_texCoord","format":21,"isNormalized":false},{"name":"a_tangent","format":44,"isNormalized":false}]}]},"minPosition",8,[1,-9.089410781860352,3.187079668045044,0.9157791137695312],"maxPosition",8,[1,-4.769278526306152,7.369408130645752,6.26527214050293]]],-1],0,0,[],[],[]],[[[8,"naturaleza",[{"rasterizerState":{},"blendState":{"targets":[{}]},"depthStencilState":{}}],[{"DCC_APP_NAME":2,"HAS_EXPORTED_METALLIC":true}],[[[{"shininessExponent":0,"emissiveScale":0,"metallic":0,"specularFactor":0.25,"transparencyFactor":0},"mainColor",8,[4,4281050407],"emissive",8,[4,4294967295]]],11]]],0,0,[0],[1],[0]],[[[12,"PASE-TARJETA"],[19,"PASE-TARJETA",[-5],[[29,true,-2,[0,"a6XWb/Z59KLKwFVLJ3AMZw"],[2,3],4],[7,16,2,-3,[0,"25gqXOrchEK7U5e/XykCMA"]],[24,true,-4,[0,"75WnPInR5MMISNMC7idOqk"]]],[1,"9e5ehLqjxezLyWdYRCI7+1",null,null,null,-1,0],[1,0,2,0]],[3,"Pase",1,[[4,-6,[0,"eeHeN5J6lYmboCL5y4uyHh"],[0],[5],1]],[1,"32o9l05r5cRrIDSjKXunP6",null,null,null,1,0],[3,-0.7071067811865475,0,0,0.7071067811865476],[1,0.4,0.4,0.4],[1,-90,0,0]]],0,[0,3,1,0,0,1,0,0,1,0,0,1,0,-1,2,0,0,2,0,4,1,6],[0,0,0,0,0],[-1,2,-1,-2,7],[15,16,3,17,3]]]]
