{
  "__type__": "cc.SpriteFrame",
  "content": {
    "name": "Paleta-Canada",
    "atlas": "",
    "rect": {
      "x": 0,
      "y": 0,
      "width": 165,
      "height": 100
    },
    "offset": {
      "x": 0,
      "y": 0
    },
    "originalSize": {
      "width": 165,
      "height": 100
    },
    "rotated": false,
    "capInsets": [
      0,
      0,
      0,
      0
    ],
    "vertices": {
      "rawPosition": [
        -82.5,
        -50,
        0,
        82.5,
        -50,
        0,
        -82.5,
        50,
        0,
        82.5,
        50,
        0
      ],
      "indexes": [
        0,
        1,
        2,
        2,
        1,
        3
      ],
      "uv": [
        0,
        100,
        165,
        100,
        0,
        0,
        165,
        0
      ],
      "nuv": [
        0,
        0,
        1,
        0,
        0,
        1,
        1,
        1
      ],
      "minPos": {
        "x": -82.5,
        "y": -50,
        "z": 0
      },
      "maxPos": {
        "x": 82.5,
        "y": 50,
        "z": 0
      }
    },
    "texture": "490d3280-a1ab-4206-b134-6c9096e663bf@6c48a",
    "packable": true,
    "pixelsToUnit": 100,
    "pivot": {
      "x": 0.5,
      "y": 0.5
    },
    "meshType": 0
  }
}