{
  "__type__": "cc.SpriteFrame",
  "content": {
    "name": "Paleta-Paraguay",
    "atlas": "",
    "rect": {
      "x": 0,
      "y": 0,
      "width": 160,
      "height": 99
    },
    "offset": {
      "x": 0,
      "y": 0
    },
    "originalSize": {
      "width": 160,
      "height": 99
    },
    "rotated": false,
    "capInsets": [
      0,
      0,
      0,
      0
    ],
    "vertices": {
      "rawPosition": [
        -80,
        -49.5,
        0,
        80,
        -49.5,
        0,
        -80,
        49.5,
        0,
        80,
        49.5,
        0
      ],
      "indexes": [
        0,
        1,
        2,
        2,
        1,
        3
      ],
      "uv": [
        0,
        99,
        160,
        99,
        0,
        0,
        160,
        0
      ],
      "nuv": [
        0,
        0,
        1,
        0,
        0,
        1,
        1,
        1
      ],
      "minPos": {
        "x": -80,
        "y": -49.5,
        "z": 0
      },
      "maxPos": {
        "x": 80,
        "y": 49.5,
        "z": 0
      }
    },
    "texture": "49296929-69a2-4c13-9b4f-7687080a06fb@6c48a",
    "packable": true,
    "pixelsToUnit": 100,
    "pivot": {
      "x": 0.5,
      "y": 0.5
    },
    "meshType": 0
  }
}