{
  "__type__": "cc.SpriteFrame",
  "content": {
    "name": "USA-player",
    "atlas": "",
    "rect": {
      "x": 0,
      "y": 0,
      "width": 433,
      "height": 530
    },
    "offset": {
      "x": 0,
      "y": 0
    },
    "originalSize": {
      "width": 433,
      "height": 530
    },
    "rotated": false,
    "capInsets": [
      0,
      0,
      0,
      0
    ],
    "vertices": {
      "rawPosition": [
        -216.5,
        -265,
        0,
        216.5,
        -265,
        0,
        -216.5,
        265,
        0,
        216.5,
        265,
        0
      ],
      "indexes": [
        0,
        1,
        2,
        2,
        1,
        3
      ],
      "uv": [
        0,
        530,
        433,
        530,
        0,
        0,
        433,
        0
      ],
      "nuv": [
        0,
        0,
        1,
        0,
        0,
        1,
        1,
        1
      ],
      "minPos": {
        "x": -216.5,
        "y": -265,
        "z": 0
      },
      "maxPos": {
        "x": 216.5,
        "y": 265,
        "z": 0
      }
    },
    "texture": "56d08831-dcb2-4306-85fe-98f115162d5d@6c48a",
    "packable": true,
    "pixelsToUnit": 100,
    "pivot": {
      "x": 0.5,
      "y": 0.5
    },
    "meshType": 0
  }
}