{
  "__type__": "cc.SpriteFrame",
  "content": {
    "name": "zonadedo",
    "atlas": "",
    "rect": {
      "x": 0,
      "y": 0,
      "width": 180,
      "height": 110
    },
    "offset": {
      "x": 0,
      "y": 0
    },
    "originalSize": {
      "width": 180,
      "height": 110
    },
    "rotated": false,
    "capInsets": [
      0,
      0,
      0,
      0
    ],
    "vertices": {
      "rawPosition": [
        -90,
        -55,
        0,
        90,
        -55,
        0,
        -90,
        55,
        0,
        90,
        55,
        0
      ],
      "indexes": [
        0,
        1,
        2,
        2,
        1,
        3
      ],
      "uv": [
        0,
        110,
        180,
        110,
        0,
        0,
        180,
        0
      ],
      "nuv": [
        0,
        0,
        1,
        0,
        0,
        1,
        1,
        1
      ],
      "minPos": {
        "x": -90,
        "y": -55,
        "z": 0
      },
      "maxPos": {
        "x": 90,
        "y": 55,
        "z": 0
      }
    },
    "texture": "bf2a0981-27ad-48b2-9458-9a5f58323bf8@6c48a",
    "packable": true,
    "pixelsToUnit": 100,
    "pivot": {
      "x": 0.5,
      "y": 0.5
    },
    "meshType": 0
  }
}