{
  "__type__": "cc.SpriteFrame",
  "content": {
    "name": "nube03",
    "atlas": "",
    "rect": {
      "x": 0,
      "y": 0,
      "width": 43,
      "height": 21
    },
    "offset": {
      "x": 0,
      "y": 0
    },
    "originalSize": {
      "width": 43,
      "height": 21
    },
    "rotated": false,
    "capInsets": [
      0,
      0,
      0,
      0
    ],
    "vertices": {
      "rawPosition": [
        -21.5,
        -10.5,
        0,
        21.5,
        -10.5,
        0,
        -21.5,
        10.5,
        0,
        21.5,
        10.5,
        0
      ],
      "indexes": [
        0,
        1,
        2,
        2,
        1,
        3
      ],
      "uv": [
        0,
        21,
        43,
        21,
        0,
        0,
        43,
        0
      ],
      "nuv": [
        0,
        0,
        1,
        0,
        0,
        1,
        1,
        1
      ],
      "minPos": {
        "x": -21.5,
        "y": -10.5,
        "z": 0
      },
      "maxPos": {
        "x": 21.5,
        "y": 10.5,
        "z": 0
      }
    },
    "texture": "aa69773e-b00a-432b-bf96-df5b400013d2@6c48a",
    "packable": true,
    "pixelsToUnit": 100,
    "pivot": {
      "x": 0.5,
      "y": 0.5
    },
    "meshType": 0
  }
}