{
  "__type__": "cc.SpriteFrame",
  "content": {
    "name": "btn-nextP",
    "atlas": "",
    "rect": {
      "x": 0,
      "y": 0,
      "width": 327,
      "height": 119
    },
    "offset": {
      "x": 0,
      "y": 5.5
    },
    "originalSize": {
      "width": 327,
      "height": 130
    },
    "rotated": false,
    "capInsets": [
      0,
      0,
      0,
      0
    ],
    "vertices": {
      "rawPosition": [
        -163.5,
        -59.5,
        0,
        163.5,
        -59.5,
        0,
        -163.5,
        59.5,
        0,
        163.5,
        59.5,
        0
      ],
      "indexes": [
        0,
        1,
        2,
        2,
        1,
        3
      ],
      "uv": [
        0,
        130,
        327,
        130,
        0,
        11,
        327,
        11
      ],
      "nuv": [
        0,
        0.08461538461538462,
        1,
        0.08461538461538462,
        0,
        1,
        1,
        1
      ],
      "minPos": {
        "x": -163.5,
        "y": -59.5,
        "z": 0
      },
      "maxPos": {
        "x": 163.5,
        "y": 59.5,
        "z": 0
      }
    },
    "texture": "aa211667-3369-429c-bdab-4fb58442fe0c@6c48a",
    "packable": true,
    "pixelsToUnit": 100,
    "pivot": {
      "x": 0.5,
      "y": 0.5
    },
    "meshType": 0
  }
}