{"__type__":"cc.Material","_name":"","_objFlags":0,"__editorExtras__":{},"_native":"","_effectAsset":{"__uuid__":"f648964e-8d32-41fc-9ac9-7a1e714dd17b","__expectedType__":"cc.EffectAsset"},"_techIdx":0,"_defines":[{"USE_NORMAL_MAP":true,"DCC_APP_NAME":2,"USE_ALBEDO_MAP":true},{},{},{}],"_states":[{"rasterizerState":{},"depthStencilState":{},"blendState":{"targets":[{}]}},{"rasterizerState":{},"depthStencilState":{},"blendState":{"targets":[{}]}},{"rasterizerState":{},"depthStencilState":{},"blendState":{"targets":[{}]}},{"rasterizerState":{},"depthStencilState":{},"blendState":{"targets":[{}]}}],"_props":[{"mainTexture":{"__uuid__":"33ca4678-add2-4b4f-a1fb-9a407009bb02@6c48a","__expectedType__":"cc.Texture2D"},"mainColor":{"__type__":"cc.Color","r":168,"g":168,"b":168,"a":255},"shininessExponent":25,"specularFactor":0.25,"transparencyFactor":0,"normalStrength":0,"normalMap":{"__uuid__":"7c8b8fb1-37b1-4039-baa6-9b09ae1f22d5@6c48a","__expectedType__":"cc.Texture2D"}},{},{},{}]}