{
  "__type__": "cc.Mesh",
  "_name": "",
  "_objFlags": 0,
  "__editorExtras__": {},
  "_native": ".bin",
  "_struct": {
    "primitives": [
      {
        "primitiveMode": 7,
        "vertexBundelIndices": [
          0
        ],
        "indexView": {
          "offset": 344688,
          "length": 65088,
          "count": 32544,
          "stride": 2
        }
      }
    ],
    "vertexBundles": [
      {
        "view": {
          "offset": 0,
          "length": 344688,
          "count": 7181,
          "stride": 48
        },
        "attributes": [
          {
            "name": "a_position",
            "format": 32,
            "isNormalized": false
          },
          {
            "name": "a_normal",
            "format": 32,
            "isNormalized": false
          },
          {
            "name": "a_texCoord",
            "format": 21,
            "isNormalized": false
          },
          {
            "name": "a_tangent",
            "format": 44,
            "isNormalized": false
          }
        ]
      }
    ],
    "minPosition": {
      "__type__": "cc.Vec3",
      "x": -0.036758918315172195,
      "y": -0.0375838428735733,
      "z": -0.037664756178855896
    },
    "maxPosition": {
      "__type__": "cc.Vec3",
      "x": 0.03675895184278488,
      "y": 0.03758516535162926,
      "z": 0.037664759904146194
    }
  },
  "_hash": 1856758516,
  "_allowDataAccess": true
}