{
  "__type__": "cc.SpriteFrame",
  "content": {
    "name": "confetti2@4x",
    "atlas": "",
    "rect": {
      "x": 0,
      "y": 0,
      "width": 216,
      "height": 222
    },
    "offset": {
      "x": 0,
      "y": 0
    },
    "originalSize": {
      "width": 216,
      "height": 222
    },
    "rotated": false,
    "capInsets": [
      0,
      0,
      0,
      0
    ],
    "vertices": {
      "rawPosition": [
        -108,
        -111,
        0,
        108,
        -111,
        0,
        -108,
        111,
        0,
        108,
        111,
        0
      ],
      "indexes": [
        0,
        1,
        2,
        2,
        1,
        3
      ],
      "uv": [
        0,
        222,
        216,
        222,
        0,
        0,
        216,
        0
      ],
      "nuv": [
        0,
        0,
        1,
        0,
        0,
        1,
        1,
        1
      ],
      "minPos": {
        "x": -108,
        "y": -111,
        "z": 0
      },
      "maxPos": {
        "x": 108,
        "y": 111,
        "z": 0
      }
    },
    "texture": "51beb290-e8e5-4983-897d-9ba2a46a774d@6c48a",
    "packable": true,
    "pixelsToUnit": 100,
    "pivot": {
      "x": 0.5,
      "y": 0.5
    },
    "meshType": 0
  }
}