[1,["01w/DxFfBFk7gcq79aAQuF@6c48a","ad6KFa3MpLPITG9kdqyHW7","01w/DxFfBFk7gcq79aAQuF@f9941"],["node","_textureSource","root","data","_spriteFrame"],["cc.SpriteFrame",["cc.Prefab",["_name"],2],["cc.Node",["_name","_components","_prefab","_lpos"],2,9,4,5],["cc.SpriteRenderer",["node","__prefab","_materials","_spriteFrame"],3,1,4,3,6],["cc.CompPrefabInfo",["fileId"],2],["cc.BoxCollider",["node","__prefab","_center","_size"],3,1,4,5,5],["cc.RigidBody",["_group","_type","node","__prefab"],1,1,4],["cc.Sorting",["_sortingOrder","node","__prefab"],2,1,4],["cc.PrefabInfo",["fileId","instance","targetOverrides","nestedPrefabInstanceRoots","root","asset"],-1,1,1]],[[4,0,2],[1,0,2],[2,0,1,2,3,2],[3,0,1,2,3,1],[5,0,1,2,3,1],[6,0,1,2,3,3],[7,0,1,2,2],[8,0,1,2,3,4,5,5]],[[[{"name":"coche-02","rect":{"x":0,"y":1,"width":117,"height":205},"offset":{"x":0,"y":-0.5},"originalSize":{"width":117,"height":206},"rotated":false,"capInsets":[0,0,0,0],"vertices":{"rawPosition":[-58.5,-102.5,0,58.5,-102.5,0,-58.5,102.5,0,58.5,102.5,0],"indexes":[0,1,2,2,1,3],"uv":[0,205,117,205,0,0,117,0],"nuv":[0,0,1,0,0,0.9951456310679612,1,0.9951456310679612],"minPos":{"x":-58.5,"y":-102.5,"z":0},"maxPos":{"x":58.5,"y":102.5,"z":0}},"packable":true,"pixelsToUnit":50,"pivot":{"x":0.5,"y":0.5},"meshType":0}],[0],0,[0],[1],[0]],[[[1,"coche05"],[2,"coche05",[[3,-2,[0,"7c74e4t9tIX5EKhB1un0Ct"],[0],1],[4,-3,[0,"22Sfh0FuRFJptInwwBH9KQ"],[1,0.1,0,0],[1,1.8,3.5,1]],[5,4,2,-4,[0,"3ckiMxJMFCKoiNKnNJMkjN"]],[6,6,-5,[0,"c3pjBVnFdPiJsLHgnFq1Wx"]]],[7,"44kO0t91tCRr3aa4p2xZSk",null,null,null,-1,0],[1,-0.153,16,0]]],0,[0,2,1,0,0,1,0,0,1,0,0,1,0,0,1,0,3,1,5],[0,0],[-1,4],[1,2]]]]
