[1,["f84VS1OxJM9KsM1+1i4Gqh@f9941","09XKSw4M5GbK6TAvVNuBfb@6c48a","0e1mzc2HNFnYHSWOyw8GV9@6c48a","09XKSw4M5GbK6TAvVNuBfb@f9941","0e1mzc2HNFnYHSWOyw8GV9@f9941","d9hgXtcRRFeq5u3q+/ehi1@f9941","95EkngnxZFbYuFpsqVTaFr@f9941","d0MqyYBeFAkIi762QNy1/B@b47c0","6fAc9/gb9Kfr1dCvwZaWSA@b47c0","d9hgXtcRRFeq5u3q+/ehi1@6c48a","f84VS1OxJM9KsM1+1i4Gqh@6c48a"],["node","_textureSource","_spriteFrame","_cameraComponent","_target","target","scene","_parent","_normalSprite","_hoverSprite","_pressedSprite","_disabledSprite","_envmapHDR","_envmapLDR"],[["cc.Node",["_name","_layer","_id","_components","_parent","_lpos","_lrot","_euler","_children"],0,9,1,5,5,5,2],"cc.SpriteFrame",["cc.Sprite",["_type","_sizeMode","node","_spriteFrame"],1,1,6],["cc.Camera",["_clearFlags","_visibility","_projection","_priority","_orthoHeight","_far","node","_color"],-3,1,5],["cc.SceneAsset",["_name"],2],["cc.Node",["_name","_parent","_components","_lpos"],2,1,2,5],["cc.UITransform",["node","_contentSize"],3,1,5],["cc.Canvas",["node","_cameraComponent"],3,1,1],["cc.Widget",["_alignFlags","node"],2,1],["cc.Button",["_transition","node","clickEvents","_normalColor","_target","_normalSprite","_hoverSprite","_pressedSprite","_disabledSprite"],2,1,9,5,1,6,6,6,6],["cc.ClickEvent",["_componentId","handler","target"],1,1],["a48baiLPJZH0ZuTOXOehLF3",["name2","node"],2,1],["cc.Scene",["_name","_children","_globals"],2,2,4],["cc.SceneGlobals",["ambient","shadows","_skybox","fog","octree","skin","lightProbeInfo","postSettings"],3,4,4,4,4,4,4,4,4],["cc.AmbientInfo",["_skyIllumLDR","_skyColorHDR","_skyColorLDR","_groundAlbedoLDR"],2,5,5,5],["cc.ShadowsInfo",["_shadowColor"],3,5],["cc.SkyboxInfo",["_enabled","_envmapHDR","_envmapLDR"],2,6,6],["cc.FogInfo",[],3],["cc.OctreeInfo",[],3],["cc.SkinInfo",[],3],["cc.LightProbeInfo",[],3],["cc.PostSettingsInfo",[],3],["cc.DirectionalLight",["node","_color","_staticSettings"],3,1,5,4],["cc.StaticLightSettings",[],3]],[[6,0,1,1],[4,0,2],[0,0,1,2,8,3,5,4],[0,0,1,4,3,5,3],[0,0,1,4,3,3],[0,0,2,4,3,6,7,3],[0,0,2,4,3,5,6,7,3],[5,0,1,2,3,2],[7,0,1,1],[8,0,1,2],[2,0,1,2,3,3],[2,2,3,1],[9,0,1,2,3,4,5,6,7,8,2],[10,0,1,2,3],[11,0,1,2],[12,0,1,2,2],[13,0,1,2,3,4,5,6,7,1],[14,0,1,2,3,2],[15,0,1],[16,0,1,2,2],[17,1],[18,1],[19,1],[20,1],[21,1],[22,0,1,2,1],[23,1],[3,0,1,6,3],[3,2,3,4,5,0,1,6,7,7]],[[[{"name":"InicioFondo","rect":{"x":0,"y":0,"width":640,"height":960},"offset":{"x":0,"y":0},"originalSize":{"width":640,"height":960},"rotated":false,"capInsets":[0,0,0,0],"vertices":{"rawPosition":[-320,-480,0,320,-480,0,-320,480,0,320,480,0],"indexes":[0,1,2,2,1,3],"uv":[0,960,640,960,0,0,640,0],"nuv":[0,0,1,0,0,1,1,1],"minPos":{"x":-320,"y":-480,"z":0},"maxPos":{"x":320,"y":480,"z":0}},"packable":true,"pixelsToUnit":100,"pivot":{"x":0.5,"y":0.5},"meshType":0}],[1],0,[0],[1],[1]],[[{"name":"BotonPlayH","rect":{"x":0,"y":0,"width":431,"height":156},"offset":{"x":0,"y":5.5},"originalSize":{"width":431,"height":167},"rotated":false,"capInsets":[0,0,0,0],"vertices":{"rawPosition":[-215.5,-78,0,215.5,-78,0,-215.5,78,0,215.5,78,0],"indexes":[0,1,2,2,1,3],"uv":[0,167,431,167,0,11,431,11],"nuv":[0,0.0658682634730539,1,0.0658682634730539,0,1,1,1],"minPos":{"x":-215.5,"y":-78,"z":0},"maxPos":{"x":215.5,"y":78,"z":0}},"packable":true,"pixelsToUnit":100,"pivot":{"x":0.5,"y":0.5},"meshType":0}],[1],0,[0],[1],[2]],[[[1,"Inicio"],[2,"Canvas",33554432,"5a2s9+WW9PNJ+GITndn3OF",[-5,-6,-7],[[0,-1,[5,639.9999999999999,960]],[8,-3,-2],[9,45,-4]],[1,319.99999999999994,480,0]],[3,"Inicio",33554432,1,[[0,-8,[5,431,167]],[10,1,2,-9,1],[12,2,-12,[[13,"a48baiLPJZH0ZuTOXOehLF3","cambio",-11]],[4,4292269782],-10,2,3,4,5],[14,"Eleccion",-13]],[1,0,-250,0]],[15,"Inicio",[-14,-15,1],[16,[17,0.8,[2,0.2,0.5,0.8,0.520833125],[2,0.452588,0.607642,0.755699,0],[2,0.618555,0.577848,0.544564,0]],[18,[4,4283190348]],[19,true,6,7],[20],[21],[22],[23],[24]]],[4,"Fondo",33554432,1,[[0,-16,[5,640,960]],[11,-17,0]]],[5,"Main Light","c0y6F5f+pAvI805TdmxIjx",3,[[25,-18,[4,4293982975],[26]]],[3,-0.06397656665577071,-0.44608233363525845,-0.8239028751062036,-0.3436591377065261],[1,-117.894,-194.909,38.562]],[6,"Main Camera","c9DMICJLFO5IeO07EPon7U",3,[[27,14,1822425087,-19]],[1,-10,10,10],[3,-0.27781593346944056,-0.36497167621709875,-0.11507512748638377,0.8811195706053617],[1,-35,-45,0]],[7,"Camera",1,[-20],[1,0,0,1000]],[28,0,1073741824,480,2000,6,41943040,7,[4,4278190080]]],0,[0,0,1,0,3,8,0,0,1,0,0,1,0,-1,7,0,-2,4,0,-3,2,0,0,2,0,0,2,0,4,2,0,5,2,0,0,2,0,0,2,0,-1,5,0,-2,6,0,0,4,0,0,4,0,0,5,0,0,6,0,-1,8,0,6,3,1,7,3,20],[0,0,0,0,0,0,0,0],[2,2,8,9,10,11,12,13],[3,0,0,4,5,6,7,8]],[[{"name":"BotonPlayP","rect":{"x":0,"y":0,"width":431,"height":167},"offset":{"x":0,"y":0},"originalSize":{"width":431,"height":167},"rotated":false,"capInsets":[0,0,0,0],"vertices":{"rawPosition":[-215.5,-83.5,0,215.5,-83.5,0,-215.5,83.5,0,215.5,83.5,0],"indexes":[0,1,2,2,1,3],"uv":[0,167,431,167,0,0,431,0],"nuv":[0,0,1,0,0,1,1,1],"minPos":{"x":-215.5,"y":-83.5,"z":0},"maxPos":{"x":215.5,"y":83.5,"z":0}},"packable":true,"pixelsToUnit":100,"pivot":{"x":0.5,"y":0.5},"meshType":0}],[1],0,[0],[1],[9]],[[{"name":"BotonPlay","rect":{"x":0,"y":0,"width":431,"height":156},"offset":{"x":0,"y":5.5},"originalSize":{"width":431,"height":167},"rotated":false,"capInsets":[0,0,0,0],"vertices":{"rawPosition":[-215.5,-78,0,215.5,-78,0,-215.5,78,0,215.5,78,0],"indexes":[0,1,2,2,1,3],"uv":[0,167,431,167,0,11,431,11],"nuv":[0,0.0658682634730539,1,0.0658682634730539,0,1,1,1],"minPos":{"x":-215.5,"y":-78,"z":0},"maxPos":{"x":215.5,"y":78,"z":0}},"packable":true,"pixelsToUnit":100,"pivot":{"x":0.5,"y":0.5},"meshType":0}],[1],0,[0],[1],[10]]]]
