{
  "__type__": "cc.SpriteFrame",
  "content": {
    "name": "Felicidades",
    "atlas": "",
    "rect": {
      "x": 0,
      "y": 0,
      "width": 361,
      "height": 54
    },
    "offset": {
      "x": 0,
      "y": 0
    },
    "originalSize": {
      "width": 361,
      "height": 54
    },
    "rotated": false,
    "capInsets": [
      0,
      0,
      0,
      0
    ],
    "vertices": {
      "rawPosition": [
        -180.5,
        -27,
        0,
        180.5,
        -27,
        0,
        -180.5,
        27,
        0,
        180.5,
        27,
        0
      ],
      "indexes": [
        0,
        1,
        2,
        2,
        1,
        3
      ],
      "uv": [
        0,
        54,
        361,
        54,
        0,
        0,
        361,
        0
      ],
      "nuv": [
        0,
        0,
        1,
        0,
        0,
        1,
        1,
        1
      ],
      "minPos": {
        "x": -180.5,
        "y": -27,
        "z": 0
      },
      "maxPos": {
        "x": 180.5,
        "y": 27,
        "z": 0
      }
    },
    "texture": "17ec04fc-dcf6-4fcc-9b54-0335db53db98@6c48a",
    "packable": true,
    "pixelsToUnit": 100,
    "pivot": {
      "x": 0.5,
      "y": 0.5
    },
    "meshType": 0
  }
}