{
  "__type__": "cc.SpriteFrame",
  "content": {
    "name": "Paleta-Brasil",
    "atlas": "",
    "rect": {
      "x": 0,
      "y": 0,
      "width": 160,
      "height": 100
    },
    "offset": {
      "x": 0,
      "y": 0
    },
    "originalSize": {
      "width": 160,
      "height": 100
    },
    "rotated": false,
    "capInsets": [
      0,
      0,
      0,
      0
    ],
    "vertices": {
      "rawPosition": [
        -80,
        -50,
        0,
        80,
        -50,
        0,
        -80,
        50,
        0,
        80,
        50,
        0
      ],
      "indexes": [
        0,
        1,
        2,
        2,
        1,
        3
      ],
      "uv": [
        0,
        100,
        160,
        100,
        0,
        0,
        160,
        0
      ],
      "nuv": [
        0,
        0,
        1,
        0,
        0,
        1,
        1,
        1
      ],
      "minPos": {
        "x": -80,
        "y": -50,
        "z": 0
      },
      "maxPos": {
        "x": 80,
        "y": 50,
        "z": 0
      }
    },
    "texture": "743b7724-931f-463e-91d2-6f89ddba1823@6c48a",
    "packable": true,
    "pixelsToUnit": 100,
    "pivot": {
      "x": 0.5,
      "y": 0.5
    },
    "meshType": 0
  }
}