{
  "__type__": "cc.SpriteFrame",
  "content": {
    "name": "Plataforma-Der",
    "atlas": "",
    "rect": {
      "x": 0,
      "y": 0,
      "width": 83,
      "height": 83
    },
    "offset": {
      "x": 0,
      "y": 0
    },
    "originalSize": {
      "width": 83,
      "height": 83
    },
    "rotated": false,
    "capInsets": [
      0,
      0,
      0,
      0
    ],
    "vertices": {
      "rawPosition": [
        -41.5,
        -41.5,
        0,
        41.5,
        -41.5,
        0,
        -41.5,
        41.5,
        0,
        41.5,
        41.5,
        0
      ],
      "indexes": [
        0,
        1,
        2,
        2,
        1,
        3
      ],
      "uv": [
        0,
        83,
        83,
        83,
        0,
        0,
        83,
        0
      ],
      "nuv": [
        0,
        0,
        1,
        0,
        0,
        1,
        1,
        1
      ],
      "minPos": {
        "x": -41.5,
        "y": -41.5,
        "z": 0
      },
      "maxPos": {
        "x": 41.5,
        "y": 41.5,
        "z": 0
      }
    },
    "texture": "f171e9f0-f56c-4150-87de-c91aa8c291c4@6c48a",
    "packable": true,
    "pixelsToUnit": 100,
    "pivot": {
      "x": 0.5,
      "y": 0.5
    },
    "meshType": 0
  }
}