[1,["0aWSbs6dxJ74zI8vZFaGkL@f9941","95EkngnxZFbYuFpsqVTaFr@f9941","2b1U8elmpPqouY+WJzeCQs@f9941","0aWSbs6dxJ74zI8vZFaGkL@6c48a","11zqRQsjhAfYE77bNsDCo2@6c48a","41UNq+AxRI0JLLXadDzepT@6c48a","41UNq+AxRI0JLLXadDzepT@f9941","11zqRQsjhAfYE77bNsDCo2@f9941","f6Igq3Z/NBBqtFDK2eLOuR@f9941","1b1X5GajBIz4nYNxdMdfJ8@f9941","e2zoJSbctNjqd3VvtGf2Gi@f9941","c74sKN0hRPuZxUzIyXIImn@f9941","d4RZamAo9C6LKg6k86Hvjg@f9941","a56wCkw/1O4LpjA7WNFw4v@f9941","a56wCkw/1O4LpjA7WNFw4v@6c48a","e2zoJSbctNjqd3VvtGf2Gi@6c48a"],["node","_spriteFrame","_textureSource","_target","target","_parent","_normalSprite","_hoverSprite","_pressedSprite","_disabledSprite","_cameraComponent","scene"],[["cc.Node",["_name","_layer","_active","_id","_components","_lpos","_parent","_children","_lscale"],-1,9,5,1,2,5],"cc.SpriteFrame",["cc.Sprite",["_sizeMode","_type","node","_spriteFrame"],1,1,6],["cc.SceneAsset",["_name"],2],["cc.Node",["_name","_parent","_components","_lpos"],2,1,2,5],["cc.UITransform",["node","_contentSize"],3,1,5],["5718dl6wT1E0b4LHTzlkYMC",["replaceby","node"],2,1],["cc.Button",["_transition","node","clickEvents","_normalColor","_target","_normalSprite","_hoverSprite","_pressedSprite","_disabledSprite"],2,1,9,5,1,6,6,6,6],["cc.ClickEvent",["_componentId","handler","target"],1,1],["a48baiLPJZH0ZuTOXOehLF3",["name2","node"],2,1],["5e11d18jTBO4YBl65WCnuIK",["node"],3,1],["cc.Canvas",["node","_cameraComponent"],3,1,1],["cc.Widget",["_alignFlags","_top","_bottom","node"],0,1],["cc.Scene",["_name","_children","_globals"],2,2,4],["cc.SceneGlobals",["ambient","shadows","_skybox","fog","octree","skin","lightProbeInfo","postSettings"],3,4,4,4,4,4,4,4,4],["cc.AmbientInfo",["_skyColorHDR","_groundAlbedoHDR"],3,5,5],["cc.ShadowsInfo",["_shadowColor","_size"],3,5,5],["cc.SkyboxInfo",[],3],["cc.FogInfo",[],3],["cc.OctreeInfo",[],3],["cc.SkinInfo",["_enabled"],2],["cc.LightProbeInfo",[],3],["cc.PostSettingsInfo",[],3],["cc.Camera",["_projection","_orthoHeight","_near","_visibility","node","_color"],-1,1,5]],[[5,0,1,1],[2,0,2,3,2],[0,0,2,1,6,4,5,4],[2,1,0,2,3,3],[7,0,1,2,3,4,5,6,7,8,2],[8,0,1,2,3],[3,0,2],[0,0,1,7,4,3],[0,0,1,6,4,5,3],[0,0,1,6,4,5,8,3],[0,0,1,3,7,4,5,4],[0,0,2,1,6,4,5,8,4],[4,0,1,2,3,2],[6,0,1,2],[9,0,1,2],[10,0,1],[11,0,1,1],[12,0,1,2,3,4],[13,0,1,2,2],[14,0,1,2,3,4,5,6,7,1],[15,0,1,1],[16,0,1,1],[17,1],[18,1],[19,1],[20,0,2],[21,1],[22,1],[23,0,1,2,3,4,5,5]],[[[{"name":"Inicio_Btn","rect":{"x":0,"y":0,"width":329,"height":122},"offset":{"x":0,"y":4.5},"originalSize":{"width":329,"height":131},"rotated":false,"capInsets":[0,0,0,0],"vertices":{"rawPosition":[-164.5,-61,0,164.5,-61,0,-164.5,61,0,164.5,61,0],"indexes":[0,1,2,2,1,3],"uv":[0,131,329,131,0,9,329,9],"nuv":[0,0.06870229007633588,1,0.06870229007633588,0,1,1,1],"minPos":{"x":-164.5,"y":-61,"z":0},"maxPos":{"x":164.5,"y":61,"z":0}},"packable":true,"pixelsToUnit":100,"pivot":{"x":0.5,"y":0.5},"meshType":0}],[1],0,[0],[2],[3]],[[{"name":"Inicio_Btn_p","rect":{"x":0,"y":0,"width":327,"height":119},"offset":{"x":0,"y":5.5},"originalSize":{"width":327,"height":130},"rotated":false,"capInsets":[0,0,0,0],"vertices":{"rawPosition":[-163.5,-59.5,0,163.5,-59.5,0,-163.5,59.5,0,163.5,59.5,0],"indexes":[0,1,2,2,1,3],"uv":[0,130,327,130,0,11,327,11],"nuv":[0,0.08461538461538462,1,0.08461538461538462,0,1,1,1],"minPos":{"x":-163.5,"y":-59.5,"z":0},"maxPos":{"x":163.5,"y":59.5,"z":0}},"packable":true,"pixelsToUnit":100,"pivot":{"x":0.5,"y":0.5},"meshType":0}],[1],0,[0],[2],[4]],[[{"name":"Inicio_Btn_h","rect":{"x":0,"y":0,"width":327,"height":139},"offset":{"x":0,"y":0},"originalSize":{"width":327,"height":139},"rotated":false,"capInsets":[0,0,0,0],"vertices":{"rawPosition":[-163.5,-69.5,0,163.5,-69.5,0,-163.5,69.5,0,163.5,69.5,0],"indexes":[0,1,2,2,1,3],"uv":[0,139,327,139,0,0,327,0],"nuv":[0,0,1,0,0,1,1,1],"minPos":{"x":-163.5,"y":-69.5,"z":0},"maxPos":{"x":163.5,"y":69.5,"z":0}},"packable":true,"pixelsToUnit":100,"pivot":{"x":0.5,"y":0.5},"meshType":0}],[1],0,[0],[2],[5]],[[[6,"inicio"],[7,"fondo",33554432,[-4,-5,-6,-7,-8],[[0,-1,[5,640,960]],[1,2,-2,13],[13,"bg2",-3]]],[8,"siguiente",33554432,1,[[0,-9,[5,329,131]],[3,1,2,-10,0],[4,2,-13,[[5,"a48baiLPJZH0ZuTOXOehLF3","cambio",-12]],[4,4292269782],-11,1,2,3,4],[14,"inst",-14]],[1,0,-170,0]],[9,"salirr",33554432,1,[[0,-15,[5,329,131]],[3,1,2,-16,8],[4,2,-19,[[5,"5e11d18jTBO4YBl65WCnuIK","sendMessageToExit",-18]],[4,4292269782],-17,9,10,11,12],[15,-20]],[1,0,-300,0],[1,0.8,0.8,1]],[10,"Canvas",33554432,"beI88Z2HpFELqR4T5EMHpg",[-25,1],[[0,-21,[5,640,960]],[16,-23,-22],[17,45,5.684341886080802e-14,5.684341886080802e-14,-24]],[1,320,480.00000000000006,0]],[11,"Logo-marca",false,33554432,1,[[0,-26,[5,920,387]],[1,2,-27,5]],[1,0,-150,0],[1,0.3,0.2,1]],[2,"Logo",false,33554432,1,[[0,-28,[5,641,162]],[1,0,-29,6]],[1,0,400,0]],[2,"inst",false,33554432,1,[[0,-30,[5,396,175]],[1,2,-31,7]],[1,0,80,0]],[18,"inicio",[4],[19,[20,[2,0,0,0,0.520833125],[2,0,0,0,0]],[21,[4,4283190348],[0,512,512]],[22],[23],[24],[25,false],[26],[27]]],[12,"Camera",4,[-32],[1,0,0,1000]],[28,0,480,0,1108344832,9,[4,4278190080]]],0,[0,0,1,0,0,1,0,0,1,0,-1,2,0,-2,5,0,-3,6,0,-4,7,0,-5,3,0,0,2,0,0,2,0,3,2,0,4,2,0,0,2,0,0,2,0,0,3,0,0,3,0,3,3,0,4,3,0,0,3,0,0,3,0,0,4,0,10,10,0,0,4,0,0,4,0,-1,9,0,0,5,0,0,5,0,0,6,0,0,6,0,0,7,0,0,7,0,-1,10,0,11,8,1,5,4,4,5,8,32],[0,0,0,0,0,0,0,0,0,0,0,0,0,0],[1,6,7,8,9,1,1,1,1,6,7,8,9,1],[0,0,6,7,1,8,9,10,2,2,11,12,1,13]],[[{"name":"Can_03_portada","rect":{"x":0,"y":0,"width":640,"height":960},"offset":{"x":0,"y":0},"originalSize":{"width":640,"height":960},"rotated":false,"capInsets":[0,0,0,0],"vertices":{"rawPosition":[-320,-480,0,320,-480,0,-320,480,0,320,480,0],"indexes":[0,1,2,2,1,3],"uv":[0,960,640,960,0,0,640,0],"nuv":[0,0,1,0,0,1,1,1],"minPos":{"x":-320,"y":-480,"z":0},"maxPos":{"x":320,"y":480,"z":0}},"packable":true,"pixelsToUnit":100,"pivot":{"x":0.5,"y":0.5},"meshType":0}],[1],0,[0],[2],[14]],[[{"name":"instruccion_texto","rect":{"x":0,"y":0,"width":396,"height":175},"offset":{"x":0,"y":0},"originalSize":{"width":396,"height":175},"rotated":false,"capInsets":[0,0,0,0],"vertices":{"rawPosition":[-198,-87.5,0,198,-87.5,0,-198,87.5,0,198,87.5,0],"indexes":[0,1,2,2,1,3],"uv":[0,175,396,175,0,0,396,0],"nuv":[0,0,1,0,0,1,1,1],"minPos":{"x":-198,"y":-87.5,"z":0},"maxPos":{"x":198,"y":87.5,"z":0}},"packable":true,"pixelsToUnit":100,"pivot":{"x":0.5,"y":0.5},"meshType":0}],[1],0,[0],[2],[15]]]]
