[1,["59ML6s8tZP0rmZwDWCfCKi@f9941","51jDCKC/pPZZhKg8TqFwLW@f9941","25xWdrMCJLgodzbhavV1e1@f9941","16aBMBgsFGpLbtfB5F3oBg@f9941","9fSMSKrNFGHJ+6wVNLV0jN@f9941","bc51EDZApD1b/aUSivJBJ1@f9941","09htoyY81PUK7D8JO7l4nv@f9941","c08nf2oQVKLam7kyQViwDv@f9941","46fCiPcDxL0bHr3T2AbrZA@f9941","d5DxcHs8xPaZkggyfRqzsQ@f9941","a7Y71FEfVGmLTzECoL0+DS@f9941","54LUF6A39DVLk6hm/MShUk@f9941","17jcVSsZtDfrrFLxP9XI5j@f9941","b6GfaH8mlERog9rA7YYDzh@f9941","32KnQqbTtFjrR0AkxPIHA7@f9941","38nA1A3ElCMppE8YOo4Eve@f9941","dbyX/+mGlCRaNWcWidhjec@f9941","a65sTI3iVLNohOMNLXrySt@f9941","c37GsNyRdEW50cUzbY9i8s@f9941","2fzd71dOdP5L+CRo/iPVGv@f9941","00dZmgWnhI+rZRVqYaeNJH@6c48a","02IQeZhHJB+IONc9X4vau8@6c48a","09htoyY81PUK7D8JO7l4nv@6c48a","16aBMBgsFGpLbtfB5F3oBg@6c48a","17jcVSsZtDfrrFLxP9XI5j@6c48a","1bbMaIRz9HzqPcnDrYfqZ4@6c48a","20qghUUk1FUaX4E+0B/p+V@6c48a","23mr6kPZRDR7FUQQisoDYC@6c48a","25xWdrMCJLgodzbhavV1e1@6c48a","4eO8OJZ01Dp792sqGYJkst@f9941","02IQeZhHJB+IONc9X4vau8@f9941","97rJFyZBNH/IHlhzmjEoHo@f9941","efdGetzlBFkpvsOR3h0Vxi@f9941","00dZmgWnhI+rZRVqYaeNJH@f9941","aa57jtnLZP/J+r/avnIjFH@f9941","83gsxKAWdHFp3dD8da8UJo@f9941","3cXXfVIdBGtrN21nzM1W1v@f9941","20qghUUk1FUaX4E+0B/p+V@f9941","8cdjeZLoxDOrvfjRaE2JZM@f9941","55Py2k0yNIhoKEvGofvMkP@f9941","23mr6kPZRDR7FUQQisoDYC@f9941","1bbMaIRz9HzqPcnDrYfqZ4@f9941","4cBE83+jNJ46KAETOuNBNz@f9941","eek8SwYo9Lw6qBbtqAcCB3@f9941","e6lq1Cr0BP3oOi82/U03Eh@f9941","efhYDRak1P0qNkoSyV+Dto@f9941","7dOw5zfsFPLYdhbirDOmNw@f9941","68L2ZJlhhPyIZ8MA6mzsIF@f9941","da4NwbbvRLyLltdSz07Msq@f9941","b4oc4e/wZB1o7j7Igx+/Zg@f9941","9fsq+GGPBH3ZU3Mj0yP2+6@f9941","95EkngnxZFbYuFpsqVTaFr@f9941","d0MqyYBeFAkIi762QNy1/B@b47c0","6fAc9/gb9Kfr1dCvwZaWSA@b47c0","32KnQqbTtFjrR0AkxPIHA7@6c48a","38nA1A3ElCMppE8YOo4Eve@6c48a","3cXXfVIdBGtrN21nzM1W1v@6c48a","46fCiPcDxL0bHr3T2AbrZA@6c48a","4cBE83+jNJ46KAETOuNBNz@6c48a","4eO8OJZ01Dp792sqGYJkst@6c48a","51jDCKC/pPZZhKg8TqFwLW@6c48a","54LUF6A39DVLk6hm/MShUk@6c48a","55Py2k0yNIhoKEvGofvMkP@6c48a","59ML6s8tZP0rmZwDWCfCKi@6c48a","68L2ZJlhhPyIZ8MA6mzsIF@6c48a","7dOw5zfsFPLYdhbirDOmNw@6c48a","83gsxKAWdHFp3dD8da8UJo@6c48a","8cdjeZLoxDOrvfjRaE2JZM@6c48a","9fSMSKrNFGHJ+6wVNLV0jN@6c48a","a65sTI3iVLNohOMNLXrySt@6c48a","a7Y71FEfVGmLTzECoL0+DS@6c48a","aa57jtnLZP/J+r/avnIjFH@6c48a","b6GfaH8mlERog9rA7YYDzh@6c48a","bc51EDZApD1b/aUSivJBJ1@6c48a","c08nf2oQVKLam7kyQViwDv@6c48a","c37GsNyRdEW50cUzbY9i8s@6c48a","d5DxcHs8xPaZkggyfRqzsQ@6c48a","da4NwbbvRLyLltdSz07Msq@6c48a","dbyX/+mGlCRaNWcWidhjec@6c48a","e6lq1Cr0BP3oOi82/U03Eh@6c48a","eek8SwYo9Lw6qBbtqAcCB3@6c48a","efhYDRak1P0qNkoSyV+Dto@6c48a"],["node","_spriteFrame","_textureSource","_normalSprite","_disabledSprite","target","botonCompra","costoString","colorFinal","colorModelo","normalFrame","_parent","_pressedSprite","_hoverSprite","cerrar","miCosto","azul","modelo","_cameraComponent","scene","_envmapHDR","_envmapLDR"],["cc.SpriteFrame",["cc.Node",["_name","_layer","_active","_id","_components","_children","_lpos","_parent","_lrot","_euler"],-1,9,2,5,1,5,5],["cc.Button",["_transition","node","clickEvents","_normalSprite","_disabledSprite","_pressedSprite","_hoverSprite","_normalColor"],2,1,9,6,6,6,6,5],["29a22F6uQJAO6PnG+LaqleK",["costo","colors","nombre","tarjeta","miColorID","miModeloID","node","subMenu","costoString","subSprite","coche","botonCompra","cerrar","botones","colorTexto","colorTextoNormal","colorFinal","colorModelo","normalFrame"],-3,1,1,1,1,1,1,1,1,8,8,6,6,6],["cc.Node",["_name","_layer","_active","_parent","_components","_lpos","_children"],0,1,12,5,2],["cc.UITransform",["node","_contentSize"],3,1,5],["cc.Sprite",["_sizeMode","node","_spriteFrame"],2,1,6],["cc.Camera",["_clearFlags","_visibility","_projection","_priority","_orthoHeight","_far","node","_color"],-3,1,5],["cc.SceneAsset",["_name"],2],["cc.Node",["_name","_parent","_components","_lpos"],2,1,2,5],["cc.Canvas",["node","_cameraComponent"],3,1,1],["cc.Widget",["_alignFlags","node"],2,1],["80964YxKfNIHKoAQFwxEojV",["node","botones","items"],3,1,2,2],["cc.ClickEvent",["_componentId","handler","target"],1,1],["fd994cOVCBJdaHb38A6XFb2",["costo","nombre","modeloID","node","miCosto","colores","azul","modelo"],0,1,1,1,6,6],["a48baiLPJZH0ZuTOXOehLF3",["name2","node"],2,1],["3a6cfXXMO1EBrd9PUWcBxVK",["node"],3,1],["39c9ed0olJFe7gzE1V0Rj4F",["node","amarillo","azul","verde","rojo","naranja","modelos"],3,1,3,3,3,3,3,2],["cc.Scene",["_name","_children","_globals"],2,2,4],["cc.SceneGlobals",["ambient","shadows","_skybox","fog","octree","skin","lightProbeInfo","postSettings"],3,4,4,4,4,4,4,4,4],["cc.AmbientInfo",["_skyIllumLDR","_skyColorHDR","_skyColorLDR","_groundAlbedoLDR"],2,5,5,5],["cc.ShadowsInfo",["_shadowColor"],3,5],["cc.SkyboxInfo",["_enabled","_envmapHDR","_envmapLDR"],2,6,6],["cc.FogInfo",[],3],["cc.OctreeInfo",[],3],["cc.SkinInfo",[],3],["cc.LightProbeInfo",[],3],["cc.PostSettingsInfo",[],3],["cc.DirectionalLight",["node","_color","_staticSettings"],3,1,5,4],["cc.StaticLightSettings",[],3],["cc.Label",["_string","_actualFontSize","_fontSize","_lineHeight","_isBold","node"],-2,1]],[[5,0,1,1],[6,1,2,1],[1,0,1,7,4,6,3],[4,0,1,3,4,5,3],[13,0,1,2,3],[30,0,1,2,3,4,5,6],[4,0,2,1,3,6,4,5,4],[2,0,1,2,3,4,2],[2,1,1],[3,0,4,5,1,2,3,6,7,8,9,10,11,12,13,14,15,16,17,18,7],[5,0,1],[2,0,1,2],[3,0,4,1,2,3,6,7,8,9,10,11,12,13,14,15,16,17,18,6],[1,0,2,1,5,4,6,4],[1,0,1,4,6,3],[1,0,2,1,7,5,4,4],[2,1],[1,0,1,5,4,3],[1,0,1,7,5,4,3],[1,0,1,7,5,4,6,3],[2,0,1,2,3,6,5,4,2],[2,0,1,2,3,5,4,2],[2,1,2,1],[14,0,1,2,3,4,5,6,7,4],[8,0,2],[1,0,1,3,5,4,6,4],[1,0,2,1,5,4,4],[1,0,7,4,6,2],[1,0,3,7,4,8,9,3],[1,0,3,7,4,6,8,9,3],[9,0,1,2,3,2],[6,0,1,2,2],[10,0,1,1],[11,0,1,2],[12,0,1,2,1],[2,0,1,2,7,3,6,5,4,2],[3,0,5,1,2,3,6,7,8,9,10,11,12,13,14,15,16,17,18,6],[15,0,1,2],[16,0,1],[17,0,1,2,3,4,5,6,1],[18,0,1,2,2],[19,0,1,2,3,4,5,6,7,1],[20,0,1,2,3,2],[21,0,1],[22,0,1,2,2],[23,1],[24,1],[25,1],[26,1],[27,1],[28,0,1,2,1],[29,1],[7,0,1,6,3],[7,2,3,4,5,0,1,6,7,7]],[[[{"name":"coche02_bloqueado","rect":{"x":0,"y":0,"width":258,"height":181},"offset":{"x":0,"y":0},"originalSize":{"width":258,"height":181},"rotated":false,"capInsets":[0,0,0,0],"vertices":{"rawPosition":[-129,-90.5,0,129,-90.5,0,-129,90.5,0,129,90.5,0],"indexes":[0,1,2,2,1,3],"uv":[0,181,258,181,0,0,258,0],"nuv":[0,0,1,0,0,1,1,1],"minPos":{"x":-129,"y":-90.5,"z":0},"maxPos":{"x":129,"y":90.5,"z":0}},"packable":true,"pixelsToUnit":100,"pivot":{"x":0.5,"y":0.5},"meshType":0}],[0],0,[0],[2],[20]],[[{"name":"Seleccion_Fondo","rect":{"x":0,"y":0,"width":640,"height":960},"offset":{"x":0,"y":0},"originalSize":{"width":640,"height":960},"rotated":false,"capInsets":[0,0,0,0],"vertices":{"rawPosition":[-320,-480,0,320,-480,0,-320,480,0,320,480,0],"indexes":[0,1,2,2,1,3],"uv":[0,960,640,960,0,0,640,0],"nuv":[0,0,1,0,0,1,1,1],"minPos":{"x":-320,"y":-480,"z":0},"maxPos":{"x":320,"y":480,"z":0}},"packable":true,"pixelsToUnit":100,"pivot":{"x":0.5,"y":0.5},"meshType":0}],[0],0,[0],[2],[21]],[[{"name":"amarilloPress","rect":{"x":0,"y":0,"width":26,"height":26},"offset":{"x":0,"y":0},"originalSize":{"width":26,"height":26},"rotated":false,"capInsets":[0,0,0,0],"vertices":{"rawPosition":[-13,-13,0,13,-13,0,-13,13,0,13,13,0],"indexes":[0,1,2,2,1,3],"uv":[0,26,26,26,0,0,26,0],"nuv":[0,0,1,0,0,1,1,1],"minPos":{"x":-13,"y":-13,"z":0},"maxPos":{"x":13,"y":13,"z":0}},"packable":true,"pixelsToUnit":100,"pivot":{"x":0.5,"y":0.5},"meshType":0}],[0],0,[0],[2],[22]],[[{"name":"azul","rect":{"x":0,"y":0,"width":26,"height":26},"offset":{"x":0,"y":0},"originalSize":{"width":26,"height":26},"rotated":false,"capInsets":[0,0,0,0],"vertices":{"rawPosition":[-13,-13,0,13,-13,0,-13,13,0,13,13,0],"indexes":[0,1,2,2,1,3],"uv":[0,26,26,26,0,0,26,0],"nuv":[0,0,1,0,0,1,1,1],"minPos":{"x":-13,"y":-13,"z":0},"maxPos":{"x":13,"y":13,"z":0}},"packable":true,"pixelsToUnit":100,"pivot":{"x":0.5,"y":0.5},"meshType":0}],[0],0,[0],[2],[23]],[[{"name":"naranjaPress","rect":{"x":0,"y":0,"width":26,"height":26},"offset":{"x":0,"y":0},"originalSize":{"width":26,"height":26},"rotated":false,"capInsets":[0,0,0,0],"vertices":{"rawPosition":[-13,-13,0,13,-13,0,-13,13,0,13,13,0],"indexes":[0,1,2,2,1,3],"uv":[0,26,26,26,0,0,26,0],"nuv":[0,0,1,0,0,1,1,1],"minPos":{"x":-13,"y":-13,"z":0},"maxPos":{"x":13,"y":13,"z":0}},"packable":true,"pixelsToUnit":100,"pivot":{"x":0.5,"y":0.5},"meshType":0}],[0],0,[0],[2],[24]],[[{"name":"combi02","rect":{"x":0,"y":0,"width":230,"height":184},"offset":{"x":0,"y":0},"originalSize":{"width":230,"height":184},"rotated":false,"capInsets":[0,0,0,0],"vertices":{"rawPosition":[-115,-92,0,115,-92,0,-115,92,0,115,92,0],"indexes":[0,1,2,2,1,3],"uv":[0,184,230,184,0,0,230,0],"nuv":[0,0,1,0,0,1,1,1],"minPos":{"x":-115,"y":-92,"z":0},"maxPos":{"x":115,"y":92,"z":0}},"packable":true,"pixelsToUnit":100,"pivot":{"x":0.5,"y":0.5},"meshType":0}],[0],0,[0],[2],[25]],[[{"name":"camioneta04","rect":{"x":0,"y":0,"width":230,"height":152},"offset":{"x":0,"y":0},"originalSize":{"width":230,"height":152},"rotated":false,"capInsets":[0,0,0,0],"vertices":{"rawPosition":[-115,-76,0,115,-76,0,-115,76,0,115,76,0],"indexes":[0,1,2,2,1,3],"uv":[0,152,230,152,0,0,230,0],"nuv":[0,0,1,0,0,1,1,1],"minPos":{"x":-115,"y":-76,"z":0},"maxPos":{"x":115,"y":76,"z":0}},"packable":true,"pixelsToUnit":100,"pivot":{"x":0.5,"y":0.5},"meshType":0}],[0],0,[0],[2],[26]],[[{"name":"combi_bloqueado","rect":{"x":0,"y":0,"width":230,"height":184},"offset":{"x":0,"y":0},"originalSize":{"width":230,"height":184},"rotated":false,"capInsets":[0,0,0,0],"vertices":{"rawPosition":[-115,-92,0,115,-92,0,-115,92,0,115,92,0],"indexes":[0,1,2,2,1,3],"uv":[0,184,230,184,0,0,230,0],"nuv":[0,0,1,0,0,1,1,1],"minPos":{"x":-115,"y":-92,"z":0},"maxPos":{"x":115,"y":92,"z":0}},"packable":true,"pixelsToUnit":100,"pivot":{"x":0.5,"y":0.5},"meshType":0}],[0],0,[0],[2],[27]],[[{"name":"CompraTarjeta_Press","rect":{"x":0,"y":0,"width":194,"height":62},"offset":{"x":0,"y":0.5},"originalSize":{"width":194,"height":63},"rotated":false,"capInsets":[0,0,0,0],"vertices":{"rawPosition":[-97,-31,0,97,-31,0,-97,31,0,97,31,0],"indexes":[0,1,2,2,1,3],"uv":[0,63,194,63,0,1,194,1],"nuv":[0,0.015873015873015872,1,0.015873015873015872,0,1,1,1],"minPos":{"x":-97,"y":-31,"z":0},"maxPos":{"x":97,"y":31,"z":0}},"packable":true,"pixelsToUnit":100,"pivot":{"x":0.5,"y":0.5},"meshType":0}],[0],0,[0],[2],[28]],[[[24,"Eleccion"],[17,"Botones",33554432,[-2,-3],[[10,-1]]],[13,"Comprar01",false,33554432,[-6,-7,-8,-9,-10,-11,-12],[[0,-4,[5,380,439]],[1,-5,21]],[1,0,70.19200000000001,0]],[13,"Comprar02",false,33554432,[-15,-16,-17,-18,-19,-20,-21],[[0,-13,[5,380,439]],[1,-14,38]],[1,0,70.19200000000001,0]],[13,"Comprar03",false,33554432,[-24,-25,-26,-27,-28,-29,-30],[[0,-22,[5,380,439]],[1,-23,85]],[1,0,70.19200000000001,0]],[25,"Canvas",33554432,"05wTF50JFIKpgtGHO2WI7E",[-35,-36,-37,-38,-39,-40,-41,2,3,4],[[0,-31,[5,640,959.9999999999999]],[32,-33,-32],[33,45,-34]],[1,320,479.99999999999994,0]],[26,"Colores",false,33554432,[-43,-44,-45,-46,-47],[[10,-42]]],[2,"Modelo",33554432,2,[[0,-48,[5,226,174]],[1,-49,19]],[1,0,47.808000000000106,0]],[14,"Coche",33554432,[[0,-50,[5,200,140]],[1,-51,24]],[1,0,118,0]],[2,"Modelo",33554432,3,[[0,-52,[5,258,181]],[1,-53,36]],[1,0,47.808000000000106,0]],[14,"Coche",33554432,[[0,-54,[5,230,152]],[1,-55,41]],[1,0,118,0]],[2,"Modelo",33554432,4,[[0,-56,[5,264,208]],[1,-57,83]],[1,0,47.808000000000106,0]],[14,"Coche",33554432,[[0,-58,[5,230,184]],[1,-59,88]],[1,0,118,0]],[17,"Colores",33554432,[-61,-62,-63,-64,-65],[[10,-60]]],[18,"Fondo",33554432,5,[1],[[0,-66,[5,640,960]],[31,2,-67,25],[34,-73,[-71,-72],[-68,-69,-70]]]],[15,"Modelo02",false,33554432,5,[6,10,-75],[[10,-74]]],[19,"BotonCompraModelo",33554432,15,[-82],[[0,-76,[5,186,54]],[1,-77,67],[20,2,-79,[[4,"fd994cOVCBJdaHb38A6XFb2","Compra",-78]],68,69,70,71],[23,100,"mod02_a",1,-81,-80,6,72,73]],[1,0,-40.462999999999965,0]],[15,"Modelo03",false,33554432,5,[-84,12,-85],[[10,-83]]],[15,"Colores",false,33554432,17,[-87,-88,-89,-90,-91],[[10,-86]]],[19,"BotonCompraModelo-001",33554432,17,[-98],[[0,-92,[5,186,54]],[1,-93,114],[20,2,-95,[[4,"fd994cOVCBJdaHb38A6XFb2","Compra",-94]],115,116,117,118],[23,200,"mod03_a",2,-97,-96,6,119,120]],[1,0,-40.462999999999965,0]],[18,"Modelo01",33554432,5,[13,8],[[10,-99]]],[2,"azul",33554432,13,[[0,-100,[5,26,26]],[1,-101,10],[21,2,-103,[[4,"29a22F6uQJAO6PnG+LaqleK","Seleccion",-102]],11,12,13],[9,5,0,0,"azul","mod01_a",true,-107,2,-106,7,8,-105,-104,1,[4,4279809931],[4,4294967295],22,23,121]],[1,-112,-40,0]],[16],[2,"azul",33554432,6,[[0,-108,[5,26,26]],[1,-109,28],[7,2,-111,[[4,"29a22F6uQJAO6PnG+LaqleK","Seleccion",-110]],29,30],[9,10,0,1,"azul","mod02_a",true,-115,3,-114,9,10,-113,-112,1,[4,4279809931],[4,4294967295],39,40,42]],[1,-112,-40,0]],[16],[2,"amarillo",33554432,6,[[0,-116,[5,26,26]],[1,-117,43],[7,2,-119,[[4,"29a22F6uQJAO6PnG+LaqleK","Seleccion",-118]],44,45],[9,15,1,1,"amarillo","mod02_am",true,-122,3,-121,9,10,-120,24,1,[4,4279809931],[4,4294967295],46,47,48]],[1,-56,-40,0]],[2,"verde",33554432,6,[[0,-123,[5,26,26]],[1,-124,49],[7,2,-126,[[4,"29a22F6uQJAO6PnG+LaqleK","Seleccion",-125]],50,51],[9,20,2,1,"verde","mod02_v",true,-129,3,-128,9,10,-127,24,1,[4,4279809931],[4,4294967295],52,53,54]],[1,0,-40,0]],[2,"rojo",33554432,6,[[0,-130,[5,26,26]],[1,-131,55],[7,2,-133,[[4,"29a22F6uQJAO6PnG+LaqleK","Seleccion",-132]],56,57],[9,25,3,1,"rojo","mod02_r",true,-136,3,-135,9,10,-134,24,1,[4,4279809931],[4,4294967295],58,59,60]],[1,56,-40,0]],[2,"naranja",33554432,6,[[0,-137,[5,26,26]],[1,-138,61],[7,2,-140,[[4,"29a22F6uQJAO6PnG+LaqleK","Seleccion",-139]],62,63],[9,30,4,1,"naranja","mod02_n",true,-143,3,-142,9,10,-141,24,1,[4,4279809931],[4,4294967295],64,65,66]],[1,112,-40,0]],[2,"azul",33554432,18,[[0,-144,[5,26,26]],[1,-145,74],[21,2,-147,[[4,"29a22F6uQJAO6PnG+LaqleK","Seleccion",-146]],75,76,77],[36,15,2,"azul","mod03_a",true,-151,4,-150,11,12,-149,-148,1,[4,4279809931],[4,4294967295],86,87,89]],[1,-112,-40,0]],[16],[2,"amarillo",33554432,18,[[0,-152,[5,26,26]],[1,-153,90],[7,2,-155,[[4,"29a22F6uQJAO6PnG+LaqleK","Seleccion",-154]],91,92],[9,20,1,2,"amarillo","mod03_am",true,-158,4,-157,11,12,-156,30,1,[4,4279809931],[4,4294967295],93,94,95]],[1,-56,-40,0]],[2,"verde",33554432,18,[[0,-159,[5,26,26]],[1,-160,96],[7,2,-162,[[4,"29a22F6uQJAO6PnG+LaqleK","Seleccion",-161]],97,98],[9,25,2,2,"verde","mod03_v",true,-165,4,-164,11,12,-163,30,1,[4,4279809931],[4,4294967295],99,100,101]],[1,0,-40,0]],[2,"rojo",33554432,18,[[0,-166,[5,26,26]],[1,-167,102],[7,2,-169,[[4,"29a22F6uQJAO6PnG+LaqleK","Seleccion",-168]],103,104],[9,30,3,2,"rojo","mod03_r",true,-172,4,-171,11,12,-170,30,1,[4,4279809931],[4,4294967295],105,106,107]],[1,56,-40,0]],[2,"naranja",33554432,18,[[0,-173,[5,26,26]],[1,-174,108],[7,2,-176,[[4,"29a22F6uQJAO6PnG+LaqleK","Seleccion",-175]],109,110],[9,35,4,2,"naranja","mod03_n",true,-179,4,-178,11,12,-177,30,1,[4,4279809931],[4,4294967295],111,112,113]],[1,112,-40,0]],[2,"amarillo",33554432,13,[[0,-180,[5,26,26]],[1,-181,122],[7,2,-183,[[4,"29a22F6uQJAO6PnG+LaqleK","Seleccion",-182]],123,124],[12,10,1,"amarillo","mod01_am",true,-186,2,-185,7,8,-184,22,1,[4,4279809931],[4,4294967295],125,126,127]],[1,-56,-40,0]],[2,"verde",33554432,13,[[0,-187,[5,26,26]],[1,-188,128],[7,2,-190,[[4,"29a22F6uQJAO6PnG+LaqleK","Seleccion",-189]],129,130],[12,15,2,"verde","mod01_v",true,-193,2,-192,7,8,-191,22,1,[4,4279809931],[4,4294967295],131,132,133]],[1,0,-40,0]],[2,"rojo",33554432,13,[[0,-194,[5,26,26]],[1,-195,134],[7,2,-197,[[4,"29a22F6uQJAO6PnG+LaqleK","Seleccion",-196]],135,136],[12,20,3,"rojo","mod01_r",true,-200,2,-199,7,8,-198,22,1,[4,4279809931],[4,4294967295],137,138,139]],[1,56,-40,0]],[2,"naranja",33554432,13,[[0,-201,[5,26,26]],[1,-202,140],[7,2,-204,[[4,"29a22F6uQJAO6PnG+LaqleK","Seleccion",-203]],141,142],[12,25,4,"naranja","mod01_n",true,-207,2,-206,7,8,-205,22,1,[4,4279809931],[4,4294967295],143,144,145]],[1,112,-40,0]],[27,"ManagerGeneral",5,[[37,"Juego",-208],[38,-209],[39,-210,[0,1],[2,3],[4,5],[6,7],[8,9],[20,15,17]]],[1,-320,-479.99999999999994,0]],[6,"BotonCompra",false,33554432,2,[-214],[[[0,-211,[5,186,54]],[1,-212,14],-213],4,4,1],[1,0,-110.655,0]],[6,"BotonCompra-001",false,33554432,2,[-218],[[[0,-215,[5,186,54]],[1,-216,15],-217],4,4,1],[1,0,-110.655,0]],[6,"BotonCompra-002",false,33554432,2,[-222],[[[0,-219,[5,186,54]],[1,-220,16],-221],4,4,1],[1,0,-110.655,0]],[6,"BotonCompra-003",false,33554432,2,[-226],[[[0,-223,[5,186,54]],[1,-224,17],-225],4,4,1],[1,0,-110.655,0]],[6,"BotonCompra-004",false,33554432,2,[-230],[[[0,-227,[5,186,54]],[1,-228,18],-229],4,4,1],[1,0,-110.655,0]],[2,"btnder",33554432,1,[[0,-231,[5,36,50]],[1,-232,26],[22,-233,[[4,"80964YxKfNIHKoAQFwxEojV","next",14]]]],[1,221.00000000000006,70,0]],[2,"btnizq",33554432,1,[[0,-234,[5,36,50]],[1,-235,27],[22,-236,[[4,"80964YxKfNIHKoAQFwxEojV","back",14]]]],[1,-221,70,0]],[6,"BotonCompra",false,33554432,3,[-240],[[[0,-237,[5,186,54]],[1,-238,31],-239],4,4,1],[1,0,-110.655,0]],[6,"BotonCompra-001",false,33554432,3,[-244],[[[0,-241,[5,186,54]],[1,-242,32],-243],4,4,1],[1,0,-110.655,0]],[6,"BotonCompra-002",false,33554432,3,[-248],[[[0,-245,[5,186,54]],[1,-246,33],-247],4,4,1],[1,0,-110.655,0]],[6,"BotonCompra-003",false,33554432,3,[-252],[[[0,-249,[5,186,54]],[1,-250,34],-251],4,4,1],[1,0,-110.655,0]],[6,"BotonCompra-004",false,33554432,3,[-256],[[[0,-253,[5,186,54]],[1,-254,35],-255],4,4,1],[1,0,-110.655,0]],[6,"BotonCompra",false,33554432,4,[-260],[[[0,-257,[5,186,54]],[1,-258,78],-259],4,4,1],[1,0,-110.655,0]],[6,"BotonCompra-001",false,33554432,4,[-264],[[[0,-261,[5,186,54]],[1,-262,79],-263],4,4,1],[1,0,-110.655,0]],[6,"BotonCompra-002",false,33554432,4,[-268],[[[0,-265,[5,186,54]],[1,-266,80],-267],4,4,1],[1,0,-110.655,0]],[6,"BotonCompra-003",false,33554432,4,[-272],[[[0,-269,[5,186,54]],[1,-270,81],-271],4,4,1],[1,0,-110.655,0]],[6,"BotonCompra-004",false,33554432,4,[-276],[[[0,-273,[5,186,54]],[1,-274,82],-275],4,4,1],[1,0,-110.655,0]],[40,"Eleccion",[-277,-278,5],[41,[42,0.8,[2,0.2,0.5,0.8,0.520833125],[2,0.452588,0.607642,0.755699,0],[2,0.618555,0.577848,0.544564,0]],[43,[4,4283190348]],[44,true,151,152],[45],[46],[47],[48],[49]]],[3,"Cerrar",33554432,2,[[[0,-279,[5,72,75]],22,[1,-280,20]],4,1,4],[1,175,190,0]],[3,"Cerrar",33554432,3,[[[0,-281,[5,72,75]],24,[1,-282,37]],4,1,4],[1,175,190,0]],[3,"Cerrar",33554432,4,[[[0,-283,[5,72,75]],30,[1,-284,84]],4,1,4],[1,175,190,0]],[2,"Siguiente",33554432,5,[[0,-285,[5,431,167]],[35,2,-286,[[4,"a48baiLPJZH0ZuTOXOehLF3","cambio",39]],[4,4292269782],146,147,148,149],[1,-287,150]],[1,0,-250,0]],[3,"Texto",33554432,40,[[[0,-288,[5,75.08056640625,56.7]],-289],4,1],[1,21.360000000000014,1.2069999999999936,0]],[3,"Texto",33554432,41,[[[0,-290,[5,75.08056640625,56.7]],-291],4,1],[1,21.360000000000014,1.2069999999999936,0]],[3,"Texto",33554432,42,[[[0,-292,[5,75.08056640625,56.7]],-293],4,1],[1,21.360000000000014,1.2069999999999936,0]],[3,"Texto",33554432,43,[[[0,-294,[5,75.08056640625,56.7]],-295],4,1],[1,21.360000000000014,1.2069999999999936,0]],[3,"Texto",33554432,44,[[[0,-296,[5,75.08056640625,56.7]],-297],4,1],[1,21.360000000000014,1.2069999999999936,0]],[3,"Texto",33554432,47,[[[0,-298,[5,75.08056640625,56.7]],-299],4,1],[1,21.360000000000014,1.2069999999999936,0]],[3,"Texto",33554432,48,[[[0,-300,[5,75.08056640625,56.7]],-301],4,1],[1,21.360000000000014,1.2069999999999936,0]],[3,"Texto",33554432,49,[[[0,-302,[5,75.08056640625,56.7]],-303],4,1],[1,21.360000000000014,1.2069999999999936,0]],[3,"Texto",33554432,50,[[[0,-304,[5,75.08056640625,56.7]],-305],4,1],[1,21.360000000000014,1.2069999999999936,0]],[3,"Texto",33554432,51,[[[0,-306,[5,75.08056640625,56.7]],-307],4,1],[1,21.360000000000014,1.2069999999999936,0]],[3,"Texto",33554432,16,[[[0,-308,[5,75.08056640625,56.7]],-309],4,1],[1,21.360000000000014,1.2069999999999936,0]],[3,"Texto",33554432,52,[[[0,-310,[5,75.08056640625,56.7]],-311],4,1],[1,21.360000000000014,1.2069999999999936,0]],[3,"Texto",33554432,53,[[[0,-312,[5,75.08056640625,56.7]],-313],4,1],[1,21.360000000000014,1.2069999999999936,0]],[3,"Texto",33554432,54,[[[0,-314,[5,75.08056640625,56.7]],-315],4,1],[1,21.360000000000014,1.2069999999999936,0]],[3,"Texto",33554432,55,[[[0,-316,[5,75.08056640625,56.7]],-317],4,1],[1,21.360000000000014,1.2069999999999936,0]],[3,"Texto",33554432,56,[[[0,-318,[5,75.08056640625,56.7]],-319],4,1],[1,21.360000000000014,1.2069999999999936,0]],[3,"Texto",33554432,19,[[[0,-320,[5,75.08056640625,56.7]],-321],4,1],[1,21.360000000000014,1.2069999999999936,0]],[28,"Main Light","c0y6F5f+pAvI805TdmxIjx",57,[[50,-322,[4,4293982975],[51]]],[3,-0.06397656665577071,-0.44608233363525845,-0.8239028751062036,-0.3436591377065261],[1,-117.894,-194.909,38.562]],[29,"Main Camera","c9DMICJLFO5IeO07EPon7U",57,[[52,14,1822425087,-323]],[1,-10,10,10],[3,-0.27781593346944056,-0.36497167621709875,-0.11507512748638377,0.8811195706053617],[1,-35,-45,0]],[5,"100",45,45,45,true,62],[11,2,40],[5,"100",45,45,45,true,63],[11,2,41],[5,"100",45,45,45,true,64],[11,2,42],[5,"100",45,45,45,true,65],[11,2,43],[5,"100",45,45,45,true,66],[11,2,44],[5,"100",45,45,45,true,67],[8,47],[5,"100",45,45,45,true,68],[8,48],[5,"100",45,45,45,true,69],[8,49],[5,"100",45,45,45,true,70],[8,50],[5,"100",45,45,45,true,71],[8,51],[5,"100",45,45,45,true,72],[5,"100",45,45,45,true,73],[8,52],[5,"100",45,45,45,true,74],[8,53],[5,"100",45,45,45,true,75],[8,54],[5,"100",45,45,45,true,76],[8,55],[5,"100",45,45,45,true,77],[8,56],[5,"100",45,45,45,true,78],[30,"Camera",5,[-324],[1,0,0,1000]],[53,0,1073741824,479.99999999999994,2000,6,41943040,113,[4,4278190080]]],0,[0,0,1,0,-1,46,0,-2,45,0,0,2,0,0,2,0,-1,40,0,-2,41,0,-3,42,0,-4,43,0,-5,44,0,-6,7,0,-7,58,0,0,3,0,0,3,0,-1,47,0,-2,48,0,-3,49,0,-4,50,0,-5,51,0,-6,9,0,-7,59,0,0,4,0,0,4,0,-1,52,0,-2,53,0,-3,54,0,-4,55,0,-5,56,0,-6,11,0,-7,60,0,0,5,0,18,114,0,0,5,0,0,5,0,-1,39,0,-2,113,0,-3,14,0,-4,61,0,-5,20,0,-6,15,0,-7,17,0,0,6,0,-1,23,0,-2,25,0,-3,26,0,-4,27,0,-5,28,0,0,7,0,0,7,0,0,8,0,0,8,0,0,9,0,0,9,0,0,10,0,0,10,0,0,11,0,0,11,0,0,12,0,0,12,0,0,13,0,-1,21,0,-2,35,0,-3,36,0,-4,37,0,-5,38,0,0,14,0,0,14,0,-1,20,0,-2,15,0,-3,17,0,-1,45,0,-2,46,0,0,14,0,0,15,0,-3,16,0,0,16,0,0,16,0,5,16,0,0,16,0,15,101,0,0,16,0,-1,72,0,0,17,0,-1,18,0,-3,19,0,0,18,0,-1,29,0,-2,31,0,-3,32,0,-4,33,0,-5,34,0,0,19,0,0,19,0,5,19,0,0,19,0,15,112,0,0,19,0,-1,78,0,0,20,0,0,21,0,0,21,0,5,21,0,0,21,0,14,22,0,6,82,0,7,81,0,0,21,0,0,23,0,0,23,0,5,23,0,0,23,0,14,24,0,6,92,0,7,91,0,0,23,0,0,25,0,0,25,0,5,25,0,0,25,0,6,94,0,7,93,0,0,25,0,0,26,0,0,26,0,5,26,0,0,26,0,6,96,0,7,95,0,0,26,0,0,27,0,0,27,0,5,27,0,0,27,0,6,98,0,7,97,0,0,27,0,0,28,0,0,28,0,5,28,0,0,28,0,6,100,0,7,99,0,0,28,0,0,29,0,0,29,0,5,29,0,0,29,0,14,30,0,6,103,0,7,102,0,0,29,0,0,31,0,0,31,0,5,31,0,0,31,0,6,105,0,7,104,0,0,31,0,0,32,0,0,32,0,5,32,0,0,32,0,6,107,0,7,106,0,0,32,0,0,33,0,0,33,0,5,33,0,0,33,0,6,109,0,7,108,0,0,33,0,0,34,0,0,34,0,5,34,0,0,34,0,6,111,0,7,110,0,0,34,0,0,35,0,0,35,0,5,35,0,0,35,0,6,84,0,7,83,0,0,35,0,0,36,0,0,36,0,5,36,0,0,36,0,6,86,0,7,85,0,0,36,0,0,37,0,0,37,0,5,37,0,0,37,0,6,88,0,7,87,0,0,37,0,0,38,0,0,38,0,5,38,0,0,38,0,6,90,0,7,89,0,0,38,0,0,39,0,0,39,0,0,39,0,0,40,0,0,40,0,-3,82,0,-1,62,0,0,41,0,0,41,0,-3,84,0,-1,63,0,0,42,0,0,42,0,-3,86,0,-1,64,0,0,43,0,0,43,0,-3,88,0,-1,65,0,0,44,0,0,44,0,-3,90,0,-1,66,0,0,45,0,0,45,0,0,45,0,0,46,0,0,46,0,0,46,0,0,47,0,0,47,0,-3,92,0,-1,67,0,0,48,0,0,48,0,-3,94,0,-1,68,0,0,49,0,0,49,0,-3,96,0,-1,69,0,0,50,0,0,50,0,-3,98,0,-1,70,0,0,51,0,0,51,0,-3,100,0,-1,71,0,0,52,0,0,52,0,-3,103,0,-1,73,0,0,53,0,0,53,0,-3,105,0,-1,74,0,0,54,0,0,54,0,-3,107,0,-1,75,0,0,55,0,0,55,0,-3,109,0,-1,76,0,0,56,0,0,56,0,-3,111,0,-1,77,0,-1,79,0,-2,80,0,0,58,0,0,58,0,0,59,0,0,59,0,0,60,0,0,60,0,0,61,0,0,61,0,0,61,0,0,62,0,-2,81,0,0,63,0,-2,83,0,0,64,0,-2,85,0,0,65,0,-2,87,0,0,66,0,-2,89,0,0,67,0,-2,91,0,0,68,0,-2,93,0,0,69,0,-2,95,0,0,70,0,-2,97,0,0,71,0,-2,99,0,0,72,0,-2,101,0,0,73,0,-2,102,0,0,74,0,-2,104,0,0,75,0,-2,106,0,0,76,0,-2,108,0,0,77,0,-2,110,0,0,78,0,-2,112,0,0,79,0,0,80,0,-1,114,0,19,57,1,11,14,2,11,5,3,11,5,4,11,5,5,11,57,6,11,15,8,11,20,10,11,15,12,11,17,13,11,20,22,0,58,24,0,59,30,0,60,324],[0,0,0,0,0,0,0,0,0,0,0,0,0,0,0,0,0,0,0,0,0,0,0,0,0,0,0,0,0,0,0,0,0,0,0,0,0,0,0,0,0,0,0,0,0,0,0,0,0,0,0,0,0,0,0,0,0,0,0,0,0,0,0,0,0,0,0,0,0,0,0,0,0,0,0,0,0,0,0,0,0,0,0,0,0,0,0,0,0,0,0,0,0,0,0,0,0,0,0,0,0,0,0,0,0,0,0,0,0,0,0,0,0,0,0,0,0,0,0,0,0,0,0,0,0,0,0,0,0,0,0,0,0,0,0,0,0,0,0,0,0,0,0,0,0,0,0,0,0,0,0,0,0,82,82,82,82,84,84,84,84,86,86,86,86,88,88,88,88,90,90,90,90],[-1,-2,-1,-2,-1,-2,-1,-2,-1,-2,1,3,12,4,1,1,1,1,1,1,1,1,8,9,1,1,1,1,1,3,4,1,1,1,1,1,1,1,1,8,9,1,10,1,3,4,8,9,10,1,3,4,8,9,10,1,3,4,8,9,10,1,3,4,8,9,10,1,3,13,12,4,16,17,1,3,12,4,1,1,1,1,1,1,1,1,8,9,1,10,1,3,4,8,9,10,1,3,4,8,9,10,1,3,4,8,9,10,1,3,4,8,9,10,1,3,13,12,4,16,17,10,1,3,4,8,9,10,1,3,4,8,9,10,1,3,4,8,9,10,1,3,4,8,9,10,3,13,12,4,1,20,21,3,13,12,4,3,13,12,4,3,13,12,4,3,13,12,4,3,13,12,4],[13,6,3,4,7,8,9,10,11,12,3,3,4,0,1,1,1,1,1,29,14,15,4,16,16,30,31,32,0,0,0,1,1,1,1,1,33,14,15,4,17,34,3,0,0,0,6,35,13,0,0,0,8,36,7,0,0,0,10,37,9,0,0,0,12,38,11,1,1,2,2,5,4,17,3,3,4,0,1,1,1,1,1,39,14,15,4,18,40,3,0,0,0,6,41,3,0,0,0,8,42,7,0,0,0,10,43,9,0,0,0,12,44,11,1,1,2,2,5,4,18,3,0,0,0,6,45,13,0,0,0,8,46,7,0,0,0,10,47,9,0,0,0,12,48,11,19,49,50,51,19,52,53,1,2,2,5,1,2,2,5,1,2,2,5,1,2,2,5,1,2,2,5]],[[{"name":"cerrar","rect":{"x":0,"y":0,"width":72,"height":75},"offset":{"x":0,"y":0},"originalSize":{"width":72,"height":75},"rotated":false,"capInsets":[0,0,0,0],"vertices":{"rawPosition":[-36,-37.5,0,36,-37.5,0,-36,37.5,0,36,37.5,0],"indexes":[0,1,2,2,1,3],"uv":[0,75,72,75,0,0,72,0],"nuv":[0,0,1,0,0,1,1,1],"minPos":{"x":-36,"y":-37.5,"z":0},"maxPos":{"x":36,"y":37.5,"z":0}},"packable":true,"pixelsToUnit":100,"pivot":{"x":0.5,"y":0.5},"meshType":0}],[0],0,[0],[2],[54]],[[{"name":"cuadro2","rect":{"x":0,"y":0,"width":380,"height":439},"offset":{"x":0,"y":0},"originalSize":{"width":380,"height":439},"rotated":false,"capInsets":[0,0,0,0],"vertices":{"rawPosition":[-190,-219.5,0,190,-219.5,0,-190,219.5,0,190,219.5,0],"indexes":[0,1,2,2,1,3],"uv":[0,439,380,439,0,0,380,0],"nuv":[0,0,1,0,0,1,1,1],"minPos":{"x":-190,"y":-219.5,"z":0},"maxPos":{"x":190,"y":219.5,"z":0}},"packable":true,"pixelsToUnit":100,"pivot":{"x":0.5,"y":0.5},"meshType":0}],[0],0,[0],[2],[55]],[[{"name":"camioneta03","rect":{"x":0,"y":0,"width":229,"height":152},"offset":{"x":0,"y":0},"originalSize":{"width":229,"height":152},"rotated":false,"capInsets":[0,0,0,0],"vertices":{"rawPosition":[-114.5,-76,0,114.5,-76,0,-114.5,76,0,114.5,76,0],"indexes":[0,1,2,2,1,3],"uv":[0,152,229,152,0,0,229,0],"nuv":[0,0,1,0,0,1,1,1],"minPos":{"x":-114.5,"y":-76,"z":0},"maxPos":{"x":114.5,"y":76,"z":0}},"packable":true,"pixelsToUnit":100,"pivot":{"x":0.5,"y":0.5},"meshType":0}],[0],0,[0],[2],[56]],[[{"name":"verdePress","rect":{"x":0,"y":0,"width":26,"height":26},"offset":{"x":0,"y":0},"originalSize":{"width":26,"height":26},"rotated":false,"capInsets":[0,0,0,0],"vertices":{"rawPosition":[-13,-13,0,13,-13,0,-13,13,0,13,13,0],"indexes":[0,1,2,2,1,3],"uv":[0,26,26,26,0,0,26,0],"nuv":[0,0,1,0,0,1,1,1],"minPos":{"x":-13,"y":-13,"z":0},"maxPos":{"x":13,"y":13,"z":0}},"packable":true,"pixelsToUnit":100,"pivot":{"x":0.5,"y":0.5},"meshType":0}],[0],0,[0],[2],[57]],[[{"name":"combi03","rect":{"x":0,"y":0,"width":229,"height":184},"offset":{"x":0,"y":0},"originalSize":{"width":229,"height":184},"rotated":false,"capInsets":[0,0,0,0],"vertices":{"rawPosition":[-114.5,-92,0,114.5,-92,0,-114.5,92,0,114.5,92,0],"indexes":[0,1,2,2,1,3],"uv":[0,184,229,184,0,0,229,0],"nuv":[0,0,1,0,0,1,1,1],"minPos":{"x":-114.5,"y":-92,"z":0},"maxPos":{"x":114.5,"y":92,"z":0}},"packable":true,"pixelsToUnit":100,"pivot":{"x":0.5,"y":0.5},"meshType":0}],[0],0,[0],[2],[58]],[[{"name":"coche01_azul","rect":{"x":0,"y":0,"width":226,"height":174},"offset":{"x":0,"y":0},"originalSize":{"width":226,"height":174},"rotated":false,"capInsets":[0,0,0,0],"vertices":{"rawPosition":[-113,-87,0,113,-87,0,-113,87,0,113,87,0],"indexes":[0,1,2,2,1,3],"uv":[0,174,226,174,0,0,226,0],"nuv":[0,0,1,0,0,1,1,1],"minPos":{"x":-113,"y":-87,"z":0},"maxPos":{"x":113,"y":87,"z":0}},"packable":true,"pixelsToUnit":100,"pivot":{"x":0.5,"y":0.5},"meshType":0}],[0],0,[0],[2],[59]],[[{"name":"CompraTarjeta","rect":{"x":0,"y":0,"width":186,"height":54},"offset":{"x":0,"y":0.5},"originalSize":{"width":186,"height":55},"rotated":false,"capInsets":[0,0,0,0],"vertices":{"rawPosition":[-93,-27,0,93,-27,0,-93,27,0,93,27,0],"indexes":[0,1,2,2,1,3],"uv":[0,55,186,55,0,1,186,1],"nuv":[0,0.01818181818181818,1,0.01818181818181818,0,1,1,1],"minPos":{"x":-93,"y":-27,"z":0},"maxPos":{"x":93,"y":27,"z":0}},"packable":true,"pixelsToUnit":100,"pivot":{"x":0.5,"y":0.5},"meshType":0}],[0],0,[0],[2],[60]],[[{"name":"naranja","rect":{"x":0,"y":0,"width":26,"height":26},"offset":{"x":0,"y":0},"originalSize":{"width":26,"height":26},"rotated":false,"capInsets":[0,0,0,0],"vertices":{"rawPosition":[-13,-13,0,13,-13,0,-13,13,0,13,13,0],"indexes":[0,1,2,2,1,3],"uv":[0,26,26,26,0,0,26,0],"nuv":[0,0,1,0,0,1,1,1],"minPos":{"x":-13,"y":-13,"z":0},"maxPos":{"x":13,"y":13,"z":0}},"packable":true,"pixelsToUnit":100,"pivot":{"x":0.5,"y":0.5},"meshType":0}],[0],0,[0],[2],[61]],[[{"name":"coche03_bloqueado","rect":{"x":0,"y":0,"width":264,"height":208},"offset":{"x":0,"y":0},"originalSize":{"width":264,"height":208},"rotated":false,"capInsets":[0,0,0,0],"vertices":{"rawPosition":[-132,-104,0,132,-104,0,-132,104,0,132,104,0],"indexes":[0,1,2,2,1,3],"uv":[0,208,264,208,0,0,264,0],"nuv":[0,0,1,0,0,1,1,1],"minPos":{"x":-132,"y":-104,"z":0},"maxPos":{"x":132,"y":104,"z":0}},"packable":true,"pixelsToUnit":100,"pivot":{"x":0.5,"y":0.5},"meshType":0}],[0],0,[0],[2],[62]],[[{"name":"bloqueado","rect":{"x":0,"y":0,"width":26,"height":26},"offset":{"x":0,"y":0},"originalSize":{"width":26,"height":26},"rotated":false,"capInsets":[0,0,0,0],"vertices":{"rawPosition":[-13,-13,0,13,-13,0,-13,13,0,13,13,0],"indexes":[0,1,2,2,1,3],"uv":[0,26,26,26,0,0,26,0],"nuv":[0,0,1,0,0,1,1,1],"minPos":{"x":-13,"y":-13,"z":0},"maxPos":{"x":13,"y":13,"z":0}},"packable":true,"pixelsToUnit":100,"pivot":{"x":0.5,"y":0.5},"meshType":0}],[0],0,[0],[2],[63]],[[{"name":"coche04","rect":{"x":0,"y":0,"width":200,"height":140},"offset":{"x":0,"y":0},"originalSize":{"width":200,"height":140},"rotated":false,"capInsets":[0,0,0,0],"vertices":{"rawPosition":[-100,-70,0,100,-70,0,-100,70,0,100,70,0],"indexes":[0,1,2,2,1,3],"uv":[0,140,200,140,0,0,200,0],"nuv":[0,0,1,0,0,1,1,1],"minPos":{"x":-100,"y":-70,"z":0},"maxPos":{"x":100,"y":70,"z":0}},"packable":true,"pixelsToUnit":100,"pivot":{"x":0.5,"y":0.5},"meshType":0}],[0],0,[0],[2],[64]],[[{"name":"coche03","rect":{"x":0,"y":0,"width":200,"height":140},"offset":{"x":0,"y":0},"originalSize":{"width":200,"height":140},"rotated":false,"capInsets":[0,0,0,0],"vertices":{"rawPosition":[-100,-70,0,100,-70,0,-100,70,0,100,70,0],"indexes":[0,1,2,2,1,3],"uv":[0,140,200,140,0,0,200,0],"nuv":[0,0,1,0,0,1,1,1],"minPos":{"x":-100,"y":-70,"z":0},"maxPos":{"x":100,"y":70,"z":0}},"packable":true,"pixelsToUnit":100,"pivot":{"x":0.5,"y":0.5},"meshType":0}],[0],0,[0],[2],[65]],[[{"name":"camioneta02","rect":{"x":0,"y":0,"width":229,"height":152},"offset":{"x":0,"y":0},"originalSize":{"width":229,"height":152},"rotated":false,"capInsets":[0,0,0,0],"vertices":{"rawPosition":[-114.5,-76,0,114.5,-76,0,-114.5,76,0,114.5,76,0],"indexes":[0,1,2,2,1,3],"uv":[0,152,229,152,0,0,229,0],"nuv":[0,0,1,0,0,1,1,1],"minPos":{"x":-114.5,"y":-76,"z":0},"maxPos":{"x":114.5,"y":76,"z":0}},"packable":true,"pixelsToUnit":100,"pivot":{"x":0.5,"y":0.5},"meshType":0}],[0],0,[0],[2],[66]],[[{"name":"camioneta05","rect":{"x":0,"y":0,"width":230,"height":152},"offset":{"x":0,"y":0},"originalSize":{"width":230,"height":152},"rotated":false,"capInsets":[0,0,0,0],"vertices":{"rawPosition":[-115,-76,0,115,-76,0,-115,76,0,115,76,0],"indexes":[0,1,2,2,1,3],"uv":[0,152,230,152,0,0,230,0],"nuv":[0,0,1,0,0,1,1,1],"minPos":{"x":-115,"y":-76,"z":0},"maxPos":{"x":115,"y":76,"z":0}},"packable":true,"pixelsToUnit":100,"pivot":{"x":0.5,"y":0.5},"meshType":0}],[0],0,[0],[2],[67]],[[{"name":"azulPress","rect":{"x":0,"y":0,"width":26,"height":26},"offset":{"x":0,"y":0},"originalSize":{"width":26,"height":26},"rotated":false,"capInsets":[0,0,0,0],"vertices":{"rawPosition":[-13,-13,0,13,-13,0,-13,13,0,13,13,0],"indexes":[0,1,2,2,1,3],"uv":[0,26,26,26,0,0,26,0],"nuv":[0,0,1,0,0,1,1,1],"minPos":{"x":-13,"y":-13,"z":0},"maxPos":{"x":13,"y":13,"z":0}},"packable":true,"pixelsToUnit":100,"pivot":{"x":0.5,"y":0.5},"meshType":0}],[0],0,[0],[2],[68]],[[{"name":"camioneta01","rect":{"x":0,"y":0,"width":229,"height":152},"offset":{"x":0,"y":0},"originalSize":{"width":229,"height":152},"rotated":false,"capInsets":[0,0,0,0],"vertices":{"rawPosition":[-114.5,-76,0,114.5,-76,0,-114.5,76,0,114.5,76,0],"indexes":[0,1,2,2,1,3],"uv":[0,152,229,152,0,0,229,0],"nuv":[0,0,1,0,0,1,1,1],"minPos":{"x":-114.5,"y":-76,"z":0},"maxPos":{"x":114.5,"y":76,"z":0}},"packable":true,"pixelsToUnit":100,"pivot":{"x":0.5,"y":0.5},"meshType":0}],[0],0,[0],[2],[69]],[[{"name":"rojoPress","rect":{"x":0,"y":0,"width":26,"height":26},"offset":{"x":0,"y":0},"originalSize":{"width":26,"height":26},"rotated":false,"capInsets":[0,0,0,0],"vertices":{"rawPosition":[-13,-13,0,13,-13,0,-13,13,0,13,13,0],"indexes":[0,1,2,2,1,3],"uv":[0,26,26,26,0,0,26,0],"nuv":[0,0,1,0,0,1,1,1],"minPos":{"x":-13,"y":-13,"z":0},"maxPos":{"x":13,"y":13,"z":0}},"packable":true,"pixelsToUnit":100,"pivot":{"x":0.5,"y":0.5},"meshType":0}],[0],0,[0],[2],[70]],[[{"name":"camioneta_bloqueado","rect":{"x":0,"y":0,"width":230,"height":152},"offset":{"x":0,"y":0},"originalSize":{"width":230,"height":152},"rotated":false,"capInsets":[0,0,0,0],"vertices":{"rawPosition":[-115,-76,0,115,-76,0,-115,76,0,115,76,0],"indexes":[0,1,2,2,1,3],"uv":[0,152,230,152,0,0,230,0],"nuv":[0,0,1,0,0,1,1,1],"minPos":{"x":-115,"y":-76,"z":0},"maxPos":{"x":115,"y":76,"z":0}},"packable":true,"pixelsToUnit":100,"pivot":{"x":0.5,"y":0.5},"meshType":0}],[0],0,[0],[2],[71]],[[{"name":"amarillo","rect":{"x":0,"y":0,"width":26,"height":26},"offset":{"x":0,"y":0},"originalSize":{"width":26,"height":26},"rotated":false,"capInsets":[0,0,0,0],"vertices":{"rawPosition":[-13,-13,0,13,-13,0,-13,13,0,13,13,0],"indexes":[0,1,2,2,1,3],"uv":[0,26,26,26,0,0,26,0],"nuv":[0,0,1,0,0,1,1,1],"minPos":{"x":-13,"y":-13,"z":0},"maxPos":{"x":13,"y":13,"z":0}},"packable":true,"pixelsToUnit":100,"pivot":{"x":0.5,"y":0.5},"meshType":0}],[0],0,[0],[2],[72]],[[{"name":"CompraTarjeta_Disable","rect":{"x":0,"y":0,"width":186,"height":54},"offset":{"x":0,"y":0.5},"originalSize":{"width":186,"height":55},"rotated":false,"capInsets":[0,0,0,0],"vertices":{"rawPosition":[-93,-27,0,93,-27,0,-93,27,0,93,27,0],"indexes":[0,1,2,2,1,3],"uv":[0,55,186,55,0,1,186,1],"nuv":[0,0.01818181818181818,1,0.01818181818181818,0,1,1,1],"minPos":{"x":-93,"y":-27,"z":0},"maxPos":{"x":93,"y":27,"z":0}},"packable":true,"pixelsToUnit":100,"pivot":{"x":0.5,"y":0.5},"meshType":0}],[0],0,[0],[2],[73]],[[{"name":"verde","rect":{"x":0,"y":0,"width":26,"height":26},"offset":{"x":0,"y":0},"originalSize":{"width":26,"height":26},"rotated":false,"capInsets":[0,0,0,0],"vertices":{"rawPosition":[-13,-13,0,13,-13,0,-13,13,0,13,13,0],"indexes":[0,1,2,2,1,3],"uv":[0,26,26,26,0,0,26,0],"nuv":[0,0,1,0,0,1,1,1],"minPos":{"x":-13,"y":-13,"z":0},"maxPos":{"x":13,"y":13,"z":0}},"packable":true,"pixelsToUnit":100,"pivot":{"x":0.5,"y":0.5},"meshType":0}],[0],0,[0],[2],[74]],[[{"name":"combi01","rect":{"x":0,"y":0,"width":230,"height":184},"offset":{"x":0,"y":0},"originalSize":{"width":230,"height":184},"rotated":false,"capInsets":[0,0,0,0],"vertices":{"rawPosition":[-115,-92,0,115,-92,0,-115,92,0,115,92,0],"indexes":[0,1,2,2,1,3],"uv":[0,184,230,184,0,0,230,0],"nuv":[0,0,1,0,0,1,1,1],"minPos":{"x":-115,"y":-92,"z":0},"maxPos":{"x":115,"y":92,"z":0}},"packable":true,"pixelsToUnit":100,"pivot":{"x":0.5,"y":0.5},"meshType":0}],[0],0,[0],[2],[75]],[[{"name":"rojo","rect":{"x":0,"y":0,"width":26,"height":26},"offset":{"x":0,"y":0},"originalSize":{"width":26,"height":26},"rotated":false,"capInsets":[0,0,0,0],"vertices":{"rawPosition":[-13,-13,0,13,-13,0,-13,13,0,13,13,0],"indexes":[0,1,2,2,1,3],"uv":[0,26,26,26,0,0,26,0],"nuv":[0,0,1,0,0,1,1,1],"minPos":{"x":-13,"y":-13,"z":0},"maxPos":{"x":13,"y":13,"z":0}},"packable":true,"pixelsToUnit":100,"pivot":{"x":0.5,"y":0.5},"meshType":0}],[0],0,[0],[2],[76]],[[{"name":"coche05","rect":{"x":0,"y":0,"width":200,"height":140},"offset":{"x":0,"y":0},"originalSize":{"width":200,"height":140},"rotated":false,"capInsets":[0,0,0,0],"vertices":{"rawPosition":[-100,-70,0,100,-70,0,-100,70,0,100,70,0],"indexes":[0,1,2,2,1,3],"uv":[0,140,200,140,0,0,200,0],"nuv":[0,0,1,0,0,1,1,1],"minPos":{"x":-100,"y":-70,"z":0},"maxPos":{"x":100,"y":70,"z":0}},"packable":true,"pixelsToUnit":100,"pivot":{"x":0.5,"y":0.5},"meshType":0}],[0],0,[0],[2],[77]],[[{"name":"coche01","rect":{"x":0,"y":0,"width":200,"height":140},"offset":{"x":0,"y":0},"originalSize":{"width":200,"height":140},"rotated":false,"capInsets":[0,0,0,0],"vertices":{"rawPosition":[-100,-70,0,100,-70,0,-100,70,0,100,70,0],"indexes":[0,1,2,2,1,3],"uv":[0,140,200,140,0,0,200,0],"nuv":[0,0,1,0,0,1,1,1],"minPos":{"x":-100,"y":-70,"z":0},"maxPos":{"x":100,"y":70,"z":0}},"packable":true,"pixelsToUnit":100,"pivot":{"x":0.5,"y":0.5},"meshType":0}],[0],0,[0],[2],[78]],[[{"name":"combi05","rect":{"x":0,"y":0,"width":230,"height":184},"offset":{"x":0,"y":0},"originalSize":{"width":230,"height":184},"rotated":false,"capInsets":[0,0,0,0],"vertices":{"rawPosition":[-115,-92,0,115,-92,0,-115,92,0,115,92,0],"indexes":[0,1,2,2,1,3],"uv":[0,184,230,184,0,0,230,0],"nuv":[0,0,1,0,0,1,1,1],"minPos":{"x":-115,"y":-92,"z":0},"maxPos":{"x":115,"y":92,"z":0}},"packable":true,"pixelsToUnit":100,"pivot":{"x":0.5,"y":0.5},"meshType":0}],[0],0,[0],[2],[79]],[[{"name":"combi04","rect":{"x":0,"y":0,"width":230,"height":184},"offset":{"x":0,"y":0},"originalSize":{"width":230,"height":184},"rotated":false,"capInsets":[0,0,0,0],"vertices":{"rawPosition":[-115,-92,0,115,-92,0,-115,92,0,115,92,0],"indexes":[0,1,2,2,1,3],"uv":[0,184,230,184,0,0,230,0],"nuv":[0,0,1,0,0,1,1,1],"minPos":{"x":-115,"y":-92,"z":0},"maxPos":{"x":115,"y":92,"z":0}},"packable":true,"pixelsToUnit":100,"pivot":{"x":0.5,"y":0.5},"meshType":0}],[0],0,[0],[2],[80]],[[{"name":"coche02","rect":{"x":0,"y":0,"width":201,"height":140},"offset":{"x":0,"y":0},"originalSize":{"width":201,"height":140},"rotated":false,"capInsets":[0,0,0,0],"vertices":{"rawPosition":[-100.5,-70,0,100.5,-70,0,-100.5,70,0,100.5,70,0],"indexes":[0,1,2,2,1,3],"uv":[0,140,201,140,0,0,201,0],"nuv":[0,0,1,0,0,1,1,1],"minPos":{"x":-100.5,"y":-70,"z":0},"maxPos":{"x":100.5,"y":70,"z":0}},"packable":true,"pixelsToUnit":100,"pivot":{"x":0.5,"y":0.5},"meshType":0}],[0],0,[0],[2],[81]]]]
