{
  "version": "1.0.0",
  "map": {
    "D:\\futbol_Internacional_2D\\assets\\Script.meta": {
      "time": 1747259195797.9998
    },
    "D:\\futbol_Internacional_2D\\assets\\Script": {
      "time": 1747422223509.0334,
      "uuid": "5adada95-1cfd-48f9-914d-42e470873028"
    },
    "D:\\futbol_Internacional_2D\\assets\\Sprite.meta": {
      "time": 1747259204612.0044
    },
    "D:\\futbol_Internacional_2D\\assets\\Sprite": {
      "time": 1747421008830.3167,
      "uuid": "aaf201f1-0160-4b1a-99a4-887437aef030"
    },
    "D:\\futbol_Internacional_2D\\assets\\Scene.meta": {
      "time": 1747259209879.6243
    },
    "D:\\futbol_Internacional_2D\\assets\\Scene": {
      "time": 1747259321107.3489,
      "uuid": "80fb8973-e366-4609-881a-a20793bf227e"
    },
    "D:\\futbol_Internacional_2D\\assets\\Prefab.meta": {
      "time": 1747259217792.674
    },
    "D:\\futbol_Internacional_2D\\assets\\Prefab": {
      "time": 1747259217776.6523,
      "uuid": "0f3ec89d-77ca-4f9d-9adc-2114b70c09b2"
    },
    "D:\\futbol_Internacional_2D\\assets\\Material.meta": {
      "time": 1747259234487.375
    },
    "D:\\futbol_Internacional_2D\\assets\\Material": {
      "time": 1747259234485.378,
      "uuid": "0b406293-a231-4739-8a0a-e9d2f072f80d"
    },
    "D:\\futbol_Internacional_2D\\assets\\Animation.meta": {
      "time": 1747259242199.5981
    },
    "D:\\futbol_Internacional_2D\\assets\\Animation": {
      "time": 1747259242197.597,
      "uuid": "840c8bd3-3b2c-4fbe-a609-ec0453dae66b"
    },
    "D:\\futbol_Internacional_2D\\assets\\Scene\\Juego.scene.meta": {
      "time": 1747259252866.551
    },
    "D:\\futbol_Internacional_2D\\assets\\Scene\\Juego.scene": {
      "time": 1747717960183.6665,
      "uuid": "e07e26b6-478f-46f9-a85a-cf7135b2e34d"
    },
    "D:\\futbol_Internacional_2D\\assets\\Scene\\Seleccion1.scene.meta": {
      "time": 1747259281238.962
    },
    "D:\\futbol_Internacional_2D\\assets\\Scene\\Seleccion1.scene": {
      "time": 1747259281226.9514,
      "uuid": "8eeb58fb-3eb7-444d-af12-93aff3a8c2cc"
    },
    "D:\\futbol_Internacional_2D\\assets\\Scene\\Seleccion2.scene.meta": {
      "time": 1747259287990.1458
    },
    "D:\\futbol_Internacional_2D\\assets\\Scene\\Seleccion2.scene": {
      "time": 1747259287980.1394,
      "uuid": "d27fddcf-8645-43fc-8729-495190082221"
    },
    "D:\\futbol_Internacional_2D\\assets\\Scene\\Instrucciones.scene.meta": {
      "time": 1747259310117.6106
    },
    "D:\\futbol_Internacional_2D\\assets\\Scene\\Instrucciones.scene": {
      "time": 1747259310105.612,
      "uuid": "38cac870-3893-463a-b99a-2cc74a25d1f6"
    },
    "D:\\futbol_Internacional_2D\\assets\\Scene\\Inicio.scene.meta": {
      "time": 1747259321118.3542
    },
    "D:\\futbol_Internacional_2D\\assets\\Scene\\Inicio.scene": {
      "time": 1747259321109.3518,
      "uuid": "b50279db-5d07-4597-81a3-fca216a2253b"
    },
    "D:\\futbol_Internacional_2D\\assets\\Script\\PCmove.ts.meta": {
      "time": 1747260555769.5894
    },
    "D:\\futbol_Internacional_2D\\assets\\Script\\PCmove.ts": {
      "time": 1747686094809.9976,
      "uuid": "bfc07a3c-a1c3-40d0-a4c6-65d2f1fb6a7d"
    },
    "D:\\futbol_Internacional_2D\\assets\\Sprite\\Marcos-HockeyFutbol_juego.png.meta": {
      "time": 1747419152963.5454
    },
    "D:\\futbol_Internacional_2D\\assets\\Sprite\\HockeyFutbol_juego.png.meta": {
      "time": 1747419153032.1565
    },
    "D:\\futbol_Internacional_2D\\assets\\Sprite\\Marcos-HockeyFutbol_juego.png": {
      "time": 1747261213238.4055,
      "uuid": "6962835f-0487-410e-b09f-4b40cd8a9176"
    },
    "D:\\futbol_Internacional_2D\\assets\\Sprite\\HockeyFutbol_juego.png": {
      "time": 1747261261599.9146,
      "uuid": "13779397-722a-445f-b252-33ac7ec8d139"
    },
    "D:\\futbol_Internacional_2D\\assets\\Sprite\\HockeyFutbol_balon.png.meta": {
      "time": 1747419657413.6152
    },
    "D:\\futbol_Internacional_2D\\assets\\Sprite\\HockeyFutbol_balon.png": {
      "time": 1747419636065.953,
      "uuid": "0daca769-24b5-4274-abfd-a6b20254374a"
    },
    "D:\\futbol_Internacional_2D\\assets\\Script\\InicioPelota.ts.meta": {
      "time": 1747419958830.5037
    },
    "D:\\futbol_Internacional_2D\\assets\\Script\\InicioPelota.ts": {
      "time": 1747447755088.8784,
      "uuid": "69e8f093-9b37-469d-b780-1faa53babec9"
    },
    "D:\\futbol_Internacional_2D\\assets\\Sprite\\Bandera-Brasil.png.meta": {
      "time": 1747421008858.4863
    },
    "D:\\futbol_Internacional_2D\\assets\\Sprite\\Bandera-Venezuela.png.meta": {
      "time": 1747421008961.4763
    },
    "D:\\futbol_Internacional_2D\\assets\\Sprite\\Bandera-Brasil.png": {
      "time": 1747420952685.1873,
      "uuid": "743b7724-931f-463e-91d2-6f89ddba1823"
    },
    "D:\\futbol_Internacional_2D\\assets\\Script\\MovimientoPlayer.ts.meta": {
      "time": 1709506586000
    },
    "D:\\futbol_Internacional_2D\\assets\\Script\\MovimientoCubeta.ts.meta": {
      "time": 1747422223521.0835
    },
    "D:\\futbol_Internacional_2D\\assets\\Script\\MovimientoCubeta.ts": {
      "time": 1747422451929.8164,
      "uuid": "85b33c16-628d-4ce6-9062-7f6049ae3d80"
    },
    "E:\\futbol_Internacional_2D\\assets\\Animation": {
      "time": 1750706942957.6646,
      "uuid": "840c8bd3-3b2c-4fbe-a609-ec0453dae66b"
    },
    "E:\\futbol_Internacional_2D\\assets\\Material": {
      "time": 1747259234000,
      "uuid": "0b406293-a231-4739-8a0a-e9d2f072f80d"
    },
    "E:\\futbol_Internacional_2D\\assets\\Prefab": {
      "time": 1747259216000,
      "uuid": "0f3ec89d-77ca-4f9d-9adc-2114b70c09b2"
    },
    "E:\\futbol_Internacional_2D\\assets\\Scene": {
      "time": 1750706064288.82,
      "uuid": "80fb8973-e366-4609-881a-a20793bf227e"
    },
    "E:\\futbol_Internacional_2D\\assets\\Script": {
      "time": 1758853202422.8364,
      "uuid": "5adada95-1cfd-48f9-914d-42e470873028"
    },
    "E:\\futbol_Internacional_2D\\assets\\Sprite": {
      "time": 1758916318236.7217,
      "uuid": "aaf201f1-0160-4b1a-99a4-887437aef030"
    },
    "E:\\futbol_Internacional_2D\\assets\\Script\\InicioPelota.ts": {
      "time": 1758855121939.1804,
      "uuid": "69e8f093-9b37-469d-b780-1faa53babec9"
    },
    "E:\\futbol_Internacional_2D\\assets\\Script\\PCmove.ts": {
      "time": 1758852575930.862,
      "uuid": "bfc07a3c-a1c3-40d0-a4c6-65d2f1fb6a7d"
    },
    "E:\\futbol_Internacional_2D\\assets\\Animation.meta": {
      "time": 1748645301785.1172
    },
    "E:\\futbol_Internacional_2D\\assets\\Material.meta": {
      "time": 1748645301788.632
    },
    "E:\\futbol_Internacional_2D\\assets\\Prefab.meta": {
      "time": 1748645301791.6365
    },
    "E:\\futbol_Internacional_2D\\assets\\Scene.meta": {
      "time": 1748645301795.1548
    },
    "E:\\futbol_Internacional_2D\\assets\\Script.meta": {
      "time": 1748645301799.671
    },
    "E:\\futbol_Internacional_2D\\assets\\Sprite.meta": {
      "time": 1748645301803.1775
    },
    "E:\\futbol_Internacional_2D\\assets\\Script\\InicioPelota.ts.meta": {
      "time": 1748645301866.8728
    },
    "E:\\futbol_Internacional_2D\\assets\\Script\\PCmove.ts.meta": {
      "time": 1748645301890.7178
    },
    "E:\\futbol_Internacional_2D\\assets\\Scene\\Inicio.scene": {
      "time": 1758919220418.3218,
      "uuid": "b50279db-5d07-4597-81a3-fca216a2253b"
    },
    "E:\\futbol_Internacional_2D\\assets\\Scene\\Instrucciones.scene": {
      "time": 1758844650663.678,
      "uuid": "38cac870-3893-463a-b99a-2cc74a25d1f6"
    },
    "E:\\futbol_Internacional_2D\\assets\\Scene\\Juego.scene": {
      "time": 1758918790927.321,
      "uuid": "e07e26b6-478f-46f9-a85a-cf7135b2e34d"
    },
    "E:\\futbol_Internacional_2D\\assets\\Sprite\\HockeyFutbol_balon.png": {
      "time": 1748645301915.2932,
      "uuid": "0daca769-24b5-4274-abfd-a6b20254374a"
    },
    "E:\\futbol_Internacional_2D\\assets\\Sprite\\HockeyFutbol_juego.png": {
      "time": 1748645301928.3135,
      "uuid": "13779397-722a-445f-b252-33ac7ec8d139"
    },
    "E:\\futbol_Internacional_2D\\assets\\Sprite\\Marcos-HockeyFutbol_juego.png": {
      "time": 1748645301937.3408,
      "uuid": "6962835f-0487-410e-b09f-4b40cd8a9176"
    },
    "E:\\futbol_Internacional_2D\\assets\\Scene\\Instrucciones.scene.meta": {
      "time": 1748645301831.7632
    },
    "E:\\futbol_Internacional_2D\\assets\\Scene\\Juego.scene.meta": {
      "time": 1748645301839.797
    },
    "E:\\futbol_Internacional_2D\\assets\\Scene\\Inicio.scene.meta": {
      "time": 1748645301823.242
    },
    "E:\\futbol_Internacional_2D\\assets\\Sprite\\HockeyFutbol_balon.png.meta": {
      "time": 1748645301919.807
    },
    "E:\\futbol_Internacional_2D\\assets\\Sprite\\Marcos-HockeyFutbol_juego.png.meta": {
      "time": 1748645301941.3452
    },
    "E:\\futbol_Internacional_2D\\assets\\Sprite\\HockeyFutbol_juego.png.meta": {
      "time": 1748645301932.8237
    },
    "E:\\futbol_Internacional_2D\\assets\\Sprite\\Pong Portada (1).png.meta": {
      "time": 1750699759591.0486
    },
    "E:\\futbol_Internacional_2D\\assets\\Sprite\\Pong Portada (1).png": {
      "time": 1750696365306.807,
      "uuid": "d57f70fd-8826-47f4-ba69-005a4f968989"
    },
    "E:\\futbol_Internacional_2D\\assets\\Sprite\\HockeyFutbol_inst.png.meta": {
      "time": 1750699763465.4592
    },
    "E:\\futbol_Internacional_2D\\assets\\Sprite\\HockeyFutbol_inst.png": {
      "time": 1750696403661.394,
      "uuid": "25eb2a59-09d9-494d-a138-18880ac11668"
    },
    "E:\\futbol_Internacional_2D\\assets\\Sprite\\Penaltis_seleccion2.png.meta": {
      "time": 1748649942372.2434
    },
    "E:\\futbol_Internacional_2D\\assets\\Sprite\\Penaltis_seleccion.png.meta": {
      "time": 1748649942362.7312
    },
    "E:\\futbol_Internacional_2D\\assets\\Sprite\\Penaltis_seleccion2.png": {
      "time": 1758915021919.3462,
      "uuid": "7bd619a1-e5eb-421c-bb8b-875dca91c219"
    },
    "E:\\futbol_Internacional_2D\\assets\\Sprite\\Penaltis_seleccion.png": {
      "time": 1758914994499.4426,
      "uuid": "08cc43f8-584d-4c53-bc16-8233258f6a1d"
    },
    "E:\\futbol_Internacional_2D\\assets\\Sprite\\Penaltis-internacional Siguiente-H.png.meta": {
      "time": 1748649942315.2732
    },
    "E:\\futbol_Internacional_2D\\assets\\Sprite\\Penaltis-internacional Play.png.meta": {
      "time": 1748649942288.6587
    },
    "E:\\futbol_Internacional_2D\\assets\\Sprite\\Penaltis-internacional Siguiente.png.meta": {
      "time": 1748649942327.8096
    },
    "E:\\futbol_Internacional_2D\\assets\\Sprite\\Penaltis-internacional Siguiente-P.png.meta": {
      "time": 1748649942321.293
    },
    "E:\\futbol_Internacional_2D\\assets\\Sprite\\Penaltis-internacional Play-P.png.meta": {
      "time": 1748649942282.1511
    },
    "E:\\futbol_Internacional_2D\\assets\\Sprite\\Penaltis-internacional Play-H.png.meta": {
      "time": 1748649942275.1348
    },
    "E:\\futbol_Internacional_2D\\assets\\Sprite\\Penaltis-internacional Salir.png.meta": {
      "time": 1748649942308.7625
    },
    "E:\\futbol_Internacional_2D\\assets\\Sprite\\Penaltis-internacional Salir-P.png.meta": {
      "time": 1748649942301.254
    },
    "E:\\futbol_Internacional_2D\\assets\\Sprite\\Penaltis-internacional Salir-H.png.meta": {
      "time": 1748649942295.167
    },
    "E:\\futbol_Internacional_2D\\assets\\Sprite\\Penaltis-internacional Siguiente-H.png": {
      "time": 1748649942311.273,
      "uuid": "be39bbe7-f5e6-430f-a9a9-3661cb9ba7e9"
    },
    "E:\\futbol_Internacional_2D\\assets\\Sprite\\Penaltis-internacional Play.png": {
      "time": 1748649942285.1501,
      "uuid": "6da814e2-01e2-4457-b52c-4fd5c69c4c77"
    },
    "E:\\futbol_Internacional_2D\\assets\\Sprite\\Penaltis-internacional Siguiente.png": {
      "time": 1748649942325.2983,
      "uuid": "01eea036-52b3-4901-8ab7-86d649853dd1"
    },
    "E:\\futbol_Internacional_2D\\assets\\Sprite\\Penaltis-internacional Siguiente-P.png": {
      "time": 1748649942318.783,
      "uuid": "d05cf504-cb6e-472a-afc4-263fb5ffa349"
    },
    "E:\\futbol_Internacional_2D\\assets\\Sprite\\Penaltis-internacional Play-P.png": {
      "time": 1748649942278.6428,
      "uuid": "8b869d2a-0c8c-4a50-a18e-8597b41bf480"
    },
    "E:\\futbol_Internacional_2D\\assets\\Sprite\\Penaltis-internacional Play-H.png": {
      "time": 1748649942271.1348,
      "uuid": "6c946546-627b-4ec7-8ceb-a0697f0bd4af"
    },
    "E:\\futbol_Internacional_2D\\assets\\Sprite\\Penaltis-internacional Salir.png": {
      "time": 1748649942305.2522,
      "uuid": "896b1b7a-6760-4707-baa0-6688146257d9"
    },
    "E:\\futbol_Internacional_2D\\assets\\Sprite\\Penaltis-internacional Salir-P.png": {
      "time": 1748649942298.1797,
      "uuid": "e2fb2c7c-3501-4fc4-bc0f-2ccfc1622f4c"
    },
    "E:\\futbol_Internacional_2D\\assets\\Sprite\\Penaltis-internacional Salir-H.png": {
      "time": 1748649942292.1667,
      "uuid": "0ed0bb02-e79f-4a1b-977d-0a8898e24d0c"
    },
    "E:\\futbol_Internacional_2D\\assets\\Sprite\\Multijugador.png.meta": {
      "time": 1748649942261.114
    },
    "E:\\futbol_Internacional_2D\\assets\\Sprite\\1 jugador.png.meta": {
      "time": 1748649942229.4314
    },
    "E:\\futbol_Internacional_2D\\assets\\Sprite\\Multijugador-des.png.meta": {
      "time": 1748649942254.6047
    },
    "E:\\futbol_Internacional_2D\\assets\\Sprite\\1 jugador-des.png.meta": {
      "time": 1748649942223.9233
    },
    "E:\\futbol_Internacional_2D\\assets\\Sprite\\Multijugador.png": {
      "time": 1748649942257.6047,
      "uuid": "20a2aa20-7384-4724-841e-3ceb2bffdedc"
    },
    "E:\\futbol_Internacional_2D\\assets\\Sprite\\1 jugador.png": {
      "time": 1748649942226.427,
      "uuid": "40bab3ce-9c37-4889-8e53-7856e7b41b15"
    },
    "E:\\futbol_Internacional_2D\\assets\\Sprite\\Multijugador-des.png": {
      "time": 1748649942251.0957,
      "uuid": "2e09329c-c656-461a-a479-84824748d1d8"
    },
    "E:\\futbol_Internacional_2D\\assets\\Sprite\\1 jugador-des.png": {
      "time": 1748649942220.4119,
      "uuid": "d6ab43a2-2ac7-44e4-913e-40d310891252"
    },
    "E:\\futbol_Internacional_2D\\assets\\Sprite\\Banderas.meta": {
      "time": 1750703542068.7185
    },
    "E:\\futbol_Internacional_2D\\assets\\Sprite\\Banderas": {
      "time": 1758856059819.689,
      "uuid": "095b901c-2d14-47dc-842b-b825b81fbb30"
    },
    "E:\\futbol_Internacional_2D\\assets\\Sprite\\BanderasSeleccionadas.meta": {
      "time": 1750703552424.2925
    },
    "E:\\futbol_Internacional_2D\\assets\\Sprite\\BanderasSeleccionadas": {
      "time": 1758856059819.689,
      "uuid": "90abf8dd-feb9-4d9d-a46a-af7b400df9c0"
    },
    "E:\\futbol_Internacional_2D\\assets\\Sprite\\Jugadores.meta": {
      "time": 1750703560493.7017
    },
    "E:\\futbol_Internacional_2D\\assets\\Sprite\\Jugadores": {
      "time": 1758918134458.0366,
      "uuid": "1032d5dc-9ab2-4936-becd-69a4decb6b0d"
    },
    "E:\\futbol_Internacional_2D\\assets\\Sprite\\Banderas\\Argentina.png.meta": {
      "time": 1748649942439.502
    },
    "E:\\futbol_Internacional_2D\\assets\\Sprite\\Banderas\\Argentina.png": {
      "time": 1748649942436.504,
      "uuid": "3f6ec3f6-d053-4cdb-942b-143cf45960bb"
    },
    "E:\\futbol_Internacional_2D\\assets\\Sprite\\BanderasSeleccionadas\\Argentina2.png.meta": {
      "time": 1748649942446.5117
    },
    "E:\\futbol_Internacional_2D\\assets\\Sprite\\BanderasSeleccionadas\\Argentina2.png": {
      "time": 1748649942443.0095,
      "uuid": "234e79a2-c930-4f09-bfbc-dee5e072834d"
    },
    "E:\\futbol_Internacional_2D\\assets\\Sprite\\Banderas\\Bolivia.png.meta": {
      "time": 1748649942454.0317
    },
    "E:\\futbol_Internacional_2D\\assets\\Sprite\\Banderas\\Bolivia.png": {
      "time": 1748649942450.0266,
      "uuid": "d548bdb8-0b5c-4a2b-bdfd-170714f3ea1c"
    },
    "E:\\futbol_Internacional_2D\\assets\\Sprite\\BanderasSeleccionadas\\Bolivia2.png.meta": {
      "time": 1748649942460.553
    },
    "E:\\futbol_Internacional_2D\\assets\\Sprite\\BanderasSeleccionadas\\Bolivia2.png": {
      "time": 1748649942457.0405,
      "uuid": "da9cdde3-23f4-4387-b617-d06538fdcdbd"
    },
    "E:\\futbol_Internacional_2D\\assets\\Sprite\\Banderas\\Brasil.png.meta": {
      "time": 1748649942467.557
    },
    "E:\\futbol_Internacional_2D\\assets\\Sprite\\Banderas\\Brasil.png": {
      "time": 1748649942463.557,
      "uuid": "3569fc3d-1124-4507-aa03-0af7d054638b"
    },
    "E:\\futbol_Internacional_2D\\assets\\Sprite\\BanderasSeleccionadas\\Brasil2.png.meta": {
      "time": 1748649942475.0647
    },
    "E:\\futbol_Internacional_2D\\assets\\Sprite\\BanderasSeleccionadas\\Brasil2.png": {
      "time": 1748649942471.0642,
      "uuid": "32b04645-ce5d-4412-8c6a-09b07c666330"
    },
    "E:\\futbol_Internacional_2D\\assets\\Sprite\\Banderas\\Canada.png.meta": {
      "time": 1750463979305.4587
    },
    "E:\\futbol_Internacional_2D\\assets\\Sprite\\Banderas\\Canada.png": {
      "time": 1750462829115.9944,
      "uuid": "c382c343-ae7e-43a0-8546-f08f391a2e60"
    },
    "E:\\futbol_Internacional_2D\\assets\\Sprite\\BanderasSeleccionadas\\Canada2.png.meta": {
      "time": 1750469864937.0447
    },
    "E:\\futbol_Internacional_2D\\assets\\Sprite\\BanderasSeleccionadas\\Canada2.png": {
      "time": 1750464449791.5972,
      "uuid": "4eb35170-1c2b-4ef9-b9ea-b4d48a882977"
    },
    "E:\\futbol_Internacional_2D\\assets\\Sprite\\Banderas\\Chile.png.meta": {
      "time": 1748649942483.0884
    },
    "E:\\futbol_Internacional_2D\\assets\\Sprite\\Banderas\\Chile.png": {
      "time": 1748649942478.574,
      "uuid": "eb46ff2f-5c5e-4593-a282-b36660d2eff4"
    },
    "E:\\futbol_Internacional_2D\\assets\\Sprite\\BanderasSeleccionadas\\Chile2.png.meta": {
      "time": 1748649942491.148
    },
    "E:\\futbol_Internacional_2D\\assets\\Sprite\\BanderasSeleccionadas\\Chile2.png": {
      "time": 1748649942487.5984,
      "uuid": "e4dcbea2-3b97-4217-8b6d-eee819afb2c7"
    },
    "E:\\futbol_Internacional_2D\\assets\\Sprite\\Banderas\\Colombia.png.meta": {
      "time": 1748649942498.166
    },
    "E:\\futbol_Internacional_2D\\assets\\Sprite\\Banderas\\Colombia.png": {
      "time": 1748649942495.1465,
      "uuid": "fb0fd35b-e401-4f87-bccf-a6b25b814d76"
    },
    "E:\\futbol_Internacional_2D\\assets\\Sprite\\BanderasSeleccionadas\\Colombia2.png.meta": {
      "time": 1748649942505.6504
    },
    "E:\\futbol_Internacional_2D\\assets\\Sprite\\BanderasSeleccionadas\\Colombia2.png": {
      "time": 1748649942502.141,
      "uuid": "b51ce417-8850-427f-9d6a-b71f0da1d517"
    },
    "E:\\futbol_Internacional_2D\\assets\\Sprite\\Jugadores\\Paleta-Bolivia.png.meta": {
      "time": 1750703688592.762
    },
    "E:\\futbol_Internacional_2D\\assets\\Sprite\\Jugadores\\Paleta-Bolivia.png": {
      "time": 1750696132127.5037,
      "uuid": "9d5ddff8-1b2d-4854-a5c9-8d7094f85343"
    },
    "E:\\futbol_Internacional_2D\\assets\\Sprite\\Jugadores\\Paleta-Canada.png.meta": {
      "time": 1750703694182.6602
    },
    "E:\\futbol_Internacional_2D\\assets\\Sprite\\Jugadores\\Paleta-Canada.png": {
      "time": 1750696137514.3516,
      "uuid": "490d3280-a1ab-4206-b134-6c9096e663bf"
    },
    "E:\\futbol_Internacional_2D\\assets\\Sprite\\Jugadores\\Paleta-Mexico.png.meta": {
      "time": 1750703699535.9988
    },
    "E:\\futbol_Internacional_2D\\assets\\Sprite\\Jugadores\\Paleta-Mexico.png": {
      "time": 1750696150103.9255,
      "uuid": "586652d7-de0e-4f9c-9dd4-21e8d67f637a"
    },
    "E:\\futbol_Internacional_2D\\assets\\Sprite\\Jugadores\\Paleta-Colombia.png.meta": {
      "time": 1750703681009.843
    },
    "E:\\futbol_Internacional_2D\\assets\\Sprite\\Jugadores\\Paleta-Colombia.png": {
      "time": 1750696127350.7166,
      "uuid": "68c0f125-ade4-41a1-9124-2fb5272c750d"
    },
    "E:\\futbol_Internacional_2D\\assets\\Sprite\\Jugadores\\Paleta-Argentina.png.meta": {
      "time": 1750703643869.358
    },
    "E:\\futbol_Internacional_2D\\assets\\Sprite\\Jugadores\\Paleta-Argentina.png": {
      "time": 1750696114473.077,
      "uuid": "22db0d6e-9dfe-4246-8d74-0d06412f6425"
    },
    "E:\\futbol_Internacional_2D\\assets\\Sprite\\Jugadores\\Paleta-Peru.png.meta": {
      "time": 1750703623112.474
    },
    "E:\\futbol_Internacional_2D\\assets\\Sprite\\Jugadores\\Paleta-Peru.png": {
      "time": 1750696107022.2893,
      "uuid": "c633e13d-a9b3-4bb5-b470-c534a43ec435"
    },
    "E:\\futbol_Internacional_2D\\assets\\Sprite\\Jugadores\\Paleta-chile.png.meta": {
      "time": 1750703617411.9841
    },
    "E:\\futbol_Internacional_2D\\assets\\Sprite\\Jugadores\\Paleta-chile.png": {
      "time": 1750696102859.9084,
      "uuid": "f839573e-d102-498b-84c0-16c0f9ed8cda"
    },
    "E:\\futbol_Internacional_2D\\assets\\Sprite\\Jugadores\\Paleta-Paraguay.png.meta": {
      "time": 1750703657757.5352
    },
    "E:\\futbol_Internacional_2D\\assets\\Sprite\\Jugadores\\Paleta-Paraguay.png": {
      "time": 1750696121962.527,
      "uuid": "49296929-69a2-4c13-9b4f-7687080a06fb"
    },
    "E:\\futbol_Internacional_2D\\assets\\Sprite\\Jugadores\\Paleta-Uruguay.png.meta": {
      "time": 1750703637774.1345
    },
    "E:\\futbol_Internacional_2D\\assets\\Sprite\\Jugadores\\Paleta-Uruguay.png": {
      "time": 1750696110387.6013,
      "uuid": "133482e3-7267-4526-a9dd-a4abbfb1b5d8"
    },
    "E:\\futbol_Internacional_2D\\assets\\Sprite\\Jugadores\\Paleta-Venezuela.png.meta": {
      "time": 1750703720734.4734
    },
    "E:\\futbol_Internacional_2D\\assets\\Sprite\\Jugadores\\Paleta-Venezuela.png": {
      "time": 1750696118403.9868,
      "uuid": "80f48b7d-bf1a-4fc9-99fd-e3a04e6c9f92"
    },
    "E:\\futbol_Internacional_2D\\assets\\Sprite\\Jugadores\\paleta-USA.png.meta": {
      "time": 1750703704190.0618
    },
    "E:\\futbol_Internacional_2D\\assets\\Sprite\\Jugadores\\paleta-USA.png": {
      "time": 1750696156365.9983,
      "uuid": "db5769bf-cea2-45b5-84ec-975a92c37f24"
    },
    "E:\\futbol_Internacional_2D\\assets\\Sprite\\Jugadores\\Paleta-Brasil.png.meta": {
      "time": 1750703740091.4553
    },
    "E:\\futbol_Internacional_2D\\assets\\Sprite\\Jugadores\\Paleta-Brasil.png": {
      "time": 1748645301898.7483,
      "uuid": "743b7724-931f-463e-91d2-6f89ddba1823"
    },
    "E:\\futbol_Internacional_2D\\assets\\Sprite\\Banderas\\Mexico.png.meta": {
      "time": 1750463979306.4563
    },
    "E:\\futbol_Internacional_2D\\assets\\Sprite\\Banderas\\Mexico.png": {
      "time": 1750462824468.6494,
      "uuid": "d5686deb-8e38-4296-be88-726845562330"
    },
    "E:\\futbol_Internacional_2D\\assets\\Sprite\\BanderasSeleccionadas\\Mexico2.png.meta": {
      "time": 1750469887530.113
    },
    "E:\\futbol_Internacional_2D\\assets\\Sprite\\BanderasSeleccionadas\\Mexico2.png": {
      "time": 1750464447032.4255,
      "uuid": "1a453c47-2de8-4962-a1bc-289139534eec"
    },
    "E:\\futbol_Internacional_2D\\assets\\Sprite\\Banderas\\Paraguay.png.meta": {
      "time": 1748649942512.165
    },
    "E:\\futbol_Internacional_2D\\assets\\Sprite\\Banderas\\Paraguay.png": {
      "time": 1748649942508.6553,
      "uuid": "915829e2-a7f4-4f90-bdab-e0ee9fd293c9"
    },
    "E:\\futbol_Internacional_2D\\assets\\Sprite\\Banderas\\Perú.png.meta": {
      "time": 1748649942525.213
    },
    "E:\\futbol_Internacional_2D\\assets\\Sprite\\Banderas\\Perú.png": {
      "time": 1748649942522.2134,
      "uuid": "eafc7ea4-a1d1-4924-8944-24c780ee30ab"
    },
    "E:\\futbol_Internacional_2D\\assets\\Sprite\\BanderasSeleccionadas\\Perú2.png.meta": {
      "time": 1748649942532.2341
    },
    "E:\\futbol_Internacional_2D\\assets\\Sprite\\BanderasSeleccionadas\\Perú2.png": {
      "time": 1748649942528.7214,
      "uuid": "228d0725-53a5-4bd1-a7ad-72ace631fb1b"
    },
    "E:\\futbol_Internacional_2D\\assets\\Sprite\\BanderasSeleccionadas\\Uruguay2.png.meta": {
      "time": 1748649942545.2488
    },
    "E:\\futbol_Internacional_2D\\assets\\Sprite\\BanderasSeleccionadas\\Uruguay2.png": {
      "time": 1748649942542.2483,
      "uuid": "dcc8bdb2-c777-415b-ad7b-ae263136acd9"
    },
    "E:\\futbol_Internacional_2D\\assets\\Sprite\\BanderasSeleccionadas\\Paraguay2.png.meta": {
      "time": 1748649942518.6782
    },
    "E:\\futbol_Internacional_2D\\assets\\Sprite\\BanderasSeleccionadas\\Paraguay2.png": {
      "time": 1748649942515.1648,
      "uuid": "2713ce44-4f4d-4eb2-84c5-351057fa6dde"
    },
    "E:\\futbol_Internacional_2D\\assets\\Sprite\\Banderas\\Uruguay.png.meta": {
      "time": 1748649942538.7405
    },
    "E:\\futbol_Internacional_2D\\assets\\Sprite\\Banderas\\Uruguay.png": {
      "time": 1748649942535.2314,
      "uuid": "7497b263-e592-45a3-84eb-39b451d64d8c"
    },
    "E:\\futbol_Internacional_2D\\assets\\Sprite\\Banderas\\USA.png.meta": {
      "time": 1750463979303.4573
    },
    "E:\\futbol_Internacional_2D\\assets\\Sprite\\Banderas\\USA.png": {
      "time": 1750462833127.4468,
      "uuid": "af29bf4c-1429-45ac-bfa0-ac580b6a2941"
    },
    "E:\\futbol_Internacional_2D\\assets\\Sprite\\BanderasSeleccionadas\\USA2.png.meta": {
      "time": 1750469892775.7688
    },
    "E:\\futbol_Internacional_2D\\assets\\Sprite\\BanderasSeleccionadas\\USA2.png": {
      "time": 1750464452310.3076,
      "uuid": "5e0dd514-75b2-4482-9021-dfde7453f800"
    },
    "E:\\futbol_Internacional_2D\\assets\\Sprite\\Banderas\\Venezuela.png.meta": {
      "time": 1748649942552.7837
    },
    "E:\\futbol_Internacional_2D\\assets\\Sprite\\Banderas\\Venezuela.png": {
      "time": 1748649942548.7576,
      "uuid": "733f8630-2151-4dd1-8775-73dc24ee22fd"
    },
    "E:\\futbol_Internacional_2D\\assets\\Sprite\\BanderasSeleccionadas\\Venezuela2.png.meta": {
      "time": 1748649942558.782
    },
    "E:\\futbol_Internacional_2D\\assets\\Sprite\\BanderasSeleccionadas\\Venezuela2.png": {
      "time": 1748649942555.783,
      "uuid": "10bc7084-68b0-454a-9ab2-208cde7c53ef"
    },
    "E:\\futbol_Internacional_2D\\assets\\Script\\PoscionBoton.ts.meta": {
      "time": 1748649942205.172
    },
    "E:\\futbol_Internacional_2D\\assets\\Script\\PoscionBoton.ts": {
      "time": 1750704453286.38,
      "uuid": "fb58b77d-abd8-47a4-8081-2edf85cf3604"
    },
    "E:\\futbol_Internacional_2D\\assets\\Script\\SeleccionEquipo.ts.meta": {
      "time": 1748649942213.4146
    },
    "E:\\futbol_Internacional_2D\\assets\\Script\\SeleccionEquipo.ts": {
      "time": 1750704457464.3306,
      "uuid": "c3213bd6-09ba-48f3-9092-00fb96cbe36d"
    },
    "E:\\futbol_Internacional_2D\\assets\\Script\\Equipos.ts.meta": {
      "time": 1750456858002.0427
    },
    "E:\\futbol_Internacional_2D\\assets\\Script\\Equipos.ts": {
      "time": 1750704465594.8992,
      "uuid": "231f3b9e-4385-4e63-ab4c-d497440fcc08"
    },
    "E:\\futbol_Internacional_2D\\assets\\Script\\ManagerSeleccion.ts.meta": {
      "time": 1748649942187.6023
    },
    "E:\\futbol_Internacional_2D\\assets\\Script\\ManagerSeleccion.ts": {
      "time": 1750453154441.9202,
      "uuid": "ea6180cc-9990-49c2-97d5-0f767f24824a"
    },
    "E:\\futbol_Internacional_2D\\assets\\Script\\CambioEscena.ts.meta": {
      "time": 1748649942172.3938
    },
    "E:\\futbol_Internacional_2D\\assets\\Script\\CambioEscena.ts": {
      "time": 1758844212122.5708,
      "uuid": "a48ba88b-3c96-47d1-9b93-39739e84b177"
    },
    "E:\\futbol_Internacional_2D\\assets\\Scene\\Jugadores.scene.meta": {
      "time": 1750705570860.599
    },
    "E:\\futbol_Internacional_2D\\assets\\Scene\\Jugadores.scene": {
      "time": 1758845370237.4956,
      "uuid": "5bde48cc-8b70-444c-8375-949c5ccbaa5f"
    },
    "E:\\futbol_Internacional_2D\\assets\\Sprite\\Banderas\\Penaltis_jugadores.png.meta": {
      "time": 1748649942354.7136
    },
    "E:\\futbol_Internacional_2D\\assets\\Sprite\\Banderas\\Penaltis_jugadores.png": {
      "time": 1748649942350.4866,
      "uuid": "9b392085-a40d-42f4-9cf9-084897ba1eb5"
    },
    "E:\\futbol_Internacional_2D\\assets\\Script\\Botones-players.ts.meta": {
      "time": 1750453029491.9456
    },
    "E:\\futbol_Internacional_2D\\assets\\Script\\Botones-players.ts": {
      "time": 1750453817192.696,
      "uuid": "9d6e83a8-6058-4fae-a506-9547d8e8c241"
    },
    "E:\\futbol_Internacional_2D\\assets\\Scene\\Seleccion_1_jugador.scene.meta": {
      "time": 1748645301847.3008
    },
    "E:\\futbol_Internacional_2D\\assets\\Scene\\Seleccion_1_jugador.scene": {
      "time": 1758917270233.1584,
      "uuid": "8eeb58fb-3eb7-444d-af12-93aff3a8c2cc"
    },
    "E:\\futbol_Internacional_2D\\assets\\Scene\\Seleccion_2_jugador.scene.meta": {
      "time": 1748645301854.3262
    },
    "E:\\futbol_Internacional_2D\\assets\\Scene\\Seleccion_2_jugador.scene": {
      "time": 1758917407330.0205,
      "uuid": "d27fddcf-8645-43fc-8729-495190082221"
    },
    "E:\\futbol_Internacional_2D\\assets\\Animation\\pc-siguiente.anim.meta": {
      "time": 1750706942965.177
    },
    "E:\\futbol_Internacional_2D\\assets\\Animation\\pc-siguiente.anim": {
      "time": 1750800954801.3687,
      "uuid": "ed922c40-776f-467b-babb-4564d7bf2cfc"
    },
    "E:\\futbol_Internacional_2D\\assets\\Script\\ManagerGame.ts.meta": {
      "time": 1750716137515.4429
    },
    "E:\\futbol_Internacional_2D\\assets\\Script\\ManagerGame.ts": {
      "time": 1758848784179.8918,
      "uuid": "179e48c6-d7da-47bd-a180-658e00fa9b28"
    },
    "E:\\futbol_Internacional_2D\\assets\\Font.meta": {
      "time": 1750797141443.07
    },
    "E:\\futbol_Internacional_2D\\assets\\Font": {
      "time": 1750797168401.5513,
      "uuid": "320e2342-8a9a-475f-be20-2d701e7db326"
    },
    "E:\\futbol_Internacional_2D\\assets\\Font\\DynaPuff-Bold.ttf.meta": {
      "time": 1748633989185.3188
    },
    "E:\\futbol_Internacional_2D\\assets\\Font\\DynaPuff-Bold.ttf": {
      "time": 1748633989180.8086,
      "uuid": "8f34cdde-8e21-473b-8491-0d4d6f5cbbc5"
    },
    "E:\\futbol_Internacional_2D\\assets\\Script\\ButtonMessage.ts.meta": {
      "time": 1744315293919.6772
    },
    "E:\\futbol_Internacional_2D\\assets\\Script\\ButtonMessage.ts": {
      "time": 1750886674850.1917,
      "uuid": "4040ac00-113f-4c70-b702-dabd16e934ba"
    },
    "E:\\futbol_Internacional_2D\\assets\\Sprite\\Penaltis-internacional-inicio-H.png.meta": {
      "time": 1750797659898.8455
    },
    "E:\\futbol_Internacional_2D\\assets\\Sprite\\Penaltis-internacional-inicio-P.png.meta": {
      "time": 1750797659911.844
    },
    "E:\\futbol_Internacional_2D\\assets\\Sprite\\Penaltis-internacional-inicio.png.meta": {
      "time": 1750797659926.3613
    },
    "E:\\futbol_Internacional_2D\\assets\\Sprite\\Penaltis-internacional Volver-P.png.meta": {
      "time": 1750797659942.3572
    },
    "E:\\futbol_Internacional_2D\\assets\\Sprite\\Penaltis-internacional Volver.png.meta": {
      "time": 1750797659955.3557
    },
    "E:\\futbol_Internacional_2D\\assets\\Sprite\\Penaltis-internacional Volver-H.png.meta": {
      "time": 1750797659971.3608
    },
    "E:\\futbol_Internacional_2D\\assets\\Sprite\\Penaltis-internacional-inicio-H.png": {
      "time": 1750795892985.1829,
      "uuid": "07ea6a73-76ca-471a-8b28-29e4e0055119"
    },
    "E:\\futbol_Internacional_2D\\assets\\Sprite\\Penaltis-internacional-inicio-P.png": {
      "time": 1750795896350.1782,
      "uuid": "76ad0a3b-fe2f-4ddc-bfef-fe847fd99a03"
    },
    "E:\\futbol_Internacional_2D\\assets\\Sprite\\Penaltis-internacional-inicio.png": {
      "time": 1750795894799.2688,
      "uuid": "3608c0d3-db21-4a7d-9123-78a5723e9e5f"
    },
    "E:\\futbol_Internacional_2D\\assets\\Sprite\\Penaltis-internacional Volver-P.png": {
      "time": 1750795041195.4016,
      "uuid": "0c75ec44-bd08-4072-8276-87c84c2c84e4"
    },
    "E:\\futbol_Internacional_2D\\assets\\Sprite\\Penaltis-internacional Volver.png": {
      "time": 1750795039288.8086,
      "uuid": "e1f7e8c5-1fe4-4ace-8b93-91283eb88934"
    },
    "E:\\futbol_Internacional_2D\\assets\\Sprite\\Penaltis-internacional Volver-H.png": {
      "time": 1750795036975.8403,
      "uuid": "c62da4ec-55a0-4d7e-a70b-b022713fdd1b"
    },
    "E:\\futbol_Internacional_2D\\assets\\Sprite\\PuntosFutbol2026 1.png.meta": {
      "time": 1750435644951.3035
    },
    "E:\\futbol_Internacional_2D\\assets\\Sprite\\PuntosFutbol2026 1.png": {
      "time": 1750435577733.984,
      "uuid": "ed678989-ed0f-4674-9514-23794f744a0e"
    },
    "E:\\futbol_Internacional_2D\\assets\\Script\\detecta.ts.meta": {
      "time": 1750801925224.9111
    },
    "E:\\futbol_Internacional_2D\\assets\\Script\\detecta.ts": {
      "time": 1750879554536.2542,
      "uuid": "6496ddb9-9092-49b9-8721-0487c1845b7c"
    },
    "E:\\futbol_Internacional_2D\\assets\\Sprite\\Objetivos_gameover.png.meta": {
      "time": 1750877934220.3203
    },
    "E:\\futbol_Internacional_2D\\assets\\Sprite\\Objetivos_gameover.png": {
      "time": 1750877974593.7715,
      "uuid": "f1294588-89b4-4715-84d3-d32b3efbb02c"
    },
    "E:\\futbol_Internacional_2D\\assets\\Script\\MovimientoPlayer.ts.meta": {
      "time": 1748645301875.1748
    },
    "E:\\futbol_Internacional_2D\\assets\\Script\\MovimientoPlayer.ts": {
      "time": 1758855626256.3318,
      "uuid": "85b33c16-628d-4ce6-9062-7f6049ae3d80"
    },
    "E:\\futbol_Internacional_2D\\assets\\Script\\AutoImpulsoSiSeDetiene.ts.meta": {
      "time": 1758853202432.835
    },
    "E:\\futbol_Internacional_2D\\assets\\Script\\AutoImpulsoSiSeDetiene.ts": {
      "time": 1758918889148.6912,
      "uuid": "a91aa26b-d158-42c1-b79b-ac0b7e21c2a5"
    },
    "E:\\futbol_Internacional_2D\\assets\\Sprite\\Banderas\\Portugal.png.meta": {
      "time": 1758856040388.5232
    },
    "E:\\futbol_Internacional_2D\\assets\\Sprite\\Banderas\\Alemania.png.meta": {
      "time": 1758856040433.03
    },
    "E:\\futbol_Internacional_2D\\assets\\Sprite\\Banderas\\Corea.png.meta": {
      "time": 1758856040470.5498
    },
    "E:\\futbol_Internacional_2D\\assets\\Sprite\\Banderas\\Francia.png.meta": {
      "time": 1758856040488.547
    },
    "E:\\futbol_Internacional_2D\\assets\\Sprite\\Banderas\\Holanda.png.meta": {
      "time": 1758856040546.0647
    },
    "E:\\futbol_Internacional_2D\\assets\\Sprite\\Banderas\\Inglaterra.png.meta": {
      "time": 1758856040586.5823
    },
    "E:\\futbol_Internacional_2D\\assets\\Sprite\\Banderas\\Italia.png.meta": {
      "time": 1758856040642.0981
    },
    "E:\\futbol_Internacional_2D\\assets\\Sprite\\Banderas\\Japon.png.meta": {
      "time": 1758856040675.62
    },
    "E:\\futbol_Internacional_2D\\assets\\Sprite\\Banderas\\Portugal.png": {
      "time": 1758829519701.3574,
      "uuid": "dbc6bd38-9f33-470a-94b5-75d66dddb2bb"
    },
    "E:\\futbol_Internacional_2D\\assets\\Sprite\\Banderas\\Alemania.png": {
      "time": 1758829519646.3196,
      "uuid": "1f191e90-76e8-4222-9785-a53d900b67eb"
    },
    "E:\\futbol_Internacional_2D\\assets\\Sprite\\Banderas\\Corea.png": {
      "time": 1758829519680.3315,
      "uuid": "8ed564e6-c11b-4238-9c32-be4888179e00"
    },
    "E:\\futbol_Internacional_2D\\assets\\Sprite\\Banderas\\Francia.png": {
      "time": 1758829519683.3352,
      "uuid": "620e1629-492d-47c1-94be-d8e6dbc1147d"
    },
    "E:\\futbol_Internacional_2D\\assets\\Sprite\\Banderas\\Holanda.png": {
      "time": 1758829519687.338,
      "uuid": "a031ed03-9a60-4c7f-9312-0b20e87d528c"
    },
    "E:\\futbol_Internacional_2D\\assets\\Sprite\\Banderas\\Inglaterra.png": {
      "time": 1758829519690.8413,
      "uuid": "b3a1608b-396a-414d-8791-fbffbcd1c4d7"
    },
    "E:\\futbol_Internacional_2D\\assets\\Sprite\\Banderas\\Italia.png": {
      "time": 1758829519694.843,
      "uuid": "127b9eef-c73c-4bbb-9963-1916686e2fb0"
    },
    "E:\\futbol_Internacional_2D\\assets\\Sprite\\Banderas\\Japon.png": {
      "time": 1758829519697.8425,
      "uuid": "c62d0609-130b-436a-8ab7-46f64d1d9069"
    },
    "E:\\futbol_Internacional_2D\\assets\\Sprite\\BanderasSeleccionadas\\Corea2.png.meta": {
      "time": 1758856040528.0654
    },
    "E:\\futbol_Internacional_2D\\assets\\Sprite\\BanderasSeleccionadas\\Corea2.png": {
      "time": 1758829519653.8264,
      "uuid": "ffd8a6d7-70cd-462b-a18f-501aadba1010"
    },
    "E:\\futbol_Internacional_2D\\assets\\Sprite\\BanderasSeleccionadas\\Alemania2.png.meta": {
      "time": 1758856040451.54
    },
    "E:\\futbol_Internacional_2D\\assets\\Sprite\\BanderasSeleccionadas\\Alemania2.png": {
      "time": 1758829519650.319,
      "uuid": "97234527-7dc5-4d51-8ef8-546452c078e3"
    },
    "E:\\futbol_Internacional_2D\\assets\\Sprite\\BanderasSeleccionadas\\Italia2.png.meta": {
      "time": 1758856040625.097
    },
    "E:\\futbol_Internacional_2D\\assets\\Sprite\\BanderasSeleccionadas\\Italia2.png": {
      "time": 1758829519672.8271,
      "uuid": "254e9397-2471-4bfc-82c5-7c987ff7ab24"
    },
    "E:\\futbol_Internacional_2D\\assets\\Sprite\\BanderasSeleccionadas\\Japon2.png.meta": {
      "time": 1758856040659.6228
    },
    "E:\\futbol_Internacional_2D\\assets\\Sprite\\BanderasSeleccionadas\\Japon2.png": {
      "time": 1758829519669.5232,
      "uuid": "8e166124-f3ff-499a-9b93-9973b61f85fc"
    },
    "E:\\futbol_Internacional_2D\\assets\\Sprite\\BanderasSeleccionadas\\Holanda2.png.meta": {
      "time": 1758856040565.584
    },
    "E:\\futbol_Internacional_2D\\assets\\Sprite\\BanderasSeleccionadas\\Holanda2.png": {
      "time": 1758829519662.525,
      "uuid": "ede9f3b5-fdad-4ec3-958f-4923706b8a5f"
    },
    "E:\\futbol_Internacional_2D\\assets\\Sprite\\BanderasSeleccionadas\\Inglaterra2.png.meta": {
      "time": 1758856040606.5864
    },
    "E:\\futbol_Internacional_2D\\assets\\Sprite\\BanderasSeleccionadas\\Inglaterra2.png": {
      "time": 1758829519658.0151,
      "uuid": "6a243751-fdd4-4f9b-9b4b-55c91e1a0037"
    },
    "E:\\futbol_Internacional_2D\\assets\\Sprite\\BanderasSeleccionadas\\Francia2.png.meta": {
      "time": 1758856040507.5483
    },
    "E:\\futbol_Internacional_2D\\assets\\Sprite\\BanderasSeleccionadas\\Francia2.png": {
      "time": 1758829519665.5232,
      "uuid": "b8a13f33-938d-4b21-82c2-901123ef751a"
    },
    "E:\\futbol_Internacional_2D\\assets\\Sprite\\BanderasSeleccionadas\\Portugal2.png.meta": {
      "time": 1758856040412.0337
    },
    "E:\\futbol_Internacional_2D\\assets\\Sprite\\BanderasSeleccionadas\\Portugal2.png": {
      "time": 1758829519676.8286,
      "uuid": "8177be68-9d14-489a-b0d6-a711798cbbcc"
    },
    "E:\\futbol_Internacional_2D\\assets\\Sprite\\Jugadores\\Paleta-Corea.png.meta": {
      "time": 1758918126509.5327
    },
    "E:\\futbol_Internacional_2D\\assets\\Sprite\\Jugadores\\Paleta-Alemania.png.meta": {
      "time": 1758918126470.1045
    },
    "E:\\futbol_Internacional_2D\\assets\\Sprite\\Jugadores\\Paleta-Francia.png.meta": {
      "time": 1758918126448.0017
    },
    "E:\\futbol_Internacional_2D\\assets\\Sprite\\Jugadores\\Paleta-Holanda.png.meta": {
      "time": 1758918126388.1555
    },
    "E:\\futbol_Internacional_2D\\assets\\Sprite\\Jugadores\\Paleta-Portugal.png.meta": {
      "time": 1758918126411.2922
    },
    "E:\\futbol_Internacional_2D\\assets\\Sprite\\Jugadores\\Paleta-Inglaterra.png.meta": {
      "time": 1758917211777.589
    },
    "E:\\futbol_Internacional_2D\\assets\\Sprite\\Jugadores\\Paleta-Japón.png.meta": {
      "time": 1758918126432.0103
    },
    "E:\\futbol_Internacional_2D\\assets\\Sprite\\Jugadores\\Paleta-Italia.png.meta": {
      "time": 1758918126492.1843
    },
    "E:\\futbol_Internacional_2D\\assets\\Sprite\\Jugadores\\Paleta-Corea.png": {
      "time": 1758918019808.2349,
      "uuid": "43b0affd-547a-42b4-8446-13d6f3a2555b"
    },
    "E:\\futbol_Internacional_2D\\assets\\Sprite\\Jugadores\\Paleta-Alemania.png": {
      "time": 1758918019801.23,
      "uuid": "5b3db8b8-a361-4f10-8c78-b92f22444abc"
    },
    "E:\\futbol_Internacional_2D\\assets\\Sprite\\Jugadores\\Paleta-Francia.png": {
      "time": 1758918019821.4956,
      "uuid": "0e83d900-1285-4f87-98ca-1e7f13250261"
    },
    "E:\\futbol_Internacional_2D\\assets\\Sprite\\Jugadores\\Paleta-Holanda.png": {
      "time": 1758918019836.0115,
      "uuid": "a407725f-791a-41a3-8877-66d45fd72605"
    },
    "E:\\futbol_Internacional_2D\\assets\\Sprite\\Jugadores\\Paleta-Portugal.png": {
      "time": 1758918019888.921,
      "uuid": "e41baa91-68fe-4873-923c-bc1c2c3b2dce"
    },
    "E:\\futbol_Internacional_2D\\assets\\Sprite\\Jugadores\\Paleta-Inglaterra.png": {
      "time": 1758918019852.7307,
      "uuid": "7c14948e-094c-4c06-bee1-7ffef977d51c"
    },
    "E:\\futbol_Internacional_2D\\assets\\Sprite\\Jugadores\\Paleta-Japón.png": {
      "time": 1758918019879.2854,
      "uuid": "5a5e3f07-c857-4569-88fb-7324c02df4a3"
    },
    "E:\\futbol_Internacional_2D\\assets\\Sprite\\Jugadores\\Paleta-Italia.png": {
      "time": 1758918019867.7693,
      "uuid": "de2d5d10-6d46-48fa-b53f-7119c61402fc"
    },
    "E:\\PuntosFutbol-2026\\Rebote_Gol\\assets\\Animation": {
      "time": 1750706942957.6646,
      "uuid": "840c8bd3-3b2c-4fbe-a609-ec0453dae66b"
    },
    "E:\\PuntosFutbol-2026\\Rebote_Gol\\assets\\Font": {
      "time": 1750797168401.5513,
      "uuid": "320e2342-8a9a-475f-be20-2d701e7db326"
    },
    "E:\\PuntosFutbol-2026\\Rebote_Gol\\assets\\Material": {
      "time": 1747259234000,
      "uuid": "0b406293-a231-4739-8a0a-e9d2f072f80d"
    },
    "E:\\PuntosFutbol-2026\\Rebote_Gol\\assets\\Prefab": {
      "time": 1747259216000,
      "uuid": "0f3ec89d-77ca-4f9d-9adc-2114b70c09b2"
    },
    "E:\\PuntosFutbol-2026\\Rebote_Gol\\assets\\Scene": {
      "time": 1750706064288.82,
      "uuid": "80fb8973-e366-4609-881a-a20793bf227e"
    },
    "E:\\PuntosFutbol-2026\\Rebote_Gol\\assets\\Script": {
      "time": 1758853202422.8364,
      "uuid": "5adada95-1cfd-48f9-914d-42e470873028"
    },
    "E:\\PuntosFutbol-2026\\Rebote_Gol\\assets\\Sprite": {
      "time": 1758941880441.8186,
      "uuid": "aaf201f1-0160-4b1a-99a4-887437aef030"
    },
    "E:\\PuntosFutbol-2026\\Rebote_Gol\\assets\\Sprite\\Banderas": {
      "time": 1758856059819.689,
      "uuid": "095b901c-2d14-47dc-842b-b825b81fbb30"
    },
    "E:\\PuntosFutbol-2026\\Rebote_Gol\\assets\\Sprite\\BanderasSeleccionadas": {
      "time": 1758856059819.689,
      "uuid": "90abf8dd-feb9-4d9d-a46a-af7b400df9c0"
    },
    "E:\\PuntosFutbol-2026\\Rebote_Gol\\assets\\Sprite\\Jugadores": {
      "time": 1758918134458.0366,
      "uuid": "1032d5dc-9ab2-4936-becd-69a4decb6b0d"
    },
    "E:\\PuntosFutbol-2026\\Rebote_Gol\\assets\\Script\\AutoImpulsoSiSeDetiene.ts": {
      "time": 1758918889148.6912,
      "uuid": "a91aa26b-d158-42c1-b79b-ac0b7e21c2a5"
    },
    "E:\\PuntosFutbol-2026\\Rebote_Gol\\assets\\Script\\Botones-players.ts": {
      "time": 1750453817192.696,
      "uuid": "9d6e83a8-6058-4fae-a506-9547d8e8c241"
    },
    "E:\\PuntosFutbol-2026\\Rebote_Gol\\assets\\Script\\ButtonMessage.ts": {
      "time": 1760996721303.2576,
      "uuid": "4040ac00-113f-4c70-b702-dabd16e934ba"
    },
    "E:\\PuntosFutbol-2026\\Rebote_Gol\\assets\\Script\\CambioEscena.ts": {
      "time": 1758844212122.5708,
      "uuid": "a48ba88b-3c96-47d1-9b93-39739e84b177"
    },
    "E:\\PuntosFutbol-2026\\Rebote_Gol\\assets\\Script\\detecta.ts": {
      "time": 1750879554536.2542,
      "uuid": "6496ddb9-9092-49b9-8721-0487c1845b7c"
    },
    "E:\\PuntosFutbol-2026\\Rebote_Gol\\assets\\Script\\Equipos.ts": {
      "time": 1750704465594.8992,
      "uuid": "231f3b9e-4385-4e63-ab4c-d497440fcc08"
    },
    "E:\\PuntosFutbol-2026\\Rebote_Gol\\assets\\Script\\InicioPelota.ts": {
      "time": 1758855121939.1804,
      "uuid": "69e8f093-9b37-469d-b780-1faa53babec9"
    },
    "E:\\PuntosFutbol-2026\\Rebote_Gol\\assets\\Script\\ManagerGame.ts": {
      "time": 1758941315160.559,
      "uuid": "179e48c6-d7da-47bd-a180-658e00fa9b28"
    },
    "E:\\PuntosFutbol-2026\\Rebote_Gol\\assets\\Script\\ManagerSeleccion.ts": {
      "time": 1750453154441.9202,
      "uuid": "ea6180cc-9990-49c2-97d5-0f767f24824a"
    },
    "E:\\PuntosFutbol-2026\\Rebote_Gol\\assets\\Script\\MovimientoPlayer.ts": {
      "time": 1758855626256.3318,
      "uuid": "85b33c16-628d-4ce6-9062-7f6049ae3d80"
    },
    "E:\\PuntosFutbol-2026\\Rebote_Gol\\assets\\Script\\PCmove.ts": {
      "time": 1758852575930.862,
      "uuid": "bfc07a3c-a1c3-40d0-a4c6-65d2f1fb6a7d"
    },
    "E:\\PuntosFutbol-2026\\Rebote_Gol\\assets\\Script\\PoscionBoton.ts": {
      "time": 1750704453286.38,
      "uuid": "fb58b77d-abd8-47a4-8081-2edf85cf3604"
    },
    "E:\\PuntosFutbol-2026\\Rebote_Gol\\assets\\Script\\SeleccionEquipo.ts": {
      "time": 1750704457464.3306,
      "uuid": "c3213bd6-09ba-48f3-9092-00fb96cbe36d"
    },
    "E:\\PuntosFutbol-2026\\Rebote_Gol\\assets\\Animation.meta": {
      "time": 1748645301785.1172
    },
    "E:\\PuntosFutbol-2026\\Rebote_Gol\\assets\\Font.meta": {
      "time": 1750797141443.07
    },
    "E:\\PuntosFutbol-2026\\Rebote_Gol\\assets\\Material.meta": {
      "time": 1748645301788.632
    },
    "E:\\PuntosFutbol-2026\\Rebote_Gol\\assets\\Prefab.meta": {
      "time": 1748645301791.6365
    },
    "E:\\PuntosFutbol-2026\\Rebote_Gol\\assets\\Scene.meta": {
      "time": 1748645301795.1548
    },
    "E:\\PuntosFutbol-2026\\Rebote_Gol\\assets\\Script.meta": {
      "time": 1748645301799.671
    },
    "E:\\PuntosFutbol-2026\\Rebote_Gol\\assets\\Sprite.meta": {
      "time": 1748645301803.1775
    },
    "E:\\PuntosFutbol-2026\\Rebote_Gol\\assets\\Sprite\\Banderas.meta": {
      "time": 1750703542068.7185
    },
    "E:\\PuntosFutbol-2026\\Rebote_Gol\\assets\\Sprite\\BanderasSeleccionadas.meta": {
      "time": 1750703552424.2925
    },
    "E:\\PuntosFutbol-2026\\Rebote_Gol\\assets\\Sprite\\Jugadores.meta": {
      "time": 1750703560493.7017
    },
    "E:\\PuntosFutbol-2026\\Rebote_Gol\\assets\\Script\\AutoImpulsoSiSeDetiene.ts.meta": {
      "time": 1758853202432.835
    },
    "E:\\PuntosFutbol-2026\\Rebote_Gol\\assets\\Script\\Botones-players.ts.meta": {
      "time": 1750453029491.9456
    },
    "E:\\PuntosFutbol-2026\\Rebote_Gol\\assets\\Script\\ButtonMessage.ts.meta": {
      "time": 1744315293919.6772
    },
    "E:\\PuntosFutbol-2026\\Rebote_Gol\\assets\\Script\\CambioEscena.ts.meta": {
      "time": 1748649942172.3938
    },
    "E:\\PuntosFutbol-2026\\Rebote_Gol\\assets\\Script\\detecta.ts.meta": {
      "time": 1750801925224.9111
    },
    "E:\\PuntosFutbol-2026\\Rebote_Gol\\assets\\Script\\Equipos.ts.meta": {
      "time": 1750456858002.0427
    },
    "E:\\PuntosFutbol-2026\\Rebote_Gol\\assets\\Script\\InicioPelota.ts.meta": {
      "time": 1748645301866.8728
    },
    "E:\\PuntosFutbol-2026\\Rebote_Gol\\assets\\Script\\ManagerGame.ts.meta": {
      "time": 1750716137515.4429
    },
    "E:\\PuntosFutbol-2026\\Rebote_Gol\\assets\\Script\\ManagerSeleccion.ts.meta": {
      "time": 1748649942187.6023
    },
    "E:\\PuntosFutbol-2026\\Rebote_Gol\\assets\\Script\\MovimientoPlayer.ts.meta": {
      "time": 1748645301875.1748
    },
    "E:\\PuntosFutbol-2026\\Rebote_Gol\\assets\\Script\\PCmove.ts.meta": {
      "time": 1748645301890.7178
    },
    "E:\\PuntosFutbol-2026\\Rebote_Gol\\assets\\Script\\PoscionBoton.ts.meta": {
      "time": 1748649942205.172
    },
    "E:\\PuntosFutbol-2026\\Rebote_Gol\\assets\\Script\\SeleccionEquipo.ts.meta": {
      "time": 1748649942213.4146
    },
    "E:\\PuntosFutbol-2026\\Rebote_Gol\\assets\\Animation\\pc-siguiente.anim": {
      "time": 1750800954801.3687,
      "uuid": "ed922c40-776f-467b-babb-4564d7bf2cfc"
    },
    "E:\\PuntosFutbol-2026\\Rebote_Gol\\assets\\Font\\DynaPuff-Bold.ttf": {
      "time": 1748633989180.8086,
      "uuid": "8f34cdde-8e21-473b-8491-0d4d6f5cbbc5"
    },
    "E:\\PuntosFutbol-2026\\Rebote_Gol\\assets\\Scene\\Inicio.scene": {
      "time": 1760996736512.0662,
      "uuid": "b50279db-5d07-4597-81a3-fca216a2253b"
    },
    "E:\\PuntosFutbol-2026\\Rebote_Gol\\assets\\Scene\\Instrucciones.scene": {
      "time": 1758844650663.678,
      "uuid": "38cac870-3893-463a-b99a-2cc74a25d1f6"
    },
    "E:\\PuntosFutbol-2026\\Rebote_Gol\\assets\\Scene\\Juego.scene": {
      "time": 1758918790927.321,
      "uuid": "e07e26b6-478f-46f9-a85a-cf7135b2e34d"
    },
    "E:\\PuntosFutbol-2026\\Rebote_Gol\\assets\\Scene\\Jugadores.scene": {
      "time": 1758845370237.4956,
      "uuid": "5bde48cc-8b70-444c-8375-949c5ccbaa5f"
    },
    "E:\\PuntosFutbol-2026\\Rebote_Gol\\assets\\Scene\\Seleccion_1_jugador.scene": {
      "time": 1758917270233.1584,
      "uuid": "8eeb58fb-3eb7-444d-af12-93aff3a8c2cc"
    },
    "E:\\PuntosFutbol-2026\\Rebote_Gol\\assets\\Scene\\Seleccion_2_jugador.scene": {
      "time": 1758917407330.0205,
      "uuid": "d27fddcf-8645-43fc-8729-495190082221"
    },
    "E:\\PuntosFutbol-2026\\Rebote_Gol\\assets\\Sprite\\1 jugador-des.png": {
      "time": 1748649942220.4119,
      "uuid": "d6ab43a2-2ac7-44e4-913e-40d310891252"
    },
    "E:\\PuntosFutbol-2026\\Rebote_Gol\\assets\\Sprite\\1 jugador.png": {
      "time": 1748649942226.427,
      "uuid": "40bab3ce-9c37-4889-8e53-7856e7b41b15"
    },
    "E:\\PuntosFutbol-2026\\Rebote_Gol\\assets\\Sprite\\HockeyFutbol_balon.png": {
      "time": 1748645301915.2932,
      "uuid": "0daca769-24b5-4274-abfd-a6b20254374a"
    },
    "E:\\PuntosFutbol-2026\\Rebote_Gol\\assets\\Sprite\\HockeyFutbol_inst.png": {
      "time": 1758941680774.1555,
      "uuid": "25eb2a59-09d9-494d-a138-18880ac11668"
    },
    "E:\\PuntosFutbol-2026\\Rebote_Gol\\assets\\Sprite\\HockeyFutbol_juego.png": {
      "time": 1748645301928.3135,
      "uuid": "13779397-722a-445f-b252-33ac7ec8d139"
    },
    "E:\\PuntosFutbol-2026\\Rebote_Gol\\assets\\Sprite\\Marcos-HockeyFutbol_juego.png": {
      "time": 1748645301937.3408,
      "uuid": "6962835f-0487-410e-b09f-4b40cd8a9176"
    },
    "E:\\PuntosFutbol-2026\\Rebote_Gol\\assets\\Sprite\\Multijugador-des.png": {
      "time": 1748649942251.0957,
      "uuid": "2e09329c-c656-461a-a479-84824748d1d8"
    },
    "E:\\PuntosFutbol-2026\\Rebote_Gol\\assets\\Sprite\\Multijugador.png": {
      "time": 1748649942257.6047,
      "uuid": "20a2aa20-7384-4724-841e-3ceb2bffdedc"
    },
    "E:\\PuntosFutbol-2026\\Rebote_Gol\\assets\\Sprite\\Objetivos_gameover.png": {
      "time": 1750877974593.7715,
      "uuid": "f1294588-89b4-4715-84d3-d32b3efbb02c"
    },
    "E:\\PuntosFutbol-2026\\Rebote_Gol\\assets\\Sprite\\Penaltis-internacional Play-H.png": {
      "time": 1748649942271.1348,
      "uuid": "6c946546-627b-4ec7-8ceb-a0697f0bd4af"
    },
    "E:\\PuntosFutbol-2026\\Rebote_Gol\\assets\\Sprite\\Penaltis-internacional Play-P.png": {
      "time": 1748649942278.6428,
      "uuid": "8b869d2a-0c8c-4a50-a18e-8597b41bf480"
    },
    "E:\\PuntosFutbol-2026\\Rebote_Gol\\assets\\Sprite\\Penaltis-internacional Play.png": {
      "time": 1748649942285.1501,
      "uuid": "6da814e2-01e2-4457-b52c-4fd5c69c4c77"
    },
    "E:\\PuntosFutbol-2026\\Rebote_Gol\\assets\\Sprite\\Penaltis-internacional Salir-H.png": {
      "time": 1748649942292.1667,
      "uuid": "0ed0bb02-e79f-4a1b-977d-0a8898e24d0c"
    },
    "E:\\PuntosFutbol-2026\\Rebote_Gol\\assets\\Sprite\\Penaltis-internacional Salir-P.png": {
      "time": 1748649942298.1797,
      "uuid": "e2fb2c7c-3501-4fc4-bc0f-2ccfc1622f4c"
    },
    "E:\\PuntosFutbol-2026\\Rebote_Gol\\assets\\Sprite\\Penaltis-internacional Salir.png": {
      "time": 1748649942305.2522,
      "uuid": "896b1b7a-6760-4707-baa0-6688146257d9"
    },
    "E:\\PuntosFutbol-2026\\Rebote_Gol\\assets\\Sprite\\Penaltis-internacional Siguiente-H.png": {
      "time": 1748649942311.273,
      "uuid": "be39bbe7-f5e6-430f-a9a9-3661cb9ba7e9"
    },
    "E:\\PuntosFutbol-2026\\Rebote_Gol\\assets\\Sprite\\Penaltis-internacional Siguiente-P.png": {
      "time": 1748649942318.783,
      "uuid": "d05cf504-cb6e-472a-afc4-263fb5ffa349"
    },
    "E:\\PuntosFutbol-2026\\Rebote_Gol\\assets\\Sprite\\Penaltis-internacional Siguiente.png": {
      "time": 1748649942325.2983,
      "uuid": "01eea036-52b3-4901-8ab7-86d649853dd1"
    },
    "E:\\PuntosFutbol-2026\\Rebote_Gol\\assets\\Sprite\\Penaltis-internacional Volver-H.png": {
      "time": 1750795036975.8403,
      "uuid": "c62da4ec-55a0-4d7e-a70b-b022713fdd1b"
    },
    "E:\\PuntosFutbol-2026\\Rebote_Gol\\assets\\Sprite\\Penaltis-internacional Volver-P.png": {
      "time": 1750795041195.4016,
      "uuid": "0c75ec44-bd08-4072-8276-87c84c2c84e4"
    },
    "E:\\PuntosFutbol-2026\\Rebote_Gol\\assets\\Sprite\\Penaltis-internacional Volver.png": {
      "time": 1750795039288.8086,
      "uuid": "e1f7e8c5-1fe4-4ace-8b93-91283eb88934"
    },
    "E:\\PuntosFutbol-2026\\Rebote_Gol\\assets\\Sprite\\Penaltis-internacional-inicio-H.png": {
      "time": 1750795892985.1829,
      "uuid": "07ea6a73-76ca-471a-8b28-29e4e0055119"
    },
    "E:\\PuntosFutbol-2026\\Rebote_Gol\\assets\\Sprite\\Penaltis-internacional-inicio-P.png": {
      "time": 1750795896350.1782,
      "uuid": "76ad0a3b-fe2f-4ddc-bfef-fe847fd99a03"
    },
    "E:\\PuntosFutbol-2026\\Rebote_Gol\\assets\\Sprite\\Penaltis-internacional-inicio.png": {
      "time": 1750795894799.2688,
      "uuid": "3608c0d3-db21-4a7d-9123-78a5723e9e5f"
    },
    "E:\\PuntosFutbol-2026\\Rebote_Gol\\assets\\Sprite\\Penaltis_seleccion.png": {
      "time": 1758914994499.4426,
      "uuid": "08cc43f8-584d-4c53-bc16-8233258f6a1d"
    },
    "E:\\PuntosFutbol-2026\\Rebote_Gol\\assets\\Sprite\\Penaltis_seleccion2.png": {
      "time": 1758920307086.0938,
      "uuid": "7bd619a1-e5eb-421c-bb8b-875dca91c219"
    },
    "E:\\PuntosFutbol-2026\\Rebote_Gol\\assets\\Sprite\\Pong Portada (1).png": {
      "time": 1750696365306.807,
      "uuid": "d57f70fd-8826-47f4-ba69-005a4f968989"
    },
    "E:\\PuntosFutbol-2026\\Rebote_Gol\\assets\\Sprite\\PuntosFutbol2026 1.png": {
      "time": 1750435577733.984,
      "uuid": "ed678989-ed0f-4674-9514-23794f744a0e"
    },
    "E:\\PuntosFutbol-2026\\Rebote_Gol\\assets\\Sprite\\Banderas\\Alemania.png": {
      "time": 1758829519646.3196,
      "uuid": "1f191e90-76e8-4222-9785-a53d900b67eb"
    },
    "E:\\PuntosFutbol-2026\\Rebote_Gol\\assets\\Sprite\\Banderas\\Argentina.png": {
      "time": 1748649942436.504,
      "uuid": "3f6ec3f6-d053-4cdb-942b-143cf45960bb"
    },
    "E:\\PuntosFutbol-2026\\Rebote_Gol\\assets\\Sprite\\Banderas\\Bolivia.png": {
      "time": 1748649942450.0266,
      "uuid": "d548bdb8-0b5c-4a2b-bdfd-170714f3ea1c"
    },
    "E:\\PuntosFutbol-2026\\Rebote_Gol\\assets\\Sprite\\Banderas\\Brasil.png": {
      "time": 1748649942463.557,
      "uuid": "3569fc3d-1124-4507-aa03-0af7d054638b"
    },
    "E:\\PuntosFutbol-2026\\Rebote_Gol\\assets\\Sprite\\Banderas\\Canada.png": {
      "time": 1750462829115.9944,
      "uuid": "c382c343-ae7e-43a0-8546-f08f391a2e60"
    },
    "E:\\PuntosFutbol-2026\\Rebote_Gol\\assets\\Sprite\\Banderas\\Chile.png": {
      "time": 1748649942478.574,
      "uuid": "eb46ff2f-5c5e-4593-a282-b36660d2eff4"
    },
    "E:\\PuntosFutbol-2026\\Rebote_Gol\\assets\\Sprite\\Banderas\\Colombia.png": {
      "time": 1748649942495.1465,
      "uuid": "fb0fd35b-e401-4f87-bccf-a6b25b814d76"
    },
    "E:\\PuntosFutbol-2026\\Rebote_Gol\\assets\\Sprite\\Banderas\\Corea.png": {
      "time": 1758829519680.3315,
      "uuid": "8ed564e6-c11b-4238-9c32-be4888179e00"
    },
    "E:\\PuntosFutbol-2026\\Rebote_Gol\\assets\\Sprite\\Banderas\\Francia.png": {
      "time": 1758829519683.3352,
      "uuid": "620e1629-492d-47c1-94be-d8e6dbc1147d"
    },
    "E:\\PuntosFutbol-2026\\Rebote_Gol\\assets\\Sprite\\Banderas\\Holanda.png": {
      "time": 1758829519687.338,
      "uuid": "a031ed03-9a60-4c7f-9312-0b20e87d528c"
    },
    "E:\\PuntosFutbol-2026\\Rebote_Gol\\assets\\Sprite\\Banderas\\Inglaterra.png": {
      "time": 1758829519690.8413,
      "uuid": "b3a1608b-396a-414d-8791-fbffbcd1c4d7"
    },
    "E:\\PuntosFutbol-2026\\Rebote_Gol\\assets\\Sprite\\Banderas\\Italia.png": {
      "time": 1758829519694.843,
      "uuid": "127b9eef-c73c-4bbb-9963-1916686e2fb0"
    },
    "E:\\PuntosFutbol-2026\\Rebote_Gol\\assets\\Sprite\\Banderas\\Japon.png": {
      "time": 1758829519697.8425,
      "uuid": "c62d0609-130b-436a-8ab7-46f64d1d9069"
    },
    "E:\\PuntosFutbol-2026\\Rebote_Gol\\assets\\Sprite\\Banderas\\Mexico.png": {
      "time": 1750462824468.6494,
      "uuid": "d5686deb-8e38-4296-be88-726845562330"
    },
    "E:\\PuntosFutbol-2026\\Rebote_Gol\\assets\\Sprite\\Banderas\\Paraguay.png": {
      "time": 1748649942508.6553,
      "uuid": "915829e2-a7f4-4f90-bdab-e0ee9fd293c9"
    },
    "E:\\PuntosFutbol-2026\\Rebote_Gol\\assets\\Sprite\\Banderas\\Penaltis_jugadores.png": {
      "time": 1748649942350.4866,
      "uuid": "9b392085-a40d-42f4-9cf9-084897ba1eb5"
    },
    "E:\\PuntosFutbol-2026\\Rebote_Gol\\assets\\Sprite\\Banderas\\Perú.png": {
      "time": 1748649942522.2134,
      "uuid": "eafc7ea4-a1d1-4924-8944-24c780ee30ab"
    },
    "E:\\PuntosFutbol-2026\\Rebote_Gol\\assets\\Sprite\\Banderas\\Portugal.png": {
      "time": 1758829519701.3574,
      "uuid": "dbc6bd38-9f33-470a-94b5-75d66dddb2bb"
    },
    "E:\\PuntosFutbol-2026\\Rebote_Gol\\assets\\Sprite\\Banderas\\Uruguay.png": {
      "time": 1748649942535.2314,
      "uuid": "7497b263-e592-45a3-84eb-39b451d64d8c"
    },
    "E:\\PuntosFutbol-2026\\Rebote_Gol\\assets\\Sprite\\Banderas\\USA.png": {
      "time": 1750462833127.4468,
      "uuid": "af29bf4c-1429-45ac-bfa0-ac580b6a2941"
    },
    "E:\\PuntosFutbol-2026\\Rebote_Gol\\assets\\Sprite\\Banderas\\Venezuela.png": {
      "time": 1748649942548.7576,
      "uuid": "733f8630-2151-4dd1-8775-73dc24ee22fd"
    },
    "E:\\PuntosFutbol-2026\\Rebote_Gol\\assets\\Sprite\\BanderasSeleccionadas\\Alemania2.png": {
      "time": 1758829519650.319,
      "uuid": "97234527-7dc5-4d51-8ef8-546452c078e3"
    },
    "E:\\PuntosFutbol-2026\\Rebote_Gol\\assets\\Sprite\\BanderasSeleccionadas\\Argentina2.png": {
      "time": 1748649942443.0095,
      "uuid": "234e79a2-c930-4f09-bfbc-dee5e072834d"
    },
    "E:\\PuntosFutbol-2026\\Rebote_Gol\\assets\\Sprite\\BanderasSeleccionadas\\Bolivia2.png": {
      "time": 1748649942457.0405,
      "uuid": "da9cdde3-23f4-4387-b617-d06538fdcdbd"
    },
    "E:\\PuntosFutbol-2026\\Rebote_Gol\\assets\\Sprite\\BanderasSeleccionadas\\Brasil2.png": {
      "time": 1748649942471.0642,
      "uuid": "32b04645-ce5d-4412-8c6a-09b07c666330"
    },
    "E:\\PuntosFutbol-2026\\Rebote_Gol\\assets\\Sprite\\BanderasSeleccionadas\\Canada2.png": {
      "time": 1750464449791.5972,
      "uuid": "4eb35170-1c2b-4ef9-b9ea-b4d48a882977"
    },
    "E:\\PuntosFutbol-2026\\Rebote_Gol\\assets\\Sprite\\BanderasSeleccionadas\\Chile2.png": {
      "time": 1748649942487.5984,
      "uuid": "e4dcbea2-3b97-4217-8b6d-eee819afb2c7"
    },
    "E:\\PuntosFutbol-2026\\Rebote_Gol\\assets\\Sprite\\BanderasSeleccionadas\\Colombia2.png": {
      "time": 1748649942502.141,
      "uuid": "b51ce417-8850-427f-9d6a-b71f0da1d517"
    },
    "E:\\PuntosFutbol-2026\\Rebote_Gol\\assets\\Sprite\\BanderasSeleccionadas\\Corea2.png": {
      "time": 1758829519653.8264,
      "uuid": "ffd8a6d7-70cd-462b-a18f-501aadba1010"
    },
    "E:\\PuntosFutbol-2026\\Rebote_Gol\\assets\\Sprite\\BanderasSeleccionadas\\Francia2.png": {
      "time": 1758829519665.5232,
      "uuid": "b8a13f33-938d-4b21-82c2-901123ef751a"
    },
    "E:\\PuntosFutbol-2026\\Rebote_Gol\\assets\\Sprite\\BanderasSeleccionadas\\Holanda2.png": {
      "time": 1758829519662.525,
      "uuid": "ede9f3b5-fdad-4ec3-958f-4923706b8a5f"
    },
    "E:\\PuntosFutbol-2026\\Rebote_Gol\\assets\\Sprite\\BanderasSeleccionadas\\Inglaterra2.png": {
      "time": 1758829519658.0151,
      "uuid": "6a243751-fdd4-4f9b-9b4b-55c91e1a0037"
    },
    "E:\\PuntosFutbol-2026\\Rebote_Gol\\assets\\Sprite\\BanderasSeleccionadas\\Italia2.png": {
      "time": 1758829519672.8271,
      "uuid": "254e9397-2471-4bfc-82c5-7c987ff7ab24"
    },
    "E:\\PuntosFutbol-2026\\Rebote_Gol\\assets\\Sprite\\BanderasSeleccionadas\\Japon2.png": {
      "time": 1758829519669.5232,
      "uuid": "8e166124-f3ff-499a-9b93-9973b61f85fc"
    },
    "E:\\PuntosFutbol-2026\\Rebote_Gol\\assets\\Sprite\\BanderasSeleccionadas\\Mexico2.png": {
      "time": 1750464447032.4255,
      "uuid": "1a453c47-2de8-4962-a1bc-289139534eec"
    },
    "E:\\PuntosFutbol-2026\\Rebote_Gol\\assets\\Sprite\\BanderasSeleccionadas\\Paraguay2.png": {
      "time": 1748649942515.1648,
      "uuid": "2713ce44-4f4d-4eb2-84c5-351057fa6dde"
    },
    "E:\\PuntosFutbol-2026\\Rebote_Gol\\assets\\Sprite\\BanderasSeleccionadas\\Perú2.png": {
      "time": 1748649942528.7214,
      "uuid": "228d0725-53a5-4bd1-a7ad-72ace631fb1b"
    },
    "E:\\PuntosFutbol-2026\\Rebote_Gol\\assets\\Sprite\\BanderasSeleccionadas\\Portugal2.png": {
      "time": 1758829519676.8286,
      "uuid": "8177be68-9d14-489a-b0d6-a711798cbbcc"
    },
    "E:\\PuntosFutbol-2026\\Rebote_Gol\\assets\\Sprite\\BanderasSeleccionadas\\Uruguay2.png": {
      "time": 1748649942542.2483,
      "uuid": "dcc8bdb2-c777-415b-ad7b-ae263136acd9"
    },
    "E:\\PuntosFutbol-2026\\Rebote_Gol\\assets\\Sprite\\BanderasSeleccionadas\\USA2.png": {
      "time": 1750464452310.3076,
      "uuid": "5e0dd514-75b2-4482-9021-dfde7453f800"
    },
    "E:\\PuntosFutbol-2026\\Rebote_Gol\\assets\\Sprite\\BanderasSeleccionadas\\Venezuela2.png": {
      "time": 1748649942555.783,
      "uuid": "10bc7084-68b0-454a-9ab2-208cde7c53ef"
    },
    "E:\\PuntosFutbol-2026\\Rebote_Gol\\assets\\Sprite\\Jugadores\\Paleta-Alemania.png": {
      "time": 1758918019801.23,
      "uuid": "5b3db8b8-a361-4f10-8c78-b92f22444abc"
    },
    "E:\\PuntosFutbol-2026\\Rebote_Gol\\assets\\Sprite\\Jugadores\\Paleta-Argentina.png": {
      "time": 1750696114473.077,
      "uuid": "22db0d6e-9dfe-4246-8d74-0d06412f6425"
    },
    "E:\\PuntosFutbol-2026\\Rebote_Gol\\assets\\Sprite\\Jugadores\\Paleta-Bolivia.png": {
      "time": 1750696132127.5037,
      "uuid": "9d5ddff8-1b2d-4854-a5c9-8d7094f85343"
    },
    "E:\\PuntosFutbol-2026\\Rebote_Gol\\assets\\Sprite\\Jugadores\\Paleta-Brasil.png": {
      "time": 1748645301898.7483,
      "uuid": "743b7724-931f-463e-91d2-6f89ddba1823"
    },
    "E:\\PuntosFutbol-2026\\Rebote_Gol\\assets\\Sprite\\Jugadores\\Paleta-Canada.png": {
      "time": 1750696137514.3516,
      "uuid": "490d3280-a1ab-4206-b134-6c9096e663bf"
    },
    "E:\\PuntosFutbol-2026\\Rebote_Gol\\assets\\Sprite\\Jugadores\\Paleta-chile.png": {
      "time": 1750696102859.9084,
      "uuid": "f839573e-d102-498b-84c0-16c0f9ed8cda"
    },
    "E:\\PuntosFutbol-2026\\Rebote_Gol\\assets\\Sprite\\Jugadores\\Paleta-Colombia.png": {
      "time": 1750696127350.7166,
      "uuid": "68c0f125-ade4-41a1-9124-2fb5272c750d"
    },
    "E:\\PuntosFutbol-2026\\Rebote_Gol\\assets\\Sprite\\Jugadores\\Paleta-Corea.png": {
      "time": 1758918019808.2349,
      "uuid": "43b0affd-547a-42b4-8446-13d6f3a2555b"
    },
    "E:\\PuntosFutbol-2026\\Rebote_Gol\\assets\\Sprite\\Jugadores\\Paleta-Francia.png": {
      "time": 1758918019821.4956,
      "uuid": "0e83d900-1285-4f87-98ca-1e7f13250261"
    },
    "E:\\PuntosFutbol-2026\\Rebote_Gol\\assets\\Sprite\\Jugadores\\Paleta-Holanda.png": {
      "time": 1758918019836.0115,
      "uuid": "a407725f-791a-41a3-8877-66d45fd72605"
    },
    "E:\\PuntosFutbol-2026\\Rebote_Gol\\assets\\Sprite\\Jugadores\\Paleta-Inglaterra.png": {
      "time": 1758918019852.7307,
      "uuid": "7c14948e-094c-4c06-bee1-7ffef977d51c"
    },
    "E:\\PuntosFutbol-2026\\Rebote_Gol\\assets\\Sprite\\Jugadores\\Paleta-Italia.png": {
      "time": 1758918019867.7693,
      "uuid": "de2d5d10-6d46-48fa-b53f-7119c61402fc"
    },
    "E:\\PuntosFutbol-2026\\Rebote_Gol\\assets\\Sprite\\Jugadores\\Paleta-Japón.png": {
      "time": 1758918019879.2854,
      "uuid": "5a5e3f07-c857-4569-88fb-7324c02df4a3"
    },
    "E:\\PuntosFutbol-2026\\Rebote_Gol\\assets\\Sprite\\Jugadores\\Paleta-Mexico.png": {
      "time": 1750696150103.9255,
      "uuid": "586652d7-de0e-4f9c-9dd4-21e8d67f637a"
    },
    "E:\\PuntosFutbol-2026\\Rebote_Gol\\assets\\Sprite\\Jugadores\\Paleta-Paraguay.png": {
      "time": 1750696121962.527,
      "uuid": "49296929-69a2-4c13-9b4f-7687080a06fb"
    },
    "E:\\PuntosFutbol-2026\\Rebote_Gol\\assets\\Sprite\\Jugadores\\Paleta-Peru.png": {
      "time": 1750696107022.2893,
      "uuid": "c633e13d-a9b3-4bb5-b470-c534a43ec435"
    },
    "E:\\PuntosFutbol-2026\\Rebote_Gol\\assets\\Sprite\\Jugadores\\Paleta-Portugal.png": {
      "time": 1758918019888.921,
      "uuid": "e41baa91-68fe-4873-923c-bc1c2c3b2dce"
    },
    "E:\\PuntosFutbol-2026\\Rebote_Gol\\assets\\Sprite\\Jugadores\\Paleta-Uruguay.png": {
      "time": 1750696110387.6013,
      "uuid": "133482e3-7267-4526-a9dd-a4abbfb1b5d8"
    },
    "E:\\PuntosFutbol-2026\\Rebote_Gol\\assets\\Sprite\\Jugadores\\paleta-USA.png": {
      "time": 1750696156365.9983,
      "uuid": "db5769bf-cea2-45b5-84ec-975a92c37f24"
    },
    "E:\\PuntosFutbol-2026\\Rebote_Gol\\assets\\Sprite\\Jugadores\\Paleta-Venezuela.png": {
      "time": 1750696118403.9868,
      "uuid": "80f48b7d-bf1a-4fc9-99fd-e3a04e6c9f92"
    },
    "E:\\PuntosFutbol-2026\\Rebote_Gol\\assets\\Scene\\Inicio.scene.meta": {
      "time": 1748645301823.242
    },
    "E:\\PuntosFutbol-2026\\Rebote_Gol\\assets\\Scene\\Juego.scene.meta": {
      "time": 1748645301839.797
    },
    "E:\\PuntosFutbol-2026\\Rebote_Gol\\assets\\Scene\\Instrucciones.scene.meta": {
      "time": 1748645301831.7632
    },
    "E:\\PuntosFutbol-2026\\Rebote_Gol\\assets\\Animation\\pc-siguiente.anim.meta": {
      "time": 1750706942965.177
    },
    "E:\\PuntosFutbol-2026\\Rebote_Gol\\assets\\Scene\\Seleccion_1_jugador.scene.meta": {
      "time": 1748645301847.3008
    },
    "E:\\PuntosFutbol-2026\\Rebote_Gol\\assets\\Font\\DynaPuff-Bold.ttf.meta": {
      "time": 1748633989185.3188
    },
    "E:\\PuntosFutbol-2026\\Rebote_Gol\\assets\\Scene\\Jugadores.scene.meta": {
      "time": 1750705570860.599
    },
    "E:\\PuntosFutbol-2026\\Rebote_Gol\\assets\\Scene\\Seleccion_2_jugador.scene.meta": {
      "time": 1748645301854.3262
    },
    "E:\\PuntosFutbol-2026\\Rebote_Gol\\assets\\Sprite\\1 jugador-des.png.meta": {
      "time": 1748649942223.9233
    },
    "E:\\PuntosFutbol-2026\\Rebote_Gol\\assets\\Sprite\\1 jugador.png.meta": {
      "time": 1748649942229.4314
    },
    "E:\\PuntosFutbol-2026\\Rebote_Gol\\assets\\Sprite\\HockeyFutbol_balon.png.meta": {
      "time": 1748645301919.807
    },
    "E:\\PuntosFutbol-2026\\Rebote_Gol\\assets\\Sprite\\HockeyFutbol_inst.png.meta": {
      "time": 1750699763465.4592
    },
    "E:\\PuntosFutbol-2026\\Rebote_Gol\\assets\\Sprite\\HockeyFutbol_juego.png.meta": {
      "time": 1748645301932.8237
    },
    "E:\\PuntosFutbol-2026\\Rebote_Gol\\assets\\Sprite\\Multijugador.png.meta": {
      "time": 1748649942261.114
    },
    "E:\\PuntosFutbol-2026\\Rebote_Gol\\assets\\Sprite\\Marcos-HockeyFutbol_juego.png.meta": {
      "time": 1748645301941.3452
    },
    "E:\\PuntosFutbol-2026\\Rebote_Gol\\assets\\Sprite\\Multijugador-des.png.meta": {
      "time": 1748649942254.6047
    },
    "E:\\PuntosFutbol-2026\\Rebote_Gol\\assets\\Sprite\\Penaltis-internacional Play-H.png.meta": {
      "time": 1748649942275.1348
    },
    "E:\\PuntosFutbol-2026\\Rebote_Gol\\assets\\Sprite\\Penaltis-internacional Play-P.png.meta": {
      "time": 1748649942282.1511
    },
    "E:\\PuntosFutbol-2026\\Rebote_Gol\\assets\\Sprite\\Objetivos_gameover.png.meta": {
      "time": 1750877934220.3203
    },
    "E:\\PuntosFutbol-2026\\Rebote_Gol\\assets\\Sprite\\Penaltis-internacional Salir-H.png.meta": {
      "time": 1748649942295.167
    },
    "E:\\PuntosFutbol-2026\\Rebote_Gol\\assets\\Sprite\\Penaltis-internacional Play.png.meta": {
      "time": 1748649942288.6587
    },
    "E:\\PuntosFutbol-2026\\Rebote_Gol\\assets\\Sprite\\Penaltis-internacional Salir-P.png.meta": {
      "time": 1748649942301.254
    },
    "E:\\PuntosFutbol-2026\\Rebote_Gol\\assets\\Sprite\\Penaltis-internacional Salir.png.meta": {
      "time": 1748649942308.7625
    },
    "E:\\PuntosFutbol-2026\\Rebote_Gol\\assets\\Sprite\\Penaltis-internacional Siguiente-P.png.meta": {
      "time": 1748649942321.293
    },
    "E:\\PuntosFutbol-2026\\Rebote_Gol\\assets\\Sprite\\Penaltis-internacional Siguiente-H.png.meta": {
      "time": 1748649942315.2732
    },
    "E:\\PuntosFutbol-2026\\Rebote_Gol\\assets\\Sprite\\Penaltis-internacional Siguiente.png.meta": {
      "time": 1748649942327.8096
    },
    "E:\\PuntosFutbol-2026\\Rebote_Gol\\assets\\Sprite\\Penaltis-internacional Volver.png.meta": {
      "time": 1750797659955.3557
    },
    "E:\\PuntosFutbol-2026\\Rebote_Gol\\assets\\Sprite\\Penaltis-internacional-inicio-H.png.meta": {
      "time": 1750797659898.8455
    },
    "E:\\PuntosFutbol-2026\\Rebote_Gol\\assets\\Sprite\\Penaltis-internacional Volver-P.png.meta": {
      "time": 1750797659942.3572
    },
    "E:\\PuntosFutbol-2026\\Rebote_Gol\\assets\\Sprite\\Penaltis-internacional Volver-H.png.meta": {
      "time": 1750797659971.3608
    },
    "E:\\PuntosFutbol-2026\\Rebote_Gol\\assets\\Sprite\\Penaltis-internacional-inicio-P.png.meta": {
      "time": 1750797659911.844
    },
    "E:\\PuntosFutbol-2026\\Rebote_Gol\\assets\\Sprite\\Penaltis-internacional-inicio.png.meta": {
      "time": 1750797659926.3613
    },
    "E:\\PuntosFutbol-2026\\Rebote_Gol\\assets\\Sprite\\Penaltis_seleccion.png.meta": {
      "time": 1748649942362.7312
    },
    "E:\\PuntosFutbol-2026\\Rebote_Gol\\assets\\Sprite\\Penaltis_seleccion2.png.meta": {
      "time": 1748649942372.2434
    },
    "E:\\PuntosFutbol-2026\\Rebote_Gol\\assets\\Sprite\\PuntosFutbol2026 1.png.meta": {
      "time": 1750435644951.3035
    },
    "E:\\PuntosFutbol-2026\\Rebote_Gol\\assets\\Sprite\\Pong Portada (1).png.meta": {
      "time": 1750699759591.0486
    },
    "E:\\PuntosFutbol-2026\\Rebote_Gol\\assets\\Sprite\\Banderas\\Argentina.png.meta": {
      "time": 1748649942439.502
    },
    "E:\\PuntosFutbol-2026\\Rebote_Gol\\assets\\Sprite\\Banderas\\Bolivia.png.meta": {
      "time": 1748649942454.0317
    },
    "E:\\PuntosFutbol-2026\\Rebote_Gol\\assets\\Sprite\\Banderas\\Alemania.png.meta": {
      "time": 1758856040433.03
    },
    "E:\\PuntosFutbol-2026\\Rebote_Gol\\assets\\Sprite\\Banderas\\Brasil.png.meta": {
      "time": 1748649942467.557
    },
    "E:\\PuntosFutbol-2026\\Rebote_Gol\\assets\\Sprite\\Banderas\\Canada.png.meta": {
      "time": 1750463979305.4587
    },
    "E:\\PuntosFutbol-2026\\Rebote_Gol\\assets\\Sprite\\Banderas\\Colombia.png.meta": {
      "time": 1748649942498.166
    },
    "E:\\PuntosFutbol-2026\\Rebote_Gol\\assets\\Sprite\\Banderas\\Corea.png.meta": {
      "time": 1758856040470.5498
    },
    "E:\\PuntosFutbol-2026\\Rebote_Gol\\assets\\Sprite\\Banderas\\Chile.png.meta": {
      "time": 1748649942483.0884
    },
    "E:\\PuntosFutbol-2026\\Rebote_Gol\\assets\\Sprite\\Banderas\\Francia.png.meta": {
      "time": 1758856040488.547
    },
    "E:\\PuntosFutbol-2026\\Rebote_Gol\\assets\\Sprite\\Banderas\\Inglaterra.png.meta": {
      "time": 1758856040586.5823
    },
    "E:\\PuntosFutbol-2026\\Rebote_Gol\\assets\\Sprite\\Banderas\\Holanda.png.meta": {
      "time": 1758856040546.0647
    },
    "E:\\PuntosFutbol-2026\\Rebote_Gol\\assets\\Sprite\\Banderas\\Italia.png.meta": {
      "time": 1758856040642.0981
    },
    "E:\\PuntosFutbol-2026\\Rebote_Gol\\assets\\Sprite\\Banderas\\Japon.png.meta": {
      "time": 1758856040675.62
    },
    "E:\\PuntosFutbol-2026\\Rebote_Gol\\assets\\Sprite\\Banderas\\Mexico.png.meta": {
      "time": 1750463979306.4563
    },
    "E:\\PuntosFutbol-2026\\Rebote_Gol\\assets\\Sprite\\Banderas\\Paraguay.png.meta": {
      "time": 1748649942512.165
    },
    "E:\\PuntosFutbol-2026\\Rebote_Gol\\assets\\Sprite\\Banderas\\Perú.png.meta": {
      "time": 1748649942525.213
    },
    "E:\\PuntosFutbol-2026\\Rebote_Gol\\assets\\Sprite\\Banderas\\Portugal.png.meta": {
      "time": 1758856040388.5232
    },
    "E:\\PuntosFutbol-2026\\Rebote_Gol\\assets\\Sprite\\Banderas\\Penaltis_jugadores.png.meta": {
      "time": 1748649942354.7136
    },
    "E:\\PuntosFutbol-2026\\Rebote_Gol\\assets\\Sprite\\Banderas\\Uruguay.png.meta": {
      "time": 1748649942538.7405
    },
    "E:\\PuntosFutbol-2026\\Rebote_Gol\\assets\\Sprite\\Banderas\\USA.png.meta": {
      "time": 1750463979303.4573
    },
    "E:\\PuntosFutbol-2026\\Rebote_Gol\\assets\\Sprite\\Banderas\\Venezuela.png.meta": {
      "time": 1748649942552.7837
    },
    "E:\\PuntosFutbol-2026\\Rebote_Gol\\assets\\Sprite\\BanderasSeleccionadas\\Alemania2.png.meta": {
      "time": 1758856040451.54
    },
    "E:\\PuntosFutbol-2026\\Rebote_Gol\\assets\\Sprite\\BanderasSeleccionadas\\Argentina2.png.meta": {
      "time": 1748649942446.5117
    },
    "E:\\PuntosFutbol-2026\\Rebote_Gol\\assets\\Sprite\\BanderasSeleccionadas\\Bolivia2.png.meta": {
      "time": 1748649942460.553
    },
    "E:\\PuntosFutbol-2026\\Rebote_Gol\\assets\\Sprite\\BanderasSeleccionadas\\Brasil2.png.meta": {
      "time": 1748649942475.0647
    },
    "E:\\PuntosFutbol-2026\\Rebote_Gol\\assets\\Sprite\\BanderasSeleccionadas\\Canada2.png.meta": {
      "time": 1750469864937.0447
    },
    "E:\\PuntosFutbol-2026\\Rebote_Gol\\assets\\Sprite\\BanderasSeleccionadas\\Chile2.png.meta": {
      "time": 1748649942491.148
    },
    "E:\\PuntosFutbol-2026\\Rebote_Gol\\assets\\Sprite\\BanderasSeleccionadas\\Colombia2.png.meta": {
      "time": 1748649942505.6504
    },
    "E:\\PuntosFutbol-2026\\Rebote_Gol\\assets\\Sprite\\BanderasSeleccionadas\\Corea2.png.meta": {
      "time": 1758856040528.0654
    },
    "E:\\PuntosFutbol-2026\\Rebote_Gol\\assets\\Sprite\\BanderasSeleccionadas\\Francia2.png.meta": {
      "time": 1758856040507.5483
    },
    "E:\\PuntosFutbol-2026\\Rebote_Gol\\assets\\Sprite\\BanderasSeleccionadas\\Holanda2.png.meta": {
      "time": 1758856040565.584
    },
    "E:\\PuntosFutbol-2026\\Rebote_Gol\\assets\\Sprite\\BanderasSeleccionadas\\Inglaterra2.png.meta": {
      "time": 1758856040606.5864
    },
    "E:\\PuntosFutbol-2026\\Rebote_Gol\\assets\\Sprite\\BanderasSeleccionadas\\Italia2.png.meta": {
      "time": 1758856040625.097
    },
    "E:\\PuntosFutbol-2026\\Rebote_Gol\\assets\\Sprite\\BanderasSeleccionadas\\Japon2.png.meta": {
      "time": 1758856040659.6228
    },
    "E:\\PuntosFutbol-2026\\Rebote_Gol\\assets\\Sprite\\BanderasSeleccionadas\\Mexico2.png.meta": {
      "time": 1750469887530.113
    },
    "E:\\PuntosFutbol-2026\\Rebote_Gol\\assets\\Sprite\\BanderasSeleccionadas\\Paraguay2.png.meta": {
      "time": 1748649942518.6782
    },
    "E:\\PuntosFutbol-2026\\Rebote_Gol\\assets\\Sprite\\BanderasSeleccionadas\\Perú2.png.meta": {
      "time": 1748649942532.2341
    },
    "E:\\PuntosFutbol-2026\\Rebote_Gol\\assets\\Sprite\\BanderasSeleccionadas\\Uruguay2.png.meta": {
      "time": 1748649942545.2488
    },
    "E:\\PuntosFutbol-2026\\Rebote_Gol\\assets\\Sprite\\BanderasSeleccionadas\\Portugal2.png.meta": {
      "time": 1758856040412.0337
    },
    "E:\\PuntosFutbol-2026\\Rebote_Gol\\assets\\Sprite\\BanderasSeleccionadas\\USA2.png.meta": {
      "time": 1750469892775.7688
    },
    "E:\\PuntosFutbol-2026\\Rebote_Gol\\assets\\Sprite\\BanderasSeleccionadas\\Venezuela2.png.meta": {
      "time": 1748649942558.782
    },
    "E:\\PuntosFutbol-2026\\Rebote_Gol\\assets\\Sprite\\Jugadores\\Paleta-Alemania.png.meta": {
      "time": 1758918126470.1045
    },
    "E:\\PuntosFutbol-2026\\Rebote_Gol\\assets\\Sprite\\Jugadores\\Paleta-Argentina.png.meta": {
      "time": 1750703643869.358
    },
    "E:\\PuntosFutbol-2026\\Rebote_Gol\\assets\\Sprite\\Jugadores\\Paleta-Bolivia.png.meta": {
      "time": 1750703688592.762
    },
    "E:\\PuntosFutbol-2026\\Rebote_Gol\\assets\\Sprite\\Jugadores\\Paleta-Brasil.png.meta": {
      "time": 1750703740091.4553
    },
    "E:\\PuntosFutbol-2026\\Rebote_Gol\\assets\\Sprite\\Jugadores\\Paleta-Canada.png.meta": {
      "time": 1750703694182.6602
    },
    "E:\\PuntosFutbol-2026\\Rebote_Gol\\assets\\Sprite\\Jugadores\\Paleta-chile.png.meta": {
      "time": 1750703617411.9841
    },
    "E:\\PuntosFutbol-2026\\Rebote_Gol\\assets\\Sprite\\Jugadores\\Paleta-Corea.png.meta": {
      "time": 1758918126509.5327
    },
    "E:\\PuntosFutbol-2026\\Rebote_Gol\\assets\\Sprite\\Jugadores\\Paleta-Colombia.png.meta": {
      "time": 1750703681009.843
    },
    "E:\\PuntosFutbol-2026\\Rebote_Gol\\assets\\Sprite\\Jugadores\\Paleta-Francia.png.meta": {
      "time": 1758918126448.0017
    },
    "E:\\PuntosFutbol-2026\\Rebote_Gol\\assets\\Sprite\\Jugadores\\Paleta-Holanda.png.meta": {
      "time": 1758918126388.1555
    },
    "E:\\PuntosFutbol-2026\\Rebote_Gol\\assets\\Sprite\\Jugadores\\Paleta-Inglaterra.png.meta": {
      "time": 1758917211777.589
    },
    "E:\\PuntosFutbol-2026\\Rebote_Gol\\assets\\Sprite\\Jugadores\\Paleta-Italia.png.meta": {
      "time": 1758918126492.1843
    },
    "E:\\PuntosFutbol-2026\\Rebote_Gol\\assets\\Sprite\\Jugadores\\Paleta-Japón.png.meta": {
      "time": 1758918126432.0103
    },
    "E:\\PuntosFutbol-2026\\Rebote_Gol\\assets\\Sprite\\Jugadores\\Paleta-Mexico.png.meta": {
      "time": 1750703699535.9988
    },
    "E:\\PuntosFutbol-2026\\Rebote_Gol\\assets\\Sprite\\Jugadores\\Paleta-Paraguay.png.meta": {
      "time": 1750703657757.5352
    },
    "E:\\PuntosFutbol-2026\\Rebote_Gol\\assets\\Sprite\\Jugadores\\Paleta-Portugal.png.meta": {
      "time": 1758918126411.2922
    },
    "E:\\PuntosFutbol-2026\\Rebote_Gol\\assets\\Sprite\\Jugadores\\Paleta-Peru.png.meta": {
      "time": 1750703623112.474
    },
    "E:\\PuntosFutbol-2026\\Rebote_Gol\\assets\\Sprite\\Jugadores\\Paleta-Uruguay.png.meta": {
      "time": 1750703637774.1345
    },
    "E:\\PuntosFutbol-2026\\Rebote_Gol\\assets\\Sprite\\Jugadores\\paleta-USA.png.meta": {
      "time": 1750703704190.0618
    },
    "E:\\PuntosFutbol-2026\\Rebote_Gol\\assets\\Sprite\\Jugadores\\Paleta-Venezuela.png.meta": {
      "time": 1750703720734.4734
    }
  },
  "missing": {
    "eb9aaaa6-a216-4395-9fbb-9e0ada7bfe91": {
      "path": "D:\\futbol_Internacional_2D\\assets\\Scene\\Seleccion1",
      "time": 1747259270737.1802,
      "removeTime": 1747259274469
    },
    "53c583cf-71ee-48f4-af78-151adfddfcda": {
      "path": "D:\\futbol_Internacional_2D\\assets\\Scene\\folder",
      "time": 1747259293658.2788,
      "removeTime": 1747259294634
    },
    "ccc58b33-643c-449c-be89-93301dca6b9f": {
      "path": "D:\\futbol_Internacional_2D\\assets\\Script\\InputManager.ts",
      "time": 1709574306000,
      "removeTime": 1747421857064
    },
    "2d3414b1-4f8c-4c97-9dd5-f90a2582b4a7": {
      "path": "D:\\futbol_Internacional_2D\\assets\\Script\\MovimientoPlayer.ts",
      "time": 1747422008396.6367,
      "removeTime": 1758941085940
    },
    "3f6ec3f6-d053-4cdb-942b-143cf45960bb": {
      "path": "E:\\futbol_Internacional_2D\\assets\\Sprite\\Argentina.png",
      "time": 1748649942436.504,
      "removeTime": 1750703565784
    },
    "234e79a2-c930-4f09-bfbc-dee5e072834d": {
      "path": "E:\\futbol_Internacional_2D\\assets\\Sprite\\Argentina2.png",
      "time": 1748649942443.0095,
      "removeTime": 1750703567948
    },
    "743b7724-931f-463e-91d2-6f89ddba1823": {
      "path": "E:\\futbol_Internacional_2D\\assets\\Sprite\\Jugadores\\Bandera-Brasil.png",
      "time": 1748645301898.7483,
      "removeTime": 1750703740083
    },
    "a3f5f2d4-7bd6-4ff6-8e1d-39133d89ca4e": {
      "path": "D:\\futbol_Internacional_2D\\assets\\Sprite\\Bandera-Venezuela.png",
      "time": 1747420962193.6143,
      "removeTime": 1750794620343
    },
    "d548bdb8-0b5c-4a2b-bdfd-170714f3ea1c": {
      "path": "E:\\futbol_Internacional_2D\\assets\\Sprite\\Bolivia.png",
      "time": 1748649942450.0266,
      "removeTime": 1750703585197
    },
    "da9cdde3-23f4-4387-b617-d06538fdcdbd": {
      "path": "E:\\futbol_Internacional_2D\\assets\\Sprite\\Bolivia2.png",
      "time": 1748649942457.0405,
      "removeTime": 1750703587747
    },
    "3569fc3d-1124-4507-aa03-0af7d054638b": {
      "path": "E:\\futbol_Internacional_2D\\assets\\Sprite\\Brasil.png",
      "time": 1748649942463.557,
      "removeTime": 1750703590102
    },
    "32b04645-ce5d-4412-8c6a-09b07c666330": {
      "path": "E:\\futbol_Internacional_2D\\assets\\Sprite\\Brasil2.png",
      "time": 1748649942471.0642,
      "removeTime": 1750703592847
    },
    "c382c343-ae7e-43a0-8546-f08f391a2e60": {
      "path": "E:\\futbol_Internacional_2D\\assets\\Sprite\\Canada.png",
      "time": 1750462829115.9944,
      "removeTime": 1750703596528
    },
    "4eb35170-1c2b-4ef9-b9ea-b4d48a882977": {
      "path": "E:\\futbol_Internacional_2D\\assets\\Sprite\\Canada2.png",
      "time": 1750464449791.5972,
      "removeTime": 1750703598711
    },
    "eb46ff2f-5c5e-4593-a282-b36660d2eff4": {
      "path": "E:\\futbol_Internacional_2D\\assets\\Sprite\\Chile.png",
      "time": 1748649942478.574,
      "removeTime": 1750703601495
    },
    "e4dcbea2-3b97-4217-8b6d-eee819afb2c7": {
      "path": "E:\\futbol_Internacional_2D\\assets\\Sprite\\Chile2.png",
      "time": 1748649942487.5984,
      "removeTime": 1750703603975
    },
    "fb0fd35b-e401-4f87-bccf-a6b25b814d76": {
      "path": "E:\\futbol_Internacional_2D\\assets\\Sprite\\Colombia.png",
      "time": 1748649942495.1465,
      "removeTime": 1750703606760
    },
    "b51ce417-8850-427f-9d6a-b71f0da1d517": {
      "path": "E:\\futbol_Internacional_2D\\assets\\Sprite\\Colombia2.png",
      "time": 1748649942502.141,
      "removeTime": 1750703608634
    },
    "f839573e-d102-498b-84c0-16c0f9ed8cda": {
      "path": "E:\\futbol_Internacional_2D\\assets\\Sprite\\Paleta-chile.png",
      "time": 1750696102859.9084,
      "removeTime": 1750703734010
    },
    "c633e13d-a9b3-4bb5-b470-c534a43ec435": {
      "path": "E:\\futbol_Internacional_2D\\assets\\Sprite\\Paleta-Peru.png",
      "time": 1750696107022.2893,
      "removeTime": 1750703734009
    },
    "133482e3-7267-4526-a9dd-a4abbfb1b5d8": {
      "path": "E:\\futbol_Internacional_2D\\assets\\Sprite\\Paleta-Uruguay.png",
      "time": 1750696110387.6013,
      "removeTime": 1750703734011
    },
    "22db0d6e-9dfe-4246-8d74-0d06412f6425": {
      "path": "E:\\futbol_Internacional_2D\\assets\\Sprite\\Paleta-Argentina.png",
      "time": 1750696114473.077,
      "removeTime": 1750703734008
    },
    "80f48b7d-bf1a-4fc9-99fd-e3a04e6c9f92": {
      "path": "E:\\futbol_Internacional_2D\\assets\\Sprite\\Paleta-Venezuela.png",
      "time": 1750696118403.9868,
      "removeTime": 1750703734013
    },
    "49296929-69a2-4c13-9b4f-7687080a06fb": {
      "path": "E:\\futbol_Internacional_2D\\assets\\Sprite\\Paleta-Paraguay.png",
      "time": 1750696121962.527,
      "removeTime": 1750703734010
    },
    "9ab462ea-3038-428f-acc1-5d004676062a": {
      "path": "E:\\futbol_Internacional_2D\\assets\\Sprite\\Group (6).png",
      "time": 1750696125017.4712,
      "removeTime": 1750703674022
    },
    "68c0f125-ade4-41a1-9124-2fb5272c750d": {
      "path": "E:\\futbol_Internacional_2D\\assets\\Sprite\\Paleta-Colombia.png",
      "time": 1750696127350.7166,
      "removeTime": 1750703734008
    },
    "9d5ddff8-1b2d-4854-a5c9-8d7094f85343": {
      "path": "E:\\futbol_Internacional_2D\\assets\\Sprite\\Paleta-Bolivia.png",
      "time": 1750696132127.5037,
      "removeTime": 1750703733899
    },
    "490d3280-a1ab-4206-b134-6c9096e663bf": {
      "path": "E:\\futbol_Internacional_2D\\assets\\Sprite\\Paleta-Canada.png",
      "time": 1750696137514.3516,
      "removeTime": 1750703734006
    },
    "586652d7-de0e-4f9c-9dd4-21e8d67f637a": {
      "path": "E:\\futbol_Internacional_2D\\assets\\Sprite\\Paleta-Mexico.png",
      "time": 1750696150103.9255,
      "removeTime": 1750703734007
    },
    "db5769bf-cea2-45b5-84ec-975a92c37f24": {
      "path": "E:\\futbol_Internacional_2D\\assets\\Sprite\\paleta-USA.png",
      "time": 1750696156365.9983,
      "removeTime": 1750703734013
    },
    "d5686deb-8e38-4296-be88-726845562330": {
      "path": "E:\\futbol_Internacional_2D\\assets\\Sprite\\Mexico.png",
      "time": 1750462824468.6494,
      "removeTime": 1750704143160
    },
    "1a453c47-2de8-4962-a1bc-289139534eec": {
      "path": "E:\\futbol_Internacional_2D\\assets\\Sprite\\Mexico2.png",
      "time": 1750464447032.4255,
      "removeTime": 1750704148619
    },
    "915829e2-a7f4-4f90-bdab-e0ee9fd293c9": {
      "path": "E:\\futbol_Internacional_2D\\assets\\Sprite\\Paraguay.png",
      "time": 1748649942508.6553,
      "removeTime": 1750704156884
    },
    "eafc7ea4-a1d1-4924-8944-24c780ee30ab": {
      "path": "E:\\futbol_Internacional_2D\\assets\\Sprite\\Perú.png",
      "time": 1748649942522.2134,
      "removeTime": 1750704162399
    },
    "228d0725-53a5-4bd1-a7ad-72ace631fb1b": {
      "path": "E:\\futbol_Internacional_2D\\assets\\Sprite\\Perú2.png",
      "time": 1748649942528.7214,
      "removeTime": 1750704168047
    },
    "dcc8bdb2-c777-415b-ad7b-ae263136acd9": {
      "path": "E:\\futbol_Internacional_2D\\assets\\Sprite\\Banderas\\Uruguay2.png",
      "time": 1748649942542.2483,
      "removeTime": 1750704180510
    },
    "2713ce44-4f4d-4eb2-84c5-351057fa6dde": {
      "path": "E:\\futbol_Internacional_2D\\assets\\Sprite\\Paraguay2.png",
      "time": 1748649942515.1648,
      "removeTime": 1750704183555
    },
    "7497b263-e592-45a3-84eb-39b451d64d8c": {
      "path": "E:\\futbol_Internacional_2D\\assets\\Sprite\\Uruguay.png",
      "time": 1748649942535.2314,
      "removeTime": 1750704188541
    },
    "af29bf4c-1429-45ac-bfa0-ac580b6a2941": {
      "path": "E:\\futbol_Internacional_2D\\assets\\Sprite\\USA.png",
      "time": 1750462833127.4468,
      "removeTime": 1750704193251
    },
    "5e0dd514-75b2-4482-9021-dfde7453f800": {
      "path": "E:\\futbol_Internacional_2D\\assets\\Sprite\\USA2.png",
      "time": 1750464452310.3076,
      "removeTime": 1750704199744
    },
    "733f8630-2151-4dd1-8775-73dc24ee22fd": {
      "path": "E:\\futbol_Internacional_2D\\assets\\Sprite\\Venezuela.png",
      "time": 1748649942548.7576,
      "removeTime": 1750704206721
    },
    "10bc7084-68b0-454a-9ab2-208cde7c53ef": {
      "path": "E:\\futbol_Internacional_2D\\assets\\Sprite\\Venezuela2.png",
      "time": 1748649942555.783,
      "removeTime": 1750704212399
    },
    "8eeb58fb-3eb7-444d-af12-93aff3a8c2cc": {
      "path": "E:\\futbol_Internacional_2D\\assets\\Scene\\Seleccion1.scene",
      "time": 1750705429696.5496,
      "removeTime": 1750706057931
    },
    "d27fddcf-8645-43fc-8729-495190082221": {
      "path": "E:\\futbol_Internacional_2D\\assets\\Scene\\Seleccion2.scene",
      "time": 1748645301851.306,
      "removeTime": 1750706064289
    },
    "d2d455f3-26dd-46b3-8d5d-f5490d25fa11": {
      "path": "E:\\futbol_Internacional_2D\\assets\\Script\\Score.ts",
      "time": 1750714207582.94,
      "removeTime": 1750714753787
    },
    "caab29c6-4120-48ff-89c5-82861de31d86": {
      "path": "E:\\futbol_Internacional_2D\\assets\\Sprite\\Penaltis_gameover.png",
      "time": 1748649942333.3489,
      "removeTime": 1750877942684
    },
    "f09e1a82-13e5-455d-b584-84d3a4290dc3": {
      "path": "E:\\futbol_Internacional_2D\\assets\\Script\\MovimientoPlayer.ts",
      "time": 1750711211340.3142,
      "removeTime": 1758846192467
    },
    "85b33c16-628d-4ce6-9062-7f6049ae3d80": {
      "path": "E:\\futbol_Internacional_2D\\assets\\Script\\Movimiento.ts",
      "time": 1758844566795.618,
      "removeTime": 1758846203353
    },
    "ffd8a6d7-70cd-462b-a18f-501aadba1010": {
      "path": "E:\\futbol_Internacional_2D\\assets\\Sprite\\Banderas\\Corea2.png",
      "time": 1758829519653.8264,
      "removeTime": 1758856059806
    },
    "97234527-7dc5-4d51-8ef8-546452c078e3": {
      "path": "E:\\futbol_Internacional_2D\\assets\\Sprite\\Banderas\\Alemania2.png",
      "time": 1758829519650.319,
      "removeTime": 1758856059808
    },
    "254e9397-2471-4bfc-82c5-7c987ff7ab24": {
      "path": "E:\\futbol_Internacional_2D\\assets\\Sprite\\Banderas\\Italia2.png",
      "time": 1758829519672.8271,
      "removeTime": 1758856059819
    },
    "8e166124-f3ff-499a-9b93-9973b61f85fc": {
      "path": "E:\\futbol_Internacional_2D\\assets\\Sprite\\Banderas\\Japon2.png",
      "time": 1758829519669.5232,
      "removeTime": 1758856059820
    },
    "ede9f3b5-fdad-4ec3-958f-4923706b8a5f": {
      "path": "E:\\futbol_Internacional_2D\\assets\\Sprite\\Banderas\\Holanda2.png",
      "time": 1758829519662.525,
      "removeTime": 1758856059821
    },
    "6a243751-fdd4-4f9b-9b4b-55c91e1a0037": {
      "path": "E:\\futbol_Internacional_2D\\assets\\Sprite\\Banderas\\Inglaterra2.png",
      "time": 1758829519658.0151,
      "removeTime": 1758856059822
    },
    "b8a13f33-938d-4b21-82c2-901123ef751a": {
      "path": "E:\\futbol_Internacional_2D\\assets\\Sprite\\Banderas\\Francia2.png",
      "time": 1758829519665.5232,
      "removeTime": 1758856059823
    },
    "8177be68-9d14-489a-b0d6-a711798cbbcc": {
      "path": "E:\\futbol_Internacional_2D\\assets\\Sprite\\Banderas\\Portugal2.png",
      "time": 1758829519676.8286,
      "removeTime": 1758856059824
    },
    "ea69b80a-5deb-4f71-aab4-fc7aa1613d3f": {
      "path": "E:\\futbol_Internacional_2D\\assets\\Sprite\\Jugadores\\Italia (2)-1.png",
      "time": 1758918019873.286,
      "removeTime": 1758918114660
    },
    "2f88a844-0cb4-4c02-89c6-412905cf6232": {
      "path": "E:\\futbol_Internacional_2D\\assets\\Sprite\\Jugadores\\Paltea-Inglaterra.png",
      "time": 1758917062541.5913,
      "removeTime": 1758918134470
    },
    "47ecccf0-e3b3-4b79-8529-013a13312eb2": {
      "path": "E:\\PuntosFutbol-2026\\Rebote_Gol\\assets\\Sprite\\HockeyFutbol_ins.png",
      "time": 1758941680774.1555,
      "removeTime": 1758941713892
    }
  }
}
