[1,["c7JSzuUBNDCZKDa8VcVjNz@f9941","48rnlgkGVJb7Roz+IK7Dc5@6c48a","4bmIdCl8RGw7d+isTqqj1G@6c48a","53W999TPFC0ZVQ4MxQWg0F@6c48a","48rnlgkGVJb7Roz+IK7Dc5@f9941","53W999TPFC0ZVQ4MxQWg0F@f9941","95EkngnxZFbYuFpsqVTaFr@f9941","f6Igq3Z/NBBqtFDK2eLOuR@f9941","1b1X5GajBIz4nYNxdMdfJ8@f9941","e2zoJSbctNjqd3VvtGf2Gi@f9941","4bmIdCl8RGw7d+isTqqj1G@f9941","c7JSzuUBNDCZKDa8VcVjNz@6c48a"],["node","_spriteFrame","_textureSource","_parent","_target","target","_cameraComponent","scene","_normalSprite","_hoverSprite","_pressedSprite","_disabledSprite"],[["cc.Node",["_name","_layer","_active","_id","_components","_lpos","_parent","_children","_lscale"],-1,9,5,1,2,5],"cc.SpriteFrame",["cc.Sprite",["_sizeMode","_type","node","_spriteFrame"],1,1,6],["cc.SceneAsset",["_name"],2],["cc.Node",["_name","_parent","_components","_lpos"],2,1,2,5],["cc.UITransform",["node","_contentSize"],3,1,5],["5718dl6wT1E0b4LHTzlkYMC",["replaceby","node"],2,1],["cc.Button",["_transition","node","clickEvents","_normalColor","_target","_normalSprite","_hoverSprite","_pressedSprite","_disabledSprite"],2,1,9,5,1,6,6,6,6],["cc.ClickEvent",["_componentId","handler","target"],1,1],["a48baiLPJZH0ZuTOXOehLF3",["name2","node"],2,1],["cc.Canvas",["node","_cameraComponent"],3,1,1],["cc.Widget",["_alignFlags","_top","_bottom","node"],0,1],["cc.Scene",["_name","_children","_globals"],2,2,4],["cc.SceneGlobals",["ambient","shadows","_skybox","fog","octree","skin","lightProbeInfo","postSettings"],3,4,4,4,4,4,4,4,4],["cc.AmbientInfo",["_skyColorHDR","_groundAlbedoHDR"],3,5,5],["cc.ShadowsInfo",["_shadowColor","_size"],3,5,5],["cc.SkyboxInfo",[],3],["cc.FogInfo",[],3],["cc.OctreeInfo",[],3],["cc.SkinInfo",["_enabled"],2],["cc.LightProbeInfo",[],3],["cc.PostSettingsInfo",[],3],["cc.Camera",["_projection","_orthoHeight","_near","_visibility","node","_color"],-1,1,5]],[[5,0,1,1],[2,0,2,3,2],[0,0,2,1,6,4,5,4],[3,0,2],[0,0,1,7,4,3],[0,0,1,6,4,5,3],[0,0,1,3,7,4,5,4],[0,0,2,1,6,4,5,8,4],[4,0,1,2,3,2],[2,1,0,2,3,3],[6,0,1,2],[7,0,1,2,3,4,5,6,7,8,2],[8,0,1,2,3],[9,0,1,2],[10,0,1,1],[11,0,1,2,3,4],[12,0,1,2,2],[13,0,1,2,3,4,5,6,7,1],[14,0,1,1],[15,0,1,1],[16,1],[17,1],[18,1],[19,0,2],[20,1],[21,1],[22,0,1,2,3,4,5,5]],[[[{"name":"Jugar_Btn_h","rect":{"x":0,"y":0,"width":327,"height":139},"offset":{"x":0,"y":0},"originalSize":{"width":327,"height":139},"rotated":false,"capInsets":[0,0,0,0],"vertices":{"rawPosition":[-163.5,-69.5,0,163.5,-69.5,0,-163.5,69.5,0,163.5,69.5,0],"indexes":[0,1,2,2,1,3],"uv":[0,139,327,139,0,0,327,0],"nuv":[0,0,1,0,0,1,1,1],"minPos":{"x":-163.5,"y":-69.5,"z":0},"maxPos":{"x":163.5,"y":69.5,"z":0}},"packable":true,"pixelsToUnit":100,"pivot":{"x":0.5,"y":0.5},"meshType":0}],[1],0,[0],[2],[1]],[[{"name":"Can_03_inst","rect":{"x":0,"y":0,"width":640,"height":960},"offset":{"x":0,"y":0},"originalSize":{"width":640,"height":960},"rotated":false,"capInsets":[0,0,0,0],"vertices":{"rawPosition":[-320,-480,0,320,-480,0,-320,480,0,320,480,0],"indexes":[0,1,2,2,1,3],"uv":[0,960,640,960,0,0,640,0],"nuv":[0,0,1,0,0,1,1,1],"minPos":{"x":-320,"y":-480,"z":0},"maxPos":{"x":320,"y":480,"z":0}},"packable":true,"pixelsToUnit":100,"pivot":{"x":0.5,"y":0.5},"meshType":0}],[1],0,[0],[2],[2]],[[{"name":"Jugar_Btn_p","rect":{"x":0,"y":0,"width":327,"height":119},"offset":{"x":0,"y":5.5},"originalSize":{"width":327,"height":130},"rotated":false,"capInsets":[0,0,0,0],"vertices":{"rawPosition":[-163.5,-59.5,0,163.5,-59.5,0,-163.5,59.5,0,163.5,59.5,0],"indexes":[0,1,2,2,1,3],"uv":[0,130,327,130,0,11,327,11],"nuv":[0,0.08461538461538462,1,0.08461538461538462,0,1,1,1],"minPos":{"x":-163.5,"y":-59.5,"z":0},"maxPos":{"x":163.5,"y":59.5,"z":0}},"packable":true,"pixelsToUnit":100,"pivot":{"x":0.5,"y":0.5},"meshType":0}],[1],0,[0],[2],[3]],[[[3,"inst"],[4,"fondo",33554432,[-4,-5,-6,-7],[[0,-1,[5,640,960]],[1,2,-2,8],[10,"bg2",-3]]],[5,"siguiente",33554432,1,[[0,-8,[5,329,131]],[9,1,2,-9,0],[11,2,-12,[[12,"a48baiLPJZH0ZuTOXOehLF3","cambio",-11]],[4,4292269782],-10,1,2,3,4],[13,"juego",-13]],[1,0,-300,0]],[6,"Canvas",33554432,"beI88Z2HpFELqR4T5EMHpg",[-18,1],[[0,-14,[5,640,960]],[14,-16,-15],[15,45,5.684341886080802e-14,5.684341886080802e-14,-17]],[1,320,480.00000000000006,0]],[7,"Logo-marca",false,33554432,1,[[0,-19,[5,920,387]],[1,2,-20,5]],[1,0,-150,0],[1,0.3,0.2,1]],[2,"Logo",false,33554432,1,[[0,-21,[5,641,162]],[1,0,-22,6]],[1,0,400,0]],[2,"inst",false,33554432,1,[[0,-23,[5,396,175]],[1,2,-24,7]],[1,0,80,0]],[16,"inst",[3],[17,[18,[2,0,0,0,0.520833125],[2,0,0,0,0]],[19,[4,4283190348],[0,512,512]],[20],[21],[22],[23,false],[24],[25]]],[8,"Camera",3,[-25],[1,0,0,1000]],[26,0,480,0,1108344832,8,[4,4278190080]]],0,[0,0,1,0,0,1,0,0,1,0,-1,2,0,-2,4,0,-3,5,0,-4,6,0,0,2,0,0,2,0,4,2,0,5,2,0,0,2,0,0,2,0,0,3,0,6,9,0,0,3,0,0,3,0,-1,8,0,0,4,0,0,4,0,0,5,0,0,5,0,0,6,0,0,6,0,-1,9,0,7,7,1,3,3,3,3,7,25],[0,0,0,0,0,0,0,0,0],[1,8,9,10,11,1,1,1,1],[0,0,4,5,6,7,8,9,10]],[[{"name":"Jugar_Btn","rect":{"x":0,"y":0,"width":329,"height":122},"offset":{"x":0,"y":4.5},"originalSize":{"width":329,"height":131},"rotated":false,"capInsets":[0,0,0,0],"vertices":{"rawPosition":[-164.5,-61,0,164.5,-61,0,-164.5,61,0,164.5,61,0],"indexes":[0,1,2,2,1,3],"uv":[0,131,329,131,0,9,329,9],"nuv":[0,0.06870229007633588,1,0.06870229007633588,0,1,1,1],"minPos":{"x":-164.5,"y":-61,"z":0},"maxPos":{"x":164.5,"y":61,"z":0}},"packable":true,"pixelsToUnit":100,"pivot":{"x":0.5,"y":0.5},"meshType":0}],[1],0,[0],[2],[11]]]]
