{
  "71e5279b-849b-4a24-97b6-dc84736bc51b": {
    "url": "db://assets/Scene",
    "value": {},
    "versionCode": 0
  },
  "981c15cc-724a-45a6-8ef1-30e8f38801ac": {
    "url": "db://assets/Script",
    "value": {},
    "versionCode": 0
  },
  "c57e275c-4755-4b72-89fe-027b2d73eaf1": {
    "url": "db://assets/Sprite",
    "value": {},
    "versionCode": 0
  },
  "45f5b5fa-542b-42c1-8242-eeeca68677e1": {
    "url": "db://assets/Prefab",
    "value": {},
    "versionCode": 0
  },
  "ae2447ea-b6ec-4163-9565-683aa2501551": {
    "url": "db://assets/folder",
    "value": {},
    "versionCode": 0
  },
  "8da27914-bdbc-4bbc-8c85-9188d4559d39": {
    "url": "db://assets/Script/CambioEscena.ts",
    "value": {},
    "versionCode": 0
  },
  "be8e703a-c37a-432c-8cce-9b42e5174c4b": {
    "url": "db://assets/Scene/Inicio.scene",
    "value": {
      "depends": [
        "be8e703a-c37a-432c-8cce-9b42e5174c4b",
        "2f9bb22e-0307-49a9-aef0-2c7ba1e9e194@f9941",
        "3deda984-dc3c-454a-a5af-58e6f38f367c@f9941",
        "cefe63d6-663b-48c4-9cb9-e6ce810a5d8e@f9941",
        "a94fc0b3-68a4-4a07-b48a-1153aff2784c@f9941",
        "0352179c-110c-46d3-b535-e88c5f7be5cc@f9941",
        "2efda16e-9751-4991-8b74-61721fcca895@f9941",
        "db65fcb4-b867-4b71-ba51-34339945348f@f9941"
      ],
      "dependScripts": [
        "4f459ccd-b469-4e66-81ba-711ccdd3404d",
        "8da27914-bdbc-4bbc-8c85-9188d4559d39"
      ]
    },
    "versionCode": 0
  },
  "34d309e4-abf3-450c-a036-487144eb568d": {
    "url": "db://assets/Scene/Instrucciones.scene",
    "value": {
      "depends": [
        "34d309e4-abf3-450c-a036-487144eb568d",
        "9df9fbda-4415-4072-b2ff-65cb8c727c35@f9941",
        "d1bfda85-65dd-42f9-9102-a89b907155c3@f9941",
        "5e32ef19-ea86-485f-9348-c65826e45909@f9941",
        "8e3d2cc1-6f3c-4afd-b09a-550a17e7705c@f9941",
        "3c9aea32-d986-44a9-ab63-cf680a0b48f7@f9941",
        "2b635d46-194f-44f8-b338-5e72fa0ddaee@f9941"
      ],
      "dependScripts": [
        "8da27914-bdbc-4bbc-8c85-9188d4559d39"
      ]
    },
    "versionCode": 0
  },
  "d66d05dc-6731-4e04-b615-7240b631e9c5": {
    "url": "db://assets/Scene/Juego.scene",
    "value": {
      "depends": [
        "d66d05dc-6731-4e04-b615-7240b631e9c5",
        "2b635d46-194f-44f8-b338-5e72fa0ddaee@f9941",
        "9df9fbda-4415-4072-b2ff-65cb8c727c35@f9941",
        "a94fc0b3-68a4-4a07-b48a-1153aff2784c@f9941",
        "0352179c-110c-46d3-b535-e88c5f7be5cc@f9941",
        "2efda16e-9751-4991-8b74-61721fcca895@f9941",
        "3c56464c-9575-4783-8917-e6d405ea03ee",
        "8f34cdde-8e21-473b-8491-0d4d6f5cbbc5",
        "7a1dc456-59ad-4007-a950-d6e65e915508@f9941",
        "a083cbde-d3d8-497c-befa-7ecc0c36cd15@f9941",
        "75479ec7-371e-4c60-807b-946ccc013b12@f9941",
        "aa69773e-b00a-432b-bf96-df5b400013d2@f9941",
        "e1ec9880-18e3-43a4-b46d-187e8ffd908c@f9941",
        "6f89e0ae-2e8d-4c29-aaaf-b2d15cfa7012@f9941",
        "15f807e9-c31b-4916-967c-46905375877e@f9941",
        "6dc16f78-0001-434e-8006-119848af4f10@f9941",
        "d203d04a-af4c-4de3-a326-629b9cf3ccd9@f9941",
        "2a56a2e4-1b6a-4c8e-a37a-79e58a627491",
        "2f2e01da-77db-4199-aa72-bf5b7f69bf04@f9941",
        "f171e9f0-f56c-4150-87de-c91aa8c291c4@f9941",
        "9fb8598a-46c1-44b0-a0fe-7ce516f0ed2e@f9941",
        "34343ec1-235c-42b7-92cb-01490f0acf43@f9941",
        "7160e398-9595-4acc-abcc-4699734dc80d@f9941",
        "253d5cad-2a8e-41dc-a6fc-99b4493a4e33@f9941",
        "90279927-0d60-4fb4-8352-4e26f25d81ab@f9941",
        "e5cfd3e8-6493-43bd-9c68-0ef75b436966@f9941",
        "db65fcb4-b867-4b71-ba51-34339945348f@f9941"
      ],
      "dependScripts": [
        "97b47394-d0b3-4046-b660-e8f35ff74398",
        "a10bef96-1149-4859-8727-404685a10740",
        "CC3eba29-7abb-723a-f7ab-ae275e2277e8",
        "c33d1393-ac5c-431b-ab04-5e1c2e49d4e7",
        "8f2bdfca-6be8-479b-b22e-5addee2622c8",
        "5d87f724-d560-4211-9a27-665a53d8d4b7",
        "882d3d92-5959-4569-8d45-84a39b754444",
        "4f459ccd-b469-4e66-81ba-711ccdd3404d",
        "8da27914-bdbc-4bbc-8c85-9188d4559d39"
      ]
    },
    "versionCode": 0
  },
  "4f459ccd-b469-4e66-81ba-711ccdd3404d": {
    "url": "db://assets/Script/ButtonMessage.ts",
    "value": {},
    "versionCode": 0
  },
  "1c79dc7e-e79d-4946-9604-e1c28b9413ec": {
    "url": "db://assets/Script/Score.ts",
    "value": {},
    "versionCode": 0
  },
  "a94fc0b3-68a4-4a07-b48a-1153aff2784c": {
    "url": "db://assets/Sprite/salir.png",
    "value": {
      "depends": []
    },
    "versionCode": 0
  },
  "a94fc0b3-68a4-4a07-b48a-1153aff2784c@6c48a": {
    "url": "db://assets/Sprite/salir.png@6c48a",
    "value": {
      "depends": [
        "a94fc0b3-68a4-4a07-b48a-1153aff2784c"
      ]
    },
    "versionCode": 0
  },
  "a94fc0b3-68a4-4a07-b48a-1153aff2784c@f9941": {
    "url": "db://assets/Sprite/salir.png@f9941",
    "value": {
      "depends": [
        "a94fc0b3-68a4-4a07-b48a-1153aff2784c@6c48a"
      ]
    },
    "versionCode": 0
  },
  "f6ad4cd4-3d9b-44d4-8141-2eaecc095e75": {
    "url": "db://assets/Sprite/Play-H.png",
    "value": {
      "depends": []
    },
    "versionCode": 0
  },
  "f6ad4cd4-3d9b-44d4-8141-2eaecc095e75@6c48a": {
    "url": "db://assets/Sprite/Play-H.png@6c48a",
    "value": {
      "depends": [
        "f6ad4cd4-3d9b-44d4-8141-2eaecc095e75"
      ]
    },
    "versionCode": 0
  },
  "f6ad4cd4-3d9b-44d4-8141-2eaecc095e75@f9941": {
    "url": "db://assets/Sprite/Play-H.png@f9941",
    "value": {
      "depends": [
        "f6ad4cd4-3d9b-44d4-8141-2eaecc095e75@6c48a"
      ]
    },
    "versionCode": 0
  },
  "0352179c-110c-46d3-b535-e88c5f7be5cc": {
    "url": "db://assets/Sprite/salir-H.png",
    "value": {
      "depends": []
    },
    "versionCode": 0
  },
  "0352179c-110c-46d3-b535-e88c5f7be5cc@6c48a": {
    "url": "db://assets/Sprite/salir-H.png@6c48a",
    "value": {
      "depends": [
        "0352179c-110c-46d3-b535-e88c5f7be5cc"
      ]
    },
    "versionCode": 0
  },
  "0352179c-110c-46d3-b535-e88c5f7be5cc@f9941": {
    "url": "db://assets/Sprite/salir-H.png@f9941",
    "value": {
      "depends": [
        "0352179c-110c-46d3-b535-e88c5f7be5cc@6c48a"
      ]
    },
    "versionCode": 0
  },
  "f7b745ce-a45a-4129-8ab5-02ff6b34e49a": {
    "url": "db://assets/Sprite/Play-P.png",
    "value": {
      "depends": []
    },
    "versionCode": 0
  },
  "f7b745ce-a45a-4129-8ab5-02ff6b34e49a@6c48a": {
    "url": "db://assets/Sprite/Play-P.png@6c48a",
    "value": {
      "depends": [
        "f7b745ce-a45a-4129-8ab5-02ff6b34e49a"
      ]
    },
    "versionCode": 0
  },
  "f7b745ce-a45a-4129-8ab5-02ff6b34e49a@f9941": {
    "url": "db://assets/Sprite/Play-P.png@f9941",
    "value": {
      "depends": [
        "f7b745ce-a45a-4129-8ab5-02ff6b34e49a@6c48a"
      ]
    },
    "versionCode": 0
  },
  "2efda16e-9751-4991-8b74-61721fcca895": {
    "url": "db://assets/Sprite/salir-P.png",
    "value": {
      "depends": []
    },
    "versionCode": 0
  },
  "2efda16e-9751-4991-8b74-61721fcca895@6c48a": {
    "url": "db://assets/Sprite/salir-P.png@6c48a",
    "value": {
      "depends": [
        "2efda16e-9751-4991-8b74-61721fcca895"
      ]
    },
    "versionCode": 0
  },
  "2efda16e-9751-4991-8b74-61721fcca895@f9941": {
    "url": "db://assets/Sprite/salir-P.png@f9941",
    "value": {
      "depends": [
        "2efda16e-9751-4991-8b74-61721fcca895@6c48a"
      ]
    },
    "versionCode": 0
  },
  "d1bfda85-65dd-42f9-9102-a89b907155c3": {
    "url": "db://assets/Sprite/Siguiente.png",
    "value": {
      "depends": []
    },
    "versionCode": 0
  },
  "d1bfda85-65dd-42f9-9102-a89b907155c3@6c48a": {
    "url": "db://assets/Sprite/Siguiente.png@6c48a",
    "value": {
      "depends": [
        "d1bfda85-65dd-42f9-9102-a89b907155c3"
      ]
    },
    "versionCode": 0
  },
  "d1bfda85-65dd-42f9-9102-a89b907155c3@f9941": {
    "url": "db://assets/Sprite/Siguiente.png@f9941",
    "value": {
      "depends": [
        "d1bfda85-65dd-42f9-9102-a89b907155c3@6c48a"
      ]
    },
    "versionCode": 0
  },
  "5e32ef19-ea86-485f-9348-c65826e45909": {
    "url": "db://assets/Sprite/Siguiente-H.png",
    "value": {
      "depends": []
    },
    "versionCode": 0
  },
  "5e32ef19-ea86-485f-9348-c65826e45909@6c48a": {
    "url": "db://assets/Sprite/Siguiente-H.png@6c48a",
    "value": {
      "depends": [
        "5e32ef19-ea86-485f-9348-c65826e45909"
      ]
    },
    "versionCode": 0
  },
  "5e32ef19-ea86-485f-9348-c65826e45909@f9941": {
    "url": "db://assets/Sprite/Siguiente-H.png@f9941",
    "value": {
      "depends": [
        "5e32ef19-ea86-485f-9348-c65826e45909@6c48a"
      ]
    },
    "versionCode": 0
  },
  "8e3d2cc1-6f3c-4afd-b09a-550a17e7705c": {
    "url": "db://assets/Sprite/Siguiente-P.png",
    "value": {
      "depends": []
    },
    "versionCode": 0
  },
  "8e3d2cc1-6f3c-4afd-b09a-550a17e7705c@6c48a": {
    "url": "db://assets/Sprite/Siguiente-P.png@6c48a",
    "value": {
      "depends": [
        "8e3d2cc1-6f3c-4afd-b09a-550a17e7705c"
      ]
    },
    "versionCode": 0
  },
  "8e3d2cc1-6f3c-4afd-b09a-550a17e7705c@f9941": {
    "url": "db://assets/Sprite/Siguiente-P.png@f9941",
    "value": {
      "depends": [
        "8e3d2cc1-6f3c-4afd-b09a-550a17e7705c@6c48a"
      ]
    },
    "versionCode": 0
  },
  "34343ec1-235c-42b7-92cb-01490f0acf43": {
    "url": "db://assets/Sprite/Volver.png",
    "value": {
      "depends": []
    },
    "versionCode": 0
  },
  "34343ec1-235c-42b7-92cb-01490f0acf43@6c48a": {
    "url": "db://assets/Sprite/Volver.png@6c48a",
    "value": {
      "depends": [
        "34343ec1-235c-42b7-92cb-01490f0acf43"
      ]
    },
    "versionCode": 0
  },
  "34343ec1-235c-42b7-92cb-01490f0acf43@f9941": {
    "url": "db://assets/Sprite/Volver.png@f9941",
    "value": {
      "depends": [
        "34343ec1-235c-42b7-92cb-01490f0acf43@6c48a"
      ]
    },
    "versionCode": 0
  },
  "7160e398-9595-4acc-abcc-4699734dc80d": {
    "url": "db://assets/Sprite/volver-H.png",
    "value": {
      "depends": []
    },
    "versionCode": 0
  },
  "7160e398-9595-4acc-abcc-4699734dc80d@6c48a": {
    "url": "db://assets/Sprite/volver-H.png@6c48a",
    "value": {
      "depends": [
        "7160e398-9595-4acc-abcc-4699734dc80d"
      ]
    },
    "versionCode": 0
  },
  "7160e398-9595-4acc-abcc-4699734dc80d@f9941": {
    "url": "db://assets/Sprite/volver-H.png@f9941",
    "value": {
      "depends": [
        "7160e398-9595-4acc-abcc-4699734dc80d@6c48a"
      ]
    },
    "versionCode": 0
  },
  "253d5cad-2a8e-41dc-a6fc-99b4493a4e33": {
    "url": "db://assets/Sprite/volver-P.png",
    "value": {
      "depends": []
    },
    "versionCode": 0
  },
  "253d5cad-2a8e-41dc-a6fc-99b4493a4e33@6c48a": {
    "url": "db://assets/Sprite/volver-P.png@6c48a",
    "value": {
      "depends": [
        "253d5cad-2a8e-41dc-a6fc-99b4493a4e33"
      ]
    },
    "versionCode": 0
  },
  "253d5cad-2a8e-41dc-a6fc-99b4493a4e33@f9941": {
    "url": "db://assets/Sprite/volver-P.png@f9941",
    "value": {
      "depends": [
        "253d5cad-2a8e-41dc-a6fc-99b4493a4e33@6c48a"
      ]
    },
    "versionCode": 0
  },
  "3deda984-dc3c-454a-a5af-58e6f38f367c": {
    "url": "db://assets/Sprite/Inicio-H.png",
    "value": {
      "depends": []
    },
    "versionCode": 0
  },
  "3deda984-dc3c-454a-a5af-58e6f38f367c@6c48a": {
    "url": "db://assets/Sprite/Inicio-H.png@6c48a",
    "value": {
      "depends": [
        "3deda984-dc3c-454a-a5af-58e6f38f367c"
      ]
    },
    "versionCode": 0
  },
  "3deda984-dc3c-454a-a5af-58e6f38f367c@f9941": {
    "url": "db://assets/Sprite/Inicio-H.png@f9941",
    "value": {
      "depends": [
        "3deda984-dc3c-454a-a5af-58e6f38f367c@6c48a"
      ]
    },
    "versionCode": 0
  },
  "cefe63d6-663b-48c4-9cb9-e6ce810a5d8e": {
    "url": "db://assets/Sprite/Inicio-P.png",
    "value": {
      "depends": []
    },
    "versionCode": 0
  },
  "cefe63d6-663b-48c4-9cb9-e6ce810a5d8e@6c48a": {
    "url": "db://assets/Sprite/Inicio-P.png@6c48a",
    "value": {
      "depends": [
        "cefe63d6-663b-48c4-9cb9-e6ce810a5d8e"
      ]
    },
    "versionCode": 0
  },
  "cefe63d6-663b-48c4-9cb9-e6ce810a5d8e@f9941": {
    "url": "db://assets/Sprite/Inicio-P.png@f9941",
    "value": {
      "depends": [
        "cefe63d6-663b-48c4-9cb9-e6ce810a5d8e@6c48a"
      ]
    },
    "versionCode": 0
  },
  "2f9bb22e-0307-49a9-aef0-2c7ba1e9e194": {
    "url": "db://assets/Sprite/Inicio.png",
    "value": {
      "depends": []
    },
    "versionCode": 0
  },
  "2f9bb22e-0307-49a9-aef0-2c7ba1e9e194@6c48a": {
    "url": "db://assets/Sprite/Inicio.png@6c48a",
    "value": {
      "depends": [
        "2f9bb22e-0307-49a9-aef0-2c7ba1e9e194"
      ]
    },
    "versionCode": 0
  },
  "2f9bb22e-0307-49a9-aef0-2c7ba1e9e194@f9941": {
    "url": "db://assets/Sprite/Inicio.png@f9941",
    "value": {
      "depends": [
        "2f9bb22e-0307-49a9-aef0-2c7ba1e9e194@6c48a"
      ]
    },
    "versionCode": 0
  },
  "a334464d-8079-44cc-b32f-28543c51a3b7": {
    "url": "db://assets/Sprite/Play.png",
    "value": {
      "depends": []
    },
    "versionCode": 0
  },
  "a334464d-8079-44cc-b32f-28543c51a3b7@6c48a": {
    "url": "db://assets/Sprite/Play.png@6c48a",
    "value": {
      "depends": [
        "a334464d-8079-44cc-b32f-28543c51a3b7"
      ]
    },
    "versionCode": 0
  },
  "a334464d-8079-44cc-b32f-28543c51a3b7@f9941": {
    "url": "db://assets/Sprite/Play.png@f9941",
    "value": {
      "depends": [
        "a334464d-8079-44cc-b32f-28543c51a3b7@6c48a"
      ]
    },
    "versionCode": 0
  },
  "9fb8598a-46c1-44b0-a0fe-7ce516f0ed2e": {
    "url": "db://assets/Sprite/balon.png",
    "value": {
      "depends": []
    },
    "versionCode": 0
  },
  "9fb8598a-46c1-44b0-a0fe-7ce516f0ed2e@6c48a": {
    "url": "db://assets/Sprite/balon.png@6c48a",
    "value": {
      "depends": [
        "9fb8598a-46c1-44b0-a0fe-7ce516f0ed2e"
      ]
    },
    "versionCode": 0
  },
  "9fb8598a-46c1-44b0-a0fe-7ce516f0ed2e@f9941": {
    "url": "db://assets/Sprite/balon.png@f9941",
    "value": {
      "depends": [
        "9fb8598a-46c1-44b0-a0fe-7ce516f0ed2e@6c48a"
      ]
    },
    "versionCode": 0
  },
  "a10bef96-1149-4859-8727-404685a10740": {
    "url": "db://assets/Script/Tiro-Pelota.ts",
    "value": {},
    "versionCode": 0
  },
  "882d3d92-5959-4569-8d45-84a39b754444": {
    "url": "db://assets/Script/ZoomOut.ts",
    "value": {},
    "versionCode": 0
  },
  "6dc16f78-0001-434e-8006-119848af4f10": {
    "url": "db://assets/Sprite/plataforma-centro.png",
    "value": {
      "depends": []
    },
    "versionCode": 0
  },
  "6dc16f78-0001-434e-8006-119848af4f10@6c48a": {
    "url": "db://assets/Sprite/plataforma-centro.png@6c48a",
    "value": {
      "depends": [
        "6dc16f78-0001-434e-8006-119848af4f10"
      ]
    },
    "versionCode": 0
  },
  "6dc16f78-0001-434e-8006-119848af4f10@f9941": {
    "url": "db://assets/Sprite/plataforma-centro.png@f9941",
    "value": {
      "depends": [
        "6dc16f78-0001-434e-8006-119848af4f10@6c48a"
      ]
    },
    "versionCode": 0
  },
  "f171e9f0-f56c-4150-87de-c91aa8c291c4": {
    "url": "db://assets/Sprite/Plataforma-Der.png",
    "value": {
      "depends": []
    },
    "versionCode": 0
  },
  "f171e9f0-f56c-4150-87de-c91aa8c291c4@6c48a": {
    "url": "db://assets/Sprite/Plataforma-Der.png@6c48a",
    "value": {
      "depends": [
        "f171e9f0-f56c-4150-87de-c91aa8c291c4"
      ]
    },
    "versionCode": 0
  },
  "f171e9f0-f56c-4150-87de-c91aa8c291c4@f9941": {
    "url": "db://assets/Sprite/Plataforma-Der.png@f9941",
    "value": {
      "depends": [
        "f171e9f0-f56c-4150-87de-c91aa8c291c4@6c48a"
      ]
    },
    "versionCode": 0
  },
  "2f2e01da-77db-4199-aa72-bf5b7f69bf04": {
    "url": "db://assets/Sprite/Plataforma-Izq.png",
    "value": {
      "depends": []
    },
    "versionCode": 0
  },
  "2f2e01da-77db-4199-aa72-bf5b7f69bf04@6c48a": {
    "url": "db://assets/Sprite/Plataforma-Izq.png@6c48a",
    "value": {
      "depends": [
        "2f2e01da-77db-4199-aa72-bf5b7f69bf04"
      ]
    },
    "versionCode": 0
  },
  "2f2e01da-77db-4199-aa72-bf5b7f69bf04@f9941": {
    "url": "db://assets/Sprite/Plataforma-Izq.png@f9941",
    "value": {
      "depends": [
        "2f2e01da-77db-4199-aa72-bf5b7f69bf04@6c48a"
      ]
    },
    "versionCode": 0
  },
  "e1ec9880-18e3-43a4-b46d-187e8ffd908c": {
    "url": "db://assets/Sprite/cielo.png",
    "value": {
      "depends": []
    },
    "versionCode": 0
  },
  "e1ec9880-18e3-43a4-b46d-187e8ffd908c@6c48a": {
    "url": "db://assets/Sprite/cielo.png@6c48a",
    "value": {
      "depends": [
        "e1ec9880-18e3-43a4-b46d-187e8ffd908c"
      ]
    },
    "versionCode": 0
  },
  "e1ec9880-18e3-43a4-b46d-187e8ffd908c@f9941": {
    "url": "db://assets/Sprite/cielo.png@f9941",
    "value": {
      "depends": [
        "e1ec9880-18e3-43a4-b46d-187e8ffd908c@6c48a"
      ]
    },
    "versionCode": 0
  },
  "a083cbde-d3d8-497c-befa-7ecc0c36cd15": {
    "url": "db://assets/Sprite/nube01.png",
    "value": {
      "depends": []
    },
    "versionCode": 0
  },
  "a083cbde-d3d8-497c-befa-7ecc0c36cd15@6c48a": {
    "url": "db://assets/Sprite/nube01.png@6c48a",
    "value": {
      "depends": [
        "a083cbde-d3d8-497c-befa-7ecc0c36cd15"
      ]
    },
    "versionCode": 0
  },
  "a083cbde-d3d8-497c-befa-7ecc0c36cd15@f9941": {
    "url": "db://assets/Sprite/nube01.png@f9941",
    "value": {
      "depends": [
        "a083cbde-d3d8-497c-befa-7ecc0c36cd15@6c48a"
      ]
    },
    "versionCode": 0
  },
  "75479ec7-371e-4c60-807b-946ccc013b12": {
    "url": "db://assets/Sprite/nube04.png",
    "value": {
      "depends": []
    },
    "versionCode": 0
  },
  "75479ec7-371e-4c60-807b-946ccc013b12@6c48a": {
    "url": "db://assets/Sprite/nube04.png@6c48a",
    "value": {
      "depends": [
        "75479ec7-371e-4c60-807b-946ccc013b12"
      ]
    },
    "versionCode": 0
  },
  "75479ec7-371e-4c60-807b-946ccc013b12@f9941": {
    "url": "db://assets/Sprite/nube04.png@f9941",
    "value": {
      "depends": [
        "75479ec7-371e-4c60-807b-946ccc013b12@6c48a"
      ]
    },
    "versionCode": 0
  },
  "7a1dc456-59ad-4007-a950-d6e65e915508": {
    "url": "db://assets/Sprite/nube02.png",
    "value": {
      "depends": []
    },
    "versionCode": 0
  },
  "7a1dc456-59ad-4007-a950-d6e65e915508@6c48a": {
    "url": "db://assets/Sprite/nube02.png@6c48a",
    "value": {
      "depends": [
        "7a1dc456-59ad-4007-a950-d6e65e915508"
      ]
    },
    "versionCode": 0
  },
  "7a1dc456-59ad-4007-a950-d6e65e915508@f9941": {
    "url": "db://assets/Sprite/nube02.png@f9941",
    "value": {
      "depends": [
        "7a1dc456-59ad-4007-a950-d6e65e915508@6c48a"
      ]
    },
    "versionCode": 0
  },
  "aa69773e-b00a-432b-bf96-df5b400013d2": {
    "url": "db://assets/Sprite/nube03.png",
    "value": {
      "depends": []
    },
    "versionCode": 0
  },
  "aa69773e-b00a-432b-bf96-df5b400013d2@6c48a": {
    "url": "db://assets/Sprite/nube03.png@6c48a",
    "value": {
      "depends": [
        "aa69773e-b00a-432b-bf96-df5b400013d2"
      ]
    },
    "versionCode": 0
  },
  "aa69773e-b00a-432b-bf96-df5b400013d2@f9941": {
    "url": "db://assets/Sprite/nube03.png@f9941",
    "value": {
      "depends": [
        "aa69773e-b00a-432b-bf96-df5b400013d2@6c48a"
      ]
    },
    "versionCode": 0
  },
  "cd93ab51-691a-400c-8b95-fe4bb3951624": {
    "url": "db://assets/Sprite/estrella.png",
    "value": {
      "depends": []
    },
    "versionCode": 0
  },
  "cd93ab51-691a-400c-8b95-fe4bb3951624@6c48a": {
    "url": "db://assets/Sprite/estrella.png@6c48a",
    "value": {
      "depends": [
        "cd93ab51-691a-400c-8b95-fe4bb3951624"
      ]
    },
    "versionCode": 0
  },
  "cd93ab51-691a-400c-8b95-fe4bb3951624@f9941": {
    "url": "db://assets/Sprite/estrella.png@f9941",
    "value": {
      "depends": [
        "cd93ab51-691a-400c-8b95-fe4bb3951624@6c48a"
      ]
    },
    "versionCode": 0
  },
  "6f89e0ae-2e8d-4c29-aaaf-b2d15cfa7012": {
    "url": "db://assets/Sprite/monataña@4x.png",
    "value": {
      "depends": []
    },
    "versionCode": 0
  },
  "6f89e0ae-2e8d-4c29-aaaf-b2d15cfa7012@6c48a": {
    "url": "db://assets/Sprite/monataña@4x.png@6c48a",
    "value": {
      "depends": [
        "6f89e0ae-2e8d-4c29-aaaf-b2d15cfa7012"
      ]
    },
    "versionCode": 0
  },
  "6f89e0ae-2e8d-4c29-aaaf-b2d15cfa7012@f9941": {
    "url": "db://assets/Sprite/monataña@4x.png@f9941",
    "value": {
      "depends": [
        "6f89e0ae-2e8d-4c29-aaaf-b2d15cfa7012@6c48a"
      ]
    },
    "versionCode": 0
  },
  "15f807e9-c31b-4916-967c-46905375877e": {
    "url": "db://assets/Sprite/area-pelota.png",
    "value": {
      "depends": []
    },
    "versionCode": 0
  },
  "15f807e9-c31b-4916-967c-46905375877e@6c48a": {
    "url": "db://assets/Sprite/area-pelota.png@6c48a",
    "value": {
      "depends": [
        "15f807e9-c31b-4916-967c-46905375877e"
      ]
    },
    "versionCode": 0
  },
  "15f807e9-c31b-4916-967c-46905375877e@f9941": {
    "url": "db://assets/Sprite/area-pelota.png@f9941",
    "value": {
      "depends": [
        "15f807e9-c31b-4916-967c-46905375877e@6c48a"
      ]
    },
    "versionCode": 0
  },
  "c33d1393-ac5c-431b-ab04-5e1c2e49d4e7": {
    "url": "db://assets/Script/AimArrow.ts",
    "value": {},
    "versionCode": 0
  },
  "2a56a2e4-1b6a-4c8e-a37a-79e58a627491": {
    "url": "db://assets/Prefab/estrella.prefab",
    "value": {
      "depends": [
        "cd93ab51-691a-400c-8b95-fe4bb3951624@f9941",
        "53aac379-5552-4dbf-9d95-b2b2f870a7ff",
        "b3e65bd0-ad2c-47c6-a7d0-b02cccadb9d3"
      ],
      "dependScripts": []
    },
    "versionCode": 0
  },
  "8f2bdfca-6be8-479b-b22e-5addee2622c8": {
    "url": "db://assets/Script/Deteccion.ts",
    "value": {},
    "versionCode": 0
  },
  "97b47394-d0b3-4046-b660-e8f35ff74398": {
    "url": "db://assets/Script/ManagerScore.ts",
    "value": {},
    "versionCode": 0
  },
  "c74adfe1-6122-46c9-b21a-20f54d932c80": {
    "url": "db://assets/Sprite/Porteria.png",
    "value": {
      "depends": []
    },
    "versionCode": 0
  },
  "c74adfe1-6122-46c9-b21a-20f54d932c80@6c48a": {
    "url": "db://assets/Sprite/Porteria.png@6c48a",
    "value": {
      "depends": [
        "c74adfe1-6122-46c9-b21a-20f54d932c80"
      ]
    },
    "versionCode": 0
  },
  "c74adfe1-6122-46c9-b21a-20f54d932c80@f9941": {
    "url": "db://assets/Sprite/Porteria.png@f9941",
    "value": {
      "depends": [
        "c74adfe1-6122-46c9-b21a-20f54d932c80@6c48a"
      ]
    },
    "versionCode": 0
  },
  "3c56464c-9575-4783-8917-e6d405ea03ee": {
    "url": "db://assets/Prefab/PorteriaPrefab.prefab",
    "value": {
      "depends": [
        "bda56ea6-9c78-4ef7-baed-5049076ed218@f9941",
        "c74adfe1-6122-46c9-b21a-20f54d932c80@f9941",
        "2f2e01da-77db-4199-aa72-bf5b7f69bf04@f9941",
        "f171e9f0-f56c-4150-87de-c91aa8c291c4@f9941",
        "6dc16f78-0001-434e-8006-119848af4f10@f9941"
      ],
      "dependScripts": [
        "5d87f724-d560-4211-9a27-665a53d8d4b7"
      ]
    },
    "versionCode": 0
  },
  "964db32a-e267-40ed-bc27-560aadade56f": {
    "url": "db://assets/Script/UIFollowCamera.ts",
    "value": {},
    "versionCode": 0
  },
  "9df9fbda-4415-4072-b2ff-65cb8c727c35": {
    "url": "db://assets/Sprite/Objetivos_gameover.png",
    "value": {
      "depends": []
    },
    "versionCode": 0
  },
  "9df9fbda-4415-4072-b2ff-65cb8c727c35@6c48a": {
    "url": "db://assets/Sprite/Objetivos_gameover.png@6c48a",
    "value": {
      "depends": [
        "9df9fbda-4415-4072-b2ff-65cb8c727c35"
      ]
    },
    "versionCode": 0
  },
  "9df9fbda-4415-4072-b2ff-65cb8c727c35@f9941": {
    "url": "db://assets/Sprite/Objetivos_gameover.png@f9941",
    "value": {
      "depends": [
        "9df9fbda-4415-4072-b2ff-65cb8c727c35@6c48a"
      ]
    },
    "versionCode": 0
  },
  "90279927-0d60-4fb4-8352-4e26f25d81ab": {
    "url": "db://assets/Sprite/Marcos-fut.png",
    "value": {
      "depends": []
    },
    "versionCode": 0
  },
  "90279927-0d60-4fb4-8352-4e26f25d81ab@6c48a": {
    "url": "db://assets/Sprite/Marcos-fut.png@6c48a",
    "value": {
      "depends": [
        "90279927-0d60-4fb4-8352-4e26f25d81ab"
      ]
    },
    "versionCode": 0
  },
  "90279927-0d60-4fb4-8352-4e26f25d81ab@f9941": {
    "url": "db://assets/Sprite/Marcos-fut.png@f9941",
    "value": {
      "depends": [
        "90279927-0d60-4fb4-8352-4e26f25d81ab@6c48a"
      ]
    },
    "versionCode": 0
  },
  "d203d04a-af4c-4de3-a326-629b9cf3ccd9": {
    "url": "db://assets/Sprite/plataforma-centro-Pared.png",
    "value": {
      "depends": []
    },
    "versionCode": 0
  },
  "d203d04a-af4c-4de3-a326-629b9cf3ccd9@6c48a": {
    "url": "db://assets/Sprite/plataforma-centro-Pared.png@6c48a",
    "value": {
      "depends": [
        "d203d04a-af4c-4de3-a326-629b9cf3ccd9"
      ]
    },
    "versionCode": 0
  },
  "d203d04a-af4c-4de3-a326-629b9cf3ccd9@f9941": {
    "url": "db://assets/Sprite/plataforma-centro-Pared.png@f9941",
    "value": {
      "depends": [
        "d203d04a-af4c-4de3-a326-629b9cf3ccd9@6c48a"
      ]
    },
    "versionCode": 0
  },
  "dcc454dc-6d33-4614-b715-3af8ab8cf811": {
    "url": "db://assets/Sprite/Logo_juego.png",
    "value": {},
    "versionCode": 0
  },
  "dcc454dc-6d33-4614-b715-3af8ab8cf811@6c48a": {
    "url": "db://assets/Sprite/Logo_juego.png@6c48a",
    "value": {
      "depends": [
        "dcc454dc-6d33-4614-b715-3af8ab8cf811"
      ]
    },
    "versionCode": 0
  },
  "dcc454dc-6d33-4614-b715-3af8ab8cf811@f9941": {
    "url": "db://assets/Sprite/Logo_juego.png@f9941",
    "value": {
      "depends": [
        "dcc454dc-6d33-4614-b715-3af8ab8cf811@6c48a"
      ]
    },
    "versionCode": 0
  },
  "2b635d46-194f-44f8-b338-5e72fa0ddaee": {
    "url": "db://assets/Sprite/PuntosFutbol2026 1.png",
    "value": {
      "depends": []
    },
    "versionCode": 0
  },
  "2b635d46-194f-44f8-b338-5e72fa0ddaee@6c48a": {
    "url": "db://assets/Sprite/PuntosFutbol2026 1.png@6c48a",
    "value": {
      "depends": [
        "2b635d46-194f-44f8-b338-5e72fa0ddaee"
      ]
    },
    "versionCode": 0
  },
  "2b635d46-194f-44f8-b338-5e72fa0ddaee@f9941": {
    "url": "db://assets/Sprite/PuntosFutbol2026 1.png@f9941",
    "value": {
      "depends": [
        "2b635d46-194f-44f8-b338-5e72fa0ddaee@6c48a"
      ]
    },
    "versionCode": 0
  },
  "e5cfd3e8-6493-43bd-9c68-0ef75b436966": {
    "url": "db://assets/Sprite/Portada propuestaNueva_horizontal.png",
    "value": {},
    "versionCode": 0
  },
  "e5cfd3e8-6493-43bd-9c68-0ef75b436966@6c48a": {
    "url": "db://assets/Sprite/Portada propuestaNueva_horizontal.png@6c48a",
    "value": {
      "depends": [
        "e5cfd3e8-6493-43bd-9c68-0ef75b436966"
      ]
    },
    "versionCode": 0
  },
  "e5cfd3e8-6493-43bd-9c68-0ef75b436966@f9941": {
    "url": "db://assets/Sprite/Portada propuestaNueva_horizontal.png@f9941",
    "value": {
      "depends": [
        "e5cfd3e8-6493-43bd-9c68-0ef75b436966@6c48a"
      ]
    },
    "versionCode": 0
  },
  "fa779c33-b2c7-4048-a363-17f32af184a4": {
    "url": "db://assets/Animation",
    "value": {},
    "versionCode": 0
  },
  "53aac379-5552-4dbf-9d95-b2b2f870a7ff": {
    "url": "db://assets/Animation/estrella-idle.anim",
    "value": {
      "depends": []
    },
    "versionCode": 0
  },
  "b3e65bd0-ad2c-47c6-a7d0-b02cccadb9d3": {
    "url": "db://assets/Animation/estrella-punto.anim",
    "value": {
      "depends": [
        "cd93ab51-691a-400c-8b95-fe4bb3951624@f9941"
      ]
    },
    "versionCode": 0
  },
  "3c9aea32-d986-44a9-ab63-cf680a0b48f7": {
    "url": "db://assets/Sprite/inst.png",
    "value": {
      "depends": []
    },
    "versionCode": 0
  },
  "3c9aea32-d986-44a9-ab63-cf680a0b48f7@6c48a": {
    "url": "db://assets/Sprite/inst.png@6c48a",
    "value": {
      "depends": [
        "3c9aea32-d986-44a9-ab63-cf680a0b48f7"
      ]
    },
    "versionCode": 0
  },
  "3c9aea32-d986-44a9-ab63-cf680a0b48f7@f9941": {
    "url": "db://assets/Sprite/inst.png@f9941",
    "value": {
      "depends": [
        "3c9aea32-d986-44a9-ab63-cf680a0b48f7@6c48a"
      ]
    },
    "versionCode": 0
  },
  "bda56ea6-9c78-4ef7-baed-5049076ed218": {
    "url": "db://assets/Sprite/Porteria-back.png",
    "value": {
      "depends": []
    },
    "versionCode": 0
  },
  "bda56ea6-9c78-4ef7-baed-5049076ed218@6c48a": {
    "url": "db://assets/Sprite/Porteria-back.png@6c48a",
    "value": {
      "depends": [
        "bda56ea6-9c78-4ef7-baed-5049076ed218"
      ]
    },
    "versionCode": 0
  },
  "bda56ea6-9c78-4ef7-baed-5049076ed218@f9941": {
    "url": "db://assets/Sprite/Porteria-back.png@f9941",
    "value": {
      "depends": [
        "bda56ea6-9c78-4ef7-baed-5049076ed218@6c48a"
      ]
    },
    "versionCode": 0
  },
  "c57fda82-d944-4cad-8e4e-8c5cfce10b8e": {
    "url": "db://assets/Script/NewComponent.ts",
    "value": {},
    "versionCode": 0
  },
  "5d87f724-d560-4211-9a27-665a53d8d4b7": {
    "url": "db://assets/Script/priority.ts",
    "value": {},
    "versionCode": 0
  },
  "ab4345a1-1665-4292-bb36-8397bc85e187": {
    "url": "db://assets/Font",
    "value": {},
    "versionCode": 0
  },
  "8f34cdde-8e21-473b-8491-0d4d6f5cbbc5": {
    "url": "db://assets/Font/DynaPuff-Bold.ttf",
    "value": {
      "depends": []
    },
    "versionCode": 0
  },
  "db65fcb4-b867-4b71-ba51-34339945348f": {
    "url": "db://assets/Sprite/Portada propuestaNueva.png",
    "value": {
      "depends": []
    },
    "versionCode": 0
  },
  "db65fcb4-b867-4b71-ba51-34339945348f@6c48a": {
    "url": "db://assets/Sprite/Portada propuestaNueva.png@6c48a",
    "value": {
      "depends": [
        "db65fcb4-b867-4b71-ba51-34339945348f"
      ]
    },
    "versionCode": 0
  },
  "db65fcb4-b867-4b71-ba51-34339945348f@f9941": {
    "url": "db://assets/Sprite/Portada propuestaNueva.png@f9941",
    "value": {
      "depends": [
        "db65fcb4-b867-4b71-ba51-34339945348f@6c48a"
      ]
    },
    "versionCode": 0
  }
}
