{
  "version": "1.0.0",
  "map": {
    "E:\\PuntosFutbol-2026\\Super_Tiro\\assets\\Scene.meta": {
      "time": 1760369547896.041
    },
    "E:\\PuntosFutbol-2026\\Super_Tiro\\assets\\Scene": {
      "time": 1760369569544.7563,
      "uuid": "71e5279b-849b-4a24-97b6-dc84736bc51b"
    },
    "E:\\PuntosFutbol-2026\\Super_Tiro\\assets\\Script.meta": {
      "time": 1760369547899.0403
    },
    "E:\\PuntosFutbol-2026\\Super_Tiro\\assets\\Script": {
      "time": 1760493282180.5366,
      "uuid": "981c15cc-724a-45a6-8ef1-30e8f38801ac"
    },
    "E:\\PuntosFutbol-2026\\Super_Tiro\\assets\\Sprite.meta": {
      "time": 1760369547903.0405
    },
    "E:\\PuntosFutbol-2026\\Super_Tiro\\assets\\Sprite": {
      "time": 1760490291224.2212,
      "uuid": "c57e275c-4755-4b72-89fe-027b2d73eaf1"
    },
    "E:\\PuntosFutbol-2026\\Super_Tiro\\assets\\Prefab.meta": {
      "time": 1760369547891.0432
    },
    "E:\\PuntosFutbol-2026\\Super_Tiro\\assets\\Prefab": {
      "time": 1760369569516.2478,
      "uuid": "45f5b5fa-542b-42c1-8242-eeeca68677e1"
    },
    "E:\\PuntosFutbol-2026\\Super_Tiro\\assets\\Script\\CambioEscena.ts.meta": {
      "time": 1760369547967.5535
    },
    "E:\\PuntosFutbol-2026\\Super_Tiro\\assets\\Script\\CambioEscena.ts": {
      "time": 1760369547964.5535,
      "uuid": "8da27914-bdbc-4bbc-8c85-9188d4559d39"
    },
    "E:\\PuntosFutbol-2026\\Super_Tiro\\assets\\Scene\\Inicio.scene.meta": {
      "time": 1760369547932.5518
    },
    "E:\\PuntosFutbol-2026\\Super_Tiro\\assets\\Scene\\Inicio.scene": {
      "time": 1760998058975.5786,
      "uuid": "be8e703a-c37a-432c-8cce-9b42e5174c4b"
    },
    "E:\\PuntosFutbol-2026\\Super_Tiro\\assets\\Scene\\Instrucciones.scene.meta": {
      "time": 1760369547938.555
    },
    "E:\\PuntosFutbol-2026\\Super_Tiro\\assets\\Scene\\Instrucciones.scene": {
      "time": 1760994522911.8718,
      "uuid": "34d309e4-abf3-450c-a036-487144eb568d"
    },
    "E:\\PuntosFutbol-2026\\Super_Tiro\\assets\\Scene\\Juego.scene.meta": {
      "time": 1760369547945.5525
    },
    "E:\\PuntosFutbol-2026\\Super_Tiro\\assets\\Scene\\Juego.scene": {
      "time": 1760994493069.787,
      "uuid": "d66d05dc-6731-4e04-b615-7240b631e9c5"
    },
    "E:\\PuntosFutbol-2026\\Super_Tiro\\assets\\Script\\ButtonMessage.ts.meta": {
      "time": 1760369547961.5696
    },
    "E:\\PuntosFutbol-2026\\Super_Tiro\\assets\\Script\\ButtonMessage.ts": {
      "time": 1760993805230.656,
      "uuid": "4f459ccd-b469-4e66-81ba-711ccdd3404d"
    },
    "E:\\PuntosFutbol-2026\\Super_Tiro\\assets\\Script\\Score.ts.meta": {
      "time": 1760369547984.0688
    },
    "E:\\PuntosFutbol-2026\\Super_Tiro\\assets\\Script\\Score.ts": {
      "time": 1760369547982.0857,
      "uuid": "1c79dc7e-e79d-4946-9604-e1c28b9413ec"
    },
    "E:\\PuntosFutbol-2026\\Super_Tiro\\assets\\Sprite\\salir.png.meta": {
      "time": 1760369548142.7947
    },
    "E:\\PuntosFutbol-2026\\Super_Tiro\\assets\\Sprite\\Play-H.png.meta": {
      "time": 1760369548110.2861
    },
    "E:\\PuntosFutbol-2026\\Super_Tiro\\assets\\Sprite\\salir-H.png.meta": {
      "time": 1760369548132.2854
    },
    "E:\\PuntosFutbol-2026\\Super_Tiro\\assets\\Sprite\\Play-P.png.meta": {
      "time": 1760369548116.2854
    },
    "E:\\PuntosFutbol-2026\\Super_Tiro\\assets\\Sprite\\salir-P.png.meta": {
      "time": 1760369548137.7976
    },
    "E:\\PuntosFutbol-2026\\Super_Tiro\\assets\\Sprite\\Siguiente.png.meta": {
      "time": 1760369548159.797
    },
    "E:\\PuntosFutbol-2026\\Super_Tiro\\assets\\Sprite\\Siguiente-H.png.meta": {
      "time": 1760369548148.794
    },
    "E:\\PuntosFutbol-2026\\Super_Tiro\\assets\\Sprite\\Siguiente-P.png.meta": {
      "time": 1760369548153.7969
    },
    "E:\\PuntosFutbol-2026\\Super_Tiro\\assets\\Sprite\\Volver.png.meta": {
      "time": 1760369548175.7954
    },
    "E:\\PuntosFutbol-2026\\Super_Tiro\\assets\\Sprite\\volver-H.png.meta": {
      "time": 1760369548164.794
    },
    "E:\\PuntosFutbol-2026\\Super_Tiro\\assets\\Sprite\\volver-P.png.meta": {
      "time": 1760369548169.7976
    },
    "E:\\PuntosFutbol-2026\\Super_Tiro\\assets\\Sprite\\Inicio-H.png.meta": {
      "time": 1760369548026.6013
    },
    "E:\\PuntosFutbol-2026\\Super_Tiro\\assets\\Sprite\\Inicio-P.png.meta": {
      "time": 1760369548031.6003
    },
    "E:\\PuntosFutbol-2026\\Super_Tiro\\assets\\Sprite\\Inicio.png.meta": {
      "time": 1760369548037.6138
    },
    "E:\\PuntosFutbol-2026\\Super_Tiro\\assets\\Sprite\\Play.png.meta": {
      "time": 1760369548121.2852
    },
    "E:\\PuntosFutbol-2026\\Super_Tiro\\assets\\Sprite\\salir.png": {
      "time": 1760369548140.794,
      "uuid": "a94fc0b3-68a4-4a07-b48a-1153aff2784c"
    },
    "E:\\PuntosFutbol-2026\\Super_Tiro\\assets\\Sprite\\Play-H.png": {
      "time": 1760369548108.2827,
      "uuid": "f6ad4cd4-3d9b-44d4-8141-2eaecc095e75"
    },
    "E:\\PuntosFutbol-2026\\Super_Tiro\\assets\\Sprite\\salir-H.png": {
      "time": 1760369548130.2832,
      "uuid": "0352179c-110c-46d3-b535-e88c5f7be5cc"
    },
    "E:\\PuntosFutbol-2026\\Super_Tiro\\assets\\Sprite\\Play-P.png": {
      "time": 1760369548113.2834,
      "uuid": "f7b745ce-a45a-4129-8ab5-02ff6b34e49a"
    },
    "E:\\PuntosFutbol-2026\\Super_Tiro\\assets\\Sprite\\salir-P.png": {
      "time": 1760369548134.7954,
      "uuid": "2efda16e-9751-4991-8b74-61721fcca895"
    },
    "E:\\PuntosFutbol-2026\\Super_Tiro\\assets\\Sprite\\Siguiente.png": {
      "time": 1760369548156.7942,
      "uuid": "d1bfda85-65dd-42f9-9102-a89b907155c3"
    },
    "E:\\PuntosFutbol-2026\\Super_Tiro\\assets\\Sprite\\Siguiente-H.png": {
      "time": 1760369548145.7944,
      "uuid": "5e32ef19-ea86-485f-9348-c65826e45909"
    },
    "E:\\PuntosFutbol-2026\\Super_Tiro\\assets\\Sprite\\Siguiente-P.png": {
      "time": 1760369548151.797,
      "uuid": "8e3d2cc1-6f3c-4afd-b09a-550a17e7705c"
    },
    "E:\\PuntosFutbol-2026\\Super_Tiro\\assets\\Sprite\\Volver.png": {
      "time": 1760369548173.7942,
      "uuid": "34343ec1-235c-42b7-92cb-01490f0acf43"
    },
    "E:\\PuntosFutbol-2026\\Super_Tiro\\assets\\Sprite\\volver-H.png": {
      "time": 1760369548161.796,
      "uuid": "7160e398-9595-4acc-abcc-4699734dc80d"
    },
    "E:\\PuntosFutbol-2026\\Super_Tiro\\assets\\Sprite\\volver-P.png": {
      "time": 1760369548167.7932,
      "uuid": "253d5cad-2a8e-41dc-a6fc-99b4493a4e33"
    },
    "E:\\PuntosFutbol-2026\\Super_Tiro\\assets\\Sprite\\Inicio-H.png": {
      "time": 1760369548023.0845,
      "uuid": "3deda984-dc3c-454a-a5af-58e6f38f367c"
    },
    "E:\\PuntosFutbol-2026\\Super_Tiro\\assets\\Sprite\\Inicio-P.png": {
      "time": 1760369548028.6008,
      "uuid": "cefe63d6-663b-48c4-9cb9-e6ce810a5d8e"
    },
    "E:\\PuntosFutbol-2026\\Super_Tiro\\assets\\Sprite\\Inicio.png": {
      "time": 1760369548034.618,
      "uuid": "2f9bb22e-0307-49a9-aef0-2c7ba1e9e194"
    },
    "E:\\PuntosFutbol-2026\\Super_Tiro\\assets\\Sprite\\Play.png": {
      "time": 1760369548118.2842,
      "uuid": "a334464d-8079-44cc-b32f-28543c51a3b7"
    },
    "E:\\PuntosFutbol-2026\\Super_Tiro\\assets\\Sprite\\balon.png.meta": {
      "time": 1760369548010.0684
    },
    "E:\\PuntosFutbol-2026\\Super_Tiro\\assets\\Sprite\\balon.png": {
      "time": 1760369548007.0686,
      "uuid": "9fb8598a-46c1-44b0-a0fe-7ce516f0ed2e"
    },
    "E:\\PuntosFutbol-2026\\Super_Tiro\\assets\\Script\\Tiro-Pelota.ts.meta": {
      "time": 1760369547990.0647
    },
    "E:\\PuntosFutbol-2026\\Super_Tiro\\assets\\Script\\Tiro-Pelota.ts": {
      "time": 1760993920301.806,
      "uuid": "a10bef96-1149-4859-8727-404685a10740"
    },
    "E:\\PuntosFutbol-2026\\Super_Tiro\\assets\\Script\\ZoomOut.ts.meta": {
      "time": 1760369547996.067
    },
    "E:\\PuntosFutbol-2026\\Super_Tiro\\assets\\Script\\ZoomOut.ts": {
      "time": 1760993423280.1357,
      "uuid": "882d3d92-5959-4569-8d45-84a39b754444"
    },
    "E:\\PuntosFutbol-2026\\Super_Tiro\\assets\\Sprite\\plataforma-centro.png.meta": {
      "time": 1760369548094.2861
    },
    "E:\\PuntosFutbol-2026\\Super_Tiro\\assets\\Sprite\\Plataforma-Der.png.meta": {
      "time": 1760369548100.2837
    },
    "E:\\PuntosFutbol-2026\\Super_Tiro\\assets\\Sprite\\Plataforma-Izq.png.meta": {
      "time": 1760369548105.2854
    },
    "E:\\PuntosFutbol-2026\\Super_Tiro\\assets\\Sprite\\plataforma-centro.png": {
      "time": 1760369548091.285,
      "uuid": "6dc16f78-0001-434e-8006-119848af4f10"
    },
    "E:\\PuntosFutbol-2026\\Super_Tiro\\assets\\Sprite\\Plataforma-Der.png": {
      "time": 1760369548097.285,
      "uuid": "f171e9f0-f56c-4150-87de-c91aa8c291c4"
    },
    "E:\\PuntosFutbol-2026\\Super_Tiro\\assets\\Sprite\\Plataforma-Izq.png": {
      "time": 1760369548102.2832,
      "uuid": "2f2e01da-77db-4199-aa72-bf5b7f69bf04"
    },
    "E:\\PuntosFutbol-2026\\Super_Tiro\\assets\\Sprite\\cielo.png.meta": {
      "time": 1760369548016.0688
    },
    "E:\\PuntosFutbol-2026\\Super_Tiro\\assets\\Sprite\\cielo.png": {
      "time": 1760369548013.069,
      "uuid": "e1ec9880-18e3-43a4-b46d-187e8ffd908c"
    },
    "E:\\PuntosFutbol-2026\\Super_Tiro\\assets\\Sprite\\nube01.png.meta": {
      "time": 1760369548057.774
    },
    "E:\\PuntosFutbol-2026\\Super_Tiro\\assets\\Sprite\\nube04.png.meta": {
      "time": 1760369548075.283
    },
    "E:\\PuntosFutbol-2026\\Super_Tiro\\assets\\Sprite\\nube02.png.meta": {
      "time": 1760369548064.7769
    },
    "E:\\PuntosFutbol-2026\\Super_Tiro\\assets\\Sprite\\nube03.png.meta": {
      "time": 1760369548069.7744
    },
    "E:\\PuntosFutbol-2026\\Super_Tiro\\assets\\Sprite\\nube01.png": {
      "time": 1760369548054.7769,
      "uuid": "a083cbde-d3d8-497c-befa-7ecc0c36cd15"
    },
    "E:\\PuntosFutbol-2026\\Super_Tiro\\assets\\Sprite\\nube04.png": {
      "time": 1760369548073.283,
      "uuid": "75479ec7-371e-4c60-807b-946ccc013b12"
    },
    "E:\\PuntosFutbol-2026\\Super_Tiro\\assets\\Sprite\\nube02.png": {
      "time": 1760369548060.7769,
      "uuid": "7a1dc456-59ad-4007-a950-d6e65e915508"
    },
    "E:\\PuntosFutbol-2026\\Super_Tiro\\assets\\Sprite\\nube03.png": {
      "time": 1760369548067.7737,
      "uuid": "aa69773e-b00a-432b-bf96-df5b400013d2"
    },
    "E:\\PuntosFutbol-2026\\Super_Tiro\\assets\\Sprite\\estrella.png.meta": {
      "time": 1760369548021.0688
    },
    "E:\\PuntosFutbol-2026\\Super_Tiro\\assets\\Sprite\\estrella.png": {
      "time": 1760369548018.0688,
      "uuid": "cd93ab51-691a-400c-8b95-fe4bb3951624"
    },
    "E:\\PuntosFutbol-2026\\Super_Tiro\\assets\\Sprite\\monataña@4x.png.meta": {
      "time": 1760369548052.7786
    },
    "E:\\PuntosFutbol-2026\\Super_Tiro\\assets\\Sprite\\monataña@4x.png": {
      "time": 1760369548049.5984,
      "uuid": "6f89e0ae-2e8d-4c29-aaaf-b2d15cfa7012"
    },
    "E:\\PuntosFutbol-2026\\Super_Tiro\\assets\\Sprite\\area-pelota.png.meta": {
      "time": 1760369548005.0686
    },
    "E:\\PuntosFutbol-2026\\Super_Tiro\\assets\\Sprite\\area-pelota.png": {
      "time": 1760369548002.085,
      "uuid": "15f807e9-c31b-4916-967c-46905375877e"
    },
    "E:\\PuntosFutbol-2026\\Super_Tiro\\assets\\Script\\AimArrow.ts.meta": {
      "time": 1760369547956.5486
    },
    "E:\\PuntosFutbol-2026\\Super_Tiro\\assets\\Script\\AimArrow.ts": {
      "time": 1760369547953.5686,
      "uuid": "c33d1393-ac5c-431b-ab04-5e1c2e49d4e7"
    },
    "E:\\PuntosFutbol-2026\\Super_Tiro\\assets\\Prefab\\estrella.prefab.meta": {
      "time": 1760369547914.0427
    },
    "E:\\PuntosFutbol-2026\\Super_Tiro\\assets\\Prefab\\estrella.prefab": {
      "time": 1760479977989.958,
      "uuid": "2a56a2e4-1b6a-4c8e-a37a-79e58a627491"
    },
    "E:\\PuntosFutbol-2026\\Super_Tiro\\assets\\Script\\Deteccion.ts.meta": {
      "time": 1760369547973.553
    },
    "E:\\PuntosFutbol-2026\\Super_Tiro\\assets\\Script\\Deteccion.ts": {
      "time": 1760994004572.1938,
      "uuid": "8f2bdfca-6be8-479b-b22e-5addee2622c8"
    },
    "E:\\PuntosFutbol-2026\\Super_Tiro\\assets\\Script\\ManagerScore.ts.meta": {
      "time": 1760369547979.0703
    },
    "E:\\PuntosFutbol-2026\\Super_Tiro\\assets\\Script\\ManagerScore.ts": {
      "time": 1760993985109.8845,
      "uuid": "97b47394-d0b3-4046-b660-e8f35ff74398"
    },
    "E:\\PuntosFutbol-2026\\Super_Tiro\\assets\\Sprite\\Porteria.png.meta": {
      "time": 1760490291301.23
    },
    "E:\\PuntosFutbol-2026\\Super_Tiro\\assets\\Sprite\\Porteria.png": {
      "time": 1760490288108.836,
      "uuid": "c74adfe1-6122-46c9-b21a-20f54d932c80"
    },
    "E:\\PuntosFutbol-2026\\Super_Tiro\\assets\\Prefab\\PorteriaPrefab.prefab.meta": {
      "time": 1760369547920.0593
    },
    "E:\\PuntosFutbol-2026\\Super_Tiro\\assets\\Prefab\\PorteriaPrefab.prefab": {
      "time": 1760992037411.5166,
      "uuid": "3c56464c-9575-4783-8917-e6d405ea03ee"
    },
    "E:\\PuntosFutbol-2026\\Super_Tiro\\assets\\Sprite\\Objetivos_gameover.png.meta": {
      "time": 1760369548083.2832
    },
    "E:\\PuntosFutbol-2026\\Super_Tiro\\assets\\Sprite\\Objetivos_gameover.png": {
      "time": 1760369548080.2834,
      "uuid": "9df9fbda-4415-4072-b2ff-65cb8c727c35"
    },
    "E:\\PuntosFutbol-2026\\Super_Tiro\\assets\\Sprite\\Marcos-fut.png.meta": {
      "time": 1760369548042.6165
    },
    "E:\\PuntosFutbol-2026\\Super_Tiro\\assets\\Sprite\\Marcos-fut.png": {
      "time": 1760369548039.6172,
      "uuid": "90279927-0d60-4fb4-8352-4e26f25d81ab"
    },
    "E:\\PuntosFutbol-2026\\Super_Tiro\\assets\\Sprite\\plataforma-centro-Pared.png.meta": {
      "time": 1760369548088.2825
    },
    "E:\\PuntosFutbol-2026\\Super_Tiro\\assets\\Sprite\\plataforma-centro-Pared.png": {
      "time": 1760369548086.2815,
      "uuid": "d203d04a-af4c-4de3-a326-629b9cf3ccd9"
    },
    "D:\\Super_Tiro\\assets\\Prefab": {
      "time": 1760046598606.9614,
      "uuid": "45f5b5fa-542b-42c1-8242-eeeca68677e1"
    },
    "D:\\Super_Tiro\\assets\\Scene": {
      "time": 1760046598647.5862,
      "uuid": "71e5279b-849b-4a24-97b6-dc84736bc51b"
    },
    "D:\\Super_Tiro\\assets\\Script": {
      "time": 1760046598744.6091,
      "uuid": "981c15cc-724a-45a6-8ef1-30e8f38801ac"
    },
    "D:\\Super_Tiro\\assets\\Sprite": {
      "time": 1760046599153.246,
      "uuid": "c57e275c-4755-4b72-89fe-027b2d73eaf1"
    },
    "D:\\Super_Tiro\\assets\\Script\\AimArrow.ts": {
      "time": 1760046569884.4873,
      "uuid": "c33d1393-ac5c-431b-ab04-5e1c2e49d4e7"
    },
    "D:\\Super_Tiro\\assets\\Script\\ButtonMessage.ts": {
      "time": 1760046569892.523,
      "uuid": "4f459ccd-b469-4e66-81ba-711ccdd3404d"
    },
    "D:\\Super_Tiro\\assets\\Script\\CambioEscena.ts": {
      "time": 1760046569896.5806,
      "uuid": "8da27914-bdbc-4bbc-8c85-9188d4559d39"
    },
    "D:\\Super_Tiro\\assets\\Script\\Deteccion.ts": {
      "time": 1760059896837.9133,
      "uuid": "8f2bdfca-6be8-479b-b22e-5addee2622c8"
    },
    "D:\\Super_Tiro\\assets\\Script\\ManagerScore.ts": {
      "time": 1760076683964.3745,
      "uuid": "97b47394-d0b3-4046-b660-e8f35ff74398"
    },
    "D:\\Super_Tiro\\assets\\Script\\Score.ts": {
      "time": 1760046569920.5256,
      "uuid": "1c79dc7e-e79d-4946-9604-e1c28b9413ec"
    },
    "D:\\Super_Tiro\\assets\\Script\\Tiro-Pelota.ts": {
      "time": 1760059461080.51,
      "uuid": "a10bef96-1149-4859-8727-404685a10740"
    },
    "D:\\Super_Tiro\\assets\\Script\\ZoomOut.ts": {
      "time": 1760046569934.3289,
      "uuid": "882d3d92-5959-4569-8d45-84a39b754444"
    },
    "D:\\Super_Tiro\\assets\\Prefab.meta": {
      "time": 1760046569792.9358
    },
    "D:\\Super_Tiro\\assets\\Scene.meta": {
      "time": 1760046569799.7075
    },
    "D:\\Super_Tiro\\assets\\Script.meta": {
      "time": 1760046569805.484
    },
    "D:\\Super_Tiro\\assets\\Sprite.meta": {
      "time": 1760046569807.4934
    },
    "D:\\Super_Tiro\\assets\\Script\\AimArrow.ts.meta": {
      "time": 1760046569888.5054
    },
    "D:\\Super_Tiro\\assets\\Script\\ButtonMessage.ts.meta": {
      "time": 1760046569892.523
    },
    "D:\\Super_Tiro\\assets\\Script\\CambioEscena.ts.meta": {
      "time": 1760046569896.5806
    },
    "D:\\Super_Tiro\\assets\\Script\\Deteccion.ts.meta": {
      "time": 1760046569908.071
    },
    "D:\\Super_Tiro\\assets\\Script\\ManagerScore.ts.meta": {
      "time": 1760046569916.5088
    },
    "D:\\Super_Tiro\\assets\\Script\\Score.ts.meta": {
      "time": 1760046569922.534
    },
    "D:\\Super_Tiro\\assets\\Script\\Tiro-Pelota.ts.meta": {
      "time": 1760046569930.3098
    },
    "D:\\Super_Tiro\\assets\\Script\\ZoomOut.ts.meta": {
      "time": 1760046569936.3384
    },
    "D:\\Super_Tiro\\assets\\Prefab\\estrella.prefab": {
      "time": 1760046569817.2158,
      "uuid": "2a56a2e4-1b6a-4c8e-a37a-79e58a627491"
    },
    "D:\\Super_Tiro\\assets\\Prefab\\PorteriaPrefab.prefab": {
      "time": 1760046569831.4038,
      "uuid": "3c56464c-9575-4783-8917-e6d405ea03ee"
    },
    "D:\\Super_Tiro\\assets\\Scene\\Inicio.scene": {
      "time": 1760046569845.1143,
      "uuid": "be8e703a-c37a-432c-8cce-9b42e5174c4b"
    },
    "D:\\Super_Tiro\\assets\\Scene\\Instrucciones.scene": {
      "time": 1760046569857.7874,
      "uuid": "34d309e4-abf3-450c-a036-487144eb568d"
    },
    "D:\\Super_Tiro\\assets\\Scene\\Juego.scene": {
      "time": 1760366391716.4897,
      "uuid": "d66d05dc-6731-4e04-b615-7240b631e9c5"
    },
    "D:\\Super_Tiro\\assets\\Sprite\\area-pelota.png": {
      "time": 1760046569944.1113,
      "uuid": "15f807e9-c31b-4916-967c-46905375877e"
    },
    "D:\\Super_Tiro\\assets\\Sprite\\balon.png": {
      "time": 1760046569947.881,
      "uuid": "9fb8598a-46c1-44b0-a0fe-7ce516f0ed2e"
    },
    "D:\\Super_Tiro\\assets\\Sprite\\cielo.png": {
      "time": 1760046569947.881,
      "uuid": "e1ec9880-18e3-43a4-b46d-187e8ffd908c"
    },
    "D:\\Super_Tiro\\assets\\Sprite\\estrella.png": {
      "time": 1760046569961.8496,
      "uuid": "cd93ab51-691a-400c-8b95-fe4bb3951624"
    },
    "D:\\Super_Tiro\\assets\\Sprite\\Inicio-H.png": {
      "time": 1760046569971.8267,
      "uuid": "3deda984-dc3c-454a-a5af-58e6f38f367c"
    },
    "D:\\Super_Tiro\\assets\\Sprite\\Inicio-P.png": {
      "time": 1760046569979.1516,
      "uuid": "cefe63d6-663b-48c4-9cb9-e6ce810a5d8e"
    },
    "D:\\Super_Tiro\\assets\\Sprite\\Inicio.png": {
      "time": 1760046569987.1812,
      "uuid": "2f9bb22e-0307-49a9-aef0-2c7ba1e9e194"
    },
    "D:\\Super_Tiro\\assets\\Sprite\\Marcos-fut.png": {
      "time": 1760046569992.9458,
      "uuid": "90279927-0d60-4fb4-8352-4e26f25d81ab"
    },
    "D:\\Super_Tiro\\assets\\Sprite\\monataña@4x.png": {
      "time": 1760046569997.8196,
      "uuid": "6f89e0ae-2e8d-4c29-aaaf-b2d15cfa7012"
    },
    "D:\\Super_Tiro\\assets\\Sprite\\nube01.png": {
      "time": 1760046570008.793,
      "uuid": "a083cbde-d3d8-497c-befa-7ecc0c36cd15"
    },
    "D:\\Super_Tiro\\assets\\Sprite\\nube02.png": {
      "time": 1760046570017.521,
      "uuid": "7a1dc456-59ad-4007-a950-d6e65e915508"
    },
    "D:\\Super_Tiro\\assets\\Sprite\\nube03.png": {
      "time": 1760046570026.562,
      "uuid": "aa69773e-b00a-432b-bf96-df5b400013d2"
    },
    "D:\\Super_Tiro\\assets\\Sprite\\nube04.png": {
      "time": 1760046570028.5703,
      "uuid": "75479ec7-371e-4c60-807b-946ccc013b12"
    },
    "D:\\Super_Tiro\\assets\\Sprite\\Objetivos_gameover.png": {
      "time": 1760046570038.5342,
      "uuid": "9df9fbda-4415-4072-b2ff-65cb8c727c35"
    },
    "D:\\Super_Tiro\\assets\\Sprite\\plataforma-centro-Pared.png": {
      "time": 1760046570048.8037,
      "uuid": "d203d04a-af4c-4de3-a326-629b9cf3ccd9"
    },
    "D:\\Super_Tiro\\assets\\Sprite\\plataforma-centro.png": {
      "time": 1760046570057.142,
      "uuid": "6dc16f78-0001-434e-8006-119848af4f10"
    },
    "D:\\Super_Tiro\\assets\\Sprite\\Plataforma-Der.png": {
      "time": 1760046570057.142,
      "uuid": "f171e9f0-f56c-4150-87de-c91aa8c291c4"
    },
    "D:\\Super_Tiro\\assets\\Sprite\\Plataforma-Izq.png": {
      "time": 1760046570071.5657,
      "uuid": "2f2e01da-77db-4199-aa72-bf5b7f69bf04"
    },
    "D:\\Super_Tiro\\assets\\Sprite\\Play-H.png": {
      "time": 1760046570071.5657,
      "uuid": "f6ad4cd4-3d9b-44d4-8141-2eaecc095e75"
    },
    "D:\\Super_Tiro\\assets\\Sprite\\Play-P.png": {
      "time": 1760046570089.7341,
      "uuid": "f7b745ce-a45a-4129-8ab5-02ff6b34e49a"
    },
    "D:\\Super_Tiro\\assets\\Sprite\\Play.png": {
      "time": 1760046570089.7341,
      "uuid": "a334464d-8079-44cc-b32f-28543c51a3b7"
    },
    "D:\\Super_Tiro\\assets\\Sprite\\Porteria.png": {
      "time": 1760046570104.4766,
      "uuid": "c74adfe1-6122-46c9-b21a-20f54d932c80"
    },
    "D:\\Super_Tiro\\assets\\Sprite\\salir-H.png": {
      "time": 1760046570110.843,
      "uuid": "0352179c-110c-46d3-b535-e88c5f7be5cc"
    },
    "D:\\Super_Tiro\\assets\\Sprite\\salir-P.png": {
      "time": 1760046570116.86,
      "uuid": "2efda16e-9751-4991-8b74-61721fcca895"
    },
    "D:\\Super_Tiro\\assets\\Sprite\\salir.png": {
      "time": 1760046570121.281,
      "uuid": "a94fc0b3-68a4-4a07-b48a-1153aff2784c"
    },
    "D:\\Super_Tiro\\assets\\Sprite\\Siguiente-H.png": {
      "time": 1760046570132.6138,
      "uuid": "5e32ef19-ea86-485f-9348-c65826e45909"
    },
    "D:\\Super_Tiro\\assets\\Sprite\\Siguiente-P.png": {
      "time": 1760046570132.6138,
      "uuid": "8e3d2cc1-6f3c-4afd-b09a-550a17e7705c"
    },
    "D:\\Super_Tiro\\assets\\Sprite\\Siguiente.png": {
      "time": 1760046570148.242,
      "uuid": "d1bfda85-65dd-42f9-9102-a89b907155c3"
    },
    "D:\\Super_Tiro\\assets\\Sprite\\volver-H.png": {
      "time": 1760046570155.7097,
      "uuid": "7160e398-9595-4acc-abcc-4699734dc80d"
    },
    "D:\\Super_Tiro\\assets\\Sprite\\volver-P.png": {
      "time": 1760046570163.62,
      "uuid": "253d5cad-2a8e-41dc-a6fc-99b4493a4e33"
    },
    "D:\\Super_Tiro\\assets\\Sprite\\Volver.png": {
      "time": 1760046570163.62,
      "uuid": "34343ec1-235c-42b7-92cb-01490f0acf43"
    },
    "D:\\Super_Tiro\\assets\\Scene\\Instrucciones.scene.meta": {
      "time": 1760046569862.7427
    },
    "D:\\Super_Tiro\\assets\\Prefab\\estrella.prefab.meta": {
      "time": 1760046569827.3867
    },
    "D:\\Super_Tiro\\assets\\Prefab\\PorteriaPrefab.prefab.meta": {
      "time": 1760046569835.192
    },
    "D:\\Super_Tiro\\assets\\Scene\\Inicio.scene.meta": {
      "time": 1760046569850.8662
    },
    "D:\\Super_Tiro\\assets\\Scene\\Juego.scene.meta": {
      "time": 1760046569874.4578
    },
    "D:\\Super_Tiro\\assets\\Sprite\\balon.png.meta": {
      "time": 1760046569947.881
    },
    "D:\\Super_Tiro\\assets\\Sprite\\estrella.png.meta": {
      "time": 1760046569961.8496
    },
    "D:\\Super_Tiro\\assets\\Sprite\\cielo.png.meta": {
      "time": 1760046569961.8496
    },
    "D:\\Super_Tiro\\assets\\Sprite\\area-pelota.png.meta": {
      "time": 1760046569947.881
    },
    "D:\\Super_Tiro\\assets\\Sprite\\Inicio-H.png.meta": {
      "time": 1760046569975.1362
    },
    "D:\\Super_Tiro\\assets\\Sprite\\Inicio-P.png.meta": {
      "time": 1760046569983.1643
    },
    "D:\\Super_Tiro\\assets\\Sprite\\Inicio.png.meta": {
      "time": 1760046569990.938
    },
    "D:\\Super_Tiro\\assets\\Sprite\\monataña@4x.png.meta": {
      "time": 1760046570004.7754
    },
    "D:\\Super_Tiro\\assets\\Sprite\\Marcos-fut.png.meta": {
      "time": 1760046569997.8196
    },
    "D:\\Super_Tiro\\assets\\Sprite\\nube01.png.meta": {
      "time": 1760046570008.793
    },
    "D:\\Super_Tiro\\assets\\Sprite\\nube02.png.meta": {
      "time": 1760046570021.5376
    },
    "D:\\Super_Tiro\\assets\\Sprite\\nube03.png.meta": {
      "time": 1760046570028.5703
    },
    "D:\\Super_Tiro\\assets\\Sprite\\nube04.png.meta": {
      "time": 1760046570028.5703
    },
    "D:\\Super_Tiro\\assets\\Sprite\\Objetivos_gameover.png.meta": {
      "time": 1760046570038.5342
    },
    "D:\\Super_Tiro\\assets\\Sprite\\plataforma-centro-Pared.png.meta": {
      "time": 1760046570053.882
    },
    "D:\\Super_Tiro\\assets\\Sprite\\plataforma-centro.png.meta": {
      "time": 1760046570057.142
    },
    "D:\\Super_Tiro\\assets\\Sprite\\Plataforma-Der.png.meta": {
      "time": 1760046570069.557
    },
    "D:\\Super_Tiro\\assets\\Sprite\\Plataforma-Izq.png.meta": {
      "time": 1760046570071.5657
    },
    "D:\\Super_Tiro\\assets\\Sprite\\Play-H.png.meta": {
      "time": 1760046570085.3577
    },
    "D:\\Super_Tiro\\assets\\Sprite\\Play-P.png.meta": {
      "time": 1760046570089.7341
    },
    "D:\\Super_Tiro\\assets\\Sprite\\Play.png.meta": {
      "time": 1760046570101.1482
    },
    "D:\\Super_Tiro\\assets\\Sprite\\Porteria.png.meta": {
      "time": 1760046570104.4766
    },
    "D:\\Super_Tiro\\assets\\Sprite\\salir-H.png.meta": {
      "time": 1760046570110.843
    },
    "D:\\Super_Tiro\\assets\\Sprite\\salir-P.png.meta": {
      "time": 1760046570121.281
    },
    "D:\\Super_Tiro\\assets\\Sprite\\salir.png.meta": {
      "time": 1760046570129.03
    },
    "D:\\Super_Tiro\\assets\\Sprite\\Siguiente-H.png.meta": {
      "time": 1760046570132.6138
    },
    "D:\\Super_Tiro\\assets\\Sprite\\Siguiente-P.png.meta": {
      "time": 1760046570132.6138
    },
    "D:\\Super_Tiro\\assets\\Sprite\\Siguiente.png.meta": {
      "time": 1760046570152.2625
    },
    "D:\\Super_Tiro\\assets\\Sprite\\volver-H.png.meta": {
      "time": 1760046570160.0574
    },
    "D:\\Super_Tiro\\assets\\Sprite\\volver-P.png.meta": {
      "time": 1760046570163.62
    },
    "D:\\Super_Tiro\\assets\\Sprite\\Volver.png.meta": {
      "time": 1760046570163.62
    },
    "E:\\PuntosFutbol-2026\\Super_Tiro\\assets\\Sprite\\PuntosFutbol2026 1.png.meta": {
      "time": 1760466702795.45
    },
    "E:\\PuntosFutbol-2026\\Super_Tiro\\assets\\Sprite\\PuntosFutbol2026 1.png": {
      "time": 1748903089497.8354,
      "uuid": "2b635d46-194f-44f8-b338-5e72fa0ddaee"
    },
    "E:\\PuntosFutbol-2026\\Super_Tiro\\assets\\Sprite\\Portada propuestaNueva_horizontal.png.meta": {
      "time": 1760411605596.7976
    },
    "E:\\PuntosFutbol-2026\\Super_Tiro\\assets\\Sprite\\Portada propuestaNueva_horizontal.png": {
      "time": 1760120316044.239,
      "uuid": "e5cfd3e8-6493-43bd-9c68-0ef75b436966"
    },
    "E:\\PuntosFutbol-2026\\Super_Tiro\\assets\\Animation.meta": {
      "time": 1760464277885.6782
    },
    "E:\\PuntosFutbol-2026\\Super_Tiro\\assets\\Animation\\estrella-idle.anim.meta": {
      "time": 1760464277889.6738
    },
    "E:\\PuntosFutbol-2026\\Super_Tiro\\assets\\Animation": {
      "time": 1760464468338.3608,
      "uuid": "fa779c33-b2c7-4048-a363-17f32af184a4"
    },
    "E:\\PuntosFutbol-2026\\Super_Tiro\\assets\\Animation\\estrella-idle.anim": {
      "time": 1760480692028.4707,
      "uuid": "53aac379-5552-4dbf-9d95-b2b2f870a7ff"
    },
    "E:\\PuntosFutbol-2026\\Super_Tiro\\assets\\Animation\\estrella-punto.anim.meta": {
      "time": 1760464468345.3577
    },
    "E:\\PuntosFutbol-2026\\Super_Tiro\\assets\\Animation\\estrella-punto.anim": {
      "time": 1760480880144.5747,
      "uuid": "b3e65bd0-ad2c-47c6-a7d0-b02cccadb9d3"
    },
    "E:\\PuntosFutbol-2026\\Super_Tiro\\assets\\Sprite\\inst.png.meta": {
      "time": 1760466573042.1682
    },
    "E:\\PuntosFutbol-2026\\Super_Tiro\\assets\\Sprite\\inst.png": {
      "time": 1760466502701.1108,
      "uuid": "3c9aea32-d986-44a9-ab63-cf680a0b48f7"
    },
    "E:\\PuntosFutbol-2026\\Super_Tiro\\assets\\Sprite\\Porteria-back.png.meta": {
      "time": 1760490291303.2295
    },
    "E:\\PuntosFutbol-2026\\Super_Tiro\\assets\\Sprite\\Porteria-back.png": {
      "time": 1760490167718.8772,
      "uuid": "bda56ea6-9c78-4ef7-baed-5049076ed218"
    },
    "E:\\PuntosFutbol-2026\\Super_Tiro\\assets\\Script\\priority.ts.meta": {
      "time": 1760493282189.0461
    },
    "E:\\PuntosFutbol-2026\\Super_Tiro\\assets\\Script\\priority.ts": {
      "time": 1760991783163.151,
      "uuid": "5d87f724-d560-4211-9a27-665a53d8d4b7"
    },
    "E:\\PuntosFutbol-2026\\Super_Tiro\\assets\\Font.meta": {
      "time": 1760990151763.1565
    },
    "E:\\PuntosFutbol-2026\\Super_Tiro\\assets\\Font": {
      "time": 1760990159281.4082,
      "uuid": "ab4345a1-1665-4292-bb36-8397bc85e187"
    },
    "E:\\PuntosFutbol-2026\\Super_Tiro\\assets\\Font\\DynaPuff-Bold.ttf.meta": {
      "time": 1758919366045.452
    },
    "E:\\PuntosFutbol-2026\\Super_Tiro\\assets\\Font\\DynaPuff-Bold.ttf": {
      "time": 1758919366042.4443,
      "uuid": "8f34cdde-8e21-473b-8491-0d4d6f5cbbc5"
    }
  },
  "missing": {
    "ae2447ea-b6ec-4163-9565-683aa2501551": {
      "path": "E:\\PuntosFutbol-2026\\Super_Tiro\\assets\\folder",
      "time": 1759170643045.2783,
      "removeTime": 1759170648123
    },
    "964db32a-e267-40ed-bc27-560aadade56f": {
      "path": "E:\\PuntosFutbol-2026\\Super_Tiro\\assets\\Script\\UIFollowCamera.ts",
      "time": 1759771907427.6648,
      "removeTime": 1759771957592
    },
    "9df9fbda-4415-4072-b2ff-65cb8c727c35": {
      "path": "E:\\PuntosFutbol-2026\\Super_Tiro\\assets\\Sprite\\Objetivos_gameover (1).png",
      "time": 1759968496748.9998,
      "removeTime": 1759968511090
    },
    "90279927-0d60-4fb4-8352-4e26f25d81ab": {
      "path": "E:\\PuntosFutbol-2026\\Super_Tiro\\assets\\Sprite\\Marcos-HockeyFutbol_juego.png",
      "time": 1758919366563.4934,
      "removeTime": 1759968617851
    },
    "dcc454dc-6d33-4614-b715-3af8ab8cf811": {
      "path": "E:\\PuntosFutbol-2026\\Super_Tiro\\assets\\Sprite\\Logo_juego.png",
      "time": 1750887204252.179,
      "removeTime": 1760392894701
    },
    "c57fda82-d944-4cad-8e4e-8c5cfce10b8e": {
      "path": "E:\\PuntosFutbol-2026\\Super_Tiro\\assets\\Script\\NewComponent.ts",
      "time": 1760493264958.687,
      "removeTime": 1760493272327
    }
  }
}
