{
  "__type__": "cc.SpriteFrame",
  "content": {
    "name": "red",
    "atlas": "",
    "rect": {
      "x": 0,
      "y": 0,
      "width": 417,
      "height": 198
    },
    "offset": {
      "x": 0,
      "y": 0
    },
    "originalSize": {
      "width": 417,
      "height": 198
    },
    "rotated": false,
    "capInsets": [
      0,
      0,
      0,
      0
    ],
    "vertices": {
      "rawPosition": [
        -208.5,
        -99,
        0,
        208.5,
        -99,
        0,
        -208.5,
        99,
        0,
        208.5,
        99,
        0
      ],
      "indexes": [
        0,
        1,
        2,
        2,
        1,
        3
      ],
      "uv": [
        0,
        198,
        417,
        198,
        0,
        0,
        417,
        0
      ],
      "nuv": [
        0,
        0,
        1,
        0,
        0,
        1,
        1,
        1
      ],
      "minPos": {
        "x": -208.5,
        "y": -99,
        "z": 0
      },
      "maxPos": {
        "x": 208.5,
        "y": 99,
        "z": 0
      }
    },
    "texture": "b0beef13-bb71-4af0-a30a-9460d6aa1b1b@6c48a",
    "packable": true,
    "pixelsToUnit": 100,
    "pivot": {
      "x": 0.5,
      "y": 0.5
    },
    "meshType": 0
  }
}