{
  "__version__": "3.0.7",
  "builder": {
    "options": {
      "web-desktop": {
        "configID": "b1f724",
        "services": []
      },
      "web-mobile": {
        "configID": "b1f724",
        "services": []
      }
    },
    "taskOptionsMap": {
      "1716496697585": {
        "configID": "b1f724",
        "services": []
      },
      "1716497920515": {
        "configID": "b1f724",
        "services": [],
        "__version__": "3.0.7"
      }
    },
    "__version__": "1.3.7"
  },
  "builder-options": {
    "configID": "b1f724",
    "services": []
  }
}
