{
  "gizmos-infos": {
    "is2D": true,
    "is3DIcon": false,
    "iconSize": 2,
    "gridVisible": true,
    "gridColor": [
      166,
      166,
      166,
      255
    ],
    "transformToolName": "position",
    "pivot": "pivot",
    "coordinate": "local",
    "toolsVisibility3d": true
  },
  "__version__": "1.0.0",
  "builder": {
    "taskOptionsMap": {},
    "__version__": "1.3.7"
  },
  "snap-configs": {
    "position": {
      "x": 1,
      "y": 1,
      "z": 1
    },
    "rotation": 1,
    "scale": 1,
    "isPositionSnapEnabled": false,
    "isRotationSnapEnabled": false,
    "isScaleSnapEnabled": false
  },
  "rect-snap-configs": {
    "enableSnapping": true,
    "snapThreshold": 4
  },
  "camera-infos": {
    "9be08b8a-9a57-4ccf-944d-bf0fc7905194": {
      "position": {
        "x": 513.647181636957,
        "y": 768.290607630755,
        "z": 5000
      },
      "rotation": {
        "x": 0,
        "y": 0,
        "z": 0,
        "w": 1
      },
      "viewCenter": {
        "x": 0,
        "y": 0,
        "z": 0
      },
      "contentRect": {
        "x": 0,
        "y": 0,
        "width": 895.6715542521994,
        "height": 672
      },
      "scale": 0.9853372434017595
    },
    "ff925bf3-94cc-45a9-8bdc-ee30d196e287": {
      "position": {
        "x": 541.3756209699944,
        "y": 364.3263221979104,
        "z": 5000
      },
      "rotation": {
        "x": 0,
        "y": 0,
        "z": 0,
        "w": 1
      },
      "viewCenter": {
        "x": 0,
        "y": 0,
        "z": 0
      },
      "contentRect": {
        "x": 395.4773788581514,
        "y": 218.42808008606738,
        "width": 150,
        "height": 150
      },
      "scale": 0.5140569133280326
    },
    "a69b9b28-4a16-430e-85a2-b8e2d877b23f": {
      "position": {
        "x": -409.0851091475671,
        "y": 579.4270161302447,
        "z": 5000
      },
      "rotation": {
        "x": 0,
        "y": 0,
        "z": 0,
        "w": 1
      },
      "viewCenter": {
        "x": 0,
        "y": 0,
        "z": 0
      },
      "contentRect": {
        "x": -858.6484591536768,
        "y": -95.42771789253223,
        "width": 505.3333333333333,
        "height": 758
      },
      "scale": 0.4793540220684611
    },
    "30a1df6e-7d20-4a2f-bc86-ead97b7e7210": {
      "position": {
        "x": 242.9551451187334,
        "y": 481.3022785732926,
        "z": 5000
      },
      "rotation": {
        "x": 0,
        "y": 0,
        "z": 0,
        "w": 1
      },
      "viewCenter": {
        "x": 0,
        "y": 0,
        "z": 0
      },
      "contentRect": {
        "x": -77.0448548812665,
        "y": 1.302278573292588,
        "width": 505.3333333333333,
        "height": 758
      },
      "scale": 0.7895833333333333
    },
    "03bb4b39-2769-4340-b198-b91c626de905": {
      "position": {
        "x": 864.492381910399,
        "y": 328.52377158908365,
        "z": 5000
      },
      "rotation": {
        "x": 0,
        "y": 0,
        "z": 0,
        "w": 1
      },
      "viewCenter": {
        "x": 0,
        "y": 0,
        "z": 0
      },
      "contentRect": {
        "x": 442.2987890913122,
        "y": -304.76661763954655,
        "width": 982.8179231863443,
        "height": 693
      },
      "scale": 0.5984616322089384
    },
    "c77ecaa8-c936-46c4-a5b0-98692673ed87": {
      "position": {
        "x": 320,
        "y": 479.9999999999999,
        "z": 5000
      },
      "rotation": {
        "x": 0,
        "y": 0,
        "z": 0,
        "w": 1
      },
      "viewCenter": {
        "x": 0,
        "y": 0,
        "z": 0
      },
      "contentRect": {
        "x": -153.96226415094327,
        "y": 0.09463535813576904,
        "width": 424.0000000000001,
        "height": 636
      },
      "scale": 0.6625000000000002
    },
    "873693f4-f2bc-445b-9870-7373223aa0d8": {
      "position": {
        "x": 248.30580515624118,
        "y": 466.47903532120495,
        "z": 5000
      },
      "rotation": {
        "x": 0,
        "y": 0,
        "z": 0,
        "w": 1
      },
      "viewCenter": {
        "x": 0,
        "y": 0,
        "z": 0
      },
      "contentRect": {
        "x": -52.09573181126154,
        "y": 15.876729869950964,
        "width": 627,
        "height": 755.9434850863422
      },
      "scale": 0.7057220883092022
    }
  },
  "camera-uuids": [
    "9be08b8a-9a57-4ccf-944d-bf0fc7905194",
    "ff925bf3-94cc-45a9-8bdc-ee30d196e287",
    "a69b9b28-4a16-430e-85a2-b8e2d877b23f",
    "30a1df6e-7d20-4a2f-bc86-ead97b7e7210",
    "03bb4b39-2769-4340-b198-b91c626de905",
    "c77ecaa8-c936-46c4-a5b0-98692673ed87",
    "873693f4-f2bc-445b-9870-7373223aa0d8"
  ],
  "camera": {
    "color": [
      48,
      48,
      48,
      255
    ],
    "fov": 45,
    "far": 10000,
    "near": 0.01,
    "wheelSpeed": 0.01,
    "wanderSpeed": 10,
    "enableAcceleration": true,
    "size": "__default_design__",
    "far2D": 10000,
    "near2D": 1,
    "wheelSpeed2D": 6,
    "iso": 0,
    "aperture": 19,
    "shutter": 7
  },
  "scene_view": {
    "isSceneLightOn": true,
    "output_device": "__default_design__"
  },
  "game-view": {
    "scaleValue": 69,
    "sliderValue": 33
  },
  "float-window": {
    "position": {
      "cc": {
        "Camera": {
          "dock": false,
          "top": null,
          "bottom": 10,
          "left": null,
          "right": 10
        }
      }
    }
  }
}
