[1,["acIpG865BGq7FY2kKnaSlw@f9941","acIpG865BGq7FY2kKnaSlw@6c48a"],["node","root","data","_spriteFrame","_textureSource"],["cc.SpriteFrame",["cc.Prefab",["_name"],2],["cc.Node",["_name","_layer","_components","_prefab"],1,9,4],["cc.UITransform",["node","__prefab","_contentSize"],3,1,4,5],["cc.CompPrefabInfo",["fileId"],2],["cc.Sprite",["node","__prefab","_spriteFrame"],3,1,4,6],["cc.RigidBody2D",["enabledContactListener","_group","_allowSleep","node","__prefab"],0,1,4],["cc.BoxCollider2D",["_group","node","__prefab","_offset","_size"],2,1,4,5,5],["cc.PrefabInfo",["fileId","instance","targetOverrides","nestedPrefabInstanceRoots","root","asset"],-1,1,1]],[[4,0,2],[1,0,2],[2,0,1,2,3,3],[3,0,1,2,1],[5,0,1,2,1],[6,0,1,2,3,4,4],[7,0,1,2,3,4,2],[8,0,1,2,3,4,5,5]],[[[[1,"camioneta06"],[2,"camioneta06",33554432,[[3,-2,[0,"8c4zNmuBVHmoA9d2ySwB+K"],[5,101,222]],[4,-3,[0,"79TRG5tqRJ25WtjfZnoKpH"],0],[5,true,4,false,-4,[0,"73sPnUUStE3r3J8+qEiCRm"]],[6,4,-5,[0,"2asjH6R/lJ0q7Rk4WvG6uC"],[0,-5,0.8],[5,70.7,188]]],[7,"96qm3sNe5FDrgl6wkvrwQu",null,null,null,-1,0]]],0,[0,1,1,0,0,1,0,0,1,0,0,1,0,0,1,0,2,1,5],[0],[3],[0]],[[{"name":"camioneta06","rect":{"x":0,"y":0,"width":101,"height":222},"offset":{"x":0,"y":0},"originalSize":{"width":101,"height":222},"rotated":false,"capInsets":[0,0,0,0],"vertices":{"rawPosition":[-50.5,-111,0,50.5,-111,0,-50.5,111,0,50.5,111,0],"indexes":[0,1,2,2,1,3],"uv":[0,222,101,222,0,0,101,0],"nuv":[0,0,1,0,0,1,1,1],"minPos":{"x":-50.5,"y":-111,"z":0},"maxPos":{"x":50.5,"y":111,"z":0}},"packable":true,"pixelsToUnit":100,"pivot":{"x":0.5,"y":0.5},"meshType":0}],[0],0,[0],[4],[1]]]]
