[1,["eaWSbNwKZKGLmR00p0FJ4Y@f9941","3ai/Qoa0BBcph7m7KM/8hk@f9941","d2stpdrV5MuqVSLOQQHvmd@f9941","deY2K5n+BC1qnz2KqmOBSL@f9941","0fhKmL5h5BU6K296XspdFv@f9941","0fhKmL5h5BU6K296XspdFv@6c48a","3ai/Qoa0BBcph7m7KM/8hk@6c48a","4cuqCQjSZALrdqSgOdSo++@6c48a","655rQ7H3dPF70sMREA2ztV@6c48a","7eL0jG/PNNOZe3zuUtsf8h@6c48a","82qBTK3pdBKqMJs8uKD9qu@6c48a","98BiebqXZGtIL4Gv6KJjph@6c48a","b5z6eBjF9EJ46d8N65FWu7@6c48a","b5z6eBjF9EJ46d8N65FWu7@f9941","4cuqCQjSZALrdqSgOdSo++@f9941","82qBTK3pdBKqMJs8uKD9qu@f9941","98BiebqXZGtIL4Gv6KJjph@f9941","7eL0jG/PNNOZe3zuUtsf8h@f9941","655rQ7H3dPF70sMREA2ztV@f9941","95EkngnxZFbYuFpsqVTaFr@f9941","d2stpdrV5MuqVSLOQQHvmd@6c48a","deY2K5n+BC1qnz2KqmOBSL@6c48a","eaWSbNwKZKGLmR00p0FJ4Y@6c48a"],["node","_textureSource","_spriteFrame","_normalSprite","_hoverSprite","_pressedSprite","_disabledSprite","_cameraComponent","_target","target","mobile","PC","scene","_parent"],["cc.SpriteFrame",["cc.Node",["_name","_layer","_id","_active","_components","_lpos","_parent","_children"],-1,9,5,1,2],["cc.Sprite",["_sizeMode","_type","node","_spriteFrame"],1,1,6],["cc.Button",["_transition","node","clickEvents","_normalSprite","_hoverSprite","_pressedSprite","_disabledSprite","_normalColor","_target"],2,1,9,6,6,6,6,5,1],["cc.SceneAsset",["_name"],2],["cc.Node",["_name","_parent","_components","_lpos"],2,1,2,5],["cc.UITransform",["node","_contentSize"],3,1,5],["cc.Canvas",["node","_cameraComponent"],3,1,1],["cc.Widget",["_alignFlags","_top","_bottom","node"],0,1],["cc.ClickEvent",["_componentId","handler","target"],1,1],["a48baiLPJZH0ZuTOXOehLF3",["name2","node"],2,1],["e1515kYoaRG1oPU6Xtw9XeK",["listaFinal","node","PC","mobile","lista","botones"],2,1,1,1,2,2],["cc.Scene",["_name","_children","_globals"],2,2,4],["cc.SceneGlobals",["ambient","shadows","_skybox","fog","octree","skin","lightProbeInfo","postSettings"],3,4,4,4,4,4,4,4,4],["cc.AmbientInfo",["_skyColorHDR","_groundAlbedoHDR"],3,5,5],["cc.ShadowsInfo",["_shadowColor","_size"],3,5,5],["cc.SkyboxInfo",[],3],["cc.FogInfo",[],3],["cc.OctreeInfo",[],3],["cc.SkinInfo",["_enabled"],2],["cc.LightProbeInfo",[],3],["cc.PostSettingsInfo",[],3],["cc.Camera",["_projection","_orthoHeight","_near","_visibility","node","_color"],-1,1,5]],[[6,0,1,1],[2,2,3,1],[1,0,3,1,6,4,5,4],[9,0,1,2,3],[1,0,1,6,4,5,3],[3,0,1,2,3,4,5,6,2],[4,0,2],[1,0,1,2,7,4,5,4],[1,0,1,6,4,3],[5,0,1,2,3,2],[7,0,1,1],[8,0,1,2,3,4],[2,1,0,2,3,3],[2,0,2,3,2],[3,0,1,2,7,8,3,4,5,6,2],[10,0,1,2],[11,0,1,2,3,4,5,2],[12,0,1,2,2],[13,0,1,2,3,4,5,6,7,1],[14,0,1,1],[15,0,1,1],[16,1],[17,1],[18,1],[19,0,2],[20,1],[21,1],[22,0,1,2,3,4,5,5]],[[[{"name":"siguientenormal","rect":{"x":0,"y":0,"width":430,"height":167},"offset":{"x":0,"y":0},"originalSize":{"width":430,"height":167},"rotated":false,"capInsets":[0,0,0,0],"vertices":{"rawPosition":[-215,-83.5,0,215,-83.5,0,-215,83.5,0,215,83.5,0],"indexes":[0,1,2,2,1,3],"uv":[0,167,430,167,0,0,430,0],"nuv":[0,0,1,0,0,1,1,1],"minPos":{"x":-215,"y":-83.5,"z":0},"maxPos":{"x":215,"y":83.5,"z":0}},"packable":true,"pixelsToUnit":100,"pivot":{"x":0.5,"y":0.5},"meshType":0}],[0],0,[0],[1],[5]],[[{"name":"backpase","rect":{"x":4,"y":11,"width":36,"height":50},"offset":{"x":-4.5,"y":0},"originalSize":{"width":53,"height":72},"rotated":false,"capInsets":[0,0,0,0],"vertices":{"rawPosition":[-18,-25,0,18,-25,0,-18,25,0,18,25,0],"indexes":[0,1,2,2,1,3],"uv":[4,61,40,61,4,11,40,11],"nuv":[0.07547169811320754,0.1527777777777778,0.7547169811320755,0.1527777777777778,0.07547169811320754,0.8472222222222222,0.7547169811320755,0.8472222222222222],"minPos":{"x":-18,"y":-25,"z":0},"maxPos":{"x":18,"y":25,"z":0}},"packable":true,"pixelsToUnit":100,"pivot":{"x":0.5,"y":0.5},"meshType":0}],[0],0,[0],[1],[6]],[[{"name":"ins01runner","rect":{"x":0,"y":0,"width":380,"height":391},"offset":{"x":0,"y":0},"originalSize":{"width":380,"height":391},"rotated":false,"capInsets":[0,0,0,0],"vertices":{"rawPosition":[-190,-195.5,0,190,-195.5,0,-190,195.5,0,190,195.5,0],"indexes":[0,1,2,2,1,3],"uv":[0,391,380,391,0,0,380,0],"nuv":[0,0,1,0,0,1,1,1],"minPos":{"x":-190,"y":-195.5,"z":0},"maxPos":{"x":190,"y":195.5,"z":0}},"packable":true,"pixelsToUnit":100,"pivot":{"x":0.5,"y":0.5},"meshType":0}],[0],0,[0],[1],[7]],[[{"name":"siguientepress","rect":{"x":0,"y":0,"width":430,"height":156},"offset":{"x":0,"y":5.5},"originalSize":{"width":430,"height":167},"rotated":false,"capInsets":[0,0,0,0],"vertices":{"rawPosition":[-215,-78,0,215,-78,0,-215,78,0,215,78,0],"indexes":[0,1,2,2,1,3],"uv":[0,167,430,167,0,11,430,11],"nuv":[0,0.0658682634730539,1,0.0658682634730539,0,1,1,1],"minPos":{"x":-215,"y":-78,"z":0},"maxPos":{"x":215,"y":78,"z":0}},"packable":true,"pixelsToUnit":100,"pivot":{"x":0.5,"y":0.5},"meshType":0}],[0],0,[0],[1],[8]],[[{"name":"siguientehover","rect":{"x":0,"y":0,"width":430,"height":156},"offset":{"x":0,"y":5.5},"originalSize":{"width":430,"height":167},"rotated":false,"capInsets":[0,0,0,0],"vertices":{"rawPosition":[-215,-78,0,215,-78,0,-215,78,0,215,78,0],"indexes":[0,1,2,2,1,3],"uv":[0,167,430,167,0,11,430,11],"nuv":[0,0.0658682634730539,1,0.0658682634730539,0,1,1,1],"minPos":{"x":-215,"y":-78,"z":0},"maxPos":{"x":215,"y":78,"z":0}},"packable":true,"pixelsToUnit":100,"pivot":{"x":0.5,"y":0.5},"meshType":0}],[0],0,[0],[1],[9]],[[{"name":"ins01-2runer","rect":{"x":0,"y":0,"width":380,"height":391},"offset":{"x":0,"y":0},"originalSize":{"width":380,"height":391},"rotated":false,"capInsets":[0,0,0,0],"vertices":{"rawPosition":[-190,-195.5,0,190,-195.5,0,-190,195.5,0,190,195.5,0],"indexes":[0,1,2,2,1,3],"uv":[0,391,380,391,0,0,380,0],"nuv":[0,0,1,0,0,1,1,1],"minPos":{"x":-190,"y":-195.5,"z":0},"maxPos":{"x":190,"y":195.5,"z":0}},"packable":true,"pixelsToUnit":100,"pivot":{"x":0.5,"y":0.5},"meshType":0}],[0],0,[0],[1],[10]],[[{"name":"ins02 (2)","rect":{"x":0,"y":0,"width":380,"height":391},"offset":{"x":0,"y":0},"originalSize":{"width":380,"height":391},"rotated":false,"capInsets":[0,0,0,0],"vertices":{"rawPosition":[-190,-195.5,0,190,-195.5,0,-190,195.5,0,190,195.5,0],"indexes":[0,1,2,2,1,3],"uv":[0,391,380,391,0,0,380,0],"nuv":[0,0,1,0,0,1,1,1],"minPos":{"x":-190,"y":-195.5,"z":0},"maxPos":{"x":190,"y":195.5,"z":0}},"packable":true,"pixelsToUnit":100,"pivot":{"x":0.5,"y":0.5},"meshType":0}],[0],0,[0],[1],[11]],[[{"name":"Inst01_PaseRunner","rect":{"x":0,"y":0,"width":640,"height":960},"offset":{"x":0,"y":0},"originalSize":{"width":640,"height":960},"rotated":false,"capInsets":[0,0,0,0],"vertices":{"rawPosition":[-320,-480,0,320,-480,0,-320,480,0,320,480,0],"indexes":[0,1,2,2,1,3],"uv":[0,960,640,960,0,0,640,0],"nuv":[0,0,1,0,0,1,1,1],"minPos":{"x":-320,"y":-480,"z":0},"maxPos":{"x":320,"y":480,"z":0}},"packable":true,"pixelsToUnit":100,"pivot":{"x":0.5,"y":0.5},"meshType":0}],[0],0,[0],[1],[12]],[[[6,"instrucciones"],[7,"Canvas",33554432,"beI88Z2HpFELqR4T5EMHpg",[-5,-6,-7,-8,-9,-10,-11,-12],[[0,-1,[5,640,959.9999999999998]],[10,-3,-2],[11,45,5.684341886080802e-14,5.684341886080802e-14,-4]],[1,320,479.99999999999994,0]],[4,"siguiente",33554432,1,[[0,-13,[5,430,167]],[12,1,2,-14,14],[14,2,-17,[[3,"a48baiLPJZH0ZuTOXOehLF3","cambio",-16]],[4,4292269782],-15,15,16,17,18],[15,"juego",-18]],[1,0,-250,0]],[8,"fondo",33554432,1,[[0,-19,[5,640,960]],[13,2,-20,0],[16,[null,null],-26,-25,-24,[-23],[-21,-22]]]],[4,"next",33554432,1,[[0,-27,[5,36,50]],[1,-28,4],[5,2,-29,[[3,"e1515kYoaRG1oPU6Xtw9XeK","next",3]],5,6,7,8]],[1,220,70,0]],[2,"back",false,33554432,1,[[0,-30,[5,36,50]],[1,-31,9],[5,2,-32,[[3,"e1515kYoaRG1oPU6Xtw9XeK","back",3]],10,11,12,13]],[1,-220,70,0]],[2,"ins-pc",false,33554432,1,[[0,-33,[5,380,391]],[1,-34,1]],[1,0,70,0]],[2,"ins-cel",false,33554432,1,[[0,-35,[5,380,391]],[1,-36,2]],[1,0,70,0]],[2,"ins03",false,33554432,1,[[0,-37,[5,380,391]],[1,-38,3]],[1,0,70,0]],[17,"instrucciones",[1],[18,[19,[2,0,0,0,0.520833125],[2,0,0,0,0]],[20,[4,4283190348],[0,512,512]],[21],[22],[23],[24,false],[25],[26]]],[9,"Camera",1,[-39],[1,0,0,1000]],[27,0,479.99999999999994,0,1108344832,10,[4,4278190080]]],0,[0,0,1,0,7,11,0,0,1,0,0,1,0,-1,10,0,-2,3,0,-3,2,0,-4,7,0,-5,6,0,-6,8,0,-7,4,0,-8,5,0,0,2,0,0,2,0,8,2,0,9,2,0,0,2,0,0,2,0,0,3,0,0,3,0,-1,4,0,-2,5,0,-1,8,0,10,7,0,11,6,0,0,3,0,0,4,0,0,4,0,0,4,0,0,5,0,0,5,0,0,5,0,0,6,0,0,6,0,0,7,0,0,7,0,0,8,0,0,8,0,-1,11,0,12,9,1,13,9,39],[0,0,0,0,0,0,0,0,0,0,0,0,0,0,0,0,0,0,0],[2,2,2,2,2,3,4,5,6,2,3,4,5,6,2,3,4,5,6],[13,14,15,16,0,0,2,2,0,1,1,3,3,1,4,4,17,18,19]],[[{"name":"flechaDER_Hover","rect":{"x":13,"y":11,"width":36,"height":50},"offset":{"x":4.5,"y":0},"originalSize":{"width":53,"height":72},"rotated":false,"capInsets":[0,0,0,0],"vertices":{"rawPosition":[-18,-25,0,18,-25,0,-18,25,0,18,25,0],"indexes":[0,1,2,2,1,3],"uv":[13,61,49,61,13,11,49,11],"nuv":[0.24528301886792453,0.1527777777777778,0.9245283018867925,0.1527777777777778,0.24528301886792453,0.8472222222222222,0.9245283018867925,0.8472222222222222],"minPos":{"x":-18,"y":-25,"z":0},"maxPos":{"x":18,"y":25,"z":0}},"packable":true,"pixelsToUnit":100,"pivot":{"x":0.5,"y":0.5},"meshType":0}],[0],0,[0],[1],[20]],[[{"name":"flechaIZQ _Hover","rect":{"x":4,"y":11,"width":36,"height":50},"offset":{"x":-4.5,"y":0},"originalSize":{"width":53,"height":72},"rotated":false,"capInsets":[0,0,0,0],"vertices":{"rawPosition":[-18,-25,0,18,-25,0,-18,25,0,18,25,0],"indexes":[0,1,2,2,1,3],"uv":[4,61,40,61,4,11,40,11],"nuv":[0.07547169811320754,0.1527777777777778,0.7547169811320755,0.1527777777777778,0.07547169811320754,0.8472222222222222,0.7547169811320755,0.8472222222222222],"minPos":{"x":-18,"y":-25,"z":0},"maxPos":{"x":18,"y":25,"z":0}},"packable":true,"pixelsToUnit":100,"pivot":{"x":0.5,"y":0.5},"meshType":0}],[0],0,[0],[1],[21]],[[{"name":"nextpase","rect":{"x":13,"y":11,"width":36,"height":50},"offset":{"x":4.5,"y":0},"originalSize":{"width":53,"height":72},"rotated":false,"capInsets":[0,0,0,0],"vertices":{"rawPosition":[-18,-25,0,18,-25,0,-18,25,0,18,25,0],"indexes":[0,1,2,2,1,3],"uv":[13,61,49,61,13,11,49,11],"nuv":[0.24528301886792453,0.1527777777777778,0.9245283018867925,0.1527777777777778,0.24528301886792453,0.8472222222222222,0.9245283018867925,0.8472222222222222],"minPos":{"x":-18,"y":-25,"z":0},"maxPos":{"x":18,"y":25,"z":0}},"packable":true,"pixelsToUnit":100,"pivot":{"x":0.5,"y":0.5},"meshType":0}],[0],0,[0],[1],[22]]]]
