{
  "__type__": "cc.SpriteFrame",
  "content": {
    "name": "Recurso 3",
    "atlas": "",
    "rect": {
      "x": 0,
      "y": 0,
      "width": 693,
      "height": 711
    },
    "offset": {
      "x": 0,
      "y": 0
    },
    "originalSize": {
      "width": 693,
      "height": 711
    },
    "rotated": false,
    "capInsets": [
      0,
      0,
      0,
      0
    ],
    "vertices": {
      "rawPosition": [
        -346.5,
        -355.5,
        0,
        346.5,
        -355.5,
        0,
        -346.5,
        355.5,
        0,
        346.5,
        355.5,
        0
      ],
      "indexes": [
        0,
        1,
        2,
        2,
        1,
        3
      ],
      "uv": [
        0,
        711,
        693,
        711,
        0,
        0,
        693,
        0
      ],
      "nuv": [
        0,
        0,
        1,
        0,
        0,
        1,
        1,
        1
      ],
      "minPos": {
        "x": -346.5,
        "y": -355.5,
        "z": 0
      },
      "maxPos": {
        "x": 346.5,
        "y": 355.5,
        "z": 0
      }
    },
    "texture": "d0e90002-f693-4785-8fe7-0ddbf897507f@6c48a",
    "packable": true,
    "pixelsToUnit": 100,
    "pivot": {
      "x": 0.5,
      "y": 0.5
    },
    "meshType": 0
  }
}