{
  "__type__": "cc.SpriteFrame",
  "content": {
    "name": "Logo_juego",
    "atlas": "",
    "rect": {
      "x": 0,
      "y": 0,
      "width": 194,
      "height": 104
    },
    "offset": {
      "x": 0,
      "y": 0
    },
    "originalSize": {
      "width": 194,
      "height": 104
    },
    "rotated": false,
    "capInsets": [
      0,
      0,
      0,
      0
    ],
    "vertices": {
      "rawPosition": [
        -97,
        -52,
        0,
        97,
        -52,
        0,
        -97,
        52,
        0,
        97,
        52,
        0
      ],
      "indexes": [
        0,
        1,
        2,
        2,
        1,
        3
      ],
      "uv": [
        0,
        104,
        194,
        104,
        0,
        0,
        194,
        0
      ],
      "nuv": [
        0,
        0,
        1,
        0,
        0,
        1,
        1,
        1
      ],
      "minPos": {
        "x": -97,
        "y": -52,
        "z": 0
      },
      "maxPos": {
        "x": 97,
        "y": 52,
        "z": 0
      }
    },
    "texture": "dcc454dc-6d33-4614-b715-3af8ab8cf811@6c48a",
    "packable": true,
    "pixelsToUnit": 100,
    "pivot": {
      "x": 0.5,
      "y": 0.5
    },
    "meshType": 0
  }
}