{
  "__type__": "cc.SpriteFrame",
  "content": {
    "name": "balon-girando2",
    "atlas": "",
    "rect": {
      "x": 0,
      "y": 0,
      "width": 286,
      "height": 287
    },
    "offset": {
      "x": 0,
      "y": 0
    },
    "originalSize": {
      "width": 286,
      "height": 287
    },
    "rotated": false,
    "capInsets": [
      0,
      0,
      0,
      0
    ],
    "vertices": {
      "rawPosition": [
        -143,
        -143.5,
        0,
        143,
        -143.5,
        0,
        -143,
        143.5,
        0,
        143,
        143.5,
        0
      ],
      "indexes": [
        0,
        1,
        2,
        2,
        1,
        3
      ],
      "uv": [
        0,
        287,
        286,
        287,
        0,
        0,
        286,
        0
      ],
      "nuv": [
        0,
        0,
        1,
        0,
        0,
        1,
        1,
        1
      ],
      "minPos": {
        "x": -143,
        "y": -143.5,
        "z": 0
      },
      "maxPos": {
        "x": 143,
        "y": 143.5,
        "z": 0
      }
    },
    "texture": "03b858f2-7698-4ce4-8183-f3a2ef7de703@6c48a",
    "packable": true,
    "pixelsToUnit": 100,
    "pivot": {
      "x": 0.5,
      "y": 0.5
    },
    "meshType": 0
  }
}