{
  "__type__": "cc.SpriteFrame",
  "content": {
    "name": "Estrellas",
    "atlas": "",
    "rect": {
      "x": 0,
      "y": 0,
      "width": 248,
      "height": 81
    },
    "offset": {
      "x": 0,
      "y": 0
    },
    "originalSize": {
      "width": 248,
      "height": 81
    },
    "rotated": false,
    "capInsets": [
      0,
      0,
      0,
      0
    ],
    "vertices": {
      "rawPosition": [
        -124,
        -40.5,
        0,
        124,
        -40.5,
        0,
        -124,
        40.5,
        0,
        124,
        40.5,
        0
      ],
      "indexes": [
        0,
        1,
        2,
        2,
        1,
        3
      ],
      "uv": [
        0,
        81,
        248,
        81,
        0,
        0,
        248,
        0
      ],
      "nuv": [
        0,
        0,
        1,
        0,
        0,
        1,
        1,
        1
      ],
      "minPos": {
        "x": -124,
        "y": -40.5,
        "z": 0
      },
      "maxPos": {
        "x": 124,
        "y": 40.5,
        "z": 0
      }
    },
    "texture": "a94cd87e-3a3d-4c63-a528-4ff43b232ac1@6c48a",
    "packable": true,
    "pixelsToUnit": 100,
    "pivot": {
      "x": 0.5,
      "y": 0.5
    },
    "meshType": 0
  }
}