[
  {
    "__type__": "cc.Prefab",
    "_name": "alto5",
    "_objFlags": 0,
    "__editorExtras__": {},
    "_native": "",
    "data": {
      "__id__": 1
    },
    "optimizationPolicy": 0,
    "persistent": false
  },
  {
    "__type__": "cc.Node",
    "_name": "alto5",
    "_objFlags": 0,
    "__editorExtras__": {},
    "_parent": null,
    "_children": [
      {
        "__id__": 2
      },
      {
        "__id__": 25
      },
      {
        "__id__": 48
      },
      {
        "__id__": 71
      }
    ],
    "_active": true,
    "_components": [
      {
        "__id__": 94
      }
    ],
    "_prefab": {
      "__id__": 96
    },
    "_lpos": {
      "__type__": "cc.Vec3",
      "x": 0,
      "y": 0,
      "z": 0
    },
    "_lrot": {
      "__type__": "cc.Quat",
      "x": 0,
      "y": 0,
      "z": 0,
      "w": 1
    },
    "_lscale": {
      "__type__": "cc.Vec3",
      "x": 1,
      "y": 1,
      "z": 1
    },
    "_mobility": 0,
    "_layer": 1073741824,
    "_euler": {
      "__type__": "cc.Vec3",
      "x": 0,
      "y": 0,
      "z": 0
    },
    "_id": ""
  },
  {
    "__type__": "cc.Node",
    "_objFlags": 0,
    "_parent": {
      "__id__": 1
    },
    "_prefab": {
      "__id__": 3
    },
    "__editorExtras__": {}
  },
  {
    "__type__": "cc.PrefabInfo",
    "root": {
      "__id__": 2
    },
    "asset": {
      "__uuid__": "3822a170-59a7-4929-add7-78b2d39ea088@eba94",
      "__expectedType__": "cc.Prefab"
    },
    "fileId": "7f54bYKGJbw4rkja4SlAIj",
    "instance": {
      "__id__": 4
    },
    "targetOverrides": null
  },
  {
    "__type__": "cc.PrefabInstance",
    "fileId": "44djBVqppI1rxYkmtHDUbV",
    "prefabRootNode": {
      "__id__": 1
    },
    "mountedChildren": [],
    "mountedComponents": [
      {
        "__id__": 5
      }
    ],
    "propertyOverrides": [
      {
        "__id__": 16
      },
      {
        "__id__": 18
      },
      {
        "__id__": 19
      },
      {
        "__id__": 20
      },
      {
        "__id__": 21
      },
      {
        "__id__": 23
      },
      {
        "__id__": 24
      }
    ],
    "removedComponents": []
  },
  {
    "__type__": "cc.MountedComponentsInfo",
    "targetInfo": {
      "__id__": 6
    },
    "components": [
      {
        "__id__": 7
      },
      {
        "__id__": 12
      }
    ]
  },
  {
    "__type__": "cc.TargetInfo",
    "localID": [
      "22m2btnUFdl5IzRmbfPkuU"
    ]
  },
  {
    "__type__": "cc.RigidBody",
    "_name": "",
    "_objFlags": 0,
    "__editorExtras__": {
      "mountedRoot": {
        "__id__": 2
      }
    },
    "node": {
      "__id__": 8
    },
    "_enabled": true,
    "__prefab": {
      "__id__": 15
    },
    "_group": 128,
    "_type": 4,
    "_mass": 1,
    "_allowSleep": true,
    "_linearDamping": 0.1,
    "_angularDamping": 0.1,
    "_useGravity": true,
    "_linearFactor": {
      "__type__": "cc.Vec3",
      "x": 1,
      "y": 1,
      "z": 1
    },
    "_angularFactor": {
      "__type__": "cc.Vec3",
      "x": 1,
      "y": 1,
      "z": 1
    },
    "_id": ""
  },
  {
    "__type__": "cc.Node",
    "_name": "Cube",
    "_objFlags": 0,
    "__editorExtras__": {},
    "_parent": {
      "__id__": 2
    },
    "_children": [],
    "_active": true,
    "_components": [
      {
        "__id__": 9
      },
      {
        "__id__": 7
      },
      {
        "__id__": 12
      }
    ],
    "_prefab": {
      "__id__": 14
    },
    "_lpos": {
      "__type__": "cc.Vec3",
      "x": 0,
      "y": 0,
      "z": 0
    },
    "_lrot": {
      "__type__": "cc.Quat",
      "x": 0,
      "y": 0,
      "z": 0,
      "w": 1
    },
    "_lscale": {
      "__type__": "cc.Vec3",
      "x": 0.8,
      "y": 0.8,
      "z": 0.8
    },
    "_mobility": 0,
    "_layer": 1073741824,
    "_euler": {
      "__type__": "cc.Vec3",
      "x": 0,
      "y": 0,
      "z": 0
    },
    "_id": ""
  },
  {
    "__type__": "cc.MeshRenderer",
    "_name": "",
    "_objFlags": 0,
    "__editorExtras__": {},
    "node": {
      "__id__": 8
    },
    "_enabled": true,
    "__prefab": {
      "__id__": 10
    },
    "_materials": [
      {
        "__uuid__": "3822a170-59a7-4929-add7-78b2d39ea088@6715f",
        "__expectedType__": "cc.Material"
      }
    ],
    "_visFlags": 0,
    "bakeSettings": {
      "__id__": 11
    },
    "_mesh": {
      "__uuid__": "3822a170-59a7-4929-add7-78b2d39ea088@2f6d1",
      "__expectedType__": "cc.Mesh"
    },
    "_shadowCastingMode": 1,
    "_shadowReceivingMode": 1,
    "_shadowBias": 0,
    "_shadowNormalBias": 0,
    "_reflectionProbeId": -1,
    "_reflectionProbeBlendId": -1,
    "_reflectionProbeBlendWeight": 0,
    "_enabledGlobalStandardSkinObject": false,
    "_enableMorph": true,
    "_id": ""
  },
  {
    "__type__": "cc.CompPrefabInfo",
    "fileId": "a4V+O8httZIKv8L4Jm6Crk"
  },
  {
    "__type__": "cc.ModelBakeSettings",
    "texture": null,
    "uvParam": {
      "__type__": "cc.Vec4",
      "x": 0,
      "y": 0,
      "z": 0,
      "w": 0
    },
    "_bakeable": false,
    "_castShadow": true,
    "_receiveShadow": true,
    "_recieveShadow": true,
    "_lightmapSize": 64,
    "_useLightProbe": false,
    "_bakeToLightProbe": true,
    "_reflectionProbeType": 0,
    "_bakeToReflectionProbe": true
  },
  {
    "__type__": "cc.BoxCollider",
    "_name": "",
    "_objFlags": 0,
    "__editorExtras__": {
      "mountedRoot": {
        "__id__": 2
      }
    },
    "node": {
      "__id__": 8
    },
    "_enabled": true,
    "__prefab": {
      "__id__": 13
    },
    "_material": null,
    "_isTrigger": false,
    "_center": {
      "__type__": "cc.Vec3",
      "x": 0,
      "y": 0,
      "z": 0
    },
    "_size": {
      "__type__": "cc.Vec3",
      "x": 1.5,
      "y": 1.5,
      "z": 0.5
    },
    "_id": ""
  },
  {
    "__type__": "cc.CompPrefabInfo",
    "fileId": "4f6JPSuJRMKazCrmtL4kZq"
  },
  {
    "__type__": "cc.PrefabInfo",
    "root": {
      "__id__": 1
    },
    "asset": {
      "__id__": 0
    },
    "fileId": "22m2btnUFdl5IzRmbfPkuU",
    "instance": null,
    "targetOverrides": null,
    "nestedPrefabInstanceRoots": null
  },
  {
    "__type__": "cc.CompPrefabInfo",
    "fileId": "4fA2QPNO5Mh68Nb8pfLnFY"
  },
  {
    "__type__": "CCPropertyOverrideInfo",
    "targetInfo": {
      "__id__": 17
    },
    "propertyPath": [
      "_name"
    ],
    "value": "alto-001"
  },
  {
    "__type__": "cc.TargetInfo",
    "localID": [
      "7f54bYKGJbw4rkja4SlAIj"
    ]
  },
  {
    "__type__": "CCPropertyOverrideInfo",
    "targetInfo": {
      "__id__": 17
    },
    "propertyPath": [
      "_lpos"
    ],
    "value": {
      "__type__": "cc.Vec3",
      "x": 3,
      "y": 0,
      "z": 0
    }
  },
  {
    "__type__": "CCPropertyOverrideInfo",
    "targetInfo": {
      "__id__": 17
    },
    "propertyPath": [
      "_lrot"
    ],
    "value": {
      "__type__": "cc.Quat",
      "x": 0,
      "y": 0,
      "z": 0,
      "w": 1
    }
  },
  {
    "__type__": "CCPropertyOverrideInfo",
    "targetInfo": {
      "__id__": 17
    },
    "propertyPath": [
      "_euler"
    ],
    "value": {
      "__type__": "cc.Vec3",
      "x": 0,
      "y": 0,
      "z": 0
    }
  },
  {
    "__type__": "CCPropertyOverrideInfo",
    "targetInfo": {
      "__id__": 22
    },
    "propertyPath": [
      "_lrot"
    ],
    "value": {
      "__type__": "cc.Quat",
      "x": 0,
      "y": 0,
      "z": 0,
      "w": 1
    }
  },
  {
    "__type__": "cc.TargetInfo",
    "localID": [
      "22m2btnUFdl5IzRmbfPkuU"
    ]
  },
  {
    "__type__": "CCPropertyOverrideInfo",
    "targetInfo": {
      "__id__": 22
    },
    "propertyPath": [
      "_euler"
    ],
    "value": {
      "__type__": "cc.Vec3",
      "x": 0,
      "y": 0,
      "z": 0
    }
  },
  {
    "__type__": "CCPropertyOverrideInfo",
    "targetInfo": {
      "__id__": 22
    },
    "propertyPath": [
      "_lscale"
    ],
    "value": {
      "__type__": "cc.Vec3",
      "x": 0.8,
      "y": 0.8,
      "z": 0.8
    }
  },
  {
    "__type__": "cc.Node",
    "_objFlags": 0,
    "_parent": {
      "__id__": 1
    },
    "_prefab": {
      "__id__": 26
    },
    "__editorExtras__": {}
  },
  {
    "__type__": "cc.PrefabInfo",
    "root": {
      "__id__": 25
    },
    "asset": {
      "__uuid__": "3822a170-59a7-4929-add7-78b2d39ea088@eba94",
      "__expectedType__": "cc.Prefab"
    },
    "fileId": "7f54bYKGJbw4rkja4SlAIj",
    "instance": {
      "__id__": 27
    },
    "targetOverrides": null
  },
  {
    "__type__": "cc.PrefabInstance",
    "fileId": "85yvEv1IdF5IhqnV8mpMy3",
    "prefabRootNode": {
      "__id__": 1
    },
    "mountedChildren": [],
    "mountedComponents": [
      {
        "__id__": 28
      }
    ],
    "propertyOverrides": [
      {
        "__id__": 39
      },
      {
        "__id__": 41
      },
      {
        "__id__": 42
      },
      {
        "__id__": 43
      },
      {
        "__id__": 44
      },
      {
        "__id__": 46
      },
      {
        "__id__": 47
      }
    ],
    "removedComponents": []
  },
  {
    "__type__": "cc.MountedComponentsInfo",
    "targetInfo": {
      "__id__": 29
    },
    "components": [
      {
        "__id__": 30
      },
      {
        "__id__": 35
      }
    ]
  },
  {
    "__type__": "cc.TargetInfo",
    "localID": [
      "22m2btnUFdl5IzRmbfPkuU"
    ]
  },
  {
    "__type__": "cc.RigidBody",
    "_name": "",
    "_objFlags": 0,
    "__editorExtras__": {
      "mountedRoot": {
        "__id__": 25
      }
    },
    "node": {
      "__id__": 31
    },
    "_enabled": true,
    "__prefab": {
      "__id__": 38
    },
    "_group": 128,
    "_type": 4,
    "_mass": 1,
    "_allowSleep": true,
    "_linearDamping": 0.1,
    "_angularDamping": 0.1,
    "_useGravity": true,
    "_linearFactor": {
      "__type__": "cc.Vec3",
      "x": 1,
      "y": 1,
      "z": 1
    },
    "_angularFactor": {
      "__type__": "cc.Vec3",
      "x": 1,
      "y": 1,
      "z": 1
    },
    "_id": ""
  },
  {
    "__type__": "cc.Node",
    "_name": "Cube",
    "_objFlags": 0,
    "__editorExtras__": {},
    "_parent": {
      "__id__": 25
    },
    "_children": [],
    "_active": true,
    "_components": [
      {
        "__id__": 32
      },
      {
        "__id__": 30
      },
      {
        "__id__": 35
      }
    ],
    "_prefab": {
      "__id__": 37
    },
    "_lpos": {
      "__type__": "cc.Vec3",
      "x": 0,
      "y": 0,
      "z": 0
    },
    "_lrot": {
      "__type__": "cc.Quat",
      "x": 0,
      "y": 0,
      "z": 0,
      "w": 1
    },
    "_lscale": {
      "__type__": "cc.Vec3",
      "x": 0.8,
      "y": 0.8,
      "z": 0.8
    },
    "_mobility": 0,
    "_layer": 1073741824,
    "_euler": {
      "__type__": "cc.Vec3",
      "x": 0,
      "y": 0,
      "z": 0
    },
    "_id": ""
  },
  {
    "__type__": "cc.MeshRenderer",
    "_name": "",
    "_objFlags": 0,
    "__editorExtras__": {},
    "node": {
      "__id__": 31
    },
    "_enabled": true,
    "__prefab": {
      "__id__": 33
    },
    "_materials": [
      {
        "__uuid__": "3822a170-59a7-4929-add7-78b2d39ea088@6715f",
        "__expectedType__": "cc.Material"
      }
    ],
    "_visFlags": 0,
    "bakeSettings": {
      "__id__": 34
    },
    "_mesh": {
      "__uuid__": "3822a170-59a7-4929-add7-78b2d39ea088@2f6d1",
      "__expectedType__": "cc.Mesh"
    },
    "_shadowCastingMode": 1,
    "_shadowReceivingMode": 1,
    "_shadowBias": 0,
    "_shadowNormalBias": 0,
    "_reflectionProbeId": -1,
    "_reflectionProbeBlendId": -1,
    "_reflectionProbeBlendWeight": 0,
    "_enabledGlobalStandardSkinObject": false,
    "_enableMorph": true,
    "_id": ""
  },
  {
    "__type__": "cc.CompPrefabInfo",
    "fileId": "a4V+O8httZIKv8L4Jm6Crk"
  },
  {
    "__type__": "cc.ModelBakeSettings",
    "texture": null,
    "uvParam": {
      "__type__": "cc.Vec4",
      "x": 0,
      "y": 0,
      "z": 0,
      "w": 0
    },
    "_bakeable": false,
    "_castShadow": true,
    "_receiveShadow": true,
    "_recieveShadow": true,
    "_lightmapSize": 64,
    "_useLightProbe": false,
    "_bakeToLightProbe": true,
    "_reflectionProbeType": 0,
    "_bakeToReflectionProbe": true
  },
  {
    "__type__": "cc.BoxCollider",
    "_name": "",
    "_objFlags": 0,
    "__editorExtras__": {
      "mountedRoot": {
        "__id__": 25
      }
    },
    "node": {
      "__id__": 31
    },
    "_enabled": true,
    "__prefab": {
      "__id__": 36
    },
    "_material": null,
    "_isTrigger": false,
    "_center": {
      "__type__": "cc.Vec3",
      "x": 0,
      "y": 0,
      "z": 0
    },
    "_size": {
      "__type__": "cc.Vec3",
      "x": 1.5,
      "y": 1.5,
      "z": 0.5
    },
    "_id": ""
  },
  {
    "__type__": "cc.CompPrefabInfo",
    "fileId": "1bHZsbD1JEIbkOwKSAPQH5"
  },
  {
    "__type__": "cc.PrefabInfo",
    "root": {
      "__id__": 1
    },
    "asset": {
      "__id__": 0
    },
    "fileId": "22m2btnUFdl5IzRmbfPkuU",
    "instance": null,
    "targetOverrides": null,
    "nestedPrefabInstanceRoots": null
  },
  {
    "__type__": "cc.CompPrefabInfo",
    "fileId": "b3jzhWy1FBx5eyqV9sSYd9"
  },
  {
    "__type__": "CCPropertyOverrideInfo",
    "targetInfo": {
      "__id__": 40
    },
    "propertyPath": [
      "_name"
    ],
    "value": "alto-002"
  },
  {
    "__type__": "cc.TargetInfo",
    "localID": [
      "7f54bYKGJbw4rkja4SlAIj"
    ]
  },
  {
    "__type__": "CCPropertyOverrideInfo",
    "targetInfo": {
      "__id__": 40
    },
    "propertyPath": [
      "_lpos"
    ],
    "value": {
      "__type__": "cc.Vec3",
      "x": -3,
      "y": 0,
      "z": 0
    }
  },
  {
    "__type__": "CCPropertyOverrideInfo",
    "targetInfo": {
      "__id__": 40
    },
    "propertyPath": [
      "_lrot"
    ],
    "value": {
      "__type__": "cc.Quat",
      "x": 0,
      "y": 0,
      "z": 0,
      "w": 1
    }
  },
  {
    "__type__": "CCPropertyOverrideInfo",
    "targetInfo": {
      "__id__": 40
    },
    "propertyPath": [
      "_euler"
    ],
    "value": {
      "__type__": "cc.Vec3",
      "x": 0,
      "y": 0,
      "z": 0
    }
  },
  {
    "__type__": "CCPropertyOverrideInfo",
    "targetInfo": {
      "__id__": 45
    },
    "propertyPath": [
      "_lrot"
    ],
    "value": {
      "__type__": "cc.Quat",
      "x": 0,
      "y": 0,
      "z": 0,
      "w": 1
    }
  },
  {
    "__type__": "cc.TargetInfo",
    "localID": [
      "22m2btnUFdl5IzRmbfPkuU"
    ]
  },
  {
    "__type__": "CCPropertyOverrideInfo",
    "targetInfo": {
      "__id__": 45
    },
    "propertyPath": [
      "_euler"
    ],
    "value": {
      "__type__": "cc.Vec3",
      "x": 0,
      "y": 0,
      "z": 0
    }
  },
  {
    "__type__": "CCPropertyOverrideInfo",
    "targetInfo": {
      "__id__": 45
    },
    "propertyPath": [
      "_lscale"
    ],
    "value": {
      "__type__": "cc.Vec3",
      "x": 0.8,
      "y": 0.8,
      "z": 0.8
    }
  },
  {
    "__type__": "cc.Node",
    "_objFlags": 0,
    "_parent": {
      "__id__": 1
    },
    "_prefab": {
      "__id__": 49
    },
    "__editorExtras__": {}
  },
  {
    "__type__": "cc.PrefabInfo",
    "root": {
      "__id__": 48
    },
    "asset": {
      "__uuid__": "3822a170-59a7-4929-add7-78b2d39ea088@eba94",
      "__expectedType__": "cc.Prefab"
    },
    "fileId": "7f54bYKGJbw4rkja4SlAIj",
    "instance": {
      "__id__": 50
    },
    "targetOverrides": null
  },
  {
    "__type__": "cc.PrefabInstance",
    "fileId": "f7I/qZze9KvLAji02UsxZ/",
    "prefabRootNode": {
      "__id__": 1
    },
    "mountedChildren": [],
    "mountedComponents": [
      {
        "__id__": 51
      }
    ],
    "propertyOverrides": [
      {
        "__id__": 62
      },
      {
        "__id__": 64
      },
      {
        "__id__": 65
      },
      {
        "__id__": 66
      },
      {
        "__id__": 67
      },
      {
        "__id__": 69
      },
      {
        "__id__": 70
      }
    ],
    "removedComponents": []
  },
  {
    "__type__": "cc.MountedComponentsInfo",
    "targetInfo": {
      "__id__": 52
    },
    "components": [
      {
        "__id__": 53
      },
      {
        "__id__": 58
      }
    ]
  },
  {
    "__type__": "cc.TargetInfo",
    "localID": [
      "22m2btnUFdl5IzRmbfPkuU"
    ]
  },
  {
    "__type__": "cc.RigidBody",
    "_name": "",
    "_objFlags": 0,
    "__editorExtras__": {
      "mountedRoot": {
        "__id__": 48
      }
    },
    "node": {
      "__id__": 54
    },
    "_enabled": true,
    "__prefab": {
      "__id__": 61
    },
    "_group": 128,
    "_type": 4,
    "_mass": 1,
    "_allowSleep": true,
    "_linearDamping": 0.1,
    "_angularDamping": 0.1,
    "_useGravity": true,
    "_linearFactor": {
      "__type__": "cc.Vec3",
      "x": 1,
      "y": 1,
      "z": 1
    },
    "_angularFactor": {
      "__type__": "cc.Vec3",
      "x": 1,
      "y": 1,
      "z": 1
    },
    "_id": ""
  },
  {
    "__type__": "cc.Node",
    "_name": "Cube",
    "_objFlags": 0,
    "__editorExtras__": {},
    "_parent": {
      "__id__": 48
    },
    "_children": [],
    "_active": true,
    "_components": [
      {
        "__id__": 55
      },
      {
        "__id__": 53
      },
      {
        "__id__": 58
      }
    ],
    "_prefab": {
      "__id__": 60
    },
    "_lpos": {
      "__type__": "cc.Vec3",
      "x": 0,
      "y": 0,
      "z": 0
    },
    "_lrot": {
      "__type__": "cc.Quat",
      "x": 0,
      "y": 0,
      "z": 0,
      "w": 1
    },
    "_lscale": {
      "__type__": "cc.Vec3",
      "x": 0.8,
      "y": 0.8,
      "z": 0.8
    },
    "_mobility": 0,
    "_layer": 1073741824,
    "_euler": {
      "__type__": "cc.Vec3",
      "x": 0,
      "y": 0,
      "z": 0
    },
    "_id": ""
  },
  {
    "__type__": "cc.MeshRenderer",
    "_name": "",
    "_objFlags": 0,
    "__editorExtras__": {},
    "node": {
      "__id__": 54
    },
    "_enabled": true,
    "__prefab": {
      "__id__": 56
    },
    "_materials": [
      {
        "__uuid__": "3822a170-59a7-4929-add7-78b2d39ea088@6715f",
        "__expectedType__": "cc.Material"
      }
    ],
    "_visFlags": 0,
    "bakeSettings": {
      "__id__": 57
    },
    "_mesh": {
      "__uuid__": "3822a170-59a7-4929-add7-78b2d39ea088@2f6d1",
      "__expectedType__": "cc.Mesh"
    },
    "_shadowCastingMode": 1,
    "_shadowReceivingMode": 1,
    "_shadowBias": 0,
    "_shadowNormalBias": 0,
    "_reflectionProbeId": -1,
    "_reflectionProbeBlendId": -1,
    "_reflectionProbeBlendWeight": 0,
    "_enabledGlobalStandardSkinObject": false,
    "_enableMorph": true,
    "_id": ""
  },
  {
    "__type__": "cc.CompPrefabInfo",
    "fileId": "a4V+O8httZIKv8L4Jm6Crk"
  },
  {
    "__type__": "cc.ModelBakeSettings",
    "texture": null,
    "uvParam": {
      "__type__": "cc.Vec4",
      "x": 0,
      "y": 0,
      "z": 0,
      "w": 0
    },
    "_bakeable": false,
    "_castShadow": true,
    "_receiveShadow": true,
    "_recieveShadow": true,
    "_lightmapSize": 64,
    "_useLightProbe": false,
    "_bakeToLightProbe": true,
    "_reflectionProbeType": 0,
    "_bakeToReflectionProbe": true
  },
  {
    "__type__": "cc.BoxCollider",
    "_name": "",
    "_objFlags": 0,
    "__editorExtras__": {
      "mountedRoot": {
        "__id__": 48
      }
    },
    "node": {
      "__id__": 54
    },
    "_enabled": true,
    "__prefab": {
      "__id__": 59
    },
    "_material": null,
    "_isTrigger": false,
    "_center": {
      "__type__": "cc.Vec3",
      "x": 0,
      "y": 0,
      "z": 0
    },
    "_size": {
      "__type__": "cc.Vec3",
      "x": 1.5,
      "y": 1.5,
      "z": 0.5
    },
    "_id": ""
  },
  {
    "__type__": "cc.CompPrefabInfo",
    "fileId": "ecxTw9odNKV5xkzCQ025VS"
  },
  {
    "__type__": "cc.PrefabInfo",
    "root": {
      "__id__": 1
    },
    "asset": {
      "__id__": 0
    },
    "fileId": "22m2btnUFdl5IzRmbfPkuU",
    "instance": null,
    "targetOverrides": null,
    "nestedPrefabInstanceRoots": null
  },
  {
    "__type__": "cc.CompPrefabInfo",
    "fileId": "37+LvW+ClGDqldZL8O9Q/g"
  },
  {
    "__type__": "CCPropertyOverrideInfo",
    "targetInfo": {
      "__id__": 63
    },
    "propertyPath": [
      "_name"
    ],
    "value": "alto-003"
  },
  {
    "__type__": "cc.TargetInfo",
    "localID": [
      "7f54bYKGJbw4rkja4SlAIj"
    ]
  },
  {
    "__type__": "CCPropertyOverrideInfo",
    "targetInfo": {
      "__id__": 63
    },
    "propertyPath": [
      "_lpos"
    ],
    "value": {
      "__type__": "cc.Vec3",
      "x": 0,
      "y": 0,
      "z": 0
    }
  },
  {
    "__type__": "CCPropertyOverrideInfo",
    "targetInfo": {
      "__id__": 63
    },
    "propertyPath": [
      "_lrot"
    ],
    "value": {
      "__type__": "cc.Quat",
      "x": 0,
      "y": 0,
      "z": 0,
      "w": 1
    }
  },
  {
    "__type__": "CCPropertyOverrideInfo",
    "targetInfo": {
      "__id__": 63
    },
    "propertyPath": [
      "_euler"
    ],
    "value": {
      "__type__": "cc.Vec3",
      "x": 0,
      "y": 0,
      "z": 0
    }
  },
  {
    "__type__": "CCPropertyOverrideInfo",
    "targetInfo": {
      "__id__": 68
    },
    "propertyPath": [
      "_lrot"
    ],
    "value": {
      "__type__": "cc.Quat",
      "x": 0,
      "y": 0,
      "z": 0,
      "w": 1
    }
  },
  {
    "__type__": "cc.TargetInfo",
    "localID": [
      "22m2btnUFdl5IzRmbfPkuU"
    ]
  },
  {
    "__type__": "CCPropertyOverrideInfo",
    "targetInfo": {
      "__id__": 68
    },
    "propertyPath": [
      "_euler"
    ],
    "value": {
      "__type__": "cc.Vec3",
      "x": 0,
      "y": 0,
      "z": 0
    }
  },
  {
    "__type__": "CCPropertyOverrideInfo",
    "targetInfo": {
      "__id__": 68
    },
    "propertyPath": [
      "_lscale"
    ],
    "value": {
      "__type__": "cc.Vec3",
      "x": 0.8,
      "y": 0.8,
      "z": 0.8
    }
  },
  {
    "__type__": "cc.Node",
    "_objFlags": 0,
    "_parent": {
      "__id__": 1
    },
    "_prefab": {
      "__id__": 72
    },
    "__editorExtras__": {}
  },
  {
    "__type__": "cc.PrefabInfo",
    "root": {
      "__id__": 71
    },
    "asset": {
      "__uuid__": "3822a170-59a7-4929-add7-78b2d39ea088@eba94",
      "__expectedType__": "cc.Prefab"
    },
    "fileId": "7f54bYKGJbw4rkja4SlAIj",
    "instance": {
      "__id__": 73
    },
    "targetOverrides": null
  },
  {
    "__type__": "cc.PrefabInstance",
    "fileId": "c3SXPRm5BEm662mAd+7FSx",
    "prefabRootNode": {
      "__id__": 1
    },
    "mountedChildren": [],
    "mountedComponents": [
      {
        "__id__": 74
      }
    ],
    "propertyOverrides": [
      {
        "__id__": 85
      },
      {
        "__id__": 87
      },
      {
        "__id__": 88
      },
      {
        "__id__": 89
      },
      {
        "__id__": 90
      },
      {
        "__id__": 92
      },
      {
        "__id__": 93
      }
    ],
    "removedComponents": []
  },
  {
    "__type__": "cc.MountedComponentsInfo",
    "targetInfo": {
      "__id__": 75
    },
    "components": [
      {
        "__id__": 76
      },
      {
        "__id__": 81
      }
    ]
  },
  {
    "__type__": "cc.TargetInfo",
    "localID": [
      "22m2btnUFdl5IzRmbfPkuU"
    ]
  },
  {
    "__type__": "cc.RigidBody",
    "_name": "",
    "_objFlags": 0,
    "__editorExtras__": {
      "mountedRoot": {
        "__id__": 71
      }
    },
    "node": {
      "__id__": 77
    },
    "_enabled": true,
    "__prefab": {
      "__id__": 84
    },
    "_group": 128,
    "_type": 4,
    "_mass": 1,
    "_allowSleep": true,
    "_linearDamping": 0.1,
    "_angularDamping": 0.1,
    "_useGravity": true,
    "_linearFactor": {
      "__type__": "cc.Vec3",
      "x": 1,
      "y": 1,
      "z": 1
    },
    "_angularFactor": {
      "__type__": "cc.Vec3",
      "x": 1,
      "y": 1,
      "z": 1
    },
    "_id": ""
  },
  {
    "__type__": "cc.Node",
    "_name": "Cube",
    "_objFlags": 0,
    "__editorExtras__": {},
    "_parent": {
      "__id__": 71
    },
    "_children": [],
    "_active": true,
    "_components": [
      {
        "__id__": 78
      },
      {
        "__id__": 76
      },
      {
        "__id__": 81
      }
    ],
    "_prefab": {
      "__id__": 83
    },
    "_lpos": {
      "__type__": "cc.Vec3",
      "x": 0,
      "y": 0,
      "z": 0
    },
    "_lrot": {
      "__type__": "cc.Quat",
      "x": 0,
      "y": 0,
      "z": 0,
      "w": 1
    },
    "_lscale": {
      "__type__": "cc.Vec3",
      "x": 0.8,
      "y": 0.8,
      "z": 0.8
    },
    "_mobility": 0,
    "_layer": 1073741824,
    "_euler": {
      "__type__": "cc.Vec3",
      "x": 0,
      "y": 0,
      "z": 0
    },
    "_id": ""
  },
  {
    "__type__": "cc.MeshRenderer",
    "_name": "",
    "_objFlags": 0,
    "__editorExtras__": {},
    "node": {
      "__id__": 77
    },
    "_enabled": true,
    "__prefab": {
      "__id__": 79
    },
    "_materials": [
      {
        "__uuid__": "3822a170-59a7-4929-add7-78b2d39ea088@6715f",
        "__expectedType__": "cc.Material"
      }
    ],
    "_visFlags": 0,
    "bakeSettings": {
      "__id__": 80
    },
    "_mesh": {
      "__uuid__": "3822a170-59a7-4929-add7-78b2d39ea088@2f6d1",
      "__expectedType__": "cc.Mesh"
    },
    "_shadowCastingMode": 1,
    "_shadowReceivingMode": 1,
    "_shadowBias": 0,
    "_shadowNormalBias": 0,
    "_reflectionProbeId": -1,
    "_reflectionProbeBlendId": -1,
    "_reflectionProbeBlendWeight": 0,
    "_enabledGlobalStandardSkinObject": false,
    "_enableMorph": true,
    "_id": ""
  },
  {
    "__type__": "cc.CompPrefabInfo",
    "fileId": "a4V+O8httZIKv8L4Jm6Crk"
  },
  {
    "__type__": "cc.ModelBakeSettings",
    "texture": null,
    "uvParam": {
      "__type__": "cc.Vec4",
      "x": 0,
      "y": 0,
      "z": 0,
      "w": 0
    },
    "_bakeable": false,
    "_castShadow": true,
    "_receiveShadow": true,
    "_recieveShadow": true,
    "_lightmapSize": 64,
    "_useLightProbe": false,
    "_bakeToLightProbe": true,
    "_reflectionProbeType": 0,
    "_bakeToReflectionProbe": true
  },
  {
    "__type__": "cc.BoxCollider",
    "_name": "",
    "_objFlags": 0,
    "__editorExtras__": {
      "mountedRoot": {
        "__id__": 71
      }
    },
    "node": {
      "__id__": 77
    },
    "_enabled": true,
    "__prefab": {
      "__id__": 82
    },
    "_material": null,
    "_isTrigger": false,
    "_center": {
      "__type__": "cc.Vec3",
      "x": 0,
      "y": 0,
      "z": 0
    },
    "_size": {
      "__type__": "cc.Vec3",
      "x": 1.5,
      "y": 1.5,
      "z": 0.5
    },
    "_id": ""
  },
  {
    "__type__": "cc.CompPrefabInfo",
    "fileId": "ecxTw9odNKV5xkzCQ025VS"
  },
  {
    "__type__": "cc.PrefabInfo",
    "root": {
      "__id__": 1
    },
    "asset": {
      "__id__": 0
    },
    "fileId": "22m2btnUFdl5IzRmbfPkuU",
    "instance": null,
    "targetOverrides": null,
    "nestedPrefabInstanceRoots": null
  },
  {
    "__type__": "cc.CompPrefabInfo",
    "fileId": "37+LvW+ClGDqldZL8O9Q/g"
  },
  {
    "__type__": "CCPropertyOverrideInfo",
    "targetInfo": {
      "__id__": 86
    },
    "propertyPath": [
      "_name"
    ],
    "value": "alto-004"
  },
  {
    "__type__": "cc.TargetInfo",
    "localID": [
      "7f54bYKGJbw4rkja4SlAIj"
    ]
  },
  {
    "__type__": "CCPropertyOverrideInfo",
    "targetInfo": {
      "__id__": 86
    },
    "propertyPath": [
      "_lpos"
    ],
    "value": {
      "__type__": "cc.Vec3",
      "x": 1.5,
      "y": 0,
      "z": 0
    }
  },
  {
    "__type__": "CCPropertyOverrideInfo",
    "targetInfo": {
      "__id__": 86
    },
    "propertyPath": [
      "_lrot"
    ],
    "value": {
      "__type__": "cc.Quat",
      "x": 0,
      "y": 0,
      "z": 0,
      "w": 1
    }
  },
  {
    "__type__": "CCPropertyOverrideInfo",
    "targetInfo": {
      "__id__": 86
    },
    "propertyPath": [
      "_euler"
    ],
    "value": {
      "__type__": "cc.Vec3",
      "x": 0,
      "y": 0,
      "z": 0
    }
  },
  {
    "__type__": "CCPropertyOverrideInfo",
    "targetInfo": {
      "__id__": 91
    },
    "propertyPath": [
      "_lrot"
    ],
    "value": {
      "__type__": "cc.Quat",
      "x": 0,
      "y": 0,
      "z": 0,
      "w": 1
    }
  },
  {
    "__type__": "cc.TargetInfo",
    "localID": [
      "22m2btnUFdl5IzRmbfPkuU"
    ]
  },
  {
    "__type__": "CCPropertyOverrideInfo",
    "targetInfo": {
      "__id__": 91
    },
    "propertyPath": [
      "_euler"
    ],
    "value": {
      "__type__": "cc.Vec3",
      "x": 0,
      "y": 0,
      "z": 0
    }
  },
  {
    "__type__": "CCPropertyOverrideInfo",
    "targetInfo": {
      "__id__": 91
    },
    "propertyPath": [
      "_lscale"
    ],
    "value": {
      "__type__": "cc.Vec3",
      "x": 0.8,
      "y": 0.8,
      "z": 0.8
    }
  },
  {
    "__type__": "78e3fRz6c1Ada7HNiLw+lnU",
    "_name": "",
    "_objFlags": 0,
    "__editorExtras__": {},
    "node": {
      "__id__": 1
    },
    "_enabled": true,
    "__prefab": {
      "__id__": 95
    },
    "speed": 15,
    "destroyZ": -500,
    "_id": ""
  },
  {
    "__type__": "cc.CompPrefabInfo",
    "fileId": "38qw1v9N9Ga7enMTy5Ng99"
  },
  {
    "__type__": "cc.PrefabInfo",
    "root": {
      "__id__": 1
    },
    "asset": {
      "__id__": 0
    },
    "fileId": "d38f9lqktLD4Bj5ENYDwcJ",
    "instance": null,
    "targetOverrides": null,
    "nestedPrefabInstanceRoots": [
      {
        "__id__": 71
      },
      {
        "__id__": 48
      },
      {
        "__id__": 25
      },
      {
        "__id__": 2
      }
    ]
  }
]