{
  "c77ecaa8-c936-46c4-a5b0-98692673ed87": {
    "assetUuid": "c77ecaa8-c936-46c4-a5b0-98692673ed87",
    "animationUuid": "",
    "expandLevels": [
      "0"
    ]
  },
  "2eb6ca70-ebd9-4b3c-b07c-4dfc37ea7df3": {
    "assetUuid": "2eb6ca70-ebd9-4b3c-b07c-4dfc37ea7df3",
    "animationUuid": "",
    "expandLevels": [
      "0",
      "0_0",
      "0_0_1"
    ]
  },
  "6baae58b-b067-47ce-a5b9-83e59d13b0ac": {
    "assetUuid": "6baae58b-b067-47ce-a5b9-83e59d13b0ac",
    "animationUuid": "",
    "expandLevels": [
      "0",
      "0_0",
      "0_0_1",
      "0_0_1_6"
    ]
  },
  "31792dc7-10cd-4e37-8e25-b48f9f56bd89": {
    "assetUuid": "31792dc7-10cd-4e37-8e25-b48f9f56bd89",
    "animationUuid": "",
    "expandLevels": [
      "0",
      "0_0",
      "0_0_1",
      "0_0_1_0",
      "0_0_1_1",
      "0_0_3"
    ]
  },
  "b50c1fc6-4287-48fe-976a-48ab46c2aa98": {
    "assetUuid": "b50c1fc6-4287-48fe-976a-48ab46c2aa98",
    "animationUuid": "",
    "expandLevels": [
      "0"
    ]
  },
  "d15b47e8-5e32-4c08-9dc7-5c9ee53249f0": {
    "assetUuid": "d15b47e8-5e32-4c08-9dc7-5c9ee53249f0",
    "animationUuid": "",
    "expandLevels": [
      "0"
    ]
  },
  "3debe70c-fa3d-4f41-b9a5-8a96e0fb5a8f": {
    "assetUuid": "3debe70c-fa3d-4f41-b9a5-8a96e0fb5a8f",
    "animationUuid": "",
    "expandLevels": [
      "0"
    ]
  },
  "c4e595a0-e13e-4ad3-b20b-1de8a5f8d405": {
    "assetUuid": "c4e595a0-e13e-4ad3-b20b-1de8a5f8d405",
    "animationUuid": "",
    "expandLevels": [
      "0"
    ]
  },
  "9d4b574f-4858-4000-98c8-9b07a943bdd0": {
    "assetUuid": "9d4b574f-4858-4000-98c8-9b07a943bdd0",
    "animationUuid": "",
    "expandLevels": [
      "0"
    ]
  },
  "3d77063e-101d-40a2-9057-3aa69a64197f": {
    "assetUuid": "3d77063e-101d-40a2-9057-3aa69a64197f",
    "animationUuid": "",
    "expandLevels": [
      "0"
    ]
  },
  "80b353ac-ddf2-4e7d-aeb7-3e6341aeebc0": {
    "assetUuid": "80b353ac-ddf2-4e7d-aeb7-3e6341aeebc0",
    "animationUuid": "",
    "expandLevels": [
      "0"
    ]
  }
}
