{
  "ebd18587-4ccd-4699-9a34-bee5bd576ce2@6c48a": {
    "texture": {
      "mipfilter": "none"
    }
  },
  "8b057ba7-3a1c-4939-bfd3-f546a306242a@6c48a": {
    "texture": {
      "mipfilter": "none"
    }
  },
  "8341c862-2b7f-476f-8e91-e703f5a802b3@6c48a": {
    "texture": {
      "mipfilter": "none"
    }
  },
  "25140243-ac58-433d-aaa1-a873431faf64@6c48a": {
    "texture": {
      "mipfilter": "none"
    }
  },
  "0ec9f964-3078-4835-8c4a-ec91d6a5c339@6c48a": {
    "texture": {
      "mipfilter": "none"
    }
  },
  "5643fe6c-1fbf-4c0a-9eb4-5755b14c430e@6c48a": {
    "texture": {
      "mipfilter": "none"
    }
  },
  "862b4951-c96b-49a3-8f43-0d71cc7087c4@6c48a": {
    "texture": {
      "mipfilter": "none"
    }
  },
  "2fa40aa0-7abc-4fa3-89f5-b890737fd0be@6c48a": {
    "texture": {
      "mipfilter": "none"
    }
  },
  "8b7a307b-626a-419d-96c7-c3add5eab1cc@6c48a": {
    "texture": {
      "mipfilter": "none"
    }
  },
  "4d27d43e-fe8e-417c-bbd3-51d0f9e83890@6c48a": {
    "texture": {
      "mipfilter": "none"
    }
  },
  "0d701237-b7d9-47d9-874a-bb275572c559@6c48a": {
    "texture": {
      "mipfilter": "none"
    }
  },
  "b422744e-d4b9-4226-9009-31d5f9d3425f@6c48a": {
    "texture": {
      "mipfilter": "none"
    }
  },
  "6d65f1a3-ebd4-4311-906b-3c1481edde50@6c48a": {
    "texture": {
      "mipfilter": "none"
    }
  }
}
