{
  "__type__": "cc.SpriteFrame",
  "content": {
    "name": "Jugador-Brasil",
    "atlas": "",
    "rect": {
      "x": 0,
      "y": 1,
      "width": 122,
      "height": 88
    },
    "offset": {
      "x": 0,
      "y": -0.5
    },
    "originalSize": {
      "width": 122,
      "height": 89
    },
    "rotated": false,
    "capInsets": [
      0,
      0,
      0,
      0
    ],
    "vertices": {
      "rawPosition": [
        -61,
        -44,
        0,
        61,
        -44,
        0,
        -61,
        44,
        0,
        61,
        44,
        0
      ],
      "indexes": [
        0,
        1,
        2,
        2,
        1,
        3
      ],
      "uv": [
        0,
        88,
        122,
        88,
        0,
        0,
        122,
        0
      ],
      "nuv": [
        0,
        0,
        1,
        0,
        0,
        0.9887640449438202,
        1,
        0.9887640449438202
      ],
      "minPos": {
        "x": -61,
        "y": -44,
        "z": 0
      },
      "maxPos": {
        "x": 61,
        "y": 44,
        "z": 0
      }
    },
    "texture": "9beab47d-548e-4b05-89fa-799d436984d3@6c48a",
    "packable": true,
    "pixelsToUnit": 100,
    "pivot": {
      "x": 0.5,
      "y": 0.5
    },
    "meshType": 0
  }
}