{
  "version": "1.0.1",
  "map": {
    "Animations": {
      "time": 1770316169786.2717,
      "uuid": "0abb3a78-46d4-4ee6-8aed-c47d780ae0de"
    },
    "Fonts": {
      "time": 1770316169801.4019,
      "uuid": "cf0f30c4-1860-41f3-9bb0-4b110e1154e9"
    },
    "Prefab": {
      "time": 1770316169832.032,
      "uuid": "07699014-d684-42be-9a65-18fcab8f23e6"
    },
    "Scene": {
      "time": 1770316169848.7986,
      "uuid": "145231d1-e17b-42cc-8679-c957dc0594a8"
    },
    "Script": {
      "time": 1770316169876.7422,
      "uuid": "ab1b5c47-1d9b-451a-bd92-2d2363d04683"
    },
    "Sprite": {
      "time": 1770323561268.463,
      "uuid": "c5324b8c-4824-419a-a47c-48ebf6ca8e40"
    },
    "Sprite\\Inicio": {
      "time": 1770316170014.4407,
      "uuid": "14ba70da-5987-41ca-8985-e4a7298dfd2f"
    },
    "Sprite\\Jugar": {
      "time": 1770316170025.4922,
      "uuid": "6eeaa85f-296e-4e94-ba3b-ec1bd0278d72"
    },
    "Sprite\\Salir": {
      "time": 1770316170037.672,
      "uuid": "62e6f4b1-9c9a-4a1f-acef-a98dacf4230d"
    },
    "Sprite\\Siguiente": {
      "time": 1770316170049.9973,
      "uuid": "03f8a066-3906-4b21-9c8a-f99979493e0f"
    },
    "Sprite\\Volver": {
      "time": 1770316170062.87,
      "uuid": "5883b731-7ab6-4dcc-aee9-959abd2df944"
    },
    "Script\\BateoController.ts": {
      "time": 1760657524000,
      "uuid": "74b8aba9-4aaf-4769-94ef-1466477ca102"
    },
    "Script\\ButtonMessage.ts": {
      "time": 1760636358000,
      "uuid": "4f459ccd-b469-4e66-81ba-711ccdd3404d"
    },
    "Script\\CambioEscena.ts": {
      "time": 1760116392000,
      "uuid": "a48ba88b-3c96-47d1-9b93-39739e84b177"
    },
    "Script\\Instrucciones.ts": {
      "time": 1760121164000,
      "uuid": "0ee8f94b-ba2f-4b6a-990f-8c08b01d9110"
    },
    "Script\\ManagerLabel.ts": {
      "time": 1736992122000,
      "uuid": "1cd4ba57-16e5-40ba-9aa8-3df21c4a3a85"
    },
    "Script\\ObjetoController.ts": {
      "time": 1760146790000,
      "uuid": "b4ed1b0d-f5d5-4967-866c-a8c12c82ee6e"
    },
    "Script\\Score.ts": {
      "time": 1760146784000,
      "uuid": "eee33d7f-c2b7-46d2-a765-c90e7a3270ad"
    },
    "Animations.meta": {
      "time": 1760366774000
    },
    "Fonts.meta": {
      "time": 1760144130000
    },
    "Prefab.meta": {
      "time": 1760116600000
    },
    "Scene.meta": {
      "time": 1760116578000
    },
    "Script.meta": {
      "time": 1760116582000
    },
    "Sprite.meta": {
      "time": 1760116590000
    },
    "Sprite\\Inicio.meta": {
      "time": 1760120858000
    },
    "Sprite\\Jugar.meta": {
      "time": 1760120858000
    },
    "Sprite\\Salir.meta": {
      "time": 1760120858000
    },
    "Sprite\\Siguiente.meta": {
      "time": 1760120858000
    },
    "Sprite\\Volver.meta": {
      "time": 1760120858000
    },
    "Script\\BateoController.ts.meta": {
      "time": 1770318137260.5588
    },
    "Script\\ButtonMessage.ts.meta": {
      "time": 1770318137263.0896
    },
    "Script\\CambioEscena.ts.meta": {
      "time": 1770318137265.1206
    },
    "Script\\Instrucciones.ts.meta": {
      "time": 1770318137266.636
    },
    "Script\\ManagerLabel.ts.meta": {
      "time": 1770318137268.6455
    },
    "Script\\ObjetoController.ts.meta": {
      "time": 1770318137277.3125
    },
    "Script\\Score.ts.meta": {
      "time": 1770318137278.3142
    },
    "Animations\\Diablos.anim": {
      "time": 1736992122000,
      "uuid": "9a6f3138-9e51-4767-8c36-400277e4df2a"
    },
    "Fonts\\BlackHanSans-Regular.ttf": {
      "time": 1736992122000,
      "uuid": "f3c7f5d8-1728-4db5-bcc4-e81f6c14ba66"
    },
    "Prefab\\Ball.prefab": {
      "time": 1760136254000,
      "uuid": "b50c1fc6-4287-48fe-976a-48ab46c2aa98"
    },
    "Prefab\\gorra.prefab": {
      "time": 1760139688000,
      "uuid": "d15b47e8-5e32-4c08-9dc7-5c9ee53249f0"
    },
    "Prefab\\playera.prefab": {
      "time": 1760139694000,
      "uuid": "3debe70c-fa3d-4f41-b9a5-8a96e0fb5a8f"
    },
    "Prefab\\silbato.prefab": {
      "time": 1760139698000,
      "uuid": "c4e595a0-e13e-4ad3-b20b-1de8a5f8d405"
    },
    "Prefab\\termo.prefab": {
      "time": 1760139710000,
      "uuid": "9d4b574f-4858-4000-98c8-9b07a943bdd0"
    },
    "Prefab\\trofeo.prefab": {
      "time": 1760139704000,
      "uuid": "80b353ac-ddf2-4e7d-aeb7-3e6341aeebc0"
    },
    "Prefab\\zapato.prefab": {
      "time": 1760139712000,
      "uuid": "3d77063e-101d-40a2-9057-3aa69a64197f"
    },
    "Scene\\Inicio.scene": {
      "time": 1770323825299.0652,
      "uuid": "2eb6ca70-ebd9-4b3c-b07c-4dfc37ea7df3"
    },
    "Scene\\Instrucciones.scene": {
      "time": 1760145078000,
      "uuid": "6baae58b-b067-47ce-a5b9-83e59d13b0ac"
    },
    "Scene\\Juego.scene": {
      "time": 1770323740070.382,
      "uuid": "31792dc7-10cd-4e37-8e25-b48f9f56bd89"
    },
    "Sprite\\01InstLMB.png": {
      "time": 1760120700000,
      "uuid": "310417c1-7210-4cf9-825a-735c55660981"
    },
    "Sprite\\02InstLMB.png": {
      "time": 1760120690000,
      "uuid": "75df8712-ebb6-4517-aa74-e7d3520c83cc"
    },
    "Sprite\\03InstLMB.png": {
      "time": 1760120682000,
      "uuid": "8d02299e-2fc5-406e-bc54-3218179242e2"
    },
    "Sprite\\back.png": {
      "time": 1736992122000,
      "uuid": "ece7af06-eaab-4def-bcff-532da680fb1c"
    },
    "Sprite\\bg_inst.png": {
      "time": 1739905128000,
      "uuid": "f56b0d75-07b3-4a2d-bb4f-8e06479c4fd8"
    },
    "Sprite\\Comojugar.png": {
      "time": 1760120740000,
      "uuid": "4d27d43e-fe8e-417c-bbd3-51d0f9e83890"
    },
    "Sprite\\degradadoBlanco.png": {
      "time": 1736992124000,
      "uuid": "b3219cc6-7eb6-4304-a332-4823c1ae7137"
    },
    "Sprite\\fondo.png": {
      "time": 1736992124000,
      "uuid": "58015a8c-f62f-4f58-868c-6d90f8c4cdfc"
    },
    "Sprite\\GameOver.png": {
      "time": 1760121164000,
      "uuid": "b422744e-d4b9-4226-9009-31d5f9d3425f"
    },
    "Sprite\\Gorra.png": {
      "time": 1760134860000,
      "uuid": "76caab5c-bf5b-4909-a5c1-0722c9047525"
    },
    "Sprite\\Guante.png": {
      "time": 1760134860000,
      "uuid": "25813984-a2bd-422b-bc60-f86a58178079"
    },
    "Sprite\\Jersey.png": {
      "time": 1760134860000,
      "uuid": "516beed9-26ac-43d3-9c98-e8f3fb650d50"
    },
    "Sprite\\Maquina_ 1.png": {
      "time": 1760132058000,
      "uuid": "0d701237-b7d9-47d9-874a-bb275572c559"
    },
    "Sprite\\Marco.png": {
      "time": 1739905434000,
      "uuid": "efab5e4c-fe6e-4b95-97d2-8f47bdfaf5ea"
    },
    "Sprite\\next.png": {
      "time": 1736992124000,
      "uuid": "d214d9bf-6136-4262-88fe-038be2e2c715"
    },
    "Sprite\\Pelota.png": {
      "time": 1760134860000,
      "uuid": "8e52fd91-e7a3-497b-ae57-7fe5097144fe"
    },
    "Sprite\\PortadaBaseballParty-Venados.png": {
      "time": 1760123578000,
      "uuid": "6c1d46fb-00f4-4e69-961a-dfc709273210"
    },
    "Sprite\\Silbato.png": {
      "time": 1760134860000,
      "uuid": "31dbda69-ea63-4ab7-ac8f-944c3d7d86cb"
    },
    "Sprite\\Tenis.png": {
      "time": 1760134860000,
      "uuid": "967f1619-b291-484d-b105-8f29f47af5de"
    },
    "Sprite\\Termo.png": {
      "time": 1760134860000,
      "uuid": "d2b7ee91-a1ef-41f1-a6c4-3a86d120ebf5"
    },
    "Sprite\\Trofeo.png": {
      "time": 1760134860000,
      "uuid": "947e04e9-6481-4ede-8149-f8f145b9f007"
    },
    "Sprite\\Inicio\\Hover.png": {
      "time": 1760120850000,
      "uuid": "1fa0afac-f580-471d-be18-11d0f1d75636"
    },
    "Sprite\\Inicio\\Normal.png": {
      "time": 1760120850000,
      "uuid": "b89974b8-c003-4839-a943-4334da1c9ec9"
    },
    "Sprite\\Inicio\\Press.png": {
      "time": 1760120850000,
      "uuid": "26f9a606-9e93-4f10-bee3-604e3e90acdd"
    },
    "Sprite\\Jugar\\Hover.png": {
      "time": 1760120850000,
      "uuid": "47366ee4-58be-46de-9675-ad305b52054a"
    },
    "Sprite\\Jugar\\Normal.png": {
      "time": 1760120850000,
      "uuid": "d135cb85-fc2a-42d3-8a0e-b5444e350d21"
    },
    "Sprite\\Jugar\\Press.png": {
      "time": 1760120850000,
      "uuid": "3a61b0ec-98d7-4f24-9593-cf8b656be33d"
    },
    "Sprite\\Salir\\Hover.png": {
      "time": 1760120850000,
      "uuid": "59be6f57-ba3b-4cc8-aa7d-d98b3d7944e7"
    },
    "Sprite\\Salir\\Normal.png": {
      "time": 1760120850000,
      "uuid": "47dddc55-46be-479d-8299-3f2f68591594"
    },
    "Sprite\\Salir\\Press.png": {
      "time": 1760120850000,
      "uuid": "c3fedcfe-fdae-4852-9562-3b7306a67413"
    },
    "Sprite\\Siguiente\\Hover.png": {
      "time": 1760120850000,
      "uuid": "56ce9218-7943-4745-ba14-9c5d49a24119"
    },
    "Sprite\\Siguiente\\Normal.png": {
      "time": 1760120850000,
      "uuid": "85cf201f-8839-4b29-b8f5-a36eab015280"
    },
    "Sprite\\Siguiente\\Press.png": {
      "time": 1760120850000,
      "uuid": "7ebb7f7b-0829-4b4d-a2df-9d5721506e5e"
    },
    "Sprite\\Volver\\Hover.png": {
      "time": 1760120850000,
      "uuid": "ef323ca1-e905-40f0-b7fe-36adde5b6f0b"
    },
    "Sprite\\Volver\\Normal.png": {
      "time": 1760120850000,
      "uuid": "4dde119c-3e66-429b-b144-7b60a7374a28"
    },
    "Sprite\\Volver\\Press.png": {
      "time": 1760120850000,
      "uuid": "cde9aa9c-65c0-4877-bc80-0381cc822b6f"
    },
    "Prefab\\playera.prefab.meta": {
      "time": 1760134778000
    },
    "Prefab\\gorra.prefab.meta": {
      "time": 1760134774000
    },
    "Animations\\Diablos.anim.meta": {
      "time": 1770318146239.205
    },
    "Prefab\\Ball.prefab.meta": {
      "time": 1760124846000
    },
    "Prefab\\termo.prefab.meta": {
      "time": 1760134810000
    },
    "Prefab\\silbato.prefab.meta": {
      "time": 1760134818000
    },
    "Fonts\\BlackHanSans-Regular.ttf.meta": {
      "time": 1736992122000
    },
    "Prefab\\trofeo.prefab.meta": {
      "time": 1760134790000
    },
    "Scene\\Inicio.scene.meta": {
      "time": 1760116660000
    },
    "Scene\\Instrucciones.scene.meta": {
      "time": 1760116666000
    },
    "Prefab\\zapato.prefab.meta": {
      "time": 1760134784000
    },
    "Scene\\Juego.scene.meta": {
      "time": 1760116690000
    },
    "Sprite\\01InstLMB.png.meta": {
      "time": 1770318146412.8054
    },
    "Sprite\\02InstLMB.png.meta": {
      "time": 1770318146412.8054
    },
    "Sprite\\back.png.meta": {
      "time": 1770318146438.0842
    },
    "Sprite\\03InstLMB.png.meta": {
      "time": 1770318146454.1172
    },
    "Sprite\\bg_inst.png.meta": {
      "time": 1770318146472.6047
    },
    "Sprite\\Comojugar.png.meta": {
      "time": 1770318146583.2773
    },
    "Sprite\\fondo.png.meta": {
      "time": 1770318146643.513
    },
    "Sprite\\Gorra.png.meta": {
      "time": 1770318146737.2607
    },
    "Sprite\\Jersey.png.meta": {
      "time": 1770318146738.2615
    },
    "Sprite\\GameOver.png.meta": {
      "time": 1770318146754.3782
    },
    "Sprite\\degradadoBlanco.png.meta": {
      "time": 1770318146783.0962
    },
    "Sprite\\Guante.png.meta": {
      "time": 1770318146811.714
    },
    "Sprite\\Maquina_ 1.png.meta": {
      "time": 1770318146850.9812
    },
    "Sprite\\Marco.png.meta": {
      "time": 1770318146868.9238
    },
    "Sprite\\next.png.meta": {
      "time": 1770318146882.2717
    },
    "Sprite\\Pelota.png.meta": {
      "time": 1770318146884.27
    },
    "Sprite\\Silbato.png.meta": {
      "time": 1770318146913.423
    },
    "Sprite\\Tenis.png.meta": {
      "time": 1770318146942.3188
    },
    "Sprite\\Termo.png.meta": {
      "time": 1770318146954.843
    },
    "Sprite\\Trofeo.png.meta": {
      "time": 1770318146966.5671
    },
    "Sprite\\Inicio\\Hover.png.meta": {
      "time": 1770318146986.2676
    },
    "Sprite\\Inicio\\Press.png.meta": {
      "time": 1770318147039.6338
    },
    "Sprite\\Inicio\\Normal.png.meta": {
      "time": 1770318147044.6582
    },
    "Sprite\\Jugar\\Hover.png.meta": {
      "time": 1770318147045.669
    },
    "Sprite\\Jugar\\Normal.png.meta": {
      "time": 1770318147050.3684
    },
    "Sprite\\PortadaBaseballParty-Venados.png.meta": {
      "time": 1770318147052.378
    },
    "Sprite\\Salir\\Press.png.meta": {
      "time": 1770318147095.642
    },
    "Sprite\\Jugar\\Press.png.meta": {
      "time": 1770318147106.214
    },
    "Sprite\\Salir\\Hover.png.meta": {
      "time": 1770318147116.2935
    },
    "Sprite\\Siguiente\\Hover.png.meta": {
      "time": 1770318147128.9236
    },
    "Sprite\\Siguiente\\Press.png.meta": {
      "time": 1770318147147.1814
    },
    "Sprite\\Salir\\Normal.png.meta": {
      "time": 1770318147166.8933
    },
    "Sprite\\Volver\\Hover.png.meta": {
      "time": 1770318147170.9568
    },
    "Sprite\\Siguiente\\Normal.png.meta": {
      "time": 1770318147175.5044
    },
    "Sprite\\Volver\\Normal.png.meta": {
      "time": 1770318147176.5452
    },
    "Sprite\\Volver\\Press.png.meta": {
      "time": 1770318147186.6196
    },
    "Sprite\\VenadosLoyalty.png.meta": {
      "time": 1770318648320.409
    },
    "Sprite\\VenadosLoyalty.png": {
      "time": 1770318646181.9927,
      "uuid": "9154e2c5-25c9-4609-8c33-e162d0a2d324"
    },
    "Sprite\\VenadosLoyalty-bg.jpg.meta": {
      "time": 1770323561296.3127
    },
    "Sprite\\VenadosLoyalty-bg.jpg": {
      "time": 1770320534884.5393,
      "uuid": "a982a97e-89eb-4cca-af1c-5994911956df"
    }
  },
  "missing": {}
}
