{
  "version": "1.0.0",
  "map": {
    "E:\\Venados\\Baseball-Party\\assets\\Scene.meta": {
      "time": 1760116578525.6262
    },
    "E:\\Venados\\Baseball-Party\\assets\\Scene": {
      "time": 1760116691586.3677,
      "uuid": "145231d1-e17b-42cc-8679-c957dc0594a8"
    },
    "E:\\Venados\\Baseball-Party\\assets\\Script.meta": {
      "time": 1760116583914.9175
    },
    "E:\\Venados\\Baseball-Party\\assets\\Script": {
      "time": 1760125041805.1133,
      "uuid": "ab1b5c47-1d9b-451a-bd92-2d2363d04683"
    },
    "E:\\Venados\\Baseball-Party\\assets\\Sprite.meta": {
      "time": 1760116590786.3345
    },
    "E:\\Venados\\Baseball-Party\\assets\\Sprite": {
      "time": 1760550391848.1074,
      "uuid": "c5324b8c-4824-419a-a47c-48ebf6ca8e40"
    },
    "E:\\Venados\\Baseball-Party\\assets\\Prefab.meta": {
      "time": 1760116600364.6033
    },
    "E:\\Venados\\Baseball-Party\\assets\\Prefab": {
      "time": 1760134818096.5156,
      "uuid": "07699014-d684-42be-9a65-18fcab8f23e6"
    },
    "E:\\Venados\\Baseball-Party\\assets\\Script\\CambioEscena.ts.meta": {
      "time": 1736992123785.05
    },
    "E:\\Venados\\Baseball-Party\\assets\\Script\\ManagerLabel.ts.meta": {
      "time": 1736992123872.3347
    },
    "E:\\Venados\\Baseball-Party\\assets\\Script\\Score.ts.meta": {
      "time": 1736992123916.3926
    },
    "E:\\Venados\\Baseball-Party\\assets\\Script\\CambioEscena.ts": {
      "time": 1760116393073.0273,
      "uuid": "a48ba88b-3c96-47d1-9b93-39739e84b177"
    },
    "E:\\Venados\\Baseball-Party\\assets\\Script\\ManagerLabel.ts": {
      "time": 1736992123848.303,
      "uuid": "1cd4ba57-16e5-40ba-9aa8-3df21c4a3a85"
    },
    "E:\\Venados\\Baseball-Party\\assets\\Script\\Score.ts": {
      "time": 1760146785107.9565,
      "uuid": "eee33d7f-c2b7-46d2-a765-c90e7a3270ad"
    },
    "E:\\Venados\\Baseball-Party\\assets\\Scene\\Inicio.scene.meta": {
      "time": 1760116660772.2795
    },
    "E:\\Venados\\Baseball-Party\\assets\\Scene\\Inicio.scene": {
      "time": 1760366811870.7473,
      "uuid": "2eb6ca70-ebd9-4b3c-b07c-4dfc37ea7df3"
    },
    "E:\\Venados\\Baseball-Party\\assets\\Scene\\Instrucciones.scene.meta": {
      "time": 1760116667987.43
    },
    "E:\\Venados\\Baseball-Party\\assets\\Scene\\Instrucciones.scene": {
      "time": 1760145078248.6084,
      "uuid": "6baae58b-b067-47ce-a5b9-83e59d13b0ac"
    },
    "E:\\Venados\\Baseball-Party\\assets\\Scene\\Juego.scene.meta": {
      "time": 1760116691595.3662
    },
    "E:\\Venados\\Baseball-Party\\assets\\Scene\\Juego.scene": {
      "time": 1760657568558.1013,
      "uuid": "31792dc7-10cd-4e37-8e25-b48f9f56bd89"
    },
    "E:\\Venados\\Baseball-Party\\assets\\Sprite\\LogoVenados_contorno 1.png.meta": {
      "time": 1760550299172.992
    },
    "E:\\Venados\\Baseball-Party\\assets\\Sprite\\LogoVenados_contorno 1.png": {
      "time": 1760550221647.9167,
      "uuid": "6d65f1a3-ebd4-4311-906b-3c1481edde50"
    },
    "E:\\Venados\\Baseball-Party\\assets\\Sprite\\Marco.png.meta": {
      "time": 1739905447068.6223
    },
    "E:\\Venados\\Baseball-Party\\assets\\Sprite\\Marco.png": {
      "time": 1739905435550.978,
      "uuid": "efab5e4c-fe6e-4b95-97d2-8f47bdfaf5ea"
    },
    "E:\\Venados\\Baseball-Party\\assets\\Script\\ButtonMessage.ts.meta": {
      "time": 1759170867814.2178
    },
    "E:\\Venados\\Baseball-Party\\assets\\Script\\ButtonMessage.ts": {
      "time": 1760636359841.114,
      "uuid": "4f459ccd-b469-4e66-81ba-711ccdd3404d"
    },
    "E:\\Venados\\Baseball-Party\\assets\\Sprite\\degradadoBlanco.png.meta": {
      "time": 1736992124227.4043
    },
    "E:\\Venados\\Baseball-Party\\assets\\Sprite\\degradadoBlanco.png": {
      "time": 1736992124204.072,
      "uuid": "b3219cc6-7eb6-4304-a332-4823c1ae7137"
    },
    "E:\\Venados\\Baseball-Party\\assets\\Sprite\\fondo.png.meta": {
      "time": 1736992124455.4878
    },
    "E:\\Venados\\Baseball-Party\\assets\\Sprite\\fondo.png": {
      "time": 1736992124430.496,
      "uuid": "58015a8c-f62f-4f58-868c-6d90f8c4cdfc"
    },
    "E:\\Venados\\Baseball-Party\\assets\\Sprite\\03InstLMB.png.meta": {
      "time": 1760120764404.464
    },
    "E:\\Venados\\Baseball-Party\\assets\\Sprite\\02InstLMB.png.meta": {
      "time": 1760120764488.4492
    },
    "E:\\Venados\\Baseball-Party\\assets\\Sprite\\Maquina_ 1.png.meta": {
      "time": 1760120764511.0298
    },
    "E:\\Venados\\Baseball-Party\\assets\\Sprite\\01InstLMB.png.meta": {
      "time": 1760120764537.0613
    },
    "E:\\Venados\\Baseball-Party\\assets\\Sprite\\03InstLMB.png": {
      "time": 1760120682438.8843,
      "uuid": "8d02299e-2fc5-406e-bc54-3218179242e2"
    },
    "E:\\Venados\\Baseball-Party\\assets\\Sprite\\02InstLMB.png": {
      "time": 1760120691656.0593,
      "uuid": "75df8712-ebb6-4517-aa74-e7d3520c83cc"
    },
    "E:\\Venados\\Baseball-Party\\assets\\Sprite\\Maquina_ 1.png": {
      "time": 1760132058672.8936,
      "uuid": "0d701237-b7d9-47d9-874a-bb275572c559"
    },
    "E:\\Venados\\Baseball-Party\\assets\\Sprite\\01InstLMB.png": {
      "time": 1760120700137.6943,
      "uuid": "310417c1-7210-4cf9-825a-735c55660981"
    },
    "E:\\Venados\\Baseball-Party\\assets\\Sprite\\Comojugar.png.meta": {
      "time": 1760120773799.5735
    },
    "E:\\Venados\\Baseball-Party\\assets\\Sprite\\Comojugar.png": {
      "time": 1760120740733.4348,
      "uuid": "4d27d43e-fe8e-417c-bbd3-51d0f9e83890"
    },
    "E:\\Venados\\Baseball-Party\\assets\\Sprite\\Salir.meta": {
      "time": 1760120858270.8435
    },
    "E:\\Venados\\Baseball-Party\\assets\\Sprite\\Salir\\Hover.png.meta": {
      "time": 1760120858313.932
    },
    "E:\\Venados\\Baseball-Party\\assets\\Sprite\\Salir\\Normal.png.meta": {
      "time": 1760120858305.9207
    },
    "E:\\Venados\\Baseball-Party\\assets\\Sprite\\Salir\\Press.png.meta": {
      "time": 1760120858311.9324
    },
    "E:\\Venados\\Baseball-Party\\assets\\Sprite\\Salir": {
      "time": 1760120858264.3257,
      "uuid": "62e6f4b1-9c9a-4a1f-acef-a98dacf4230d"
    },
    "E:\\Venados\\Baseball-Party\\assets\\Sprite\\Jugar.meta": {
      "time": 1760120858307.9307
    },
    "E:\\Venados\\Baseball-Party\\assets\\Sprite\\Jugar\\Hover.png.meta": {
      "time": 1760120858334.5144
    },
    "E:\\Venados\\Baseball-Party\\assets\\Sprite\\Jugar\\Normal.png.meta": {
      "time": 1760120858342.0664
    },
    "E:\\Venados\\Baseball-Party\\assets\\Sprite\\Jugar\\Press.png.meta": {
      "time": 1760120858346.5776
    },
    "E:\\Venados\\Baseball-Party\\assets\\Sprite\\Inicio.meta": {
      "time": 1760120858335.516
    },
    "E:\\Venados\\Baseball-Party\\assets\\Sprite\\Inicio\\Hover.png.meta": {
      "time": 1760120858373.3032
    },
    "E:\\Venados\\Baseball-Party\\assets\\Sprite\\Inicio\\Normal.png.meta": {
      "time": 1760120858380.9988
    },
    "E:\\Venados\\Baseball-Party\\assets\\Sprite\\Inicio\\Press.png.meta": {
      "time": 1760120858393.9902
    },
    "E:\\Venados\\Baseball-Party\\assets\\Sprite\\Siguiente.meta": {
      "time": 1760120858376.8152
    },
    "E:\\Venados\\Baseball-Party\\assets\\Sprite\\Siguiente\\Hover.png.meta": {
      "time": 1760120858406.0156
    },
    "E:\\Venados\\Baseball-Party\\assets\\Sprite\\Siguiente\\Normal.png.meta": {
      "time": 1760120858413.0186
    },
    "E:\\Venados\\Baseball-Party\\assets\\Sprite\\Siguiente\\Press.png.meta": {
      "time": 1760120858425.541
    },
    "E:\\Venados\\Baseball-Party\\assets\\Sprite\\Volver.meta": {
      "time": 1760120858409.017
    },
    "E:\\Venados\\Baseball-Party\\assets\\Sprite\\Volver\\Hover.png.meta": {
      "time": 1760120858438.5718
    },
    "E:\\Venados\\Baseball-Party\\assets\\Sprite\\Volver\\Normal.png.meta": {
      "time": 1760120858442.572
    },
    "E:\\Venados\\Baseball-Party\\assets\\Sprite\\Volver\\Press.png.meta": {
      "time": 1760120858454.3577
    },
    "E:\\Venados\\Baseball-Party\\assets\\Sprite\\Salir\\Normal.png": {
      "time": 1760120850754.4915,
      "uuid": "47dddc55-46be-479d-8299-3f2f68591594"
    },
    "E:\\Venados\\Baseball-Party\\assets\\Sprite\\Jugar": {
      "time": 1760120858275.3455,
      "uuid": "6eeaa85f-296e-4e94-ba3b-ec1bd0278d72"
    },
    "E:\\Venados\\Baseball-Party\\assets\\Sprite\\Salir\\Press.png": {
      "time": 1760120850757.624,
      "uuid": "c3fedcfe-fdae-4852-9562-3b7306a67413"
    },
    "E:\\Venados\\Baseball-Party\\assets\\Sprite\\Salir\\Hover.png": {
      "time": 1760120850750.4907,
      "uuid": "59be6f57-ba3b-4cc8-aa7d-d98b3d7944e7"
    },
    "E:\\Venados\\Baseball-Party\\assets\\Sprite\\Jugar\\Hover.png": {
      "time": 1760120850729.5742,
      "uuid": "47366ee4-58be-46de-9675-ad305b52054a"
    },
    "E:\\Venados\\Baseball-Party\\assets\\Sprite\\Inicio": {
      "time": 1760120858278.8633,
      "uuid": "14ba70da-5987-41ca-8985-e4a7298dfd2f"
    },
    "E:\\Venados\\Baseball-Party\\assets\\Sprite\\Jugar\\Normal.png": {
      "time": 1760120850732.5747,
      "uuid": "d135cb85-fc2a-42d3-8a0e-b5444e350d21"
    },
    "E:\\Venados\\Baseball-Party\\assets\\Sprite\\Jugar\\Press.png": {
      "time": 1760120850736.6245,
      "uuid": "3a61b0ec-98d7-4f24-9593-cf8b656be33d"
    },
    "E:\\Venados\\Baseball-Party\\assets\\Sprite\\Inicio\\Hover.png": {
      "time": 1760120850706.9187,
      "uuid": "1fa0afac-f580-471d-be18-11d0f1d75636"
    },
    "E:\\Venados\\Baseball-Party\\assets\\Sprite\\Siguiente": {
      "time": 1760120858283.8662,
      "uuid": "03f8a066-3906-4b21-9c8a-f99979493e0f"
    },
    "E:\\Venados\\Baseball-Party\\assets\\Sprite\\Inicio\\Normal.png": {
      "time": 1760120850718.4297,
      "uuid": "b89974b8-c003-4839-a943-4334da1c9ec9"
    },
    "E:\\Venados\\Baseball-Party\\assets\\Sprite\\Inicio\\Press.png": {
      "time": 1760120850722.4285,
      "uuid": "26f9a606-9e93-4f10-bee3-604e3e90acdd"
    },
    "E:\\Venados\\Baseball-Party\\assets\\Sprite\\Siguiente\\Hover.png": {
      "time": 1760120850764.621,
      "uuid": "56ce9218-7943-4745-ba14-9c5d49a24119"
    },
    "E:\\Venados\\Baseball-Party\\assets\\Sprite\\Volver": {
      "time": 1760120858288.3806,
      "uuid": "5883b731-7ab6-4dcc-aee9-959abd2df944"
    },
    "E:\\Venados\\Baseball-Party\\assets\\Sprite\\Siguiente\\Normal.png": {
      "time": 1760120850767.105,
      "uuid": "85cf201f-8839-4b29-b8f5-a36eab015280"
    },
    "E:\\Venados\\Baseball-Party\\assets\\Sprite\\Siguiente\\Press.png": {
      "time": 1760120850771.614,
      "uuid": "7ebb7f7b-0829-4b4d-a2df-9d5721506e5e"
    },
    "E:\\Venados\\Baseball-Party\\assets\\Sprite\\Volver\\Hover.png": {
      "time": 1760120850779.6934,
      "uuid": "ef323ca1-e905-40f0-b7fe-36adde5b6f0b"
    },
    "E:\\Venados\\Baseball-Party\\assets\\Sprite\\Volver\\Normal.png": {
      "time": 1760120850782.6953,
      "uuid": "4dde119c-3e66-429b-b144-7b60a7374a28"
    },
    "E:\\Venados\\Baseball-Party\\assets\\Sprite\\Volver\\Press.png": {
      "time": 1760120850785.6929,
      "uuid": "cde9aa9c-65c0-4877-bc80-0381cc822b6f"
    },
    "E:\\Venados\\Baseball-Party\\assets\\Script\\Instrucciones.ts.meta": {
      "time": 1760121169784.3806
    },
    "E:\\Venados\\Baseball-Party\\assets\\Script\\Instrucciones.ts": {
      "time": 1760121164443.7754,
      "uuid": "0ee8f94b-ba2f-4b6a-990f-8c08b01d9110"
    },
    "E:\\Venados\\Baseball-Party\\assets\\Sprite\\next.png.meta": {
      "time": 1736992125061.1921
    },
    "E:\\Venados\\Baseball-Party\\assets\\Sprite\\next.png": {
      "time": 1736992125039.0203,
      "uuid": "d214d9bf-6136-4262-88fe-038be2e2c715"
    },
    "E:\\Venados\\Baseball-Party\\assets\\Sprite\\back.png.meta": {
      "time": 1736992123963.9924
    },
    "E:\\Venados\\Baseball-Party\\assets\\Sprite\\back.png": {
      "time": 1736992123940.9653,
      "uuid": "ece7af06-eaab-4def-bcff-532da680fb1c"
    },
    "E:\\Venados\\Baseball-Party\\assets\\Script\\BateoController.ts.meta": {
      "time": 1736992123741.469
    },
    "E:\\Venados\\Baseball-Party\\assets\\Script\\BateoController.ts": {
      "time": 1760657525539.401,
      "uuid": "74b8aba9-4aaf-4769-94ef-1466477ca102"
    },
    "E:\\Venados\\Baseball-Party\\assets\\Sprite\\Pelota.png.meta": {
      "time": 1760134897795.0073
    },
    "E:\\Venados\\Baseball-Party\\assets\\Sprite\\Pelota.png": {
      "time": 1760134860306.941,
      "uuid": "8e52fd91-e7a3-497b-ae57-7fe5097144fe"
    },
    "E:\\Venados\\Baseball-Party\\assets\\Prefab\\Ball.prefab.meta": {
      "time": 1760124847828.636
    },
    "E:\\Venados\\Baseball-Party\\assets\\Prefab\\Ball.prefab": {
      "time": 1760136254137.5786,
      "uuid": "b50c1fc6-4287-48fe-976a-48ab46c2aa98"
    },
    "E:\\Venados\\Baseball-Party\\assets\\Script\\ObjetoController.ts.meta": {
      "time": 1760125041813.119
    },
    "E:\\Venados\\Baseball-Party\\assets\\Script\\ObjetoController.ts": {
      "time": 1760146791074.709,
      "uuid": "b4ed1b0d-f5d5-4967-866c-a8c12c82ee6e"
    },
    "E:\\Venados\\Baseball-Party\\assets\\Prefab\\gorra.prefab.meta": {
      "time": 1760134775916.17
    },
    "E:\\Venados\\Baseball-Party\\assets\\Prefab\\gorra.prefab": {
      "time": 1760139689050.2766,
      "uuid": "d15b47e8-5e32-4c08-9dc7-5c9ee53249f0"
    },
    "E:\\Venados\\Baseball-Party\\assets\\Prefab\\playera.prefab.meta": {
      "time": 1760134779972.4597
    },
    "E:\\Venados\\Baseball-Party\\assets\\Prefab\\playera.prefab": {
      "time": 1760139694774.211,
      "uuid": "3debe70c-fa3d-4f41-b9a5-8a96e0fb5a8f"
    },
    "E:\\Venados\\Baseball-Party\\assets\\Prefab\\zapato.prefab.meta": {
      "time": 1760134785773.4263
    },
    "E:\\Venados\\Baseball-Party\\assets\\Prefab\\zapato.prefab": {
      "time": 1760139713685.9636,
      "uuid": "3d77063e-101d-40a2-9057-3aa69a64197f"
    },
    "E:\\Venados\\Baseball-Party\\assets\\Prefab\\trofeo.prefab.meta": {
      "time": 1760134790937.6797
    },
    "E:\\Venados\\Baseball-Party\\assets\\Prefab\\trofeo.prefab": {
      "time": 1760139704561.9307,
      "uuid": "80b353ac-ddf2-4e7d-aeb7-3e6341aeebc0"
    },
    "E:\\Venados\\Baseball-Party\\assets\\Prefab\\termo.prefab.meta": {
      "time": 1760134811714.1067
    },
    "E:\\Venados\\Baseball-Party\\assets\\Prefab\\termo.prefab": {
      "time": 1760139710429.1736,
      "uuid": "9d4b574f-4858-4000-98c8-9b07a943bdd0"
    },
    "E:\\Venados\\Baseball-Party\\assets\\Prefab\\silbato.prefab.meta": {
      "time": 1760134818100.0237
    },
    "E:\\Venados\\Baseball-Party\\assets\\Prefab\\silbato.prefab": {
      "time": 1760139699478.1704,
      "uuid": "c4e595a0-e13e-4ad3-b20b-1de8a5f8d405"
    },
    "E:\\Venados\\Baseball-Party\\assets\\Sprite\\Silbato.png.meta": {
      "time": 1760134872244.4138
    },
    "E:\\Venados\\Baseball-Party\\assets\\Sprite\\Gorra.png.meta": {
      "time": 1760134872257.4504
    },
    "E:\\Venados\\Baseball-Party\\assets\\Sprite\\Tenis.png.meta": {
      "time": 1760134872273.749
    },
    "E:\\Venados\\Baseball-Party\\assets\\Sprite\\Jersey.png.meta": {
      "time": 1760134872287.7798
    },
    "E:\\Venados\\Baseball-Party\\assets\\Sprite\\Guante.png.meta": {
      "time": 1760134872310.8376
    },
    "E:\\Venados\\Baseball-Party\\assets\\Sprite\\Termo.png.meta": {
      "time": 1760134872325.363
    },
    "E:\\Venados\\Baseball-Party\\assets\\Sprite\\Trofeo.png.meta": {
      "time": 1760134872346.3003
    },
    "E:\\Venados\\Baseball-Party\\assets\\Sprite\\Silbato.png": {
      "time": 1760134860311.443,
      "uuid": "31dbda69-ea63-4ab7-ac8f-944c3d7d86cb"
    },
    "E:\\Venados\\Baseball-Party\\assets\\Sprite\\Gorra.png": {
      "time": 1760134860333.031,
      "uuid": "76caab5c-bf5b-4909-a5c1-0722c9047525"
    },
    "E:\\Venados\\Baseball-Party\\assets\\Sprite\\Tenis.png": {
      "time": 1760134860315.451,
      "uuid": "967f1619-b291-484d-b105-8f29f47af5de"
    },
    "E:\\Venados\\Baseball-Party\\assets\\Sprite\\Jersey.png": {
      "time": 1760134860295.427,
      "uuid": "516beed9-26ac-43d3-9c98-e8f3fb650d50"
    },
    "E:\\Venados\\Baseball-Party\\assets\\Sprite\\Guante.png": {
      "time": 1760134860337.0298,
      "uuid": "25813984-a2bd-422b-bc60-f86a58178079"
    },
    "E:\\Venados\\Baseball-Party\\assets\\Sprite\\Termo.png": {
      "time": 1760134860319.4512,
      "uuid": "d2b7ee91-a1ef-41f1-a6c4-3a86d120ebf5"
    },
    "E:\\Venados\\Baseball-Party\\assets\\Sprite\\Trofeo.png": {
      "time": 1760134860322.9644,
      "uuid": "947e04e9-6481-4ede-8149-f8f145b9f007"
    },
    "E:\\Venados\\Baseball-Party\\assets\\Sprite\\PortadaBaseballParty-Venados.png.meta": {
      "time": 1760143896236.1672
    },
    "E:\\Venados\\Baseball-Party\\assets\\Sprite\\PortadaBaseballParty-Venados.png": {
      "time": 1760123579786.1426,
      "uuid": "6c1d46fb-00f4-4e69-961a-dfc709273210"
    },
    "E:\\Venados\\Baseball-Party\\assets\\Sprite\\GameOver.png.meta": {
      "time": 1760144231287.1697
    },
    "E:\\Venados\\Baseball-Party\\assets\\Sprite\\GameOver.png": {
      "time": 1760121164441.7751,
      "uuid": "b422744e-d4b9-4226-9009-31d5f9d3425f"
    },
    "E:\\Venados\\Baseball-Party\\assets\\Fonts.meta": {
      "time": 1760144130354.7266
    },
    "E:\\Venados\\Baseball-Party\\assets\\Fonts": {
      "time": 1760144135431.4634,
      "uuid": "cf0f30c4-1860-41f3-9bb0-4b110e1154e9"
    },
    "E:\\Venados\\Baseball-Party\\assets\\Fonts\\BlackHanSans-Regular.ttf.meta": {
      "time": 1736992123527.235
    },
    "E:\\Venados\\Baseball-Party\\assets\\Fonts\\BlackHanSans-Regular.ttf": {
      "time": 1736992123504.19,
      "uuid": "f3c7f5d8-1728-4db5-bcc4-e81f6c14ba66"
    },
    "E:\\Venados\\Baseball-Party\\assets\\Sprite\\bg_inst.png.meta": {
      "time": 1739905170438.113
    },
    "E:\\Venados\\Baseball-Party\\assets\\Sprite\\bg_inst.png": {
      "time": 1739905128267.5886,
      "uuid": "f56b0d75-07b3-4a2d-bb4f-8e06479c4fd8"
    },
    "E:\\Venados\\Baseball-Party\\assets\\Animations.meta": {
      "time": 1760366775058.0066
    },
    "E:\\Venados\\Baseball-Party\\assets\\Animations": {
      "time": 1760366780914.4214,
      "uuid": "0abb3a78-46d4-4ee6-8aed-c47d780ae0de"
    },
    "E:\\Venados\\Baseball-Party\\assets\\Animations\\Diablos.anim.meta": {
      "time": 1736992123317.0195
    },
    "E:\\Venados\\Baseball-Party\\assets\\Animations\\Diablos.anim": {
      "time": 1736992123293.977,
      "uuid": "9a6f3138-9e51-4767-8c36-400277e4df2a"
    },
    "E:\\Venados\\Baseball-Party\\assets\\Sprite\\FanVenados_Blanco.png.meta": {
      "time": 1760550392093.9607
    },
    "E:\\Venados\\Baseball-Party\\assets\\Sprite\\FanVenados_Blanco.png": {
      "time": 1760550319757.534,
      "uuid": "3c2b28b7-a3db-4c56-9431-242b5bcdcd29"
    }
  },
  "missing": {
    "a6834519-b038-4adc-bd12-f38247163883": {
      "path": "E:\\Venados\\Baseball-Party\\assets\\Scene\\folder",
      "time": 1760116673136.7927,
      "removeTime": 1760116675787
    },
    "25140243-ac58-433d-aaa1-a873431faf64": {
      "path": "E:\\Venados\\Baseball-Party\\assets\\Sprite\\btn_jugar.png",
      "time": 1739905128357.6345,
      "removeTime": 1760119782632
    },
    "0ec9f964-3078-4835-8c4a-ec91d6a5c339": {
      "path": "E:\\Venados\\Baseball-Party\\assets\\Sprite\\btn_jugar_h.png",
      "time": 1739905128375.142,
      "removeTime": 1760119782648
    },
    "8b7a307b-626a-419d-96c7-c3add5eab1cc": {
      "path": "E:\\Venados\\Baseball-Party\\assets\\Sprite\\btn_salir_p.png",
      "time": 1739905128499.46,
      "removeTime": 1760119782690
    },
    "2fa40aa0-7abc-4fa3-89f5-b890737fd0be": {
      "path": "E:\\Venados\\Baseball-Party\\assets\\Sprite\\btn_salir_h.png",
      "time": 1739905128482.0403,
      "removeTime": 1760119782723
    },
    "862b4951-c96b-49a3-8f43-0d71cc7087c4": {
      "path": "E:\\Venados\\Baseball-Party\\assets\\Sprite\\btn_salir.png",
      "time": 1739905128463.7466,
      "removeTime": 1760119782763
    },
    "5643fe6c-1fbf-4c0a-9eb4-5755b14c430e": {
      "path": "E:\\Venados\\Baseball-Party\\assets\\Sprite\\btn_jugar_p.png",
      "time": 1739905128393.171,
      "removeTime": 1760119782829
    },
    "8341c862-2b7f-476f-8e91-e703f5a802b3": {
      "path": "E:\\Venados\\Baseball-Party\\assets\\Sprite\\btn_inicio_p.png",
      "time": 1739905128340.1248,
      "removeTime": 1760119782833
    },
    "8b057ba7-3a1c-4939-bfd3-f546a306242a": {
      "path": "E:\\Venados\\Baseball-Party\\assets\\Sprite\\btn_inicio_h.png",
      "time": 1739905128322.0947,
      "removeTime": 1760119782844
    },
    "ebd18587-4ccd-4699-9a34-bee5bd576ce2": {
      "path": "E:\\Venados\\Baseball-Party\\assets\\Sprite\\btn_inicio.png",
      "time": 1739905128303.588,
      "removeTime": 1760119782868
    },
    "4d27d43e-fe8e-417c-bbd3-51d0f9e83890": {
      "path": "E:\\Venados\\Baseball-Party\\assets\\Sprite\\Juego01.png",
      "time": 1760120740733.4348,
      "removeTime": 1760120773781
    },
    "d15b47e8-5e32-4c08-9dc7-5c9ee53249f0": {
      "path": "E:\\Venados\\Baseball-Party\\assets\\Prefab\\Ball-001.prefab",
      "time": 1760134764646.8267,
      "removeTime": 1760134775912
    },
    "3debe70c-fa3d-4f41-b9a5-8a96e0fb5a8f": {
      "path": "E:\\Venados\\Baseball-Party\\assets\\Prefab\\Ball-002.prefab",
      "time": 1760134766545.8262,
      "removeTime": 1760134779970
    },
    "3d77063e-101d-40a2-9057-3aa69a64197f": {
      "path": "E:\\Venados\\Baseball-Party\\assets\\Prefab\\Ball-003.prefab",
      "time": 1760134768097.3958,
      "removeTime": 1760134785770
    },
    "80b353ac-ddf2-4e7d-aeb7-3e6341aeebc0": {
      "path": "E:\\Venados\\Baseball-Party\\assets\\Prefab\\Ball-004.prefab",
      "time": 1760134768866.4963,
      "removeTime": 1760134790934
    },
    "9d4b574f-4858-4000-98c8-9b07a943bdd0": {
      "path": "E:\\Venados\\Baseball-Party\\assets\\Prefab\\trofeo-001.prefab",
      "time": 1760134806506.5068,
      "removeTime": 1760134811709
    },
    "c4e595a0-e13e-4ad3-b20b-1de8a5f8d405": {
      "path": "E:\\Venados\\Baseball-Party\\assets\\Prefab\\trofeo-002.prefab",
      "time": 1760134808341.5964,
      "removeTime": 1760134818097
    },
    "b422744e-d4b9-4226-9009-31d5f9d3425f": {
      "path": "E:\\Venados\\Baseball-Party\\assets\\Sprite\\GameOver (4).png",
      "time": 1760121164441.7751,
      "removeTime": 1760143995780
    }
  }
}
