{
  "145231d1-e17b-42cc-8679-c957dc0594a8": {
    "url": "db://assets/Scene",
    "value": {},
    "versionCode": 0
  },
  "ab1b5c47-1d9b-451a-bd92-2d2363d04683": {
    "url": "db://assets/Script",
    "value": {},
    "versionCode": 0
  },
  "c5324b8c-4824-419a-a47c-48ebf6ca8e40": {
    "url": "db://assets/Sprite",
    "value": {},
    "versionCode": 0
  },
  "07699014-d684-42be-9a65-18fcab8f23e6": {
    "url": "db://assets/Prefab",
    "value": {},
    "versionCode": 0
  },
  "a48ba88b-3c96-47d1-9b93-39739e84b177": {
    "url": "db://assets/Script/CambioEscena.ts",
    "value": {},
    "versionCode": 0
  },
  "1cd4ba57-16e5-40ba-9aa8-3df21c4a3a85": {
    "url": "db://assets/Script/ManagerLabel.ts",
    "value": {},
    "versionCode": 0
  },
  "eee33d7f-c2b7-46d2-a765-c90e7a3270ad": {
    "url": "db://assets/Script/Score.ts",
    "value": {},
    "versionCode": 0
  },
  "2eb6ca70-ebd9-4b3c-b07c-4dfc37ea7df3": {
    "url": "db://assets/Scene/Inicio.scene",
    "value": {
      "depends": [
        "2eb6ca70-ebd9-4b3c-b07c-4dfc37ea7df3",
        "b89974b8-c003-4839-a943-4334da1c9ec9@f9941",
        "1fa0afac-f580-471d-be18-11d0f1d75636@f9941",
        "26f9a606-9e93-4f10-bee3-604e3e90acdd@f9941",
        "47dddc55-46be-479d-8299-3f2f68591594@f9941",
        "59be6f57-ba3b-4cc8-aa7d-d98b3d7944e7@f9941",
        "c3fedcfe-fdae-4852-9562-3b7306a67413@f9941",
        "6d65f1a3-ebd4-4311-906b-3c1481edde50@f9941",
        "9a6f3138-9e51-4767-8c36-400277e4df2a",
        "6c1d46fb-00f4-4e69-961a-dfc709273210@f9941"
      ],
      "dependScripts": [
        "a48ba88b-3c96-47d1-9b93-39739e84b177",
        "4f459ccd-b469-4e66-81ba-711ccdd3404d"
      ]
    },
    "versionCode": 0
  },
  "6baae58b-b067-47ce-a5b9-83e59d13b0ac": {
    "url": "db://assets/Scene/Instrucciones.scene",
    "value": {
      "depends": [
        "6baae58b-b067-47ce-a5b9-83e59d13b0ac",
        "310417c1-7210-4cf9-825a-735c55660981@f9941",
        "75df8712-ebb6-4517-aa74-e7d3520c83cc@f9941",
        "8d02299e-2fc5-406e-bc54-3218179242e2@f9941",
        "d214d9bf-6136-4262-88fe-038be2e2c715@f9941",
        "ece7af06-eaab-4def-bcff-532da680fb1c@f9941",
        "85cf201f-8839-4b29-b8f5-a36eab015280@f9941",
        "56ce9218-7943-4745-ba14-9c5d49a24119@f9941",
        "7ebb7f7b-0829-4b4d-a2df-9d5721506e5e@f9941",
        "f3c7f5d8-1728-4db5-bcc4-e81f6c14ba66",
        "4d27d43e-fe8e-417c-bbd3-51d0f9e83890@f9941"
      ],
      "dependScripts": [
        "0ee8f94b-ba2f-4b6a-990f-8c08b01d9110",
        "a48ba88b-3c96-47d1-9b93-39739e84b177"
      ]
    },
    "versionCode": 0
  },
  "a6834519-b038-4adc-bd12-f38247163883": {
    "url": "db://assets/Scene/folder",
    "value": {},
    "versionCode": 0
  },
  "31792dc7-10cd-4e37-8e25-b48f9f56bd89": {
    "url": "db://assets/Scene/Juego.scene",
    "value": {
      "depends": [
        "31792dc7-10cd-4e37-8e25-b48f9f56bd89",
        "0d701237-b7d9-47d9-874a-bb275572c559@f9941",
        "b50c1fc6-4287-48fe-976a-48ab46c2aa98",
        "d15b47e8-5e32-4c08-9dc7-5c9ee53249f0",
        "3debe70c-fa3d-4f41-b9a5-8a96e0fb5a8f",
        "c4e595a0-e13e-4ad3-b20b-1de8a5f8d405",
        "9d4b574f-4858-4000-98c8-9b07a943bdd0",
        "80b353ac-ddf2-4e7d-aeb7-3e6341aeebc0",
        "3d77063e-101d-40a2-9057-3aa69a64197f",
        "6d65f1a3-ebd4-4311-906b-3c1481edde50@f9941",
        "8e52fd91-e7a3-497b-ae57-7fe5097144fe@f9941",
        "b3219cc6-7eb6-4304-a332-4823c1ae7137@f9941",
        "f3c7f5d8-1728-4db5-bcc4-e81f6c14ba66",
        "4dde119c-3e66-429b-b144-7b60a7374a28@f9941",
        "ef323ca1-e905-40f0-b7fe-36adde5b6f0b@f9941",
        "cde9aa9c-65c0-4877-bc80-0381cc822b6f@f9941",
        "47dddc55-46be-479d-8299-3f2f68591594@f9941",
        "59be6f57-ba3b-4cc8-aa7d-d98b3d7944e7@f9941",
        "c3fedcfe-fdae-4852-9562-3b7306a67413@f9941",
        "b422744e-d4b9-4226-9009-31d5f9d3425f@f9941",
        "58015a8c-f62f-4f58-868c-6d90f8c4cdfc@f9941",
        "efab5e4c-fe6e-4b95-97d2-8f47bdfaf5ea@f9941",
        "6c1d46fb-00f4-4e69-961a-dfc709273210@f9941"
      ],
      "dependScripts": [
        "74b8aba9-4aaf-4769-94ef-1466477ca102",
        "eee33d7f-c2b7-46d2-a765-c90e7a3270ad",
        "a48ba88b-3c96-47d1-9b93-39739e84b177",
        "4f459ccd-b469-4e66-81ba-711ccdd3404d"
      ]
    },
    "versionCode": 0
  },
  "ebd18587-4ccd-4699-9a34-bee5bd576ce2": {
    "url": "db://assets/Sprite/btn_inicio.png",
    "value": {},
    "versionCode": 0
  },
  "ebd18587-4ccd-4699-9a34-bee5bd576ce2@6c48a": {
    "url": "db://assets/Sprite/btn_inicio.png@6c48a",
    "value": {
      "depends": [
        "ebd18587-4ccd-4699-9a34-bee5bd576ce2"
      ]
    },
    "versionCode": 0
  },
  "ebd18587-4ccd-4699-9a34-bee5bd576ce2@f9941": {
    "url": "db://assets/Sprite/btn_inicio.png@f9941",
    "value": {
      "depends": [
        "ebd18587-4ccd-4699-9a34-bee5bd576ce2@6c48a"
      ]
    },
    "versionCode": 0
  },
  "8341c862-2b7f-476f-8e91-e703f5a802b3": {
    "url": "db://assets/Sprite/btn_inicio_p.png",
    "value": {},
    "versionCode": 0
  },
  "8341c862-2b7f-476f-8e91-e703f5a802b3@6c48a": {
    "url": "db://assets/Sprite/btn_inicio_p.png@6c48a",
    "value": {
      "depends": [
        "8341c862-2b7f-476f-8e91-e703f5a802b3"
      ]
    },
    "versionCode": 0
  },
  "8341c862-2b7f-476f-8e91-e703f5a802b3@f9941": {
    "url": "db://assets/Sprite/btn_inicio_p.png@f9941",
    "value": {
      "depends": [
        "8341c862-2b7f-476f-8e91-e703f5a802b3@6c48a"
      ]
    },
    "versionCode": 0
  },
  "8b7a307b-626a-419d-96c7-c3add5eab1cc": {
    "url": "db://assets/Sprite/btn_salir_p.png",
    "value": {},
    "versionCode": 0
  },
  "8b7a307b-626a-419d-96c7-c3add5eab1cc@6c48a": {
    "url": "db://assets/Sprite/btn_salir_p.png@6c48a",
    "value": {
      "depends": [
        "8b7a307b-626a-419d-96c7-c3add5eab1cc"
      ]
    },
    "versionCode": 0
  },
  "8b7a307b-626a-419d-96c7-c3add5eab1cc@f9941": {
    "url": "db://assets/Sprite/btn_salir_p.png@f9941",
    "value": {
      "depends": [
        "8b7a307b-626a-419d-96c7-c3add5eab1cc@6c48a"
      ]
    },
    "versionCode": 0
  },
  "8b057ba7-3a1c-4939-bfd3-f546a306242a": {
    "url": "db://assets/Sprite/btn_inicio_h.png",
    "value": {},
    "versionCode": 0
  },
  "8b057ba7-3a1c-4939-bfd3-f546a306242a@6c48a": {
    "url": "db://assets/Sprite/btn_inicio_h.png@6c48a",
    "value": {
      "depends": [
        "8b057ba7-3a1c-4939-bfd3-f546a306242a"
      ]
    },
    "versionCode": 0
  },
  "8b057ba7-3a1c-4939-bfd3-f546a306242a@f9941": {
    "url": "db://assets/Sprite/btn_inicio_h.png@f9941",
    "value": {
      "depends": [
        "8b057ba7-3a1c-4939-bfd3-f546a306242a@6c48a"
      ]
    },
    "versionCode": 0
  },
  "25140243-ac58-433d-aaa1-a873431faf64": {
    "url": "db://assets/Sprite/btn_jugar.png",
    "value": {},
    "versionCode": 0
  },
  "25140243-ac58-433d-aaa1-a873431faf64@6c48a": {
    "url": "db://assets/Sprite/btn_jugar.png@6c48a",
    "value": {
      "depends": [
        "25140243-ac58-433d-aaa1-a873431faf64"
      ]
    },
    "versionCode": 0
  },
  "25140243-ac58-433d-aaa1-a873431faf64@f9941": {
    "url": "db://assets/Sprite/btn_jugar.png@f9941",
    "value": {
      "depends": [
        "25140243-ac58-433d-aaa1-a873431faf64@6c48a"
      ]
    },
    "versionCode": 0
  },
  "5643fe6c-1fbf-4c0a-9eb4-5755b14c430e": {
    "url": "db://assets/Sprite/btn_jugar_p.png",
    "value": {},
    "versionCode": 0
  },
  "5643fe6c-1fbf-4c0a-9eb4-5755b14c430e@6c48a": {
    "url": "db://assets/Sprite/btn_jugar_p.png@6c48a",
    "value": {
      "depends": [
        "5643fe6c-1fbf-4c0a-9eb4-5755b14c430e"
      ]
    },
    "versionCode": 0
  },
  "5643fe6c-1fbf-4c0a-9eb4-5755b14c430e@f9941": {
    "url": "db://assets/Sprite/btn_jugar_p.png@f9941",
    "value": {
      "depends": [
        "5643fe6c-1fbf-4c0a-9eb4-5755b14c430e@6c48a"
      ]
    },
    "versionCode": 0
  },
  "0ec9f964-3078-4835-8c4a-ec91d6a5c339": {
    "url": "db://assets/Sprite/btn_jugar_h.png",
    "value": {},
    "versionCode": 0
  },
  "0ec9f964-3078-4835-8c4a-ec91d6a5c339@6c48a": {
    "url": "db://assets/Sprite/btn_jugar_h.png@6c48a",
    "value": {
      "depends": [
        "0ec9f964-3078-4835-8c4a-ec91d6a5c339"
      ]
    },
    "versionCode": 0
  },
  "0ec9f964-3078-4835-8c4a-ec91d6a5c339@f9941": {
    "url": "db://assets/Sprite/btn_jugar_h.png@f9941",
    "value": {
      "depends": [
        "0ec9f964-3078-4835-8c4a-ec91d6a5c339@6c48a"
      ]
    },
    "versionCode": 0
  },
  "862b4951-c96b-49a3-8f43-0d71cc7087c4": {
    "url": "db://assets/Sprite/btn_salir.png",
    "value": {},
    "versionCode": 0
  },
  "862b4951-c96b-49a3-8f43-0d71cc7087c4@6c48a": {
    "url": "db://assets/Sprite/btn_salir.png@6c48a",
    "value": {
      "depends": [
        "862b4951-c96b-49a3-8f43-0d71cc7087c4"
      ]
    },
    "versionCode": 0
  },
  "862b4951-c96b-49a3-8f43-0d71cc7087c4@f9941": {
    "url": "db://assets/Sprite/btn_salir.png@f9941",
    "value": {
      "depends": [
        "862b4951-c96b-49a3-8f43-0d71cc7087c4@6c48a"
      ]
    },
    "versionCode": 0
  },
  "2fa40aa0-7abc-4fa3-89f5-b890737fd0be": {
    "url": "db://assets/Sprite/btn_salir_h.png",
    "value": {},
    "versionCode": 0
  },
  "2fa40aa0-7abc-4fa3-89f5-b890737fd0be@6c48a": {
    "url": "db://assets/Sprite/btn_salir_h.png@6c48a",
    "value": {
      "depends": [
        "2fa40aa0-7abc-4fa3-89f5-b890737fd0be"
      ]
    },
    "versionCode": 0
  },
  "2fa40aa0-7abc-4fa3-89f5-b890737fd0be@f9941": {
    "url": "db://assets/Sprite/btn_salir_h.png@f9941",
    "value": {
      "depends": [
        "2fa40aa0-7abc-4fa3-89f5-b890737fd0be@6c48a"
      ]
    },
    "versionCode": 0
  },
  "6d65f1a3-ebd4-4311-906b-3c1481edde50": {
    "url": "db://assets/Sprite/LogoVenados_contorno 1.png",
    "value": {
      "depends": []
    },
    "versionCode": 0
  },
  "6d65f1a3-ebd4-4311-906b-3c1481edde50@6c48a": {
    "url": "db://assets/Sprite/LogoVenados_contorno 1.png@6c48a",
    "value": {
      "depends": [
        "6d65f1a3-ebd4-4311-906b-3c1481edde50"
      ]
    },
    "versionCode": 0
  },
  "6d65f1a3-ebd4-4311-906b-3c1481edde50@f9941": {
    "url": "db://assets/Sprite/LogoVenados_contorno 1.png@f9941",
    "value": {
      "depends": [
        "6d65f1a3-ebd4-4311-906b-3c1481edde50@6c48a"
      ]
    },
    "versionCode": 0
  },
  "efab5e4c-fe6e-4b95-97d2-8f47bdfaf5ea": {
    "url": "db://assets/Sprite/Marco.png",
    "value": {
      "depends": []
    },
    "versionCode": 0
  },
  "efab5e4c-fe6e-4b95-97d2-8f47bdfaf5ea@6c48a": {
    "url": "db://assets/Sprite/Marco.png@6c48a",
    "value": {
      "depends": [
        "efab5e4c-fe6e-4b95-97d2-8f47bdfaf5ea"
      ]
    },
    "versionCode": 0
  },
  "efab5e4c-fe6e-4b95-97d2-8f47bdfaf5ea@f9941": {
    "url": "db://assets/Sprite/Marco.png@f9941",
    "value": {
      "depends": [
        "efab5e4c-fe6e-4b95-97d2-8f47bdfaf5ea@6c48a"
      ]
    },
    "versionCode": 0
  },
  "4f459ccd-b469-4e66-81ba-711ccdd3404d": {
    "url": "db://assets/Script/ButtonMessage.ts",
    "value": {},
    "versionCode": 0
  },
  "b3219cc6-7eb6-4304-a332-4823c1ae7137": {
    "url": "db://assets/Sprite/degradadoBlanco.png",
    "value": {
      "depends": []
    },
    "versionCode": 0
  },
  "b3219cc6-7eb6-4304-a332-4823c1ae7137@6c48a": {
    "url": "db://assets/Sprite/degradadoBlanco.png@6c48a",
    "value": {
      "depends": [
        "b3219cc6-7eb6-4304-a332-4823c1ae7137"
      ]
    },
    "versionCode": 0
  },
  "b3219cc6-7eb6-4304-a332-4823c1ae7137@f9941": {
    "url": "db://assets/Sprite/degradadoBlanco.png@f9941",
    "value": {
      "depends": [
        "b3219cc6-7eb6-4304-a332-4823c1ae7137@6c48a"
      ]
    },
    "versionCode": 0
  },
  "58015a8c-f62f-4f58-868c-6d90f8c4cdfc": {
    "url": "db://assets/Sprite/fondo.png",
    "value": {
      "depends": []
    },
    "versionCode": 0
  },
  "58015a8c-f62f-4f58-868c-6d90f8c4cdfc@6c48a": {
    "url": "db://assets/Sprite/fondo.png@6c48a",
    "value": {
      "depends": [
        "58015a8c-f62f-4f58-868c-6d90f8c4cdfc"
      ]
    },
    "versionCode": 0
  },
  "58015a8c-f62f-4f58-868c-6d90f8c4cdfc@f9941": {
    "url": "db://assets/Sprite/fondo.png@f9941",
    "value": {
      "depends": [
        "58015a8c-f62f-4f58-868c-6d90f8c4cdfc@6c48a"
      ]
    },
    "versionCode": 0
  },
  "8d02299e-2fc5-406e-bc54-3218179242e2": {
    "url": "db://assets/Sprite/03InstLMB.png",
    "value": {
      "depends": []
    },
    "versionCode": 0
  },
  "8d02299e-2fc5-406e-bc54-3218179242e2@6c48a": {
    "url": "db://assets/Sprite/03InstLMB.png@6c48a",
    "value": {
      "depends": [
        "8d02299e-2fc5-406e-bc54-3218179242e2"
      ]
    },
    "versionCode": 0
  },
  "8d02299e-2fc5-406e-bc54-3218179242e2@f9941": {
    "url": "db://assets/Sprite/03InstLMB.png@f9941",
    "value": {
      "depends": [
        "8d02299e-2fc5-406e-bc54-3218179242e2@6c48a"
      ]
    },
    "versionCode": 0
  },
  "4d27d43e-fe8e-417c-bbd3-51d0f9e83890": {
    "url": "db://assets/Sprite/Comojugar.png",
    "value": {
      "depends": []
    },
    "versionCode": 0
  },
  "4d27d43e-fe8e-417c-bbd3-51d0f9e83890@6c48a": {
    "url": "db://assets/Sprite/Comojugar.png@6c48a",
    "value": {
      "depends": [
        "4d27d43e-fe8e-417c-bbd3-51d0f9e83890"
      ]
    },
    "versionCode": 0
  },
  "4d27d43e-fe8e-417c-bbd3-51d0f9e83890@f9941": {
    "url": "db://assets/Sprite/Comojugar.png@f9941",
    "value": {
      "depends": [
        "4d27d43e-fe8e-417c-bbd3-51d0f9e83890@6c48a"
      ]
    },
    "versionCode": 0
  },
  "75df8712-ebb6-4517-aa74-e7d3520c83cc": {
    "url": "db://assets/Sprite/02InstLMB.png",
    "value": {
      "depends": []
    },
    "versionCode": 0
  },
  "75df8712-ebb6-4517-aa74-e7d3520c83cc@6c48a": {
    "url": "db://assets/Sprite/02InstLMB.png@6c48a",
    "value": {
      "depends": [
        "75df8712-ebb6-4517-aa74-e7d3520c83cc"
      ]
    },
    "versionCode": 0
  },
  "75df8712-ebb6-4517-aa74-e7d3520c83cc@f9941": {
    "url": "db://assets/Sprite/02InstLMB.png@f9941",
    "value": {
      "depends": [
        "75df8712-ebb6-4517-aa74-e7d3520c83cc@6c48a"
      ]
    },
    "versionCode": 0
  },
  "0d701237-b7d9-47d9-874a-bb275572c559": {
    "url": "db://assets/Sprite/Maquina_ 1.png",
    "value": {
      "depends": []
    },
    "versionCode": 0
  },
  "0d701237-b7d9-47d9-874a-bb275572c559@6c48a": {
    "url": "db://assets/Sprite/Maquina_ 1.png@6c48a",
    "value": {
      "depends": [
        "0d701237-b7d9-47d9-874a-bb275572c559"
      ]
    },
    "versionCode": 0
  },
  "0d701237-b7d9-47d9-874a-bb275572c559@f9941": {
    "url": "db://assets/Sprite/Maquina_ 1.png@f9941",
    "value": {
      "depends": [
        "0d701237-b7d9-47d9-874a-bb275572c559@6c48a"
      ]
    },
    "versionCode": 0
  },
  "310417c1-7210-4cf9-825a-735c55660981": {
    "url": "db://assets/Sprite/01InstLMB.png",
    "value": {
      "depends": []
    },
    "versionCode": 0
  },
  "310417c1-7210-4cf9-825a-735c55660981@6c48a": {
    "url": "db://assets/Sprite/01InstLMB.png@6c48a",
    "value": {
      "depends": [
        "310417c1-7210-4cf9-825a-735c55660981"
      ]
    },
    "versionCode": 0
  },
  "310417c1-7210-4cf9-825a-735c55660981@f9941": {
    "url": "db://assets/Sprite/01InstLMB.png@f9941",
    "value": {
      "depends": [
        "310417c1-7210-4cf9-825a-735c55660981@6c48a"
      ]
    },
    "versionCode": 0
  },
  "62e6f4b1-9c9a-4a1f-acef-a98dacf4230d": {
    "url": "db://assets/Sprite/Salir",
    "value": {},
    "versionCode": 0
  },
  "59be6f57-ba3b-4cc8-aa7d-d98b3d7944e7": {
    "url": "db://assets/Sprite/Salir/Hover.png",
    "value": {
      "depends": []
    },
    "versionCode": 0
  },
  "47dddc55-46be-479d-8299-3f2f68591594": {
    "url": "db://assets/Sprite/Salir/Normal.png",
    "value": {
      "depends": []
    },
    "versionCode": 0
  },
  "c3fedcfe-fdae-4852-9562-3b7306a67413": {
    "url": "db://assets/Sprite/Salir/Press.png",
    "value": {
      "depends": []
    },
    "versionCode": 0
  },
  "47dddc55-46be-479d-8299-3f2f68591594@6c48a": {
    "url": "db://assets/Sprite/Salir/Normal.png@6c48a",
    "value": {
      "depends": [
        "47dddc55-46be-479d-8299-3f2f68591594"
      ]
    },
    "versionCode": 0
  },
  "c3fedcfe-fdae-4852-9562-3b7306a67413@6c48a": {
    "url": "db://assets/Sprite/Salir/Press.png@6c48a",
    "value": {
      "depends": [
        "c3fedcfe-fdae-4852-9562-3b7306a67413"
      ]
    },
    "versionCode": 0
  },
  "59be6f57-ba3b-4cc8-aa7d-d98b3d7944e7@6c48a": {
    "url": "db://assets/Sprite/Salir/Hover.png@6c48a",
    "value": {
      "depends": [
        "59be6f57-ba3b-4cc8-aa7d-d98b3d7944e7"
      ]
    },
    "versionCode": 0
  },
  "47dddc55-46be-479d-8299-3f2f68591594@f9941": {
    "url": "db://assets/Sprite/Salir/Normal.png@f9941",
    "value": {
      "depends": [
        "47dddc55-46be-479d-8299-3f2f68591594@6c48a"
      ]
    },
    "versionCode": 0
  },
  "6eeaa85f-296e-4e94-ba3b-ec1bd0278d72": {
    "url": "db://assets/Sprite/Jugar",
    "value": {},
    "versionCode": 0
  },
  "47366ee4-58be-46de-9675-ad305b52054a": {
    "url": "db://assets/Sprite/Jugar/Hover.png",
    "value": {
      "depends": []
    },
    "versionCode": 0
  },
  "c3fedcfe-fdae-4852-9562-3b7306a67413@f9941": {
    "url": "db://assets/Sprite/Salir/Press.png@f9941",
    "value": {
      "depends": [
        "c3fedcfe-fdae-4852-9562-3b7306a67413@6c48a"
      ]
    },
    "versionCode": 0
  },
  "d135cb85-fc2a-42d3-8a0e-b5444e350d21": {
    "url": "db://assets/Sprite/Jugar/Normal.png",
    "value": {
      "depends": []
    },
    "versionCode": 0
  },
  "59be6f57-ba3b-4cc8-aa7d-d98b3d7944e7@f9941": {
    "url": "db://assets/Sprite/Salir/Hover.png@f9941",
    "value": {
      "depends": [
        "59be6f57-ba3b-4cc8-aa7d-d98b3d7944e7@6c48a"
      ]
    },
    "versionCode": 0
  },
  "3a61b0ec-98d7-4f24-9593-cf8b656be33d": {
    "url": "db://assets/Sprite/Jugar/Press.png",
    "value": {
      "depends": []
    },
    "versionCode": 0
  },
  "47366ee4-58be-46de-9675-ad305b52054a@6c48a": {
    "url": "db://assets/Sprite/Jugar/Hover.png@6c48a",
    "value": {
      "depends": [
        "47366ee4-58be-46de-9675-ad305b52054a"
      ]
    },
    "versionCode": 0
  },
  "d135cb85-fc2a-42d3-8a0e-b5444e350d21@6c48a": {
    "url": "db://assets/Sprite/Jugar/Normal.png@6c48a",
    "value": {
      "depends": [
        "d135cb85-fc2a-42d3-8a0e-b5444e350d21"
      ]
    },
    "versionCode": 0
  },
  "47366ee4-58be-46de-9675-ad305b52054a@f9941": {
    "url": "db://assets/Sprite/Jugar/Hover.png@f9941",
    "value": {
      "depends": [
        "47366ee4-58be-46de-9675-ad305b52054a@6c48a"
      ]
    },
    "versionCode": 0
  },
  "14ba70da-5987-41ca-8985-e4a7298dfd2f": {
    "url": "db://assets/Sprite/Inicio",
    "value": {},
    "versionCode": 0
  },
  "1fa0afac-f580-471d-be18-11d0f1d75636": {
    "url": "db://assets/Sprite/Inicio/Hover.png",
    "value": {
      "depends": []
    },
    "versionCode": 0
  },
  "3a61b0ec-98d7-4f24-9593-cf8b656be33d@6c48a": {
    "url": "db://assets/Sprite/Jugar/Press.png@6c48a",
    "value": {
      "depends": [
        "3a61b0ec-98d7-4f24-9593-cf8b656be33d"
      ]
    },
    "versionCode": 0
  },
  "d135cb85-fc2a-42d3-8a0e-b5444e350d21@f9941": {
    "url": "db://assets/Sprite/Jugar/Normal.png@f9941",
    "value": {
      "depends": [
        "d135cb85-fc2a-42d3-8a0e-b5444e350d21@6c48a"
      ]
    },
    "versionCode": 0
  },
  "b89974b8-c003-4839-a943-4334da1c9ec9": {
    "url": "db://assets/Sprite/Inicio/Normal.png",
    "value": {
      "depends": []
    },
    "versionCode": 0
  },
  "3a61b0ec-98d7-4f24-9593-cf8b656be33d@f9941": {
    "url": "db://assets/Sprite/Jugar/Press.png@f9941",
    "value": {
      "depends": [
        "3a61b0ec-98d7-4f24-9593-cf8b656be33d@6c48a"
      ]
    },
    "versionCode": 0
  },
  "26f9a606-9e93-4f10-bee3-604e3e90acdd": {
    "url": "db://assets/Sprite/Inicio/Press.png",
    "value": {
      "depends": []
    },
    "versionCode": 0
  },
  "1fa0afac-f580-471d-be18-11d0f1d75636@6c48a": {
    "url": "db://assets/Sprite/Inicio/Hover.png@6c48a",
    "value": {
      "depends": [
        "1fa0afac-f580-471d-be18-11d0f1d75636"
      ]
    },
    "versionCode": 0
  },
  "b89974b8-c003-4839-a943-4334da1c9ec9@6c48a": {
    "url": "db://assets/Sprite/Inicio/Normal.png@6c48a",
    "value": {
      "depends": [
        "b89974b8-c003-4839-a943-4334da1c9ec9"
      ]
    },
    "versionCode": 0
  },
  "1fa0afac-f580-471d-be18-11d0f1d75636@f9941": {
    "url": "db://assets/Sprite/Inicio/Hover.png@f9941",
    "value": {
      "depends": [
        "1fa0afac-f580-471d-be18-11d0f1d75636@6c48a"
      ]
    },
    "versionCode": 0
  },
  "03f8a066-3906-4b21-9c8a-f99979493e0f": {
    "url": "db://assets/Sprite/Siguiente",
    "value": {},
    "versionCode": 0
  },
  "56ce9218-7943-4745-ba14-9c5d49a24119": {
    "url": "db://assets/Sprite/Siguiente/Hover.png",
    "value": {
      "depends": []
    },
    "versionCode": 0
  },
  "b89974b8-c003-4839-a943-4334da1c9ec9@f9941": {
    "url": "db://assets/Sprite/Inicio/Normal.png@f9941",
    "value": {
      "depends": [
        "b89974b8-c003-4839-a943-4334da1c9ec9@6c48a"
      ]
    },
    "versionCode": 0
  },
  "85cf201f-8839-4b29-b8f5-a36eab015280": {
    "url": "db://assets/Sprite/Siguiente/Normal.png",
    "value": {
      "depends": []
    },
    "versionCode": 0
  },
  "26f9a606-9e93-4f10-bee3-604e3e90acdd@6c48a": {
    "url": "db://assets/Sprite/Inicio/Press.png@6c48a",
    "value": {
      "depends": [
        "26f9a606-9e93-4f10-bee3-604e3e90acdd"
      ]
    },
    "versionCode": 0
  },
  "26f9a606-9e93-4f10-bee3-604e3e90acdd@f9941": {
    "url": "db://assets/Sprite/Inicio/Press.png@f9941",
    "value": {
      "depends": [
        "26f9a606-9e93-4f10-bee3-604e3e90acdd@6c48a"
      ]
    },
    "versionCode": 0
  },
  "7ebb7f7b-0829-4b4d-a2df-9d5721506e5e": {
    "url": "db://assets/Sprite/Siguiente/Press.png",
    "value": {
      "depends": []
    },
    "versionCode": 0
  },
  "56ce9218-7943-4745-ba14-9c5d49a24119@6c48a": {
    "url": "db://assets/Sprite/Siguiente/Hover.png@6c48a",
    "value": {
      "depends": [
        "56ce9218-7943-4745-ba14-9c5d49a24119"
      ]
    },
    "versionCode": 0
  },
  "85cf201f-8839-4b29-b8f5-a36eab015280@6c48a": {
    "url": "db://assets/Sprite/Siguiente/Normal.png@6c48a",
    "value": {
      "depends": [
        "85cf201f-8839-4b29-b8f5-a36eab015280"
      ]
    },
    "versionCode": 0
  },
  "56ce9218-7943-4745-ba14-9c5d49a24119@f9941": {
    "url": "db://assets/Sprite/Siguiente/Hover.png@f9941",
    "value": {
      "depends": [
        "56ce9218-7943-4745-ba14-9c5d49a24119@6c48a"
      ]
    },
    "versionCode": 0
  },
  "5883b731-7ab6-4dcc-aee9-959abd2df944": {
    "url": "db://assets/Sprite/Volver",
    "value": {},
    "versionCode": 0
  },
  "ef323ca1-e905-40f0-b7fe-36adde5b6f0b": {
    "url": "db://assets/Sprite/Volver/Hover.png",
    "value": {
      "depends": []
    },
    "versionCode": 0
  },
  "85cf201f-8839-4b29-b8f5-a36eab015280@f9941": {
    "url": "db://assets/Sprite/Siguiente/Normal.png@f9941",
    "value": {
      "depends": [
        "85cf201f-8839-4b29-b8f5-a36eab015280@6c48a"
      ]
    },
    "versionCode": 0
  },
  "4dde119c-3e66-429b-b144-7b60a7374a28": {
    "url": "db://assets/Sprite/Volver/Normal.png",
    "value": {
      "depends": []
    },
    "versionCode": 0
  },
  "7ebb7f7b-0829-4b4d-a2df-9d5721506e5e@6c48a": {
    "url": "db://assets/Sprite/Siguiente/Press.png@6c48a",
    "value": {
      "depends": [
        "7ebb7f7b-0829-4b4d-a2df-9d5721506e5e"
      ]
    },
    "versionCode": 0
  },
  "7ebb7f7b-0829-4b4d-a2df-9d5721506e5e@f9941": {
    "url": "db://assets/Sprite/Siguiente/Press.png@f9941",
    "value": {
      "depends": [
        "7ebb7f7b-0829-4b4d-a2df-9d5721506e5e@6c48a"
      ]
    },
    "versionCode": 0
  },
  "cde9aa9c-65c0-4877-bc80-0381cc822b6f": {
    "url": "db://assets/Sprite/Volver/Press.png",
    "value": {
      "depends": []
    },
    "versionCode": 0
  },
  "ef323ca1-e905-40f0-b7fe-36adde5b6f0b@6c48a": {
    "url": "db://assets/Sprite/Volver/Hover.png@6c48a",
    "value": {
      "depends": [
        "ef323ca1-e905-40f0-b7fe-36adde5b6f0b"
      ]
    },
    "versionCode": 0
  },
  "4dde119c-3e66-429b-b144-7b60a7374a28@6c48a": {
    "url": "db://assets/Sprite/Volver/Normal.png@6c48a",
    "value": {
      "depends": [
        "4dde119c-3e66-429b-b144-7b60a7374a28"
      ]
    },
    "versionCode": 0
  },
  "ef323ca1-e905-40f0-b7fe-36adde5b6f0b@f9941": {
    "url": "db://assets/Sprite/Volver/Hover.png@f9941",
    "value": {
      "depends": [
        "ef323ca1-e905-40f0-b7fe-36adde5b6f0b@6c48a"
      ]
    },
    "versionCode": 0
  },
  "4dde119c-3e66-429b-b144-7b60a7374a28@f9941": {
    "url": "db://assets/Sprite/Volver/Normal.png@f9941",
    "value": {
      "depends": [
        "4dde119c-3e66-429b-b144-7b60a7374a28@6c48a"
      ]
    },
    "versionCode": 0
  },
  "cde9aa9c-65c0-4877-bc80-0381cc822b6f@6c48a": {
    "url": "db://assets/Sprite/Volver/Press.png@6c48a",
    "value": {
      "depends": [
        "cde9aa9c-65c0-4877-bc80-0381cc822b6f"
      ]
    },
    "versionCode": 0
  },
  "cde9aa9c-65c0-4877-bc80-0381cc822b6f@f9941": {
    "url": "db://assets/Sprite/Volver/Press.png@f9941",
    "value": {
      "depends": [
        "cde9aa9c-65c0-4877-bc80-0381cc822b6f@6c48a"
      ]
    },
    "versionCode": 0
  },
  "0ee8f94b-ba2f-4b6a-990f-8c08b01d9110": {
    "url": "db://assets/Script/Instrucciones.ts",
    "value": {},
    "versionCode": 0
  },
  "d214d9bf-6136-4262-88fe-038be2e2c715": {
    "url": "db://assets/Sprite/next.png",
    "value": {
      "depends": []
    },
    "versionCode": 0
  },
  "d214d9bf-6136-4262-88fe-038be2e2c715@6c48a": {
    "url": "db://assets/Sprite/next.png@6c48a",
    "value": {
      "depends": [
        "d214d9bf-6136-4262-88fe-038be2e2c715"
      ]
    },
    "versionCode": 0
  },
  "d214d9bf-6136-4262-88fe-038be2e2c715@f9941": {
    "url": "db://assets/Sprite/next.png@f9941",
    "value": {
      "depends": [
        "d214d9bf-6136-4262-88fe-038be2e2c715@6c48a"
      ]
    },
    "versionCode": 0
  },
  "ece7af06-eaab-4def-bcff-532da680fb1c": {
    "url": "db://assets/Sprite/back.png",
    "value": {
      "depends": []
    },
    "versionCode": 0
  },
  "ece7af06-eaab-4def-bcff-532da680fb1c@6c48a": {
    "url": "db://assets/Sprite/back.png@6c48a",
    "value": {
      "depends": [
        "ece7af06-eaab-4def-bcff-532da680fb1c"
      ]
    },
    "versionCode": 0
  },
  "ece7af06-eaab-4def-bcff-532da680fb1c@f9941": {
    "url": "db://assets/Sprite/back.png@f9941",
    "value": {
      "depends": [
        "ece7af06-eaab-4def-bcff-532da680fb1c@6c48a"
      ]
    },
    "versionCode": 0
  },
  "74b8aba9-4aaf-4769-94ef-1466477ca102": {
    "url": "db://assets/Script/BateoController.ts",
    "value": {},
    "versionCode": 0
  },
  "8e52fd91-e7a3-497b-ae57-7fe5097144fe": {
    "url": "db://assets/Sprite/Pelota.png",
    "value": {
      "depends": []
    },
    "versionCode": 0
  },
  "8e52fd91-e7a3-497b-ae57-7fe5097144fe@6c48a": {
    "url": "db://assets/Sprite/Pelota.png@6c48a",
    "value": {
      "depends": [
        "8e52fd91-e7a3-497b-ae57-7fe5097144fe"
      ]
    },
    "versionCode": 0
  },
  "8e52fd91-e7a3-497b-ae57-7fe5097144fe@f9941": {
    "url": "db://assets/Sprite/Pelota.png@f9941",
    "value": {
      "depends": [
        "8e52fd91-e7a3-497b-ae57-7fe5097144fe@6c48a"
      ]
    },
    "versionCode": 0
  },
  "b50c1fc6-4287-48fe-976a-48ab46c2aa98": {
    "url": "db://assets/Prefab/Ball.prefab",
    "value": {
      "depends": [
        "8e52fd91-e7a3-497b-ae57-7fe5097144fe@f9941"
      ],
      "dependScripts": [
        "b4ed1b0d-f5d5-4967-866c-a8c12c82ee6e"
      ]
    },
    "versionCode": 0
  },
  "b4ed1b0d-f5d5-4967-866c-a8c12c82ee6e": {
    "url": "db://assets/Script/ObjetoController.ts",
    "value": {},
    "versionCode": 0
  },
  "d15b47e8-5e32-4c08-9dc7-5c9ee53249f0": {
    "url": "db://assets/Prefab/gorra.prefab",
    "value": {
      "depends": [
        "76caab5c-bf5b-4909-a5c1-0722c9047525@f9941"
      ],
      "dependScripts": [
        "b4ed1b0d-f5d5-4967-866c-a8c12c82ee6e"
      ]
    },
    "versionCode": 0
  },
  "3debe70c-fa3d-4f41-b9a5-8a96e0fb5a8f": {
    "url": "db://assets/Prefab/playera.prefab",
    "value": {
      "depends": [
        "516beed9-26ac-43d3-9c98-e8f3fb650d50@f9941"
      ],
      "dependScripts": [
        "b4ed1b0d-f5d5-4967-866c-a8c12c82ee6e"
      ]
    },
    "versionCode": 0
  },
  "3d77063e-101d-40a2-9057-3aa69a64197f": {
    "url": "db://assets/Prefab/zapato.prefab",
    "value": {
      "depends": [
        "967f1619-b291-484d-b105-8f29f47af5de@f9941"
      ],
      "dependScripts": [
        "b4ed1b0d-f5d5-4967-866c-a8c12c82ee6e"
      ]
    },
    "versionCode": 0
  },
  "80b353ac-ddf2-4e7d-aeb7-3e6341aeebc0": {
    "url": "db://assets/Prefab/trofeo.prefab",
    "value": {
      "depends": [
        "947e04e9-6481-4ede-8149-f8f145b9f007@f9941"
      ],
      "dependScripts": [
        "b4ed1b0d-f5d5-4967-866c-a8c12c82ee6e"
      ]
    },
    "versionCode": 0
  },
  "9d4b574f-4858-4000-98c8-9b07a943bdd0": {
    "url": "db://assets/Prefab/termo.prefab",
    "value": {
      "depends": [
        "d2b7ee91-a1ef-41f1-a6c4-3a86d120ebf5@f9941"
      ],
      "dependScripts": [
        "b4ed1b0d-f5d5-4967-866c-a8c12c82ee6e"
      ]
    },
    "versionCode": 0
  },
  "c4e595a0-e13e-4ad3-b20b-1de8a5f8d405": {
    "url": "db://assets/Prefab/silbato.prefab",
    "value": {
      "depends": [
        "31dbda69-ea63-4ab7-ac8f-944c3d7d86cb@f9941"
      ],
      "dependScripts": [
        "b4ed1b0d-f5d5-4967-866c-a8c12c82ee6e"
      ]
    },
    "versionCode": 0
  },
  "31dbda69-ea63-4ab7-ac8f-944c3d7d86cb": {
    "url": "db://assets/Sprite/Silbato.png",
    "value": {
      "depends": []
    },
    "versionCode": 0
  },
  "31dbda69-ea63-4ab7-ac8f-944c3d7d86cb@6c48a": {
    "url": "db://assets/Sprite/Silbato.png@6c48a",
    "value": {
      "depends": [
        "31dbda69-ea63-4ab7-ac8f-944c3d7d86cb"
      ]
    },
    "versionCode": 0
  },
  "31dbda69-ea63-4ab7-ac8f-944c3d7d86cb@f9941": {
    "url": "db://assets/Sprite/Silbato.png@f9941",
    "value": {
      "depends": [
        "31dbda69-ea63-4ab7-ac8f-944c3d7d86cb@6c48a"
      ]
    },
    "versionCode": 0
  },
  "76caab5c-bf5b-4909-a5c1-0722c9047525": {
    "url": "db://assets/Sprite/Gorra.png",
    "value": {
      "depends": []
    },
    "versionCode": 0
  },
  "76caab5c-bf5b-4909-a5c1-0722c9047525@6c48a": {
    "url": "db://assets/Sprite/Gorra.png@6c48a",
    "value": {
      "depends": [
        "76caab5c-bf5b-4909-a5c1-0722c9047525"
      ]
    },
    "versionCode": 0
  },
  "76caab5c-bf5b-4909-a5c1-0722c9047525@f9941": {
    "url": "db://assets/Sprite/Gorra.png@f9941",
    "value": {
      "depends": [
        "76caab5c-bf5b-4909-a5c1-0722c9047525@6c48a"
      ]
    },
    "versionCode": 0
  },
  "967f1619-b291-484d-b105-8f29f47af5de": {
    "url": "db://assets/Sprite/Tenis.png",
    "value": {
      "depends": []
    },
    "versionCode": 0
  },
  "967f1619-b291-484d-b105-8f29f47af5de@6c48a": {
    "url": "db://assets/Sprite/Tenis.png@6c48a",
    "value": {
      "depends": [
        "967f1619-b291-484d-b105-8f29f47af5de"
      ]
    },
    "versionCode": 0
  },
  "967f1619-b291-484d-b105-8f29f47af5de@f9941": {
    "url": "db://assets/Sprite/Tenis.png@f9941",
    "value": {
      "depends": [
        "967f1619-b291-484d-b105-8f29f47af5de@6c48a"
      ]
    },
    "versionCode": 0
  },
  "516beed9-26ac-43d3-9c98-e8f3fb650d50": {
    "url": "db://assets/Sprite/Jersey.png",
    "value": {
      "depends": []
    },
    "versionCode": 0
  },
  "516beed9-26ac-43d3-9c98-e8f3fb650d50@6c48a": {
    "url": "db://assets/Sprite/Jersey.png@6c48a",
    "value": {
      "depends": [
        "516beed9-26ac-43d3-9c98-e8f3fb650d50"
      ]
    },
    "versionCode": 0
  },
  "516beed9-26ac-43d3-9c98-e8f3fb650d50@f9941": {
    "url": "db://assets/Sprite/Jersey.png@f9941",
    "value": {
      "depends": [
        "516beed9-26ac-43d3-9c98-e8f3fb650d50@6c48a"
      ]
    },
    "versionCode": 0
  },
  "25813984-a2bd-422b-bc60-f86a58178079": {
    "url": "db://assets/Sprite/Guante.png",
    "value": {
      "depends": []
    },
    "versionCode": 0
  },
  "25813984-a2bd-422b-bc60-f86a58178079@6c48a": {
    "url": "db://assets/Sprite/Guante.png@6c48a",
    "value": {
      "depends": [
        "25813984-a2bd-422b-bc60-f86a58178079"
      ]
    },
    "versionCode": 0
  },
  "25813984-a2bd-422b-bc60-f86a58178079@f9941": {
    "url": "db://assets/Sprite/Guante.png@f9941",
    "value": {
      "depends": [
        "25813984-a2bd-422b-bc60-f86a58178079@6c48a"
      ]
    },
    "versionCode": 0
  },
  "d2b7ee91-a1ef-41f1-a6c4-3a86d120ebf5": {
    "url": "db://assets/Sprite/Termo.png",
    "value": {
      "depends": []
    },
    "versionCode": 0
  },
  "d2b7ee91-a1ef-41f1-a6c4-3a86d120ebf5@6c48a": {
    "url": "db://assets/Sprite/Termo.png@6c48a",
    "value": {
      "depends": [
        "d2b7ee91-a1ef-41f1-a6c4-3a86d120ebf5"
      ]
    },
    "versionCode": 0
  },
  "d2b7ee91-a1ef-41f1-a6c4-3a86d120ebf5@f9941": {
    "url": "db://assets/Sprite/Termo.png@f9941",
    "value": {
      "depends": [
        "d2b7ee91-a1ef-41f1-a6c4-3a86d120ebf5@6c48a"
      ]
    },
    "versionCode": 0
  },
  "947e04e9-6481-4ede-8149-f8f145b9f007": {
    "url": "db://assets/Sprite/Trofeo.png",
    "value": {
      "depends": []
    },
    "versionCode": 0
  },
  "947e04e9-6481-4ede-8149-f8f145b9f007@6c48a": {
    "url": "db://assets/Sprite/Trofeo.png@6c48a",
    "value": {
      "depends": [
        "947e04e9-6481-4ede-8149-f8f145b9f007"
      ]
    },
    "versionCode": 0
  },
  "947e04e9-6481-4ede-8149-f8f145b9f007@f9941": {
    "url": "db://assets/Sprite/Trofeo.png@f9941",
    "value": {
      "depends": [
        "947e04e9-6481-4ede-8149-f8f145b9f007@6c48a"
      ]
    },
    "versionCode": 0
  },
  "6c1d46fb-00f4-4e69-961a-dfc709273210": {
    "url": "db://assets/Sprite/PortadaBaseballParty-Venados.png",
    "value": {
      "depends": []
    },
    "versionCode": 0
  },
  "6c1d46fb-00f4-4e69-961a-dfc709273210@6c48a": {
    "url": "db://assets/Sprite/PortadaBaseballParty-Venados.png@6c48a",
    "value": {
      "depends": [
        "6c1d46fb-00f4-4e69-961a-dfc709273210"
      ]
    },
    "versionCode": 0
  },
  "6c1d46fb-00f4-4e69-961a-dfc709273210@f9941": {
    "url": "db://assets/Sprite/PortadaBaseballParty-Venados.png@f9941",
    "value": {
      "depends": [
        "6c1d46fb-00f4-4e69-961a-dfc709273210@6c48a"
      ]
    },
    "versionCode": 0
  },
  "b422744e-d4b9-4226-9009-31d5f9d3425f": {
    "url": "db://assets/Sprite/GameOver.png",
    "value": {
      "depends": []
    },
    "versionCode": 0
  },
  "b422744e-d4b9-4226-9009-31d5f9d3425f@6c48a": {
    "url": "db://assets/Sprite/GameOver.png@6c48a",
    "value": {
      "depends": [
        "b422744e-d4b9-4226-9009-31d5f9d3425f"
      ]
    },
    "versionCode": 0
  },
  "b422744e-d4b9-4226-9009-31d5f9d3425f@f9941": {
    "url": "db://assets/Sprite/GameOver.png@f9941",
    "value": {
      "depends": [
        "b422744e-d4b9-4226-9009-31d5f9d3425f@6c48a"
      ]
    },
    "versionCode": 0
  },
  "cf0f30c4-1860-41f3-9bb0-4b110e1154e9": {
    "url": "db://assets/Fonts",
    "value": {},
    "versionCode": 0
  },
  "f3c7f5d8-1728-4db5-bcc4-e81f6c14ba66": {
    "url": "db://assets/Fonts/BlackHanSans-Regular.ttf",
    "value": {
      "depends": []
    },
    "versionCode": 0
  },
  "f56b0d75-07b3-4a2d-bb4f-8e06479c4fd8": {
    "url": "db://assets/Sprite/bg_inst.png",
    "value": {
      "depends": []
    },
    "versionCode": 0
  },
  "f56b0d75-07b3-4a2d-bb4f-8e06479c4fd8@6c48a": {
    "url": "db://assets/Sprite/bg_inst.png@6c48a",
    "value": {
      "depends": [
        "f56b0d75-07b3-4a2d-bb4f-8e06479c4fd8"
      ]
    },
    "versionCode": 0
  },
  "f56b0d75-07b3-4a2d-bb4f-8e06479c4fd8@f9941": {
    "url": "db://assets/Sprite/bg_inst.png@f9941",
    "value": {
      "depends": [
        "f56b0d75-07b3-4a2d-bb4f-8e06479c4fd8@6c48a"
      ]
    },
    "versionCode": 0
  },
  "0abb3a78-46d4-4ee6-8aed-c47d780ae0de": {
    "url": "db://assets/Animations",
    "value": {},
    "versionCode": 0
  },
  "9a6f3138-9e51-4767-8c36-400277e4df2a": {
    "url": "db://assets/Animations/Diablos.anim",
    "value": {
      "depends": []
    },
    "versionCode": 0
  },
  "3c2b28b7-a3db-4c56-9431-242b5bcdcd29": {
    "url": "db://assets/Sprite/FanVenados_Blanco.png",
    "value": {
      "depends": []
    },
    "versionCode": 0
  },
  "3c2b28b7-a3db-4c56-9431-242b5bcdcd29@6c48a": {
    "url": "db://assets/Sprite/FanVenados_Blanco.png@6c48a",
    "value": {
      "depends": [
        "3c2b28b7-a3db-4c56-9431-242b5bcdcd29"
      ]
    },
    "versionCode": 0
  },
  "3c2b28b7-a3db-4c56-9431-242b5bcdcd29@f9941": {
    "url": "db://assets/Sprite/FanVenados_Blanco.png@f9941",
    "value": {
      "depends": [
        "3c2b28b7-a3db-4c56-9431-242b5bcdcd29@6c48a"
      ]
    },
    "versionCode": 0
  }
}
