[1,["2bL168IQRNibZijSlRgjRx@6c48a","618grOZUZNE65R3cbMqrmB@6c48a","a3sifA1clDoowBMl7rc0um@6c48a"],["_textureSource"],["cc.SpriteFrame"],0,[[[{"name":"Monedas_lateral","rect":{"x":0,"y":0,"width":9,"height":43},"offset":{"x":0,"y":0},"originalSize":{"width":9,"height":43},"rotated":false,"capInsets":[0,0,0,0],"vertices":{"rawPosition":[-4.5,-21.5,0,4.5,-21.5,0,-4.5,21.5,0,4.5,21.5,0],"indexes":[0,1,2,2,1,3],"uv":[0,43,9,43,0,0,9,0],"nuv":[0,0,1,0,0,1,1,1],"minPos":{"x":-4.5,"y":-21.5,"z":0},"maxPos":{"x":4.5,"y":21.5,"z":0}},"packable":true,"pixelsToUnit":100,"pivot":{"x":0.5,"y":0.5},"meshType":0}],[0],0,[0],[0],[0]],[[{"name":"Monedas_frente","rect":{"x":0,"y":0,"width":43,"height":43},"offset":{"x":0,"y":0},"originalSize":{"width":43,"height":43},"rotated":false,"capInsets":[0,0,0,0],"vertices":{"rawPosition":[-21.5,-21.5,0,21.5,-21.5,0,-21.5,21.5,0,21.5,21.5,0],"indexes":[0,1,2,2,1,3],"uv":[0,43,43,43,0,0,43,0],"nuv":[0,0,1,0,0,1,1,1],"minPos":{"x":-21.5,"y":-21.5,"z":0},"maxPos":{"x":21.5,"y":21.5,"z":0}},"packable":true,"pixelsToUnit":100,"pivot":{"x":0.5,"y":0.5},"meshType":0}],[0],0,[0],[0],[1]],[[{"name":"Monedas_atras","rect":{"x":0,"y":0,"width":43,"height":43},"offset":{"x":0,"y":0},"originalSize":{"width":43,"height":43},"rotated":false,"capInsets":[0,0,0,0],"vertices":{"rawPosition":[-21.5,-21.5,0,21.5,-21.5,0,-21.5,21.5,0,21.5,21.5,0],"indexes":[0,1,2,2,1,3],"uv":[0,43,43,43,0,0,43,0],"nuv":[0,0,1,0,0,1,1,1],"minPos":{"x":-21.5,"y":-21.5,"z":0},"maxPos":{"x":21.5,"y":21.5,"z":0}},"packable":true,"pixelsToUnit":100,"pivot":{"x":0.5,"y":0.5},"meshType":0}],[0],0,[0],[0],[2]]]]
