[1,["bcOgakRi5I0YfGqZ8MVnS2@f9941","c2FHdrJnlPUILikHNom+JU@f9941","caSmwDEihJiaV6Ye5O6T/l@f9941","82ALZidi1B7ruxD40SZPs3@f9941","dfU+xmhjVDJbaDzV6KsvK/@f9941","daiJJpvWBDvIGRAaccq/mj@f9941","dbmVZmFkRPmJ/e9Fcdxe3G@f9941","bf5iyPVmxBO7GLzjmiZ9w1@f9941","7dmLEhFCFEILqwJtI5u8lA@f9941","de1r3fCJpE4I6noxL5gB8u@f9941","82ALZidi1B7ruxD40SZPs3@6c48a","caSmwDEihJiaV6Ye5O6T/l@6c48a","de1r3fCJpE4I6noxL5gB8u@6c48a","dfU+xmhjVDJbaDzV6KsvK/@6c48a"],["node","_spriteFrame","_textureSource","_parent","_cameraComponent","mobile","PC","scene","_normalSprite","_hoverSprite","_pressedSprite"],[["cc.Node",["_name","_layer","_id","_active","_components","_parent","_children","_lpos"],-1,9,1,2,5],"cc.SpriteFrame",["cc.UITransform",["node","_contentSize"],3,1,5],["cc.Sprite",["_sizeMode","node","_spriteFrame"],2,1,6],["cc.Button",["_transition","node","clickEvents","_normalSprite","_hoverSprite","_pressedSprite"],2,1,9,6,6,6],["cc.SceneAsset",["_name"],2],["cc.Node",["_name","_parent","_components","_lpos"],2,1,2,5],["cc.Canvas",["node","_cameraComponent"],3,1,1],["cc.Widget",["_alignFlags","_top","_bottom","node"],0,1],["f10e4d48NlI86cau3vPmsso",["name2","node"],2,1],["6459eOYFxNHi4NgDy4HcUWb",["botonnext","node","PC","mobile","lista","botones"],2,1,1,1,2,2],["cc.ClickEvent",["_componentId","handler","target"],1,1],["cc.Scene",["_name","_children","_globals"],2,2,4],["cc.SceneGlobals",["ambient","shadows","_skybox","fog","octree","skin","lightProbeInfo","postSettings"],3,4,4,4,4,4,4,4,4],["cc.AmbientInfo",["_skyColorHDR","_groundAlbedoHDR"],3,5,5],["cc.ShadowsInfo",["_shadowColor","_size"],3,5,5],["cc.SkyboxInfo",[],3],["cc.FogInfo",[],3],["cc.OctreeInfo",[],3],["cc.SkinInfo",["_enabled"],2],["cc.LightProbeInfo",[],3],["cc.PostSettingsInfo",[],3],["cc.Camera",["_projection","_orthoHeight","_near","_visibility","node","_color"],-1,1,5]],[[2,0,1,1],[0,0,3,1,5,4,7,4],[3,1,2,1],[3,0,1,2,2],[11,0,1,2,3],[0,0,1,5,4,3],[2,0,1],[4,1,2,1],[5,0,2],[0,0,1,6,4,3],[0,0,1,2,6,4,7,4],[0,0,1,5,4,7,3],[0,0,1,5,6,4,3],[6,0,1,2,3,2],[7,0,1,1],[8,0,1,2,3,4],[9,0,1,2],[10,0,1,2,3,4,5,2],[4,0,1,2,3,4,5,2],[12,0,1,2,2],[13,0,1,2,3,4,5,6,7,1],[14,0,1,1],[15,0,1,1],[16,1],[17,1],[18,1],[19,0,2],[20,1],[21,1],[22,0,1,2,3,4,5,5]],[[[[8,"Instrucciones"],[9,"Fondo",33554432,[-3,-4,-5,-6,-7,-8],[[0,-1,[5,640,960]],[3,2,-2,10]]],[10,"Canvas",33554432,"beI88Z2HpFELqR4T5EMHpg",[-13,-14,1,-15],[[0,-9,[5,640,960]],[14,-11,-10],[15,45,5.684341886080802e-14,5.684341886080802e-14,-12]],[1,320,480.00000000000006,0]],[5,"ManagerCambio",33554432,2,[[6,-16],[16,"Skins",-17],[17,true,-23,-22,-21,[-20],[-18,-19]]]],[1,"BotonDer",false,33554432,1,[[0,-24,[5,35,48]],[3,0,-25,5],[7,-26,[[4,"6459eOYFxNHi4NgDy4HcUWb","next",3]]]],[1,221,70,0]],[1,"BotonIzq",false,33554432,1,[[0,-27,[5,35,48]],[3,0,-28,6],[7,-29,[[4,"6459eOYFxNHi4NgDy4HcUWb","back",3]]]],[1,-221,70,0]],[11,"Boton",33554432,1,[[0,-30,[5,431,167]],[2,-31,1],[18,2,-32,[[4,"f10e4d48NlI86cau3vPmsso","cambio",3]],7,8,9]],[1,3,-268.143,0]],[1,"PC",false,33554432,1,[[0,-33,[5,380,391]],[2,-34,2]],[1,0,70,0]],[1,"Mobile",false,33554432,1,[[0,-35,[5,380,391]],[2,-36,3]],[1,0,70,0]],[1,"inst02",false,33554432,1,[[0,-37,[5,380,391]],[2,-38,4]],[1,0,70,0]],[12,"paredes",33554432,2,[-40],[[6,-39]]],[5,"limite01",33554432,10,[[0,-41,[5,1418,1092]],[2,-42,0]]],[19,"Instrucciones",[2],[20,[21,[2,0,0,0,0.520833125],[2,0,0,0,0]],[22,[4,4283190348],[0,512,512]],[23],[24],[25],[26,false],[27],[28]]],[13,"Camera",2,[-43],[1,0,0,1000]],[29,0,480,0,1108344832,13,[4,4278190080]]],0,[0,0,1,0,0,1,0,-1,6,0,-2,5,0,-3,4,0,-4,7,0,-5,8,0,-6,9,0,0,2,0,4,14,0,0,2,0,0,2,0,-1,10,0,-2,13,0,-4,3,0,0,3,0,0,3,0,-1,4,0,-2,5,0,-1,9,0,5,8,0,6,7,0,0,3,0,0,4,0,0,4,0,0,4,0,0,5,0,0,5,0,0,5,0,0,6,0,0,6,0,0,6,0,0,7,0,0,7,0,0,8,0,0,8,0,0,9,0,0,9,0,0,10,0,-1,11,0,0,11,0,0,11,0,-1,14,0,7,12,1,3,2,2,3,12,43],[0,0,0,0,0,0,0,0,0,0,0],[1,1,1,1,1,1,1,8,9,10,1],[1,0,2,3,4,5,6,0,7,8,9]],[[{"name":"ins01-2","rect":{"x":0,"y":0,"width":380,"height":391},"offset":{"x":0,"y":0},"originalSize":{"width":380,"height":391},"rotated":false,"capInsets":[0,0,0,0],"vertices":{"rawPosition":[-190,-195.5,0,190,-195.5,0,-190,195.5,0,190,195.5,0],"indexes":[0,1,2,2,1,3],"uv":[0,391,380,391,0,0,380,0],"nuv":[0,0,1,0,0,1,1,1],"minPos":{"x":-190,"y":-195.5,"z":0},"maxPos":{"x":190,"y":195.5,"z":0}},"packable":true,"pixelsToUnit":100,"pivot":{"x":0.5,"y":0.5},"meshType":0}],[1],0,[0],[2],[10]],[[{"name":"ins01","rect":{"x":0,"y":0,"width":380,"height":391},"offset":{"x":0,"y":0},"originalSize":{"width":380,"height":391},"rotated":false,"capInsets":[0,0,0,0],"vertices":{"rawPosition":[-190,-195.5,0,190,-195.5,0,-190,195.5,0,190,195.5,0],"indexes":[0,1,2,2,1,3],"uv":[0,391,380,391,0,0,380,0],"nuv":[0,0,1,0,0,1,1,1],"minPos":{"x":-190,"y":-195.5,"z":0},"maxPos":{"x":190,"y":195.5,"z":0}},"packable":true,"pixelsToUnit":100,"pivot":{"x":0.5,"y":0.5},"meshType":0}],[1],0,[0],[2],[11]],[[{"name":"Fondo_inst","rect":{"x":0,"y":0,"width":640,"height":960},"offset":{"x":0,"y":0},"originalSize":{"width":640,"height":960},"rotated":false,"capInsets":[0,0,0,0],"vertices":{"rawPosition":[-320,-480,0,320,-480,0,-320,480,0,320,480,0],"indexes":[0,1,2,2,1,3],"uv":[0,960,640,960,0,0,640,0],"nuv":[0,0,1,0,0,1,1,1],"minPos":{"x":-320,"y":-480,"z":0},"maxPos":{"x":320,"y":480,"z":0}},"packable":true,"pixelsToUnit":100,"pivot":{"x":0.5,"y":0.5},"meshType":0}],[1],0,[0],[2],[12]],[[{"name":"ins02","rect":{"x":0,"y":0,"width":380,"height":391},"offset":{"x":0,"y":0},"originalSize":{"width":380,"height":391},"rotated":false,"capInsets":[0,0,0,0],"vertices":{"rawPosition":[-190,-195.5,0,190,-195.5,0,-190,195.5,0,190,195.5,0],"indexes":[0,1,2,2,1,3],"uv":[0,391,380,391,0,0,380,0],"nuv":[0,0,1,0,0,1,1,1],"minPos":{"x":-190,"y":-195.5,"z":0},"maxPos":{"x":190,"y":195.5,"z":0}},"packable":true,"pixelsToUnit":100,"pivot":{"x":0.5,"y":0.5},"meshType":0}],[1],0,[0],[2],[13]]]]
