{
  "__type__": "cc.Material",
  "_name": "MORADA",
  "_objFlags": 0,
  "__editorExtras__": {},
  "_native": "",
  "_effectAsset": {
    "__uuid__": "f648964e-8d32-41fc-9ac9-7a1e714dd17b",
    "__expectedType__": "cc.EffectAsset"
  },
  "_techIdx": 0,
  "_defines": [
    {
      "DCC_APP_NAME": 2,
      "HAS_EXPORTED_METALLIC": true
    }
  ],
  "_states": [
    {
      "rasterizerState": {},
      "blendState": {
        "targets": [
          {}
        ]
      },
      "depthStencilState": {}
    }
  ],
  "_props": [
    {
      "mainColor": {
        "__type__": "cc.Color",
        "r": 18,
        "g": 84,
        "b": 48,
        "a": 255
      },
      "shininessExponent": 25,
      "emissiveScale": 0,
      "emissive": {
        "__type__": "cc.Color",
        "r": 255,
        "g": 255,
        "b": 255,
        "a": 255
      },
      "metallic": 0,
      "specularFactor": 0.25,
      "transparencyFactor": 0
    }
  ]
}