{
  "__version__": "1.3.7",
  "log": {
    "level": 4
  },
  "common": {
    "polyfills": {
      "asyncFunctions": true
    },
    "outputName": "Baseball-Party",
    "mainBundleCompressionType": "merge_all_json",
    "buildPath": "project://build",
    "platform": "web-mobile"
  },
  "BuildTaskManager": {
    "taskMap": {
      "1760147788157": {
        "type": "build",
        "id": "1760147788157",
        "progress": 1,
        "state": "success",
        "stage": "build",
        "message": "16-10-2025 18:34:19 build success in 10 s!",
        "options": {
          "name": "Baseball-Party",
          "server": "",
          "platform": "web-mobile",
          "buildPath": "project://build",
          "debug": false,
          "md5Cache": false,
          "skipCompressTexture": false,
          "sourceMaps": false,
          "polyfills": {
            "asyncFunctions": true
          },
          "experimentalEraseModules": false,
          "startSceneAssetBundle": false,
          "bundleConfigs": [],
          "useBuiltinServer": false,
          "mainBundleIsRemote": false,
          "mainBundleCompressionType": "merge_all_json",
          "useSplashScreen": true,
          "bundleCommonChunk": false,
          "packAutoAtlas": true,
          "startScene": "2eb6ca70-ebd9-4b3c-b07c-4dfc37ea7df3",
          "outputName": "Baseball-Party",
          "taskName": "web-mobile",
          "scenes": [
            {
              "url": "db://assets/Scene/Inicio.scene",
              "uuid": "2eb6ca70-ebd9-4b3c-b07c-4dfc37ea7df3"
            },
            {
              "url": "db://assets/Scene/Instrucciones.scene",
              "uuid": "6baae58b-b067-47ce-a5b9-83e59d13b0ac"
            },
            {
              "url": "db://assets/Scene/Juego.scene",
              "uuid": "31792dc7-10cd-4e37-8e25-b48f9f56bd89"
            }
          ],
          "packages": {},
          "__version__": "1.3.7",
          "buildMode": "normal",
          "logDest": "project://temp/builder/log/web-mobile10-10-2025 20-56.log"
        },
        "time": "16-10-2025 18:34:09",
        "dirty": false
      }
    }
  }
}
