{
  "gizmos-infos": {
    "is2D": true,
    "is3DIcon": false,
    "iconSize": 2,
    "gridVisible": true,
    "gridColor": [
      166,
      166,
      166,
      255
    ],
    "transformToolName": "position",
    "pivot": "pivot",
    "coordinate": "local",
    "toolsVisibility3d": true
  },
  "__version__": "1.0.0",
  "builder": {
    "taskOptionsMap": {},
    "__version__": "1.3.7"
  },
  "snap-configs": {
    "position": {
      "x": 1,
      "y": 1,
      "z": 1
    },
    "rotation": 1,
    "scale": 1,
    "isPositionSnapEnabled": false,
    "isRotationSnapEnabled": false,
    "isScaleSnapEnabled": false
  },
  "rect-snap-configs": {
    "enableSnapping": true,
    "snapThreshold": 4
  },
  "camera-infos": {
    "b50c1fc6-4287-48fe-976a-48ab46c2aa98": {
      "position": {
        "x": 219.0260029717682,
        "y": 380.5,
        "z": 5000
      },
      "rotation": {
        "x": 0,
        "y": 0,
        "z": 0,
        "w": 1
      },
      "viewCenter": {
        "x": 0,
        "y": 0,
        "z": 0
      },
      "contentRect": {
        "x": -279.9479940564636,
        "y": 49,
        "width": 40,
        "height": 40
      },
      "scale": 1
    },
    "d15b47e8-5e32-4c08-9dc7-5c9ee53249f0": {
      "position": {
        "x": 54.02600297176821,
        "y": 293.5,
        "z": 5000
      },
      "rotation": {
        "x": 0,
        "y": 0,
        "z": 0,
        "w": 1
      },
      "viewCenter": {
        "x": 0,
        "y": 0,
        "z": 0
      },
      "contentRect": {
        "x": 34.02600297176821,
        "y": 273.5,
        "width": 40,
        "height": 40
      },
      "scale": 1
    },
    "3debe70c-fa3d-4f41-b9a5-8a96e0fb5a8f": {
      "position": {
        "x": 320,
        "y": 480,
        "z": 5000
      },
      "rotation": {
        "x": 0,
        "y": 0,
        "z": 0,
        "w": 1
      },
      "viewCenter": {
        "x": 0,
        "y": 0,
        "z": 0
      },
      "contentRect": {
        "x": 300,
        "y": 460,
        "width": 40,
        "height": 40
      },
      "scale": 1
    },
    "c4e595a0-e13e-4ad3-b20b-1de8a5f8d405": {
      "position": {
        "x": 387.1200910151599,
        "y": 521.4375799632089,
        "z": 5000
      },
      "rotation": {
        "x": 0,
        "y": 0,
        "z": 0,
        "w": 1
      },
      "viewCenter": {
        "x": 0,
        "y": 0,
        "z": 0
      },
      "contentRect": {
        "x": 363.5002377865693,
        "y": 497.8177267346183,
        "width": 40,
        "height": 40
      },
      "scale": 0.8467453123625256
    },
    "80b353ac-ddf2-4e7d-aeb7-3e6341aeebc0": {
      "position": {
        "x": -158.9739970282318,
        "y": 168.5,
        "z": 5000
      },
      "rotation": {
        "x": 0,
        "y": 0,
        "z": 0,
        "w": 1
      },
      "viewCenter": {
        "x": 0,
        "y": 0,
        "z": 0
      },
      "contentRect": {
        "x": -178.9739970282318,
        "y": 148.5,
        "width": 40,
        "height": 40
      },
      "scale": 1
    },
    "9d4b574f-4858-4000-98c8-9b07a943bdd0": {
      "position": {
        "x": 332.6797407466279,
        "y": 492.27355429183217,
        "z": 5000
      },
      "rotation": {
        "x": 0,
        "y": 0,
        "z": 0,
        "w": 1
      },
      "viewCenter": {
        "x": 0,
        "y": 0,
        "z": 0
      },
      "contentRect": {
        "x": 322.39860248006715,
        "y": 481.99241602527144,
        "width": 40,
        "height": 40
      },
      "scale": 1.9453098948245662
    },
    "3d77063e-101d-40a2-9057-3aa69a64197f": {
      "position": {
        "x": 200.7636591445077,
        "y": 492.154030858193,
        "z": 5000
      },
      "rotation": {
        "x": 0,
        "y": 0,
        "z": 0,
        "w": 1
      },
      "viewCenter": {
        "x": 0,
        "y": 0,
        "z": 0
      },
      "contentRect": {
        "x": 180.7636591445076,
        "y": 472.15403085819287,
        "width": 40,
        "height": 40
      },
      "scale": 0.9999999999999958
    },
    "c77ecaa8-c936-46c4-a5b0-98692673ed87": {
      "position": {
        "x": 254.83666666666667,
        "y": 383.69666666666666,
        "z": 5000
      },
      "rotation": {
        "x": 0,
        "y": 0,
        "z": 0,
        "w": 1
      },
      "viewCenter": {
        "x": 0,
        "y": 0,
        "z": 0
      },
      "contentRect": {
        "x": 0,
        "y": 0,
        "width": 406,
        "height": 609
      },
      "scale": 0.9759615384615384
    },
    "2eb6ca70-ebd9-4b3c-b07c-4dfc37ea7df3": {
      "position": {
        "x": 1470.6916905347557,
        "y": 523.7532906756359,
        "z": 5000
      },
      "rotation": {
        "x": 0,
        "y": 0,
        "z": 0,
        "w": 1
      },
      "viewCenter": {
        "x": 0,
        "y": 0,
        "z": 0
      },
      "contentRect": {
        "x": 1371.9591445907936,
        "y": 425.02074473167363,
        "width": 996.962852897474,
        "height": 663
      },
      "scale": 0.5064186233825938
    },
    "6baae58b-b067-47ce-a5b9-83e59d13b0ac": {
      "position": {
        "x": 422.1963237826949,
        "y": 464.1002400311301,
        "z": 5000
      },
      "rotation": {
        "x": 0,
        "y": 0,
        "z": 0,
        "w": 1
      },
      "viewCenter": {
        "x": 0,
        "y": 0,
        "z": 0
      },
      "contentRect": {
        "x": -562.1304829985381,
        "y": -190.49653957733793,
        "width": 996.962852897474,
        "height": 663
      },
      "scale": 0.5064186233825945
    },
    "31792dc7-10cd-4e37-8e25-b48f9f56bd89": {
      "position": {
        "x": 318.5,
        "y": 336,
        "z": 5000
      },
      "rotation": {
        "x": 0,
        "y": 0,
        "z": 0,
        "w": 1
      },
      "viewCenter": {
        "x": 0,
        "y": 0,
        "z": 0
      },
      "contentRect": {
        "x": 267.70255183413076,
        "y": 285.2025518341308,
        "width": 627,
        "height": 661.4505494505495
      },
      "scale": 0.9843014128728415
    }
  },
  "camera-uuids": [
    "b50c1fc6-4287-48fe-976a-48ab46c2aa98",
    "d15b47e8-5e32-4c08-9dc7-5c9ee53249f0",
    "3debe70c-fa3d-4f41-b9a5-8a96e0fb5a8f",
    "c4e595a0-e13e-4ad3-b20b-1de8a5f8d405",
    "80b353ac-ddf2-4e7d-aeb7-3e6341aeebc0",
    "9d4b574f-4858-4000-98c8-9b07a943bdd0",
    "3d77063e-101d-40a2-9057-3aa69a64197f",
    "c77ecaa8-c936-46c4-a5b0-98692673ed87",
    "2eb6ca70-ebd9-4b3c-b07c-4dfc37ea7df3",
    "6baae58b-b067-47ce-a5b9-83e59d13b0ac",
    "31792dc7-10cd-4e37-8e25-b48f9f56bd89"
  ],
  "camera": {
    "color": [
      48,
      48,
      48,
      255
    ],
    "fov": 45,
    "far": 10000,
    "near": 0.01,
    "wheelSpeed": 0.01,
    "wanderSpeed": 10,
    "enableAcceleration": true,
    "size": "__default_design__",
    "far2D": 10000,
    "near2D": 1,
    "wheelSpeed2D": 6,
    "iso": 0,
    "aperture": 19,
    "shutter": 7
  },
  "scene_view": {
    "isSceneLightOn": true,
    "output_device": "__default_design__"
  },
  "game-view": {
    "scaleValue": 65,
    "sliderValue": 31
  },
  "float-window": {
    "position": {
      "cc": {
        "Camera": {
          "dock": false,
          "top": null,
          "bottom": 10,
          "left": null,
          "right": 10
        }
      }
    }
  }
}
