{
  "__type__": "cc.SpriteFrame",
  "content": {
    "name": "Inicio_Btn",
    "atlas": "",
    "rect": {
      "x": 0,
      "y": 0,
      "width": 329,
      "height": 122
    },
    "offset": {
      "x": 0,
      "y": 4.5
    },
    "originalSize": {
      "width": 329,
      "height": 131
    },
    "rotated": false,
    "capInsets": [
      0,
      0,
      0,
      0
    ],
    "vertices": {
      "rawPosition": [
        -164.5,
        -61,
        0,
        164.5,
        -61,
        0,
        -164.5,
        61,
        0,
        164.5,
        61,
        0
      ],
      "indexes": [
        0,
        1,
        2,
        2,
        1,
        3
      ],
      "uv": [
        0,
        131,
        329,
        131,
        0,
        9,
        329,
        9
      ],
      "nuv": [
        0,
        0.06870229007633588,
        1,
        0.06870229007633588,
        0,
        1,
        1,
        1
      ],
      "minPos": {
        "x": -164.5,
        "y": -61,
        "z": 0
      },
      "maxPos": {
        "x": 164.5,
        "y": 61,
        "z": 0
      }
    },
    "texture": "0a5926ec-e9dc-49ef-8cc8-f2f64568690b@6c48a",
    "packable": true,
    "pixelsToUnit": 100,
    "pivot": {
      "x": 0.5,
      "y": 0.5
    },
    "meshType": 0
  }
}