{
  "__type__": "cc.SpriteFrame",
  "content": {
    "name": "plataforma-centro-Pared",
    "atlas": "",
    "rect": {
      "x": 0,
      "y": 0,
      "width": 82,
      "height": 83
    },
    "offset": {
      "x": 0,
      "y": 0
    },
    "originalSize": {
      "width": 82,
      "height": 83
    },
    "rotated": false,
    "capInsets": [
      0,
      0,
      0,
      0
    ],
    "vertices": {
      "rawPosition": [
        -41,
        -41.5,
        0,
        41,
        -41.5,
        0,
        -41,
        41.5,
        0,
        41,
        41.5,
        0
      ],
      "indexes": [
        0,
        1,
        2,
        2,
        1,
        3
      ],
      "uv": [
        0,
        83,
        82,
        83,
        0,
        0,
        82,
        0
      ],
      "nuv": [
        0,
        0,
        1,
        0,
        0,
        1,
        1,
        1
      ],
      "minPos": {
        "x": -41,
        "y": -41.5,
        "z": 0
      },
      "maxPos": {
        "x": 41,
        "y": 41.5,
        "z": 0
      }
    },
    "texture": "d203d04a-af4c-4de3-a326-629b9cf3ccd9@6c48a",
    "packable": true,
    "pixelsToUnit": 100,
    "pivot": {
      "x": 0.5,
      "y": 0.5
    },
    "meshType": 0
  }
}