[
  {
    "__type__": "cc.AnimationClip",
    "_name": "glow",
    "_objFlags": 0,
    "__editorExtras__": {
      "embeddedPlayerGroups": []
    },
    "_native": "",
    "sample": 60,
    "speed": 1,
    "wrapMode": 1,
    "enableTrsBlending": false,
    "_duration": 1.0166666666666666,
    "_hash": 500763545,
    "_tracks": [
      {
        "__id__": 1
      }
    ],
    "_exoticAnimation": null,
    "_events": [],
    "_embeddedPlayers": [],
    "_additiveSettings": {
      "__id__": 6
    },
    "_auxiliaryCurveEntries": []
  },
  {
    "__type__": "cc.animation.ObjectTrack",
    "_binding": {
      "__type__": "cc.animation.TrackBinding",
      "path": {
        "__id__": 2
      },
      "proxy": null
    },
    "_channel": {
      "__id__": 4
    }
  },
  {
    "__type__": "cc.animation.TrackPath",
    "_paths": [
      {
        "__id__": 3
      },
      "spriteFrame"
    ]
  },
  {
    "__type__": "cc.animation.ComponentPath",
    "component": "cc.Sprite"
  },
  {
    "__type__": "cc.animation.Channel",
    "_curve": {
      "__id__": 5
    }
  },
  {
    "__type__": "cc.ObjectCurve",
    "_times": [
      0,
      0.05,
      0.08333333333333333,
      0.8333333333333334,
      1
    ],
    "_values": [
      {
        "__uuid__": "b68d0f90-cd47-4aa7-9006-a75605e15e6a@f9941",
        "__expectedType__": "cc.SpriteFrame"
      },
      {
        "__uuid__": "8b94c1d6-1146-4f9b-9574-8e19873385a5@f9941",
        "__expectedType__": "cc.SpriteFrame"
      },
      {
        "__uuid__": "893fc430-7e75-4254-9eb6-f5929bc1c35b@f9941",
        "__expectedType__": "cc.SpriteFrame"
      },
      {
        "__uuid__": "b68d0f90-cd47-4aa7-9006-a75605e15e6a@f9941",
        "__expectedType__": "cc.SpriteFrame"
      },
      {
        "__uuid__": "893fc430-7e75-4254-9eb6-f5929bc1c35b@f9941",
        "__expectedType__": "cc.SpriteFrame"
      }
    ]
  },
  {
    "__type__": "cc.AnimationClipAdditiveSettings",
    "enabled": false,
    "refClip": null
  }
]