[1,["2fzd71dOdP5L+CRo/iPVGv@f9941","05ZY6vIbJDS78vAyeOQsao@6c48a","b0D7z9SwJN8aYnf/ApyG+H@f9941","a4PU0K48VLuJGSZ0zXQG9+@f9941","05ZY6vIbJDS78vAyeOQsao@f9941","97rJFyZBNH/IHlhzmjEoHo@f9941","efdGetzlBFkpvsOR3h0Vxi@f9941","b4oc4e/wZB1o7j7Igx+/Zg@f9941","9fsq+GGPBH3ZU3Mj0yP2+6@f9941","95EkngnxZFbYuFpsqVTaFr@f9941","39nxP+O85IeqzisoQPqpEp@f9941","d0MqyYBeFAkIi762QNy1/B@b47c0","6fAc9/gb9Kfr1dCvwZaWSA@b47c0","2fzd71dOdP5L+CRo/iPVGv@6c48a","39nxP+O85IeqzisoQPqpEp@6c48a","95EkngnxZFbYuFpsqVTaFr@6c48a","97rJFyZBNH/IHlhzmjEoHo@6c48a","9fsq+GGPBH3ZU3Mj0yP2+6@6c48a","a4PU0K48VLuJGSZ0zXQG9+@6c48a","b0D7z9SwJN8aYnf/ApyG+H@6c48a","b4oc4e/wZB1o7j7Igx+/Zg@6c48a","efdGetzlBFkpvsOR3h0Vxi@6c48a"],["node","_textureSource","_spriteFrame","_parent","_cameraComponent","mobile","PC","scene","_normalSprite","_hoverSprite","_pressedSprite","_disabledSprite","_envmapHDR","_envmapLDR"],["cc.ImageAsset","cc.SpriteFrame",["cc.Node",["_name","_layer","_id","_active","_components","_parent","_lpos","_children","_lrot","_euler"],-1,9,1,5,2,5,5],["cc.Sprite",["_sizeMode","_type","node","_spriteFrame"],1,1,6],"cc.TextureCube",["cc.UITransform",["node","_contentSize"],3,1,5],["cc.Button",["_transition","node","clickEvents","_normalColor","_normalSprite","_hoverSprite","_pressedSprite","_disabledSprite"],2,1,9,5,6,6,6,6],["cc.Camera",["_clearFlags","_visibility","_projection","_priority","_orthoHeight","_far","node","_color"],-3,1,5],["cc.SceneAsset",["_name"],2],["cc.Node",["_name","_parent","_components","_lpos"],2,1,2,5],["cc.Canvas",["node","_cameraComponent"],3,1,1],["cc.Widget",["_alignFlags","node"],2,1],["4501edBdu9HSqbI7cjw+Zot",["node","PC","mobile","lista","botones"],3,1,1,1,2,2],["a48baiLPJZH0ZuTOXOehLF3",["name2","node"],2,1],["cc.ClickEvent",["_componentId","handler","target"],1,1],["cc.Scene",["_name","_children","_globals"],2,2,4],["cc.SceneGlobals",["ambient","shadows","_skybox","fog","octree","skin","lightProbeInfo","postSettings"],3,4,4,4,4,4,4,4,4],["cc.AmbientInfo",["_skyIllumLDR","_skyColorHDR","_skyColorLDR","_groundAlbedoLDR"],2,5,5,5],["cc.ShadowsInfo",["_shadowColor"],3,5],["cc.SkyboxInfo",["_enabled","_envmapHDR","_envmapLDR"],2,6,6],["cc.FogInfo",[],3],["cc.OctreeInfo",[],3],["cc.SkinInfo",[],3],["cc.LightProbeInfo",[],3],["cc.PostSettingsInfo",[],3],["cc.DirectionalLight",["node","_color","_staticSettings"],3,1,5,4],["cc.StaticLightSettings",[],3]],[[5,0,1,1],[2,0,1,5,4,6,3],[3,2,3,1],[14,0,1,2,3],[6,1,2,1],[8,0,2],[2,0,1,7,4,3],[2,0,1,2,7,4,6,4],[2,0,1,5,4,3],[2,0,3,1,5,4,6,4],[2,0,2,5,4,8,9,3],[2,0,2,5,4,6,8,9,3],[9,0,1,2,3,2],[5,0,1],[3,0,2,3,2],[3,1,0,2,3,3],[10,0,1,1],[11,0,1,2],[12,0,1,2,3,4,1],[13,0,1,2],[6,0,1,2,3,4,5,6,7,2],[15,0,1,2,2],[16,0,1,2,3,4,5,6,7,1],[17,0,1,2,3,2],[18,0,1],[19,0,1,2,2],[20,1],[21,1],[22,1],[23,1],[24,1],[25,0,1,2,1],[26,1],[7,0,1,6,3],[7,2,3,4,5,0,1,6,7,7]],[[[{"name":"Ins02","rect":{"x":0,"y":0,"width":380,"height":391},"offset":{"x":0,"y":0},"originalSize":{"width":380,"height":391},"rotated":false,"capInsets":[0,0,0,0],"vertices":{"rawPosition":[-190,-195.5,0,190,-195.5,0,-190,195.5,0,190,195.5,0],"indexes":[0,1,2,2,1,3],"uv":[0,391,380,391,0,0,380,0],"nuv":[0,0,1,0,0,1,1,1],"minPos":{"x":-190,"y":-195.5,"z":0},"maxPos":{"x":190,"y":195.5,"z":0}},"packable":true,"pixelsToUnit":100,"pivot":{"x":0.5,"y":0.5},"meshType":0}],[1],0,[0],[1],[1]],[[[5,"Instrucciones"],[6,"InstruccionesPC",33554432,[-3,-4,-5,-6,-7,-8],[[0,-1,[5,640,960]],[14,2,-2,10]]],[7,"Canvas",33554432,"91Q+cbVQ9CaLFLUeNZ9I2C",[-13,1,-14],[[0,-9,[5,640,959.9999999999999]],[16,-11,-10],[17,45,-12]],[1,320,479.99999999999994,0]],[8,"Manager",33554432,2,[[13,-15],[18,-21,-20,-19,[-18],[-16,-17]],[19,"Juego",-22]]],[1,"Btn_der",33554432,1,[[0,-23,[5,36,50]],[2,-24,4],[4,-25,[[3,"4501edBdu9HSqbI7cjw+Zot","next",3]]]],[1,225,100,0]],[1,"Btn_izq",33554432,1,[[0,-26,[5,36,50]],[2,-27,5],[4,-28,[[3,"4501edBdu9HSqbI7cjw+Zot","back",3]]]],[1,-225,100,0]],[21,"Instrucciones",[-29,-30,2],[22,[23,0.8,[2,0.2,0.5,0.8,0.520833125],[2,0.452588,0.607642,0.755699,0],[2,0.618555,0.577848,0.544564,0]],[24,[4,4283190348]],[25,true,11,12],[26],[27],[28],[29],[30]]],[1,"siguiente",33554432,1,[[0,-31,[5,431,167]],[15,1,2,-32,0],[20,2,-33,[[3,"a48baiLPJZH0ZuTOXOehLF3","cambio",3]],[4,4292269782],6,7,8,9]],[1,0,-250,0]],[1,"INSPC",33554432,1,[[0,-34,[5,380,391]],[2,-35,1]],[1,0,100,0]],[1,"INSCEL",33554432,1,[[0,-36,[5,380,391]],[2,-37,2]],[1,0,100,0]],[9,"INS02",false,33554432,1,[[0,-38,[5,380,391]],[2,-39,3]],[1,0,100,0]],[10,"Main Light","c0y6F5f+pAvI805TdmxIjx",6,[[31,-40,[4,4293982975],[32]]],[3,-0.06397656665577071,-0.44608233363525845,-0.8239028751062036,-0.3436591377065261],[1,-117.894,-194.909,38.562]],[11,"Main Camera","c9DMICJLFO5IeO07EPon7U",6,[[33,14,1822425087,-41]],[1,-10,10,10],[3,-0.27781593346944056,-0.36497167621709875,-0.11507512748638377,0.8811195706053617],[1,-35,-45,0]],[12,"Camera",2,[-42],[1,0,0,1000]],[34,0,1073741824,479.99999999999994,2000,6,41943040,13,[4,4278190080]]],0,[0,0,1,0,0,1,0,-1,7,0,-2,9,0,-3,8,0,-4,10,0,-5,5,0,-6,4,0,0,2,0,4,14,0,0,2,0,0,2,0,-1,13,0,-3,3,0,0,3,0,-1,4,0,-2,5,0,-1,10,0,5,9,0,6,8,0,0,3,0,0,3,0,0,4,0,0,4,0,0,4,0,0,5,0,0,5,0,0,5,0,-1,11,0,-2,12,0,0,7,0,0,7,0,0,7,0,0,8,0,0,8,0,0,9,0,0,9,0,0,10,0,0,10,0,0,11,0,0,12,0,-1,14,0,7,6,1,3,2,2,3,6,42],[0,0,0,0,0,0,0,0,0,0,0,0,0],[2,2,2,2,2,2,8,9,10,11,2,12,13],[0,2,3,4,5,6,0,7,8,9,10,11,12]],[[{"name":"siguiente","rect":{"x":0,"y":0,"width":431,"height":167},"offset":{"x":0,"y":0},"originalSize":{"width":431,"height":167},"rotated":false,"capInsets":[0,0,0,0],"vertices":{"rawPosition":[-215.5,-83.5,0,215.5,-83.5,0,-215.5,83.5,0,215.5,83.5,0],"indexes":[0,1,2,2,1,3],"uv":[0,167,431,167,0,0,431,0],"nuv":[0,0,1,0,0,1,1,1],"minPos":{"x":-215.5,"y":-83.5,"z":0},"maxPos":{"x":215.5,"y":83.5,"z":0}},"packable":true,"pixelsToUnit":100,"pivot":{"x":0.5,"y":0.5},"meshType":0}],[1],0,[0],[1],[13]],[[{"name":"FondoIns","rect":{"x":0,"y":0,"width":640,"height":960},"offset":{"x":0,"y":0},"originalSize":{"width":640,"height":960},"rotated":false,"capInsets":[0,0,0,0],"vertices":{"rawPosition":[-320,-480,0,320,-480,0,-320,480,0,320,480,0],"indexes":[0,1,2,2,1,3],"uv":[0,960,640,960,0,0,640,0],"nuv":[0,0,1,0,0,1,1,1],"minPos":{"x":-320,"y":-480,"z":0},"maxPos":{"x":320,"y":480,"z":0}},"packable":true,"pixelsToUnit":100,"pivot":{"x":0.5,"y":0.5},"meshType":0}],[1],0,[0],[1],[14]],[[{"base":"2,2,0,0,2,0","rgbe":false,"mipmaps":[{"front":"6fAc9/gb9Kfr1dCvwZaWSA@b47c0@e9a6d","back":"6fAc9/gb9Kfr1dCvwZaWSA@b47c0@40c10","left":"6fAc9/gb9Kfr1dCvwZaWSA@b47c0@8fd34","right":"6fAc9/gb9Kfr1dCvwZaWSA@b47c0@74afd","top":"6fAc9/gb9Kfr1dCvwZaWSA@b47c0@bb97f","bottom":"6fAc9/gb9Kfr1dCvwZaWSA@b47c0@7d38f"}]}],[4],0,[],[],[]],[[{"fmt":"0","w":0,"h":0},-1],[0],0,[],[],[]],[[{"fmt":"0","w":0,"h":0},-1],[0],0,[],[],[]],[[{"fmt":"0","w":0,"h":0},-1],[0],0,[],[],[]],[[{"fmt":"0","w":0,"h":0},-1],[0],0,[],[],[]],[[{"fmt":"0","w":0,"h":0},-1],[0],0,[],[],[]],[[{"fmt":"0","w":0,"h":0},-1],[0],0,[],[],[]],[[{"name":"default_btn_disabled","rect":{"x":0,"y":0,"width":40,"height":40},"offset":{"x":0,"y":0},"originalSize":{"width":40,"height":40},"rotated":false,"capInsets":[12,12,12,12],"vertices":{"rawPosition":[-20,-20,0,20,-20,0,-20,20,0,20,20,0],"indexes":[0,1,2,2,1,3],"uv":[0,40,40,40,0,0,40,0],"nuv":[0,0,1,0,0,1,1,1],"minPos":{"x":-20,"y":-20,"z":0},"maxPos":{"x":20,"y":20,"z":0}},"packable":true,"pixelsToUnit":100,"pivot":{"x":0.5,"y":0.5},"meshType":0}],[1],0,[0],[1],[15]],[[{"name":"next","rect":{"x":13,"y":11,"width":36,"height":50},"offset":{"x":4.5,"y":0},"originalSize":{"width":53,"height":72},"rotated":false,"capInsets":[0,0,0,0],"vertices":{"rawPosition":[-18,-25,0,18,-25,0,-18,25,0,18,25,0],"indexes":[0,1,2,2,1,3],"uv":[13,61,49,61,13,11,49,11],"nuv":[0.24528301886792453,0.1527777777777778,0.9245283018867925,0.1527777777777778,0.24528301886792453,0.8472222222222222,0.9245283018867925,0.8472222222222222],"minPos":{"x":-18,"y":-25,"z":0},"maxPos":{"x":18,"y":25,"z":0}},"packable":true,"pixelsToUnit":100,"pivot":{"x":0.5,"y":0.5},"meshType":0}],[1],0,[0],[1],[16]],[[{"name":"siguienteP","rect":{"x":0,"y":0,"width":431,"height":156},"offset":{"x":0,"y":5.5},"originalSize":{"width":431,"height":167},"rotated":false,"capInsets":[0,0,0,0],"vertices":{"rawPosition":[-215.5,-78,0,215.5,-78,0,-215.5,78,0,215.5,78,0],"indexes":[0,1,2,2,1,3],"uv":[0,167,431,167,0,11,431,11],"nuv":[0,0.0658682634730539,1,0.0658682634730539,0,1,1,1],"minPos":{"x":-215.5,"y":-78,"z":0},"maxPos":{"x":215.5,"y":78,"z":0}},"packable":true,"pixelsToUnit":100,"pivot":{"x":0.5,"y":0.5},"meshType":0}],[1],0,[0],[1],[17]],[[{"name":"InsCel","rect":{"x":0,"y":0,"width":380,"height":391},"offset":{"x":0,"y":0},"originalSize":{"width":380,"height":391},"rotated":false,"capInsets":[0,0,0,0],"vertices":{"rawPosition":[-190,-195.5,0,190,-195.5,0,-190,195.5,0,190,195.5,0],"indexes":[0,1,2,2,1,3],"uv":[0,391,380,391,0,0,380,0],"nuv":[0,0,1,0,0,1,1,1],"minPos":{"x":-190,"y":-195.5,"z":0},"maxPos":{"x":190,"y":195.5,"z":0}},"packable":true,"pixelsToUnit":100,"pivot":{"x":0.5,"y":0.5},"meshType":0}],[1],0,[0],[1],[18]],[[{"name":"InsPC","rect":{"x":0,"y":0,"width":380,"height":391},"offset":{"x":0,"y":0},"originalSize":{"width":380,"height":391},"rotated":false,"capInsets":[0,0,0,0],"vertices":{"rawPosition":[-190,-195.5,0,190,-195.5,0,-190,195.5,0,190,195.5,0],"indexes":[0,1,2,2,1,3],"uv":[0,391,380,391,0,0,380,0],"nuv":[0,0,1,0,0,1,1,1],"minPos":{"x":-190,"y":-195.5,"z":0},"maxPos":{"x":190,"y":195.5,"z":0}},"packable":true,"pixelsToUnit":100,"pivot":{"x":0.5,"y":0.5},"meshType":0}],[1],0,[0],[1],[19]],[[{"name":"siguienteH","rect":{"x":0,"y":0,"width":431,"height":156},"offset":{"x":0,"y":5.5},"originalSize":{"width":431,"height":167},"rotated":false,"capInsets":[0,0,0,0],"vertices":{"rawPosition":[-215.5,-78,0,215.5,-78,0,-215.5,78,0,215.5,78,0],"indexes":[0,1,2,2,1,3],"uv":[0,167,431,167,0,11,431,11],"nuv":[0,0.0658682634730539,1,0.0658682634730539,0,1,1,1],"minPos":{"x":-215.5,"y":-78,"z":0},"maxPos":{"x":215.5,"y":78,"z":0}},"packable":true,"pixelsToUnit":100,"pivot":{"x":0.5,"y":0.5},"meshType":0}],[1],0,[0],[1],[20]],[[{"base":"2,2,0,0,2,0","rgbe":true,"mipmaps":[{"front":"d0MqyYBeFAkIi762QNy1/B@b47c0@e9a6d","back":"d0MqyYBeFAkIi762QNy1/B@b47c0@40c10","left":"d0MqyYBeFAkIi762QNy1/B@b47c0@8fd34","right":"d0MqyYBeFAkIi762QNy1/B@b47c0@74afd","top":"d0MqyYBeFAkIi762QNy1/B@b47c0@bb97f","bottom":"d0MqyYBeFAkIi762QNy1/B@b47c0@7d38f"}]}],[4],0,[],[],[]],[[{"fmt":"0","w":0,"h":0},-1],[0],0,[],[],[]],[[{"fmt":"0","w":0,"h":0},-1],[0],0,[],[],[]],[[{"fmt":"0","w":0,"h":0},-1],[0],0,[],[],[]],[[{"fmt":"0","w":0,"h":0},-1],[0],0,[],[],[]],[[{"fmt":"0","w":0,"h":0},-1],[0],0,[],[],[]],[[{"fmt":"0","w":0,"h":0},-1],[0],0,[],[],[]],[[{"name":"back","rect":{"x":4,"y":11,"width":36,"height":50},"offset":{"x":-4.5,"y":0},"originalSize":{"width":53,"height":72},"rotated":false,"capInsets":[0,0,0,0],"vertices":{"rawPosition":[-18,-25,0,18,-25,0,-18,25,0,18,25,0],"indexes":[0,1,2,2,1,3],"uv":[4,61,40,61,4,11,40,11],"nuv":[0.07547169811320754,0.1527777777777778,0.7547169811320755,0.1527777777777778,0.07547169811320754,0.8472222222222222,0.7547169811320755,0.8472222222222222],"minPos":{"x":-18,"y":-25,"z":0},"maxPos":{"x":18,"y":25,"z":0}},"packable":true,"pixelsToUnit":100,"pivot":{"x":0.5,"y":0.5},"meshType":0}],[1],0,[0],[1],[21]]]]
