{
  "__type__": "cc.SpriteFrame",
  "content": {
    "name": "bateador_sin bat",
    "atlas": "",
    "rect": {
      "x": 22,
      "y": 0,
      "width": 178,
      "height": 449
    },
    "offset": {
      "x": -14.5,
      "y": 0
    },
    "originalSize": {
      "width": 251,
      "height": 449
    },
    "rotated": false,
    "capInsets": [
      0,
      0,
      0,
      0
    ],
    "vertices": {
      "rawPosition": [
        -89,
        -224.5,
        0,
        89,
        -224.5,
        0,
        -89,
        224.5,
        0,
        89,
        224.5,
        0
      ],
      "indexes": [
        0,
        1,
        2,
        2,
        1,
        3
      ],
      "uv": [
        22,
        449,
        200,
        449,
        22,
        0,
        200,
        0
      ],
      "nuv": [
        0.08764940239043825,
        0,
        0.796812749003984,
        0,
        0.08764940239043825,
        1,
        0.796812749003984,
        1
      ],
      "minPos": {
        "x": -89,
        "y": -224.5,
        "z": 0
      },
      "maxPos": {
        "x": 89,
        "y": 224.5,
        "z": 0
      }
    },
    "texture": "e3a6c631-6677-466d-ab33-0423f53e29f0@6c48a",
    "packable": true,
    "pixelsToUnit": 100,
    "pivot": {
      "x": 0.5,
      "y": 0.5
    },
    "meshType": 0
  }
}