{
  "__type__": "cc.SpriteFrame",
  "content": {
    "name": "fondo",
    "atlas": "",
    "rect": {
      "x": 0,
      "y": 10,
      "width": 3000,
      "height": 440
    },
    "offset": {
      "x": 0,
      "y": 3.5
    },
    "originalSize": {
      "width": 3000,
      "height": 467
    },
    "rotated": false,
    "capInsets": [
      0,
      0,
      0,
      0
    ],
    "vertices": {
      "rawPosition": [
        -1500,
        -220,
        0,
        1500,
        -220,
        0,
        -1500,
        220,
        0,
        1500,
        220,
        0
      ],
      "indexes": [
        0,
        1,
        2,
        2,
        1,
        3
      ],
      "uv": [
        0,
        457,
        3000,
        457,
        0,
        17,
        3000,
        17
      ],
      "nuv": [
        0,
        0.03640256959314775,
        1,
        0.03640256959314775,
        0,
        0.9785867237687366,
        1,
        0.9785867237687366
      ],
      "minPos": {
        "x": -1500,
        "y": -220,
        "z": 0
      },
      "maxPos": {
        "x": 1500,
        "y": 220,
        "z": 0
      }
    },
    "texture": "0d6ec2b3-c74e-4f5d-886f-87fdb3d20f1f@6c48a",
    "packable": true,
    "pixelsToUnit": 100,
    "pivot": {
      "x": 0.5,
      "y": 0.5
    },
    "meshType": 0
  }
}