{
  "__type__": "cc.SpriteFrame",
  "content": {
    "name": "VenadosLoyalty",
    "atlas": "",
    "rect": {
      "x": 63,
      "y": 46,
      "width": 2236,
      "height": 353
    },
    "offset": {
      "x": -0.5,
      "y": 0
    },
    "originalSize": {
      "width": 2363,
      "height": 445
    },
    "rotated": false,
    "capInsets": [
      0,
      0,
      0,
      0
    ],
    "vertices": {
      "rawPosition": [
        -1118,
        -176.5,
        0,
        1118,
        -176.5,
        0,
        -1118,
        176.5,
        0,
        1118,
        176.5,
        0
      ],
      "indexes": [
        0,
        1,
        2,
        2,
        1,
        3
      ],
      "uv": [
        63,
        399,
        2299,
        399,
        63,
        46,
        2299,
        46
      ],
      "nuv": [
        0.026661024121878967,
        0.10337078651685393,
        0.9729157850190436,
        0.10337078651685393,
        0.026661024121878967,
        0.8966292134831461,
        0.9729157850190436,
        0.8966292134831461
      ],
      "minPos": {
        "x": -1118,
        "y": -176.5,
        "z": 0
      },
      "maxPos": {
        "x": 1118,
        "y": 176.5,
        "z": 0
      }
    },
    "texture": "9154e2c5-25c9-4609-8c33-e162d0a2d324@6c48a",
    "packable": true,
    "pixelsToUnit": 100,
    "pivot": {
      "x": 0.5,
      "y": 0.5
    },
    "meshType": 0
  }
}