{
  "imports": {
    "cce:/internal/x/cc": "./chunks/93/93ba276ea7b26ffcdc433fab14afc1ed6f05647b.js",
    "cce:/internal/x/prerequisite-imports": "./chunks/6d/6d8fd2b0177941b032ddc0733af48a561fb60657.js",
    "file:///C:/ProgramData/cocos/editors/Creator/3.8.2/resources/resources/3d/engine/editor/assets/tools/debug-view-runtime-control.ts": "./chunks/dd/dd8ffe4b66ab421921fe26a7524871e3101b074e.js",
    "file:///E:/Venados/Baseball-Party/assets/Script/BateoController.ts": "./chunks/bf/bfc65e481eff7d6b23263028e1e24313b6724dee.js",
    "file:///E:/Venados/Baseball-Party/assets/Script/ButtonMessage.ts": "./chunks/91/91c7fd6f6ef5ff04dda6967779ee5556625adc82.js",
    "file:///E:/Venados/Baseball-Party/assets/Script/CambioEscena.ts": "./chunks/a0/a00e7fc9f2bc8fe4fe4ae2c049688c89a65eae7d.js",
    "file:///E:/Venados/Baseball-Party/assets/Script/Instrucciones.ts": "./chunks/45/4565373269f2fb1fe3e6aa64311ccb2c0478c305.js",
    "file:///E:/Venados/Baseball-Party/assets/Script/ManagerLabel.ts": "./chunks/d2/d20f0702e7f571f9cfe4f51b12ea348cabf9592d.js",
    "file:///E:/Venados/Baseball-Party/assets/Script/ObjetoController.ts": "./chunks/cc/cce07fc4297025e118bf34526e6b8ea460a2632c.js",
    "file:///E:/Venados/Baseball-Party/assets/Script/Score.ts": "./chunks/bb/bb3a65fc5a3ff80313b67ef05afb9f81bbe3a478.js"
  },
  "scopes": {
    "./chunks/93/93ba276ea7b26ffcdc433fab14afc1ed6f05647b.js": {
      "__unresolved_0": "cce:/internal/x/cc-fu/base",
      "__unresolved_1": "cce:/internal/x/cc-fu/gfx-webgl",
      "__unresolved_10": "cce:/internal/x/cc-fu/particle",
      "__unresolved_11": "cce:/internal/x/cc-fu/particle-2d",
      "__unresolved_12": "cce:/internal/x/cc-fu/physics-framework",
      "__unresolved_13": "cce:/internal/x/cc-fu/physics-2d-framework",
      "__unresolved_14": "cce:/internal/x/cc-fu/physics-2d-box2d-wasm",
      "__unresolved_15": "cce:/internal/x/cc-fu/intersection-2d",
      "__unresolved_16": "cce:/internal/x/cc-fu/primitive",
      "__unresolved_17": "cce:/internal/x/cc-fu/profiler",
      "__unresolved_18": "cce:/internal/x/cc-fu/geometry-renderer",
      "__unresolved_19": "cce:/internal/x/cc-fu/audio",
      "__unresolved_2": "cce:/internal/x/cc-fu/gfx-webgl2",
      "__unresolved_20": "cce:/internal/x/cc-fu/video",
      "__unresolved_21": "cce:/internal/x/cc-fu/xr",
      "__unresolved_22": "cce:/internal/x/cc-fu/light-probe",
      "__unresolved_23": "cce:/internal/x/cc-fu/terrain",
      "__unresolved_24": "cce:/internal/x/cc-fu/webview",
      "__unresolved_25": "cce:/internal/x/cc-fu/tween",
      "__unresolved_26": "cce:/internal/x/cc-fu/tiled-map",
      "__unresolved_27": "cce:/internal/x/cc-fu/spine",
      "__unresolved_28": "cce:/internal/x/cc-fu/dragon-bones",
      "__unresolved_29": "cce:/internal/x/cc-fu/custom-pipeline",
      "__unresolved_3": "cce:/internal/x/cc-fu/gfx-empty",
      "__unresolved_4": "cce:/internal/x/cc-fu/3d",
      "__unresolved_5": "cce:/internal/x/cc-fu/animation",
      "__unresolved_6": "cce:/internal/x/cc-fu/skeletal-animation",
      "__unresolved_7": "cce:/internal/x/cc-fu/2d",
      "__unresolved_8": "cce:/internal/x/cc-fu/sorting",
      "__unresolved_9": "cce:/internal/x/cc-fu/ui"
    },
    "./chunks/6d/6d8fd2b0177941b032ddc0733af48a561fb60657.js": {
      "__unresolved_0": "./chunks/dd/dd8ffe4b66ab421921fe26a7524871e3101b074e.js",
      "__unresolved_1": "./chunks/bf/bfc65e481eff7d6b23263028e1e24313b6724dee.js",
      "__unresolved_2": "./chunks/91/91c7fd6f6ef5ff04dda6967779ee5556625adc82.js",
      "__unresolved_3": "./chunks/a0/a00e7fc9f2bc8fe4fe4ae2c049688c89a65eae7d.js",
      "__unresolved_4": "./chunks/45/4565373269f2fb1fe3e6aa64311ccb2c0478c305.js",
      "__unresolved_5": "./chunks/d2/d20f0702e7f571f9cfe4f51b12ea348cabf9592d.js",
      "__unresolved_6": "./chunks/cc/cce07fc4297025e118bf34526e6b8ea460a2632c.js",
      "__unresolved_7": "./chunks/bb/bb3a65fc5a3ff80313b67ef05afb9f81bbe3a478.js"
    },
    "./chunks/bb/bb3a65fc5a3ff80313b67ef05afb9f81bbe3a478.js": {
      "__unresolved_0": "./chunks/6a/6a5019a719a9014c047e67aa1cf34453ab8392ce.js",
      "__unresolved_1": "./chunks/bf/bfc65e481eff7d6b23263028e1e24313b6724dee.js",
      "cc": "./chunks/93/93ba276ea7b26ffcdc433fab14afc1ed6f05647b.js"
    },
    "./chunks/bf/bfc65e481eff7d6b23263028e1e24313b6724dee.js": {
      "__unresolved_0": "./chunks/6a/6a5019a719a9014c047e67aa1cf34453ab8392ce.js",
      "__unresolved_1": "./chunks/bb/bb3a65fc5a3ff80313b67ef05afb9f81bbe3a478.js",
      "__unresolved_2": "./chunks/91/91c7fd6f6ef5ff04dda6967779ee5556625adc82.js",
      "cc": "./chunks/93/93ba276ea7b26ffcdc433fab14afc1ed6f05647b.js"
    },
    "./chunks/91/91c7fd6f6ef5ff04dda6967779ee5556625adc82.js": {
      "__unresolved_0": "./chunks/6a/6a5019a719a9014c047e67aa1cf34453ab8392ce.js",
      "__unresolved_1": "./chunks/bb/bb3a65fc5a3ff80313b67ef05afb9f81bbe3a478.js",
      "cc": "./chunks/93/93ba276ea7b26ffcdc433fab14afc1ed6f05647b.js"
    },
    "./chunks/cc/cce07fc4297025e118bf34526e6b8ea460a2632c.js": {
      "__unresolved_0": "./chunks/6a/6a5019a719a9014c047e67aa1cf34453ab8392ce.js",
      "__unresolved_1": "./chunks/bb/bb3a65fc5a3ff80313b67ef05afb9f81bbe3a478.js",
      "__unresolved_2": "./chunks/bf/bfc65e481eff7d6b23263028e1e24313b6724dee.js",
      "cc": "./chunks/93/93ba276ea7b26ffcdc433fab14afc1ed6f05647b.js"
    },
    "./chunks/d2/d20f0702e7f571f9cfe4f51b12ea348cabf9592d.js": {
      "cc": "./chunks/93/93ba276ea7b26ffcdc433fab14afc1ed6f05647b.js"
    },
    "./chunks/45/4565373269f2fb1fe3e6aa64311ccb2c0478c305.js": {
      "cc": "./chunks/93/93ba276ea7b26ffcdc433fab14afc1ed6f05647b.js"
    },
    "./chunks/a0/a00e7fc9f2bc8fe4fe4ae2c049688c89a65eae7d.js": {
      "cc": "./chunks/93/93ba276ea7b26ffcdc433fab14afc1ed6f05647b.js"
    },
    "./chunks/dd/dd8ffe4b66ab421921fe26a7524871e3101b074e.js": {
      "cc": "./chunks/93/93ba276ea7b26ffcdc433fab14afc1ed6f05647b.js"
    }
  }
}
