[1,["99TfUUKehGvqPoivq+S8DB@f9941","64y1qpM/dOj4pMu2PmeHw0@f9941","64y1qpM/dOj4pMu2PmeHw0@6c48a","99TfUUKehGvqPoivq+S8DB@6c48a"],["node","_spriteFrame","_textureSource","root","data"],[["cc.Node",["_name","_layer","_components","_prefab","_lpos","_parent","_children","_lrot","_euler"],1,9,4,5,1,2,5,5],"cc.SpriteFrame",["cc.UITransform",["node","__prefab","_contentSize"],3,1,4,5],["cc.RigidBody2D",["enabledContactListener","_type","awakeOnLoad","_gravityScale","node","__prefab"],-1,1,4],["cc.Prefab",["_name"],2],["cc.CompPrefabInfo",["fileId"],2],["cc.Sprite",["_sizeMode","node","__prefab","_spriteFrame"],2,1,4,6],["cc.CircleCollider2D",["_group","_density","_sensor","_friction","_radius","node","__prefab"],-2,1,4],["cc.PrefabInfo",["fileId","instance","targetOverrides","nestedPrefabInstanceRoots","root","asset"],-1,1,1],["b0fd3vh4PRDFZAPVzN74hP0",["node","__prefab","posiciones"],3,1,4,2],["cc.BoxCollider2D",["_group","_sensor","node","__prefab","_offset","_size"],1,1,4,5,5]],[[5,0,2],[8,0,1,2,3,4,5,5],[2,0,1,2,1],[0,0,1,5,2,3,4,3],[6,0,1,2,3,2],[4,0,2],[0,0,1,6,2,3,4,3],[0,0,1,5,6,2,3,3],[0,0,1,5,2,3,4,7,8,3],[2,0,1,1],[7,0,1,2,3,4,5,6,6],[3,0,2,1,3,4,5,5],[3,0,1,4,5,3],[9,0,1,2,1],[10,0,1,2,3,4,5,3]],[[[[5,"rotondaB"],[6,"rotondaB",33554432,[-6,-7],[[2,-2,[0,"03JuvW6KJEc4T2eodYf0/W"],[5,200,200]],[4,0,-3,[0,"afpUngow1AVZD0K/z72MRx"],1],[10,2,0,true,0,60,-4,[0,"cdaMXJbH1BN5rBlY8qG+eH"]],[11,true,false,1,0,-5,[0,"17CZ2S5vNNjZOGkios+NMN"]]],[1,"21CbT5xP5Mt7Ul1GsbOHZl",null,null,null,-1,0],[1,220,472,0]],[7,"PosicionesTarjeta",33554432,1,[-14,-15,-16,-17],[[9,-8,[0,"e8PacqHh1BeYG9C1dCn9+s"]],[13,-13,[0,"2dRxxVfutIXppJaH3l5F2x"],[-9,-10,-11,-12]]],[1,"d69F2uS5ZNwL7Z2u8siGL1",null,null,null,1,0]],[8,"caminoB",33554432,1,[[2,-18,[0,"b0f3tyLCpLY4hSNmheE0/y"],[5,150,452]],[4,0,-19,[0,"f4/r98BulFf4IvR2MRzGmV"],0],[14,16,true,-20,[0,"f3zO1xcYFIIKD+jb1uY5ud"],[0,0,7.1],[5,150,334.8]],[12,true,0,-21,[0,"56J5AOSs9Cf4FRKI3evARJ"]]],[1,"e48gkMVVlAIq17tEBEwryt",null,null,null,1,0],[1,-110,-269.99999999999994,0],[3,0,0,-0.19680181724739454,0.9804432899092752],[1,0,0,-22.70000000000002]],[3,"Pos1",33554432,2,[[2,-22,[0,"56eFxWK2dJKp5K7jWkGVXS"],[5,20,20]]],[1,"36ttGciDNAraj5OCLR+lEM",null,null,null,1,0],[1,70,0,0]],[3,"Pos2",33554432,2,[[2,-23,[0,"43ePR8rBhFjbawCukftw05"],[5,20,2]]],[1,"e8ieDt3m1D74EKBGOPUxiU",null,null,null,1,0],[1,-70,0,0]],[3,"Pos3",33554432,2,[[2,-24,[0,"33qubNse9LX6aDiX9YqnrI"],[5,20,20]]],[1,"b3LbQ/AJ9IrreWwoagN7rN",null,null,null,1,0],[1,-145,-350,0]],[3,"Pos4",33554432,2,[[2,-25,[0,"58+vHDnvFCvo+JMIOjvlcJ"],[5,20,20]]],[1,"2fq6ft/xhEFJFMfcpybCi0",null,null,null,1,0],[1,-40,-100,0]]],0,[0,3,1,0,0,1,0,0,1,0,0,1,0,0,1,0,-1,3,0,-2,2,0,0,2,0,-1,4,0,-2,5,0,-3,6,0,-4,7,0,0,2,0,-1,4,0,-2,5,0,-3,6,0,-4,7,0,0,3,0,0,3,0,0,3,0,0,3,0,0,4,0,0,5,0,0,6,0,0,7,0,4,1,25],[0,0],[1,1],[0,1]],[[{"name":"rotonda","rect":{"x":0,"y":0,"width":624,"height":629},"offset":{"x":0,"y":0},"originalSize":{"width":624,"height":629},"rotated":false,"capInsets":[0,0,0,0],"vertices":{"rawPosition":[-312,-314.5,0,312,-314.5,0,-312,314.5,0,312,314.5,0],"indexes":[0,1,2,2,1,3],"uv":[0,629,624,629,0,0,624,0],"nuv":[0,0,1,0,0,1,1,1],"minPos":{"x":-312,"y":-314.5,"z":0},"maxPos":{"x":312,"y":314.5,"z":0}},"packable":true,"pixelsToUnit":100,"pivot":{"x":0.5,"y":0.5},"meshType":0}],[1],0,[0],[2],[2]],[[{"name":"camino","rect":{"x":0,"y":0,"width":383,"height":625},"offset":{"x":0,"y":0},"originalSize":{"width":383,"height":625},"rotated":false,"capInsets":[0,0,0,0],"vertices":{"rawPosition":[-191.5,-312.5,0,191.5,-312.5,0,-191.5,312.5,0,191.5,312.5,0],"indexes":[0,1,2,2,1,3],"uv":[0,625,383,625,0,0,383,0],"nuv":[0,0,1,0,0,1,1,1],"minPos":{"x":-191.5,"y":-312.5,"z":0},"maxPos":{"x":191.5,"y":312.5,"z":0}},"packable":true,"pixelsToUnit":100,"pivot":{"x":0.5,"y":0.5},"meshType":0}],[1],0,[0],[2],[3]]]]
