[1,["7e0VSrtppBp7GhwV0gXgnw@f9941","89ua8PL69Fl6bdLZT/jgqs","20iLXC6mlEHIr2LgMDQES9","05ZkehNUNMzKqeQkjgqLua@6c48a","4cDwaEbQ5Ij6xVXSZLZGFV@6c48a","50/VBAw1xLAqtVo/mV5u2V@6c48a","e0sLowTJxLy6DYG740urzq@f9941","4cDwaEbQ5Ij6xVXSZLZGFV@f9941","05ZkehNUNMzKqeQkjgqLua@f9941","7d8WNAnNBHxb25NOTJBlPz@f9941","48gI3bxutKKrm67F2JWZ2H","d0MqyYBeFAkIi762QNy1/B@b47c0","6fAc9/gb9Kfr1dCvwZaWSA@b47c0","b8Xw2YIz1Fzb8jFwYAXVHq@6c48a","e0sLowTJxLy6DYG740urzq@6c48a"],["node","_spriteFrame","_textureSource","_defaultClip","_cameraComponent","scoreLabel","sceneRouter","bateosLabel","scene","_parent","ballPrefab","_envmapHDR","_envmapLDR"],[["cc.Node",["_name","_layer","_id","_components","_parent","_lpos","_lscale","_lrot","_euler","_children"],0,9,1,5,5,5,5,2],"cc.SpriteFrame",["cc.BoxCollider2D",["_sensor","tag","_density","node","_size","_offset"],0,1,5,5],["cc.Sprite",["_sizeMode","node","_spriteFrame","_color"],2,1,6,5],["cc.Node",["_name","_id","_parent","_components","_lpos"],1,1,2,5],["cc.UITransform",["node","_contentSize","_anchorPoint"],3,1,5,5],["cc.Animation",["playOnLoad","node","_clips","_defaultClip"],2,1,3,6],["cc.Camera",["_clearFlags","_visibility","_depth","_projection","_priority","_orthoHeight","_far","node","_color"],-4,1,5],["cc.SceneAsset",["_name"],2],["cc.Node",["_name","_layer","_parent","_components","_lpos"],1,1,12,5],["cc.Canvas",["node","_cameraComponent"],3,1,1],["cc.Widget",["_alignFlags","node"],2,1],["8b276T815dLkYNnOuviyn7p",["node"],3,1],["cc.Scene",["_name","_children","_prefab","_globals"],2,2,4,4],["cc.PrefabInfo",["root","asset","fileId","instance","targetOverrides","nestedPrefabInstanceRoots"],-3],["cc.SceneGlobals",["ambient","shadows","_skybox","fog","octree","skin","lightProbeInfo","postSettings"],3,4,4,4,4,4,4,4,4],["cc.AmbientInfo",["_skyIllumLDR","_skyColorHDR","_skyColorLDR","_groundAlbedoLDR"],2,5,5,5],["cc.ShadowsInfo",["_shadowColor"],3,5],["cc.SkyboxInfo",["_enabled","_envmapHDR","_envmapLDR"],2,6,6],["cc.FogInfo",[],3],["cc.OctreeInfo",[],3],["cc.SkinInfo",[],3],["cc.LightProbeInfo",[],3],["cc.PostSettingsInfo",[],3],["cc.UIOpacity",["_opacity","node"],2,1],["cc.RigidBody2D",["_type","_gravityScale","node"],1,1],["62cc94fDKtAIZVm9j4WTPjA",["node","scoreLabel"],3,1,1],["75749kZuKZPmr8T9AAesQU4",["node","bateosLabel","sceneRouter"],3,1,1,1],["cc.Label",["_string","_horizontalAlign","_actualFontSize","_fontSize","_lineHeight","_isBold","_enableOutline","_outlineWidth","node","_outlineColor"],-5,1,5],["cc.DirectionalLight",["node","_color","_staticSettings"],3,1,5,4],["cc.StaticLightSettings",[],3],["174b6dQOztBNqOnHIeujnDU",["node","canvas","ballPrefab"],3,1,1,6],["cce314MRhBCTJ4fD6Ei8Pv1",["fader"],3,1]],[[5,0,1,1],[5,0,1,2,1],[3,1,2,1],[28,0,1,2,3,4,5,6,7,8,9,9],[3,0,1,2,2],[0,0,1,4,9,3,5,6,3],[0,0,1,4,3,5,7,6,8,3],[0,0,4,3,2],[0,0,1,4,3,5,6,3],[0,0,1,4,3,5,3],[9,0,1,2,3,4,3],[2,3,5,4,1],[2,3,4,1],[2,1,0,3,5,4,3],[8,0,2],[0,0,1,2,9,3,5,4],[0,0,1,4,3,3],[0,0,1,4,3,5,7,8,3],[0,0,1,4,3,6,3],[0,0,2,4,3,7,8,3],[0,0,2,4,3,5,7,8,3],[0,0,4,3,5,2],[4,0,2,3,4,2],[4,0,1,2,3,3],[10,0,1,1],[11,0,1,2],[3,0,1,3,2,2],[6,1,2,3,1],[6,0,1,2,3,2],[12,0,1],[13,0,1,2,3,2],[14,0,1,2,3,4,5,7],[15,0,1,2,3,4,5,6,7,1],[16,0,1,2,3,2],[17,0,1],[18,0,1,2,2],[19,1],[20,1],[21,1],[22,1],[23,1],[24,0,1,2],[2,2,0,3,5,4,3],[25,0,1,2,3],[26,0,1,1],[27,0,1,2,1],[29,0,1,2,1],[30,1],[7,2,0,1,7,8,4],[7,3,4,5,6,0,1,7,8,7],[31,0,1,2,1],[32,0,1]],[[[{"name":"stadium","rect":{"x":0,"y":0,"width":1024,"height":549},"offset":{"x":0,"y":0},"originalSize":{"width":1024,"height":549},"rotated":false,"capInsets":[0,0,0,0],"vertices":{"rawPosition":[-512,-274.5,0,512,-274.5,0,-512,274.5,0,512,274.5,0],"indexes":[0,1,2,2,1,3],"uv":[0,549,1024,549,0,0,1024,0],"nuv":[0,0,1,0,0,1,1,1],"minPos":{"x":-512,"y":-274.5,"z":0},"maxPos":{"x":512,"y":274.5,"z":0}},"packable":true,"pixelsToUnit":100,"pivot":{"x":0.5,"y":0.5},"meshType":0}],[1],0,[0],[2],[3]],[[{"name":"cheer1","rect":{"x":0,"y":0,"width":1024,"height":1536},"offset":{"x":0,"y":0},"originalSize":{"width":1024,"height":1536},"rotated":false,"capInsets":[0,0,0,0],"vertices":{"rawPosition":[-512,-768,0,512,-768,0,-512,768,0,512,768,0],"indexes":[0,1,2,2,1,3],"uv":[0,1536,1024,1536,0,0,1024,0],"nuv":[0,0,1,0,0,1,1,1],"minPos":{"x":-512,"y":-768,"z":0},"maxPos":{"x":512,"y":768,"z":0}},"packable":true,"pixelsToUnit":100,"pivot":{"x":0.5,"y":0.5},"meshType":0}],[1],0,[0],[2],[4]],[[{"name":"cheer2","rect":{"x":0,"y":0,"width":1024,"height":1536},"offset":{"x":0,"y":0},"originalSize":{"width":1024,"height":1536},"rotated":false,"capInsets":[0,0,0,0],"vertices":{"rawPosition":[-512,-768,0,512,-768,0,-512,768,0,512,768,0],"indexes":[0,1,2,2,1,3],"uv":[0,1536,1024,1536,0,0,1024,0],"nuv":[0,0,1,0,0,1,1,1],"minPos":{"x":-512,"y":-768,"z":0},"maxPos":{"x":512,"y":768,"z":0}},"packable":true,"pixelsToUnit":100,"pivot":{"x":0.5,"y":0.5},"meshType":0}],[1],0,[0],[2],[5]],[[[14,"20-game"],[15,"Canvas",33554432,"70zWmJ2gxIaamo2hTTxdwu",[-5,-6,-7,-8,-9,-10,-11,-12,-13,-14,-15,-16,-17,-18,-19],[[0,-1,[5,640,960.0000000000001]],[24,-3,-2],[25,45,-4]],[1,320,480.00000000000006,0]],[5,"batter",33554432,1,[-24],[[0,-20,[5,649.7139999999999,649.7139999999999]],[4,0,-21,6],[27,-22,[7],8],[29,-23]],[1,0,-220.857,0],[1,0.8,0.8,0.8]],[30,"20-game",[-25,-26,1,-27],[31,null,null,"8223d7a3-8853-48b8-9e5b-5104828b0744",null,null,null],[32,[33,0.8,[2,0.2,0.5,0.8,0.520833125],[2,0.452588,0.607642,0.755699,0],[2,0.618555,0.577848,0.544564,0]],[34,[4,4283190348]],[35,true,13,14],[36],[37],[38],[39],[40]]],[5,"cheers",33554432,1,[-31],[[0,-28,[5,649.7139999999999,974.5709999999999]],[4,0,-29,2],[28,true,-30,[3],4]],[1,0,215.083,0],[1,0.8,0.8,0.8]],[16,"opacity",33554432,1,[[0,-32,[5,640,960]],[26,0,-33,[4,4278190218],12],[41,0,-34]]],[17,"collisioner",33554432,2,[[1,-35,[5,40,40],[0,0.51505,0.5]],[11,-36,[0,-1.1,0],[5,147.3,55.9]],[43,3,0,-37]],[1,-117.36896524947998,261.82855683021523,0],[3,0,0,-0.08802505332450349,0.9961182610449516],[1,0,0,-10.099999999999998]],[6,"red-bottle-L",33554432,1,[[0,-38,[5,66,66]],[2,-39,10],[12,-40,[5,66,66]]],[1,-510.579,511.987,0],[3,0,0,-0.18538363551919146,0.9826662239446757],[1,8,0.3,1],[1,0,0,-21.367]],[6,"red-bottle-R",33554432,1,[[0,-41,[5,66,66]],[2,-42,11],[12,-43,[5,66,66]]],[1,575.448,507.81,0],[3,0,0,0.18538363551919146,0.9826662239446757],[1,10,0.3,1],[1,0,0,21.367]],[10,"Score",33554432,1,[[[1,-44,[5,176.84570312500003,85.60000000000001],[0,0,0.5]],-45,[44,-47,-46]],4,1,4],[1,-303.361,308.628,0]],[7,"Boundaries",1,[[13,11,true,-48,[0,-8.4,890.1],[5,2362.3,15.9]],[42,11,true,-49,[0,-341.7,-44.3],[5,37.5,866.5]],[13,11,true,-50,[0,341.7,-45.8],[5,37.5,863.7]]]],[10,"Bateos",33554432,1,[[[1,-51,[5,110.107421875,85.60000000000001],[0,1,0.5]],-52,[45,-55,-54,-53]],4,1,4],[1,295.21,308.628,0]],[18,"redbg",33554432,1,[[0,-56,[5,66,66]],[2,-57,0]],[1,10.477,15.648,1]],[8,"logo",33554432,4,[[0,-58,[5,562,114]],[2,-59,1]],[1,0,239.919,0],[1,0.6,0.6,0.6]],[8,"stadium",33554432,1,[[0,-60,[5,651.406,349.240130859375]],[4,0,-61,5]],[1,0,-298.379,0],[1,0.8,0.8,0.8]],[9,"labelcarreras",33554432,1,[[1,-62,[5,128.43430355394244,47.800000000000004],[0,0,0.5]],[3,"carreras",0,45.875,30,30,true,true,5,-63,[4,4278190335]]],[1,-303.361,261.319,0]],[9,"labelbateos",33554432,1,[[1,-64,[5,106.68374874936137,47.800000000000004],[0,1,0.5]],[3,"bateos",2,45.875,30,30,true,true,5,-65,[4,4278190335]]],[1,295.925,261.319,0]],[19,"Main Light","c0y6F5f+pAvI805TdmxIjx",3,[[46,-66,[4,4293982975],[47]]],[3,-0.06397656665577071,-0.44608233363525845,-0.8239028751062036,-0.3436591377065261],[1,-117.894,-194.909,38.562]],[20,"Main Camera","c9DMICJLFO5IeO07EPon7U",3,[[48,0,14,1822425087,-67,[4,4284030492]]],[1,-10,10,10],[3,-0.27781593346944056,-0.36497167621709875,-0.11507512748638377,0.8811195706053617],[1,-35,-45,0]],[22,"Camera",1,[-68],[1,0,0,1000]],[49,0,1073741824,480.00000000000006,2000,6,41943040,19,[4,4278190080]],[7,"Bottom-floor",1,[[11,-69,[0,26.6,-472],[5,2899.5,15.9]]]],[21,"BallSpawner",1,[[50,-70,1,9]],[1,-320,-480,0]],[3,"00000",0,91.75,60,60,true,true,5,9,[4,4278190335]],[3,"100",2,91.75,60,60,true,true,5,11,[4,4278190335]],[51,5],[23,"SceneRouter","8fgr55qblMDKEBtKujgbOx",3,[25]]],0,[0,0,1,0,4,20,0,0,1,0,0,1,0,-1,12,0,-2,4,0,-3,14,0,-4,19,0,-5,21,0,-6,2,0,-7,22,0,-8,7,0,-9,8,0,-10,9,0,-11,10,0,-12,15,0,-13,11,0,-14,16,0,-15,5,0,0,2,0,0,2,0,0,2,0,0,2,0,-1,6,0,-1,17,0,-2,18,0,-4,26,0,0,4,0,0,4,0,0,4,0,-1,13,0,0,5,0,0,5,0,0,5,0,0,6,0,0,6,0,0,6,0,0,7,0,0,7,0,0,7,0,0,8,0,0,8,0,0,8,0,0,9,0,-2,23,0,5,23,0,0,9,0,0,10,0,0,10,0,0,10,0,0,11,0,-2,24,0,6,25,0,7,24,0,0,11,0,0,12,0,0,12,0,0,13,0,0,13,0,0,14,0,0,14,0,0,15,0,0,15,0,0,16,0,0,16,0,0,17,0,0,18,0,-1,20,0,0,21,0,0,22,0,8,3,1,9,3,25,0,26,70],[0,0,0,0,0,0,0,0,0,0,0,0,0,0,0],[1,1,1,-1,3,1,1,-1,3,10,1,1,1,11,12],[0,6,7,1,1,8,9,2,2,10,0,0,0,11,12]],[[{"name":"cheer3","rect":{"x":0,"y":0,"width":1024,"height":1536},"offset":{"x":0,"y":0},"originalSize":{"width":1024,"height":1536},"rotated":false,"capInsets":[0,0,0,0],"vertices":{"rawPosition":[-512,-768,0,512,-768,0,-512,768,0,512,768,0],"indexes":[0,1,2,2,1,3],"uv":[0,1536,1024,1536,0,0,1024,0],"nuv":[0,0,1,0,0,1,1,1],"minPos":{"x":-512,"y":-768,"z":0},"maxPos":{"x":512,"y":768,"z":0}},"packable":true,"pixelsToUnit":100,"pivot":{"x":0.5,"y":0.5},"meshType":0}],[1],0,[0],[2],[13]],[[{"name":"logo","rect":{"x":17,"y":3,"width":562,"height":114},"offset":{"x":0,"y":0},"originalSize":{"width":596,"height":120},"rotated":false,"capInsets":[0,0,0,0],"vertices":{"rawPosition":[-281,-57,0,281,-57,0,-281,57,0,281,57,0],"indexes":[0,1,2,2,1,3],"uv":[17,117,579,117,17,3,579,3],"nuv":[0.028523489932885907,0.025,0.9714765100671141,0.025,0.028523489932885907,0.975,0.9714765100671141,0.975],"minPos":{"x":-281,"y":-57,"z":0},"maxPos":{"x":281,"y":57,"z":0}},"packable":true,"pixelsToUnit":100,"pivot":{"x":0.5,"y":0.5},"meshType":0}],[1],0,[0],[2],[14]]]]
