{
  "__type__": "cc.SpriteFrame",
  "content": {
    "name": "1 jugador",
    "atlas": "",
    "rect": {
      "x": 0,
      "y": 0,
      "width": 445,
      "height": 166
    },
    "offset": {
      "x": 0,
      "y": 0
    },
    "originalSize": {
      "width": 445,
      "height": 166
    },
    "rotated": false,
    "capInsets": [
      0,
      0,
      0,
      0
    ],
    "vertices": {
      "rawPosition": [
        -222.5,
        -83,
        0,
        222.5,
        -83,
        0,
        -222.5,
        83,
        0,
        222.5,
        83,
        0
      ],
      "indexes": [
        0,
        1,
        2,
        2,
        1,
        3
      ],
      "uv": [
        0,
        166,
        445,
        166,
        0,
        0,
        445,
        0
      ],
      "nuv": [
        0,
        0,
        1,
        0,
        0,
        1,
        1,
        1
      ],
      "minPos": {
        "x": -222.5,
        "y": -83,
        "z": 0
      },
      "maxPos": {
        "x": 222.5,
        "y": 83,
        "z": 0
      }
    },
    "texture": "40bab3ce-9c37-4889-8e53-7856e7b41b15@6c48a",
    "packable": true,
    "pixelsToUnit": 100,
    "pivot": {
      "x": 0.5,
      "y": 0.5
    },
    "meshType": 0
  }
}