{
  "92a9dff3-2cf9-4366-84b3-b7555c4dd8ce": {
    "url": "db://assets/scenes",
    "value": {},
    "versionCode": 0
  },
  "022dd720-29b1-42a2-aa1b-9b3d7963b241": {
    "url": "db://assets/scripts",
    "value": {},
    "versionCode": 0
  },
  "101f2b28-fed4-4d57-9f2a-e74b962e6e01": {
    "url": "db://assets/sprite",
    "value": {},
    "versionCode": 0
  },
  "a728d9ac-65b3-4ba5-bf70-8a7330d6d43d": {
    "url": "db://assets/prefab",
    "value": {},
    "versionCode": 0
  },
  "873693f4-f2bc-445b-9870-7373223aa0d8": {
    "url": "db://assets/scenes/inicio.scene",
    "value": {
      "depends": [
        "873693f4-f2bc-445b-9870-7373223aa0d8",
        "0a5926ec-e9dc-49ef-8cc8-f2f64568690b@f9941",
        "4150dabe-0314-48d0-92cb-5da743cdea53@f9941",
        "11cea450-b238-407d-813b-edb36c0c2a36@f9941",
        "951249e0-9f16-456d-8b85-a6ca954da16b@f9941",
        "2bd54f1e-966a-4faa-8b98-f9627378242c@f9941",
        "c7e2c28d-d214-4fb9-9c54-cc8c972089a7@f9941",
        "d44596a6-028f-42e8-b2a0-ea4f3a1ef8e0@f9941",
        "f6220ab7-67f3-4106-ab45-0cad9e2ceb91@f9941",
        "1bd57e46-6a30-48cf-89d8-37174c75f27c@f9941",
        "e2ce8252-6dcb-4d8e-a777-56fb467f61a2@f9941",
        "cf8cfeb7-775f-4677-b8fd-6e16ef92a6a3@f9941"
      ],
      "dependScripts": [
        "5e11dd7c-8d30-4ee1-8065-eb95829ee20a",
        "a48ba88b-3c96-47d1-9b93-39739e84b177",
        "5718d97a-c13d-44d1-be0b-1d3ce5918302"
      ]
    },
    "versionCode": 0
  },
  "03bb4b39-2769-4340-b198-b91c626de905": {
    "url": "db://assets/scenes/juego.scene",
    "value": {
      "depends": [
        "03bb4b39-2769-4340-b198-b91c626de905",
        "1bd57e46-6a30-48cf-89d8-37174c75f27c@f9941",
        "5d5f290b-4e1b-4580-8582-f9351a205c1a@f9941",
        "e093a02c-ab76-4e0e-95a2-b2e713d80463@f9941",
        "0510f498-7ed0-4645-af91-58efac618e5e",
        "3f727f12-0043-456e-ae58-422e9c144fce@f9941",
        "1142d5a1-d4f8-43db-80e8-28fd6098efcc@f9941",
        "ff925bf3-94cc-45a9-8bdc-ee30d196e287",
        "9be08b8a-9a57-4ccf-944d-bf0fc7905194",
        "f6220ab7-67f3-4106-ab45-0cad9e2ceb91@f9941",
        "17ec04fc-dcf6-4fcc-9b54-0335db53db98@f9941",
        "b2e68f18-79b9-4c52-813b-a8b70d725b10@f9941",
        "b6fb20b9-acc2-4e88-bf09-f74ec4ffd8ce@f9941",
        "906a53f9-cc69-43ca-bd23-a23f59dd79ab@f9941",
        "951249e0-9f16-456d-8b85-a6ca954da16b@f9941",
        "2bd54f1e-966a-4faa-8b98-f9627378242c@f9941",
        "c7e2c28d-d214-4fb9-9c54-cc8c972089a7@f9941",
        "d44596a6-028f-42e8-b2a0-ea4f3a1ef8e0@f9941",
        "7cdca724-8c21-456b-883d-e070d35289f6@f9941",
        "6fb3214e-9efc-4ca5-97c5-ac6998099fd7@f9941"
      ],
      "dependScripts": [
        "5718d97a-c13d-44d1-be0b-1d3ce5918302",
        "d256c4fa-2359-49f1-b4c3-06071eb1c573",
        "5e11dd7c-8d30-4ee1-8065-eb95829ee20a",
        "4d56e002-fcd3-49d0-945e-74ed58374b3e",
        "a48ba88b-3c96-47d1-9b93-39739e84b177"
      ]
    },
    "versionCode": 0
  },
  "f9057204-d314-4195-b68b-1ae1cdb106e7": {
    "url": "db://assets/scenes/instrucciones.scene",
    "value": {},
    "versionCode": 0
  },
  "be54825a-fb2f-4c87-9ccf-a9b119541bc8": {
    "url": "db://assets/sprite/pelota.png",
    "value": {},
    "versionCode": 0
  },
  "be54825a-fb2f-4c87-9ccf-a9b119541bc8@6c48a": {
    "url": "db://assets/sprite/pelota.png@6c48a",
    "value": {
      "depends": [
        "be54825a-fb2f-4c87-9ccf-a9b119541bc8"
      ]
    },
    "versionCode": 0
  },
  "be54825a-fb2f-4c87-9ccf-a9b119541bc8@f9941": {
    "url": "db://assets/sprite/pelota.png@f9941",
    "value": {
      "depends": [
        "be54825a-fb2f-4c87-9ccf-a9b119541bc8@6c48a"
      ]
    },
    "versionCode": 0
  },
  "d256c4fa-2359-49f1-b4c3-06071eb1c573": {
    "url": "db://assets/scripts/RebotePelota.ts",
    "value": {},
    "versionCode": 0
  },
  "f007d769-fbf6-465b-bfaa-7c1ab5d62f7b": {
    "url": "db://assets/sprite/Botón_salir.png",
    "value": {},
    "versionCode": 0
  },
  "f007d769-fbf6-465b-bfaa-7c1ab5d62f7b@6c48a": {
    "url": "db://assets/sprite/Botón_salir.png@6c48a",
    "value": {
      "depends": [
        "f007d769-fbf6-465b-bfaa-7c1ab5d62f7b"
      ]
    },
    "versionCode": 0
  },
  "f007d769-fbf6-465b-bfaa-7c1ab5d62f7b@f9941": {
    "url": "db://assets/sprite/Botón_salir.png@f9941",
    "value": {
      "depends": [
        "f007d769-fbf6-465b-bfaa-7c1ab5d62f7b@6c48a"
      ]
    },
    "versionCode": 0
  },
  "d283d069-8758-4f3d-8d24-132480028aab": {
    "url": "db://assets/sprite/Botón_salir_h.png",
    "value": {},
    "versionCode": 0
  },
  "d283d069-8758-4f3d-8d24-132480028aab@6c48a": {
    "url": "db://assets/sprite/Botón_salir_h.png@6c48a",
    "value": {
      "depends": [
        "d283d069-8758-4f3d-8d24-132480028aab"
      ]
    },
    "versionCode": 0
  },
  "d283d069-8758-4f3d-8d24-132480028aab@f9941": {
    "url": "db://assets/sprite/Botón_salir_h.png@f9941",
    "value": {
      "depends": [
        "d283d069-8758-4f3d-8d24-132480028aab@6c48a"
      ]
    },
    "versionCode": 0
  },
  "70d4adf2-b3e1-40e6-8d53-accc5403ea72": {
    "url": "db://assets/sprite/Juego.png",
    "value": {},
    "versionCode": 0
  },
  "70d4adf2-b3e1-40e6-8d53-accc5403ea72@6c48a": {
    "url": "db://assets/sprite/Juego.png@6c48a",
    "value": {
      "depends": [
        "70d4adf2-b3e1-40e6-8d53-accc5403ea72"
      ]
    },
    "versionCode": 0
  },
  "70d4adf2-b3e1-40e6-8d53-accc5403ea72@f9941": {
    "url": "db://assets/sprite/Juego.png@f9941",
    "value": {
      "depends": [
        "70d4adf2-b3e1-40e6-8d53-accc5403ea72@6c48a"
      ]
    },
    "versionCode": 0
  },
  "6b664c0b-3725-456b-a116-eb8c210346c3": {
    "url": "db://assets/sprite/GameOver.png",
    "value": {},
    "versionCode": 0
  },
  "6b664c0b-3725-456b-a116-eb8c210346c3@6c48a": {
    "url": "db://assets/sprite/GameOver.png@6c48a",
    "value": {
      "depends": [
        "6b664c0b-3725-456b-a116-eb8c210346c3"
      ]
    },
    "versionCode": 0
  },
  "6b664c0b-3725-456b-a116-eb8c210346c3@f9941": {
    "url": "db://assets/sprite/GameOver.png@f9941",
    "value": {
      "depends": [
        "6b664c0b-3725-456b-a116-eb8c210346c3@6c48a"
      ]
    },
    "versionCode": 0
  },
  "35cd7b8d-ecc2-4def-9908-a39563e812ed": {
    "url": "db://assets/sprite/Botón_Jugar.png",
    "value": {},
    "versionCode": 0
  },
  "35cd7b8d-ecc2-4def-9908-a39563e812ed@6c48a": {
    "url": "db://assets/sprite/Botón_Jugar.png@6c48a",
    "value": {
      "depends": [
        "35cd7b8d-ecc2-4def-9908-a39563e812ed"
      ]
    },
    "versionCode": 0
  },
  "35cd7b8d-ecc2-4def-9908-a39563e812ed@f9941": {
    "url": "db://assets/sprite/Botón_Jugar.png@f9941",
    "value": {
      "depends": [
        "35cd7b8d-ecc2-4def-9908-a39563e812ed@6c48a"
      ]
    },
    "versionCode": 0
  },
  "de1afae6-c07a-4c6e-a957-35ab0868f5a5": {
    "url": "db://assets/sprite/instruccion.png",
    "value": {},
    "versionCode": 0
  },
  "de1afae6-c07a-4c6e-a957-35ab0868f5a5@6c48a": {
    "url": "db://assets/sprite/instruccion.png@6c48a",
    "value": {
      "depends": [
        "de1afae6-c07a-4c6e-a957-35ab0868f5a5"
      ]
    },
    "versionCode": 0
  },
  "de1afae6-c07a-4c6e-a957-35ab0868f5a5@f9941": {
    "url": "db://assets/sprite/instruccion.png@f9941",
    "value": {
      "depends": [
        "de1afae6-c07a-4c6e-a957-35ab0868f5a5@6c48a"
      ]
    },
    "versionCode": 0
  },
  "bc8ee0ed-135f-47ab-b753-c8dfd6494a2d": {
    "url": "db://assets/sprite/Botón_Jugar_h.png",
    "value": {},
    "versionCode": 0
  },
  "bc8ee0ed-135f-47ab-b753-c8dfd6494a2d@6c48a": {
    "url": "db://assets/sprite/Botón_Jugar_h.png@6c48a",
    "value": {
      "depends": [
        "bc8ee0ed-135f-47ab-b753-c8dfd6494a2d"
      ]
    },
    "versionCode": 0
  },
  "bc8ee0ed-135f-47ab-b753-c8dfd6494a2d@f9941": {
    "url": "db://assets/sprite/Botón_Jugar_h.png@f9941",
    "value": {
      "depends": [
        "bc8ee0ed-135f-47ab-b753-c8dfd6494a2d@6c48a"
      ]
    },
    "versionCode": 0
  },
  "4d56e002-fcd3-49d0-945e-74ed58374b3e": {
    "url": "db://assets/scripts/GameOver.ts",
    "value": {},
    "versionCode": 0
  },
  "a48ba88b-3c96-47d1-9b93-39739e84b177": {
    "url": "db://assets/scripts/CambioEscena.ts",
    "value": {},
    "versionCode": 0
  },
  "5718d97a-c13d-44d1-be0b-1d3ce5918302": {
    "url": "db://assets/scripts/LoadAssets.ts",
    "value": {},
    "versionCode": 0
  },
  "64526c5a-f56d-481c-abe8-9478be2fbeed": {
    "url": "db://assets/sprite/MexicoInst_v2.jpg",
    "value": {},
    "versionCode": 0
  },
  "64526c5a-f56d-481c-abe8-9478be2fbeed@6c48a": {
    "url": "db://assets/sprite/MexicoInst_v2.jpg@6c48a",
    "value": {
      "depends": [
        "64526c5a-f56d-481c-abe8-9478be2fbeed"
      ]
    },
    "versionCode": 0
  },
  "64526c5a-f56d-481c-abe8-9478be2fbeed@f9941": {
    "url": "db://assets/sprite/MexicoInst_v2.jpg@f9941",
    "value": {
      "depends": [
        "64526c5a-f56d-481c-abe8-9478be2fbeed@6c48a"
      ]
    },
    "versionCode": 0
  },
  "29bc8d44-ba22-49e5-b102-cc9f75011a36": {
    "url": "db://assets/sprite/Botón_Jugar mexico.png",
    "value": {},
    "versionCode": 0
  },
  "29bc8d44-ba22-49e5-b102-cc9f75011a36@6c48a": {
    "url": "db://assets/sprite/Botón_Jugar mexico.png@6c48a",
    "value": {
      "depends": [
        "29bc8d44-ba22-49e5-b102-cc9f75011a36"
      ]
    },
    "versionCode": 0
  },
  "29bc8d44-ba22-49e5-b102-cc9f75011a36@f9941": {
    "url": "db://assets/sprite/Botón_Jugar mexico.png@f9941",
    "value": {
      "depends": [
        "29bc8d44-ba22-49e5-b102-cc9f75011a36@6c48a"
      ]
    },
    "versionCode": 0
  },
  "0b012376-734b-41cd-b795-1ed0b1d116dc": {
    "url": "db://assets/sprite/MexicoJuego_score.jpg",
    "value": {},
    "versionCode": 0
  },
  "0b012376-734b-41cd-b795-1ed0b1d116dc@6c48a": {
    "url": "db://assets/sprite/MexicoJuego_score.jpg@6c48a",
    "value": {
      "depends": [
        "0b012376-734b-41cd-b795-1ed0b1d116dc"
      ]
    },
    "versionCode": 0
  },
  "0b012376-734b-41cd-b795-1ed0b1d116dc@f9941": {
    "url": "db://assets/sprite/MexicoJuego_score.jpg@f9941",
    "value": {
      "depends": [
        "0b012376-734b-41cd-b795-1ed0b1d116dc@6c48a"
      ]
    },
    "versionCode": 0
  },
  "c35cbed6-a7c8-416b-ab72-824e6c268e20": {
    "url": "db://assets/sprite/Botón_Jugar_h mexico.png",
    "value": {},
    "versionCode": 0
  },
  "c35cbed6-a7c8-416b-ab72-824e6c268e20@6c48a": {
    "url": "db://assets/sprite/Botón_Jugar_h mexico.png@6c48a",
    "value": {
      "depends": [
        "c35cbed6-a7c8-416b-ab72-824e6c268e20"
      ]
    },
    "versionCode": 0
  },
  "c35cbed6-a7c8-416b-ab72-824e6c268e20@f9941": {
    "url": "db://assets/sprite/Botón_Jugar_h mexico.png@f9941",
    "value": {
      "depends": [
        "c35cbed6-a7c8-416b-ab72-824e6c268e20@6c48a"
      ]
    },
    "versionCode": 0
  },
  "68a19ecf-6fda-43dd-a0ad-e3fe7b6ae596": {
    "url": "db://assets/sprite/Botón_salir mexico.png",
    "value": {},
    "versionCode": 0
  },
  "68a19ecf-6fda-43dd-a0ad-e3fe7b6ae596@6c48a": {
    "url": "db://assets/sprite/Botón_salir mexico.png@6c48a",
    "value": {
      "depends": [
        "68a19ecf-6fda-43dd-a0ad-e3fe7b6ae596"
      ]
    },
    "versionCode": 0
  },
  "68a19ecf-6fda-43dd-a0ad-e3fe7b6ae596@f9941": {
    "url": "db://assets/sprite/Botón_salir mexico.png@f9941",
    "value": {
      "depends": [
        "68a19ecf-6fda-43dd-a0ad-e3fe7b6ae596@6c48a"
      ]
    },
    "versionCode": 0
  },
  "9ae2652a-70a9-4973-87a2-ef5853663828": {
    "url": "db://assets/sprite/Botón_salir_h mexico.png",
    "value": {},
    "versionCode": 0
  },
  "9ae2652a-70a9-4973-87a2-ef5853663828@6c48a": {
    "url": "db://assets/sprite/Botón_salir_h mexico.png@6c48a",
    "value": {
      "depends": [
        "9ae2652a-70a9-4973-87a2-ef5853663828"
      ]
    },
    "versionCode": 0
  },
  "9ae2652a-70a9-4973-87a2-ef5853663828@f9941": {
    "url": "db://assets/sprite/Botón_salir_h mexico.png@f9941",
    "value": {
      "depends": [
        "9ae2652a-70a9-4973-87a2-ef5853663828@6c48a"
      ]
    },
    "versionCode": 0
  },
  "c1372fc7-7635-4a34-b3d5-e96bc308d0c0": {
    "url": "db://assets/sprite/MexicoFin_score.jpg",
    "value": {},
    "versionCode": 0
  },
  "c1372fc7-7635-4a34-b3d5-e96bc308d0c0@6c48a": {
    "url": "db://assets/sprite/MexicoFin_score.jpg@6c48a",
    "value": {
      "depends": [
        "c1372fc7-7635-4a34-b3d5-e96bc308d0c0"
      ]
    },
    "versionCode": 0
  },
  "c1372fc7-7635-4a34-b3d5-e96bc308d0c0@f9941": {
    "url": "db://assets/sprite/MexicoFin_score.jpg@f9941",
    "value": {
      "depends": [
        "c1372fc7-7635-4a34-b3d5-e96bc308d0c0@6c48a"
      ]
    },
    "versionCode": 0
  },
  "6060c380-b0da-4282-89bd-fea5359b69b6": {
    "url": "db://assets/sprite/MexicoFin_scorev3.jpg",
    "value": {},
    "versionCode": 0
  },
  "6060c380-b0da-4282-89bd-fea5359b69b6@6c48a": {
    "url": "db://assets/sprite/MexicoFin_scorev3.jpg@6c48a",
    "value": {
      "depends": [
        "6060c380-b0da-4282-89bd-fea5359b69b6"
      ]
    },
    "versionCode": 0
  },
  "6060c380-b0da-4282-89bd-fea5359b69b6@f9941": {
    "url": "db://assets/sprite/MexicoFin_scorev3.jpg@f9941",
    "value": {
      "depends": [
        "6060c380-b0da-4282-89bd-fea5359b69b6@6c48a"
      ]
    },
    "versionCode": 0
  },
  "ad179a66-e480-4a01-80f5-3d780e5e22b5": {
    "url": "db://assets/sprite/MexicoInst_v3.jpg",
    "value": {},
    "versionCode": 0
  },
  "ad179a66-e480-4a01-80f5-3d780e5e22b5@6c48a": {
    "url": "db://assets/sprite/MexicoInst_v3.jpg@6c48a",
    "value": {
      "depends": [
        "ad179a66-e480-4a01-80f5-3d780e5e22b5"
      ]
    },
    "versionCode": 0
  },
  "ad179a66-e480-4a01-80f5-3d780e5e22b5@f9941": {
    "url": "db://assets/sprite/MexicoInst_v3.jpg@f9941",
    "value": {
      "depends": [
        "ad179a66-e480-4a01-80f5-3d780e5e22b5@6c48a"
      ]
    },
    "versionCode": 0
  },
  "91dcc1bd-daad-4e50-96b5-a6f71a1fbe35": {
    "url": "db://assets/sprite/MexicoJuego04.jpg",
    "value": {},
    "versionCode": 0
  },
  "91dcc1bd-daad-4e50-96b5-a6f71a1fbe35@6c48a": {
    "url": "db://assets/sprite/MexicoJuego04.jpg@6c48a",
    "value": {
      "depends": [
        "91dcc1bd-daad-4e50-96b5-a6f71a1fbe35"
      ]
    },
    "versionCode": 0
  },
  "91dcc1bd-daad-4e50-96b5-a6f71a1fbe35@f9941": {
    "url": "db://assets/sprite/MexicoJuego04.jpg@f9941",
    "value": {
      "depends": [
        "91dcc1bd-daad-4e50-96b5-a6f71a1fbe35@6c48a"
      ]
    },
    "versionCode": 0
  },
  "5ada3e24-a6df-46b9-a9c8-36915f499881": {
    "url": "db://assets/Audio",
    "value": {},
    "versionCode": 0
  },
  "bbec96f8-78c0-4fe7-96d3-64a316831114": {
    "url": "db://assets/sprite/conffeti.png",
    "value": {
      "depends": []
    },
    "versionCode": 0
  },
  "bbec96f8-78c0-4fe7-96d3-64a316831114@6c48a": {
    "url": "db://assets/sprite/conffeti.png@6c48a",
    "value": {
      "depends": [
        "bbec96f8-78c0-4fe7-96d3-64a316831114"
      ]
    },
    "versionCode": 0
  },
  "bbec96f8-78c0-4fe7-96d3-64a316831114@f9941": {
    "url": "db://assets/sprite/conffeti.png@f9941",
    "value": {
      "depends": [
        "bbec96f8-78c0-4fe7-96d3-64a316831114@6c48a"
      ]
    },
    "versionCode": 0
  },
  "9a89159f-1481-4839-b31b-82685a7a58e1": {
    "url": "db://assets/Particle",
    "value": {},
    "versionCode": 0
  },
  "9be08b8a-9a57-4ccf-944d-bf0fc7905194": {
    "url": "db://assets/Particle/confeti.prefab",
    "value": {
      "depends": [
        "dddf4aff-612e-441f-b74b-930a8f2245a9@f9941",
        "bbec96f8-78c0-4fe7-96d3-64a316831114@f9941"
      ],
      "dependScripts": []
    },
    "versionCode": 0
  },
  "dddf4aff-612e-441f-b74b-930a8f2245a9": {
    "url": "db://assets/sprite/confeti2.png",
    "value": {
      "depends": []
    },
    "versionCode": 0
  },
  "dddf4aff-612e-441f-b74b-930a8f2245a9@6c48a": {
    "url": "db://assets/sprite/confeti2.png@6c48a",
    "value": {
      "depends": [
        "dddf4aff-612e-441f-b74b-930a8f2245a9"
      ]
    },
    "versionCode": 0
  },
  "dddf4aff-612e-441f-b74b-930a8f2245a9@f9941": {
    "url": "db://assets/sprite/confeti2.png@f9941",
    "value": {
      "depends": [
        "dddf4aff-612e-441f-b74b-930a8f2245a9@6c48a"
      ]
    },
    "versionCode": 0
  },
  "f42a6522-25af-48f9-b506-f1c60150b7a1": {
    "url": "db://assets/confetti.plist",
    "value": {
      "depends": [
        "bbec96f8-78c0-4fe7-96d3-64a316831114@f9941"
      ]
    },
    "versionCode": 0
  },
  "4fd30e94-23a1-424e-9f94-55dfee4e5ce7": {
    "url": "db://assets/confetti.mtl",
    "value": {},
    "versionCode": 0
  },
  "ae14d502-df32-4408-b73e-bec0b33467dd": {
    "url": "db://assets/sprite/ChivasJuego02.png",
    "value": {},
    "versionCode": 0
  },
  "ae14d502-df32-4408-b73e-bec0b33467dd@6c48a": {
    "url": "db://assets/sprite/ChivasJuego02.png@6c48a",
    "value": {
      "depends": [
        "ae14d502-df32-4408-b73e-bec0b33467dd"
      ]
    },
    "versionCode": 0
  },
  "ae14d502-df32-4408-b73e-bec0b33467dd@f9941": {
    "url": "db://assets/sprite/ChivasJuego02.png@f9941",
    "value": {
      "depends": [
        "ae14d502-df32-4408-b73e-bec0b33467dd@6c48a"
      ]
    },
    "versionCode": 0
  },
  "cea9760e-9666-4980-845d-1f82dcab46b3": {
    "url": "db://assets/sprite/Fondo Mexico Chivas.png",
    "value": {},
    "versionCode": 0
  },
  "cea9760e-9666-4980-845d-1f82dcab46b3@6c48a": {
    "url": "db://assets/sprite/Fondo Mexico Chivas.png@6c48a",
    "value": {
      "depends": [
        "cea9760e-9666-4980-845d-1f82dcab46b3"
      ]
    },
    "versionCode": 0
  },
  "cea9760e-9666-4980-845d-1f82dcab46b3@f9941": {
    "url": "db://assets/sprite/Fondo Mexico Chivas.png@f9941",
    "value": {
      "depends": [
        "cea9760e-9666-4980-845d-1f82dcab46b3@6c48a"
      ]
    },
    "versionCode": 0
  },
  "2b6d6801-dc54-43bd-89c6-470facdad33c": {
    "url": "db://assets/sprite/ChivasInst.png",
    "value": {},
    "versionCode": 0
  },
  "2b6d6801-dc54-43bd-89c6-470facdad33c@6c48a": {
    "url": "db://assets/sprite/ChivasInst.png@6c48a",
    "value": {
      "depends": [
        "2b6d6801-dc54-43bd-89c6-470facdad33c"
      ]
    },
    "versionCode": 0
  },
  "2b6d6801-dc54-43bd-89c6-470facdad33c@f9941": {
    "url": "db://assets/sprite/ChivasInst.png@f9941",
    "value": {
      "depends": [
        "2b6d6801-dc54-43bd-89c6-470facdad33c@6c48a"
      ]
    },
    "versionCode": 0
  },
  "c72bcd94-26c7-4031-aebb-02756abbd227": {
    "url": "db://assets/sprite/ChivasGameOver.png",
    "value": {},
    "versionCode": 0
  },
  "c72bcd94-26c7-4031-aebb-02756abbd227@6c48a": {
    "url": "db://assets/sprite/ChivasGameOver.png@6c48a",
    "value": {
      "depends": [
        "c72bcd94-26c7-4031-aebb-02756abbd227"
      ]
    },
    "versionCode": 0
  },
  "c72bcd94-26c7-4031-aebb-02756abbd227@f9941": {
    "url": "db://assets/sprite/ChivasGameOver.png@f9941",
    "value": {
      "depends": [
        "c72bcd94-26c7-4031-aebb-02756abbd227@6c48a"
      ]
    },
    "versionCode": 0
  },
  "203aff69-ea55-41ea-98e8-a5438c5e1e10": {
    "url": "db://assets/sprite/ChivasLogo_femenil.png",
    "value": {},
    "versionCode": 0
  },
  "203aff69-ea55-41ea-98e8-a5438c5e1e10@6c48a": {
    "url": "db://assets/sprite/ChivasLogo_femenil.png@6c48a",
    "value": {
      "depends": [
        "203aff69-ea55-41ea-98e8-a5438c5e1e10"
      ]
    },
    "versionCode": 0
  },
  "203aff69-ea55-41ea-98e8-a5438c5e1e10@f9941": {
    "url": "db://assets/sprite/ChivasLogo_femenil.png@f9941",
    "value": {
      "depends": [
        "203aff69-ea55-41ea-98e8-a5438c5e1e10@6c48a"
      ]
    },
    "versionCode": 0
  },
  "8ff529a0-ef2d-48e1-9638-743a707d4a30": {
    "url": "db://assets/sprite/Botón_Jugar (3).png",
    "value": {},
    "versionCode": 0
  },
  "8ff529a0-ef2d-48e1-9638-743a707d4a30@6c48a": {
    "url": "db://assets/sprite/Botón_Jugar (3).png@6c48a",
    "value": {
      "depends": [
        "8ff529a0-ef2d-48e1-9638-743a707d4a30"
      ]
    },
    "versionCode": 0
  },
  "8ff529a0-ef2d-48e1-9638-743a707d4a30@f9941": {
    "url": "db://assets/sprite/Botón_Jugar (3).png@f9941",
    "value": {
      "depends": [
        "8ff529a0-ef2d-48e1-9638-743a707d4a30@6c48a"
      ]
    },
    "versionCode": 0
  },
  "9c1a6d00-c317-4846-a0d2-074f16fd9520": {
    "url": "db://assets/sprite/Botón_Jugar_h (3).png",
    "value": {},
    "versionCode": 0
  },
  "9c1a6d00-c317-4846-a0d2-074f16fd9520@6c48a": {
    "url": "db://assets/sprite/Botón_Jugar_h (3).png@6c48a",
    "value": {
      "depends": [
        "9c1a6d00-c317-4846-a0d2-074f16fd9520"
      ]
    },
    "versionCode": 0
  },
  "9c1a6d00-c317-4846-a0d2-074f16fd9520@f9941": {
    "url": "db://assets/sprite/Botón_Jugar_h (3).png@f9941",
    "value": {
      "depends": [
        "9c1a6d00-c317-4846-a0d2-074f16fd9520@6c48a"
      ]
    },
    "versionCode": 0
  },
  "60d2eb96-de10-4648-8f8f-f669a3b3bceb": {
    "url": "db://assets/sprite/CarlsJunior_logo.png",
    "value": {
      "depends": []
    },
    "versionCode": 0
  },
  "60d2eb96-de10-4648-8f8f-f669a3b3bceb@6c48a": {
    "url": "db://assets/sprite/CarlsJunior_logo.png@6c48a",
    "value": {
      "depends": [
        "60d2eb96-de10-4648-8f8f-f669a3b3bceb"
      ]
    },
    "versionCode": 0
  },
  "60d2eb96-de10-4648-8f8f-f669a3b3bceb@f9941": {
    "url": "db://assets/sprite/CarlsJunior_logo.png@f9941",
    "value": {
      "depends": [
        "60d2eb96-de10-4648-8f8f-f669a3b3bceb@6c48a"
      ]
    },
    "versionCode": 0
  },
  "0a2c064f-8182-4af2-981e-be86be9afc06": {
    "url": "db://assets/sprite/balon.png",
    "value": {
      "depends": []
    },
    "versionCode": 0
  },
  "0a2c064f-8182-4af2-981e-be86be9afc06@6c48a": {
    "url": "db://assets/sprite/balon.png@6c48a",
    "value": {
      "depends": [
        "0a2c064f-8182-4af2-981e-be86be9afc06"
      ]
    },
    "versionCode": 0
  },
  "0a2c064f-8182-4af2-981e-be86be9afc06@f9941": {
    "url": "db://assets/sprite/balon.png@f9941",
    "value": {
      "depends": [
        "0a2c064f-8182-4af2-981e-be86be9afc06@6c48a"
      ]
    },
    "versionCode": 0
  },
  "e0cfac56-5976-46ba-9bb0-537465118c6c": {
    "url": "db://assets/sprite/ChivasLogo.png",
    "value": {},
    "versionCode": 0
  },
  "e0cfac56-5976-46ba-9bb0-537465118c6c@6c48a": {
    "url": "db://assets/sprite/ChivasLogo.png@6c48a",
    "value": {
      "depends": [
        "e0cfac56-5976-46ba-9bb0-537465118c6c"
      ]
    },
    "versionCode": 0
  },
  "e0cfac56-5976-46ba-9bb0-537465118c6c@f9941": {
    "url": "db://assets/sprite/ChivasLogo.png@f9941",
    "value": {
      "depends": [
        "e0cfac56-5976-46ba-9bb0-537465118c6c@6c48a"
      ]
    },
    "versionCode": 0
  },
  "a94cd87e-3a3d-4c63-a528-4ff43b232ac1": {
    "url": "db://assets/sprite/Estrellas.png",
    "value": {
      "depends": []
    },
    "versionCode": 0
  },
  "a94cd87e-3a3d-4c63-a528-4ff43b232ac1@6c48a": {
    "url": "db://assets/sprite/Estrellas.png@6c48a",
    "value": {
      "depends": [
        "a94cd87e-3a3d-4c63-a528-4ff43b232ac1"
      ]
    },
    "versionCode": 0
  },
  "a94cd87e-3a3d-4c63-a528-4ff43b232ac1@f9941": {
    "url": "db://assets/sprite/Estrellas.png@f9941",
    "value": {
      "depends": [
        "a94cd87e-3a3d-4c63-a528-4ff43b232ac1@6c48a"
      ]
    },
    "versionCode": 0
  },
  "6ad951f1-5257-4115-856b-a06a96b4cd09": {
    "url": "db://assets/sprite/balon_brillo.png",
    "value": {
      "depends": []
    },
    "versionCode": 0
  },
  "6ad951f1-5257-4115-856b-a06a96b4cd09@6c48a": {
    "url": "db://assets/sprite/balon_brillo.png@6c48a",
    "value": {
      "depends": [
        "6ad951f1-5257-4115-856b-a06a96b4cd09"
      ]
    },
    "versionCode": 0
  },
  "6ad951f1-5257-4115-856b-a06a96b4cd09@f9941": {
    "url": "db://assets/sprite/balon_brillo.png@f9941",
    "value": {
      "depends": [
        "6ad951f1-5257-4115-856b-a06a96b4cd09@6c48a"
      ]
    },
    "versionCode": 0
  },
  "c9db0a1e-890c-40ce-9d69-637281ac565a": {
    "url": "db://assets/sprite/Botón_salir_h (3).png",
    "value": {},
    "versionCode": 0
  },
  "c9db0a1e-890c-40ce-9d69-637281ac565a@6c48a": {
    "url": "db://assets/sprite/Botón_salir_h (3).png@6c48a",
    "value": {
      "depends": [
        "c9db0a1e-890c-40ce-9d69-637281ac565a"
      ]
    },
    "versionCode": 0
  },
  "c9db0a1e-890c-40ce-9d69-637281ac565a@f9941": {
    "url": "db://assets/sprite/Botón_salir_h (3).png@f9941",
    "value": {
      "depends": [
        "c9db0a1e-890c-40ce-9d69-637281ac565a@6c48a"
      ]
    },
    "versionCode": 0
  },
  "e6132efe-3400-4700-9577-1afb8825d530": {
    "url": "db://assets/sprite/Botón_salir (3).png",
    "value": {},
    "versionCode": 0
  },
  "e6132efe-3400-4700-9577-1afb8825d530@6c48a": {
    "url": "db://assets/sprite/Botón_salir (3).png@6c48a",
    "value": {
      "depends": [
        "e6132efe-3400-4700-9577-1afb8825d530"
      ]
    },
    "versionCode": 0
  },
  "e6132efe-3400-4700-9577-1afb8825d530@f9941": {
    "url": "db://assets/sprite/Botón_salir (3).png@f9941",
    "value": {
      "depends": [
        "e6132efe-3400-4700-9577-1afb8825d530@6c48a"
      ]
    },
    "versionCode": 0
  },
  "3cfe0391-b4c4-431e-8669-e854d9f5abf7": {
    "url": "db://assets/sprite/felicidades_estrellas.png",
    "value": {
      "depends": []
    },
    "versionCode": 0
  },
  "3cfe0391-b4c4-431e-8669-e854d9f5abf7@6c48a": {
    "url": "db://assets/sprite/felicidades_estrellas.png@6c48a",
    "value": {
      "depends": [
        "3cfe0391-b4c4-431e-8669-e854d9f5abf7"
      ]
    },
    "versionCode": 0
  },
  "3cfe0391-b4c4-431e-8669-e854d9f5abf7@f9941": {
    "url": "db://assets/sprite/felicidades_estrellas.png@f9941",
    "value": {
      "depends": [
        "3cfe0391-b4c4-431e-8669-e854d9f5abf7@6c48a"
      ]
    },
    "versionCode": 0
  },
  "ff925bf3-94cc-45a9-8bdc-ee30d196e287": {
    "url": "db://assets/Particle/brillo.prefab",
    "value": {
      "depends": [
        "f42a6522-25af-48f9-b506-f1c60150b7a1",
        "24c419ea-63a8-4ea1-a9d0-7fc469489bbc@f9941"
      ],
      "dependScripts": []
    },
    "versionCode": 0
  },
  "5af34af0-0b22-4515-9561-978aa49ba11f": {
    "url": "db://assets/sprite/png-transparent-world-of-coca-cola-fizzy-drinks-diet-coke-cola-company-text-logo.png",
    "value": {},
    "versionCode": 0
  },
  "5af34af0-0b22-4515-9561-978aa49ba11f@6c48a": {
    "url": "db://assets/sprite/png-transparent-world-of-coca-cola-fizzy-drinks-diet-coke-cola-company-text-logo.png@6c48a",
    "value": {
      "depends": [
        "5af34af0-0b22-4515-9561-978aa49ba11f"
      ]
    },
    "versionCode": 0
  },
  "5af34af0-0b22-4515-9561-978aa49ba11f@f9941": {
    "url": "db://assets/sprite/png-transparent-world-of-coca-cola-fizzy-drinks-diet-coke-cola-company-text-logo.png@f9941",
    "value": {
      "depends": [
        "5af34af0-0b22-4515-9561-978aa49ba11f@6c48a"
      ]
    },
    "versionCode": 0
  },
  "3f727f12-0043-456e-ae58-422e9c144fce": {
    "url": "db://assets/sprite/balon-seleccion.png",
    "value": {
      "depends": []
    },
    "versionCode": 0
  },
  "3f727f12-0043-456e-ae58-422e9c144fce@6c48a": {
    "url": "db://assets/sprite/balon-seleccion.png@6c48a",
    "value": {
      "depends": [
        "3f727f12-0043-456e-ae58-422e9c144fce"
      ]
    },
    "versionCode": 0
  },
  "3f727f12-0043-456e-ae58-422e9c144fce@f9941": {
    "url": "db://assets/sprite/balon-seleccion.png@f9941",
    "value": {
      "depends": [
        "3f727f12-0043-456e-ae58-422e9c144fce@6c48a"
      ]
    },
    "versionCode": 0
  },
  "1142d5a1-d4f8-43db-80e8-28fd6098efcc": {
    "url": "db://assets/sprite/balon-seleccion-brillo.png",
    "value": {
      "depends": []
    },
    "versionCode": 0
  },
  "1142d5a1-d4f8-43db-80e8-28fd6098efcc@6c48a": {
    "url": "db://assets/sprite/balon-seleccion-brillo.png@6c48a",
    "value": {
      "depends": [
        "1142d5a1-d4f8-43db-80e8-28fd6098efcc"
      ]
    },
    "versionCode": 0
  },
  "1142d5a1-d4f8-43db-80e8-28fd6098efcc@f9941": {
    "url": "db://assets/sprite/balon-seleccion-brillo.png@f9941",
    "value": {
      "depends": [
        "1142d5a1-d4f8-43db-80e8-28fd6098efcc@6c48a"
      ]
    },
    "versionCode": 0
  },
  "8f196f4f-d7fd-41d3-a1f2-d4bceb689447": {
    "url": "db://assets/sprite/Boton_Salir.png",
    "value": {},
    "versionCode": 0
  },
  "8f196f4f-d7fd-41d3-a1f2-d4bceb689447@6c48a": {
    "url": "db://assets/sprite/Boton_Salir.png@6c48a",
    "value": {
      "depends": [
        "8f196f4f-d7fd-41d3-a1f2-d4bceb689447"
      ]
    },
    "versionCode": 0
  },
  "8f196f4f-d7fd-41d3-a1f2-d4bceb689447@f9941": {
    "url": "db://assets/sprite/Boton_Salir.png@f9941",
    "value": {
      "depends": [
        "8f196f4f-d7fd-41d3-a1f2-d4bceb689447@6c48a"
      ]
    },
    "versionCode": 0
  },
  "5230ee44-6ec1-4851-afd1-9ac61bc58f19": {
    "url": "db://assets/sprite/Boton_Jugar _press.png",
    "value": {},
    "versionCode": 0
  },
  "5230ee44-6ec1-4851-afd1-9ac61bc58f19@6c48a": {
    "url": "db://assets/sprite/Boton_Jugar _press.png@6c48a",
    "value": {
      "depends": [
        "5230ee44-6ec1-4851-afd1-9ac61bc58f19"
      ]
    },
    "versionCode": 0
  },
  "5230ee44-6ec1-4851-afd1-9ac61bc58f19@f9941": {
    "url": "db://assets/sprite/Boton_Jugar _press.png@f9941",
    "value": {
      "depends": [
        "5230ee44-6ec1-4851-afd1-9ac61bc58f19@6c48a"
      ]
    },
    "versionCode": 0
  },
  "6d8eb50f-4679-414c-858a-61c979994c76": {
    "url": "db://assets/sprite/Boton_Salir_h.png",
    "value": {},
    "versionCode": 0
  },
  "6d8eb50f-4679-414c-858a-61c979994c76@6c48a": {
    "url": "db://assets/sprite/Boton_Salir_h.png@6c48a",
    "value": {
      "depends": [
        "6d8eb50f-4679-414c-858a-61c979994c76"
      ]
    },
    "versionCode": 0
  },
  "6d8eb50f-4679-414c-858a-61c979994c76@f9941": {
    "url": "db://assets/sprite/Boton_Salir_h.png@f9941",
    "value": {
      "depends": [
        "6d8eb50f-4679-414c-858a-61c979994c76@6c48a"
      ]
    },
    "versionCode": 0
  },
  "543b360f-b245-4193-a403-288fd79402b2": {
    "url": "db://assets/sprite/Boton_Jugar.png",
    "value": {},
    "versionCode": 0
  },
  "543b360f-b245-4193-a403-288fd79402b2@6c48a": {
    "url": "db://assets/sprite/Boton_Jugar.png@6c48a",
    "value": {
      "depends": [
        "543b360f-b245-4193-a403-288fd79402b2"
      ]
    },
    "versionCode": 0
  },
  "543b360f-b245-4193-a403-288fd79402b2@f9941": {
    "url": "db://assets/sprite/Boton_Jugar.png@f9941",
    "value": {
      "depends": [
        "543b360f-b245-4193-a403-288fd79402b2@6c48a"
      ]
    },
    "versionCode": 0
  },
  "bfc32f48-9c4f-4749-94ed-6e1efea86a3f": {
    "url": "db://assets/sprite/Boton_Jugar_h.png",
    "value": {},
    "versionCode": 0
  },
  "bfc32f48-9c4f-4749-94ed-6e1efea86a3f@6c48a": {
    "url": "db://assets/sprite/Boton_Jugar_h.png@6c48a",
    "value": {
      "depends": [
        "bfc32f48-9c4f-4749-94ed-6e1efea86a3f"
      ]
    },
    "versionCode": 0
  },
  "bfc32f48-9c4f-4749-94ed-6e1efea86a3f@f9941": {
    "url": "db://assets/sprite/Boton_Jugar_h.png@f9941",
    "value": {
      "depends": [
        "bfc32f48-9c4f-4749-94ed-6e1efea86a3f@6c48a"
      ]
    },
    "versionCode": 0
  },
  "813d6a4c-3e57-4bf2-a785-a794ece853fa": {
    "url": "db://assets/sprite/Boton_Salir _press.png",
    "value": {},
    "versionCode": 0
  },
  "813d6a4c-3e57-4bf2-a785-a794ece853fa@6c48a": {
    "url": "db://assets/sprite/Boton_Salir _press.png@6c48a",
    "value": {
      "depends": [
        "813d6a4c-3e57-4bf2-a785-a794ece853fa"
      ]
    },
    "versionCode": 0
  },
  "813d6a4c-3e57-4bf2-a785-a794ece853fa@f9941": {
    "url": "db://assets/sprite/Boton_Salir _press.png@f9941",
    "value": {
      "depends": [
        "813d6a4c-3e57-4bf2-a785-a794ece853fa@6c48a"
      ]
    },
    "versionCode": 0
  },
  "8d2b7193-f4f2-4179-92e8-211267d5cf19": {
    "url": "db://assets/sprite/Boton_Salir_h.png",
    "value": {
      "depends": []
    },
    "versionCode": 0
  },
  "8d2b7193-f4f2-4179-92e8-211267d5cf19@6c48a": {
    "url": "db://assets/sprite/Boton_Salir_h.png@6c48a",
    "value": {
      "depends": [
        "8d2b7193-f4f2-4179-92e8-211267d5cf19"
      ]
    },
    "versionCode": 0
  },
  "8d2b7193-f4f2-4179-92e8-211267d5cf19@f9941": {
    "url": "db://assets/sprite/Boton_Salir_h.png@f9941",
    "value": {
      "depends": [
        "8d2b7193-f4f2-4179-92e8-211267d5cf19@6c48a"
      ]
    },
    "versionCode": 0
  },
  "631a843a-79d2-451a-af1f-f00bf6290ad5": {
    "url": "db://assets/sprite/Boton_Jugar _press.png",
    "value": {
      "depends": []
    },
    "versionCode": 0
  },
  "631a843a-79d2-451a-af1f-f00bf6290ad5@6c48a": {
    "url": "db://assets/sprite/Boton_Jugar _press.png@6c48a",
    "value": {
      "depends": [
        "631a843a-79d2-451a-af1f-f00bf6290ad5"
      ]
    },
    "versionCode": 0
  },
  "631a843a-79d2-451a-af1f-f00bf6290ad5@f9941": {
    "url": "db://assets/sprite/Boton_Jugar _press.png@f9941",
    "value": {
      "depends": [
        "631a843a-79d2-451a-af1f-f00bf6290ad5@6c48a"
      ]
    },
    "versionCode": 0
  },
  "63d40aa5-901e-4e37-a34a-fb131cc56b89": {
    "url": "db://assets/sprite/Boton_Jugar.png",
    "value": {
      "depends": []
    },
    "versionCode": 0
  },
  "63d40aa5-901e-4e37-a34a-fb131cc56b89@6c48a": {
    "url": "db://assets/sprite/Boton_Jugar.png@6c48a",
    "value": {
      "depends": [
        "63d40aa5-901e-4e37-a34a-fb131cc56b89"
      ]
    },
    "versionCode": 0
  },
  "63d40aa5-901e-4e37-a34a-fb131cc56b89@f9941": {
    "url": "db://assets/sprite/Boton_Jugar.png@f9941",
    "value": {
      "depends": [
        "63d40aa5-901e-4e37-a34a-fb131cc56b89@6c48a"
      ]
    },
    "versionCode": 0
  },
  "9f2e70a9-09f7-4dd6-a324-b9371bbfc83a": {
    "url": "db://assets/sprite/Boton_Jugar_h.png",
    "value": {
      "depends": []
    },
    "versionCode": 0
  },
  "9f2e70a9-09f7-4dd6-a324-b9371bbfc83a@6c48a": {
    "url": "db://assets/sprite/Boton_Jugar_h.png@6c48a",
    "value": {
      "depends": [
        "9f2e70a9-09f7-4dd6-a324-b9371bbfc83a"
      ]
    },
    "versionCode": 0
  },
  "9f2e70a9-09f7-4dd6-a324-b9371bbfc83a@f9941": {
    "url": "db://assets/sprite/Boton_Jugar_h.png@f9941",
    "value": {
      "depends": [
        "9f2e70a9-09f7-4dd6-a324-b9371bbfc83a@6c48a"
      ]
    },
    "versionCode": 0
  },
  "16d0af0e-a486-4193-a592-843dafd4ede8": {
    "url": "db://assets/sprite/Boton_Salir _press.png",
    "value": {
      "depends": []
    },
    "versionCode": 0
  },
  "16d0af0e-a486-4193-a592-843dafd4ede8@6c48a": {
    "url": "db://assets/sprite/Boton_Salir _press.png@6c48a",
    "value": {
      "depends": [
        "16d0af0e-a486-4193-a592-843dafd4ede8"
      ]
    },
    "versionCode": 0
  },
  "16d0af0e-a486-4193-a592-843dafd4ede8@f9941": {
    "url": "db://assets/sprite/Boton_Salir _press.png@f9941",
    "value": {
      "depends": [
        "16d0af0e-a486-4193-a592-843dafd4ede8@6c48a"
      ]
    },
    "versionCode": 0
  },
  "f87d448c-d0ee-4034-8ccc-47cf8d7cf966": {
    "url": "db://assets/sprite/Boton_Salir.png",
    "value": {
      "depends": []
    },
    "versionCode": 0
  },
  "f87d448c-d0ee-4034-8ccc-47cf8d7cf966@6c48a": {
    "url": "db://assets/sprite/Boton_Salir.png@6c48a",
    "value": {
      "depends": [
        "f87d448c-d0ee-4034-8ccc-47cf8d7cf966"
      ]
    },
    "versionCode": 0
  },
  "f87d448c-d0ee-4034-8ccc-47cf8d7cf966@f9941": {
    "url": "db://assets/sprite/Boton_Salir.png@f9941",
    "value": {
      "depends": [
        "f87d448c-d0ee-4034-8ccc-47cf8d7cf966@6c48a"
      ]
    },
    "versionCode": 0
  },
  "7cdca724-8c21-456b-883d-e070d35289f6": {
    "url": "db://assets/sprite/Fondo.png",
    "value": {
      "depends": []
    },
    "versionCode": 0
  },
  "7cdca724-8c21-456b-883d-e070d35289f6@6c48a": {
    "url": "db://assets/sprite/Fondo.png@6c48a",
    "value": {
      "depends": [
        "7cdca724-8c21-456b-883d-e070d35289f6"
      ]
    },
    "versionCode": 0
  },
  "7cdca724-8c21-456b-883d-e070d35289f6@f9941": {
    "url": "db://assets/sprite/Fondo.png@f9941",
    "value": {
      "depends": [
        "7cdca724-8c21-456b-883d-e070d35289f6@6c48a"
      ]
    },
    "versionCode": 0
  },
  "d40f733c-2bf5-41db-8a3f-049c23b50b25": {
    "url": "db://assets/sprite/logoJuego.png",
    "value": {},
    "versionCode": 0
  },
  "d40f733c-2bf5-41db-8a3f-049c23b50b25@6c48a": {
    "url": "db://assets/sprite/logoJuego.png@6c48a",
    "value": {
      "depends": [
        "d40f733c-2bf5-41db-8a3f-049c23b50b25"
      ]
    },
    "versionCode": 0
  },
  "d40f733c-2bf5-41db-8a3f-049c23b50b25@f9941": {
    "url": "db://assets/sprite/logoJuego.png@f9941",
    "value": {
      "depends": [
        "d40f733c-2bf5-41db-8a3f-049c23b50b25@6c48a"
      ]
    },
    "versionCode": 0
  },
  "205abed2-9b4a-403c-8e1f-57ff40ded01c": {
    "url": "db://assets/sprite/Logo.png",
    "value": {},
    "versionCode": 0
  },
  "205abed2-9b4a-403c-8e1f-57ff40ded01c@6c48a": {
    "url": "db://assets/sprite/Logo.png@6c48a",
    "value": {
      "depends": [
        "205abed2-9b4a-403c-8e1f-57ff40ded01c"
      ]
    },
    "versionCode": 0
  },
  "205abed2-9b4a-403c-8e1f-57ff40ded01c@f9941": {
    "url": "db://assets/sprite/Logo.png@f9941",
    "value": {
      "depends": [
        "205abed2-9b4a-403c-8e1f-57ff40ded01c@6c48a"
      ]
    },
    "versionCode": 0
  },
  "e2ce8252-6dcb-4d8e-a777-56fb467f61a2": {
    "url": "db://assets/sprite/instruccion_texto.png",
    "value": {
      "depends": []
    },
    "versionCode": 0
  },
  "e2ce8252-6dcb-4d8e-a777-56fb467f61a2@6c48a": {
    "url": "db://assets/sprite/instruccion_texto.png@6c48a",
    "value": {
      "depends": [
        "e2ce8252-6dcb-4d8e-a777-56fb467f61a2"
      ]
    },
    "versionCode": 0
  },
  "e2ce8252-6dcb-4d8e-a777-56fb467f61a2@f9941": {
    "url": "db://assets/sprite/instruccion_texto.png@f9941",
    "value": {
      "depends": [
        "e2ce8252-6dcb-4d8e-a777-56fb467f61a2@6c48a"
      ]
    },
    "versionCode": 0
  },
  "3cc954c0-d2b2-43f3-a1d4-5530fd74de30": {
    "url": "db://assets/sprite/Adidas-Logo.png",
    "value": {},
    "versionCode": 0
  },
  "3cc954c0-d2b2-43f3-a1d4-5530fd74de30@6c48a": {
    "url": "db://assets/sprite/Adidas-Logo.png@6c48a",
    "value": {
      "depends": [
        "3cc954c0-d2b2-43f3-a1d4-5530fd74de30"
      ]
    },
    "versionCode": 0
  },
  "3cc954c0-d2b2-43f3-a1d4-5530fd74de30@f9941": {
    "url": "db://assets/sprite/Adidas-Logo.png@f9941",
    "value": {
      "depends": [
        "3cc954c0-d2b2-43f3-a1d4-5530fd74de30@6c48a"
      ]
    },
    "versionCode": 0
  },
  "17ec04fc-dcf6-4fcc-9b54-0335db53db98": {
    "url": "db://assets/sprite/Felicidades.png",
    "value": {
      "depends": []
    },
    "versionCode": 0
  },
  "17ec04fc-dcf6-4fcc-9b54-0335db53db98@6c48a": {
    "url": "db://assets/sprite/Felicidades.png@6c48a",
    "value": {
      "depends": [
        "17ec04fc-dcf6-4fcc-9b54-0335db53db98"
      ]
    },
    "versionCode": 0
  },
  "17ec04fc-dcf6-4fcc-9b54-0335db53db98@f9941": {
    "url": "db://assets/sprite/Felicidades.png@f9941",
    "value": {
      "depends": [
        "17ec04fc-dcf6-4fcc-9b54-0335db53db98@6c48a"
      ]
    },
    "versionCode": 0
  },
  "dcc454dc-6d33-4614-b715-3af8ab8cf811": {
    "url": "db://assets/sprite/Logo_juego.png",
    "value": {
      "depends": []
    },
    "versionCode": 0
  },
  "dcc454dc-6d33-4614-b715-3af8ab8cf811@6c48a": {
    "url": "db://assets/sprite/Logo_juego.png@6c48a",
    "value": {
      "depends": [
        "dcc454dc-6d33-4614-b715-3af8ab8cf811"
      ]
    },
    "versionCode": 0
  },
  "dcc454dc-6d33-4614-b715-3af8ab8cf811@f9941": {
    "url": "db://assets/sprite/Logo_juego.png@f9941",
    "value": {
      "depends": [
        "dcc454dc-6d33-4614-b715-3af8ab8cf811@6c48a"
      ]
    },
    "versionCode": 0
  },
  "d115c56b-44cf-49c8-991a-b8e737a06d2d": {
    "url": "db://assets/sprite/Logo-banorte.png",
    "value": {},
    "versionCode": 0
  },
  "d115c56b-44cf-49c8-991a-b8e737a06d2d@6c48a": {
    "url": "db://assets/sprite/Logo-banorte.png@6c48a",
    "value": {
      "depends": [
        "d115c56b-44cf-49c8-991a-b8e737a06d2d"
      ]
    },
    "versionCode": 0
  },
  "d115c56b-44cf-49c8-991a-b8e737a06d2d@f9941": {
    "url": "db://assets/sprite/Logo-banorte.png@f9941",
    "value": {
      "depends": [
        "d115c56b-44cf-49c8-991a-b8e737a06d2d@6c48a"
      ]
    },
    "versionCode": 0
  },
  "48633c3a-5f28-4efc-bde2-f7f9c6d5f462": {
    "url": "db://assets/sprite/Logo-Caliente.png",
    "value": {},
    "versionCode": 0
  },
  "48633c3a-5f28-4efc-bde2-f7f9c6d5f462@6c48a": {
    "url": "db://assets/sprite/Logo-Caliente.png@6c48a",
    "value": {
      "depends": [
        "48633c3a-5f28-4efc-bde2-f7f9c6d5f462"
      ]
    },
    "versionCode": 0
  },
  "48633c3a-5f28-4efc-bde2-f7f9c6d5f462@f9941": {
    "url": "db://assets/sprite/Logo-Caliente.png@f9941",
    "value": {
      "depends": [
        "48633c3a-5f28-4efc-bde2-f7f9c6d5f462@6c48a"
      ]
    },
    "versionCode": 0
  },
  "ac92c169-873d-4f88-82d2-00ba02f05097": {
    "url": "db://assets/sprite/mobil-logo-png_seeklogo-93861.png",
    "value": {},
    "versionCode": 0
  },
  "ac92c169-873d-4f88-82d2-00ba02f05097@6c48a": {
    "url": "db://assets/sprite/mobil-logo-png_seeklogo-93861.png@6c48a",
    "value": {
      "depends": [
        "ac92c169-873d-4f88-82d2-00ba02f05097"
      ]
    },
    "versionCode": 0
  },
  "ac92c169-873d-4f88-82d2-00ba02f05097@f9941": {
    "url": "db://assets/sprite/mobil-logo-png_seeklogo-93861.png@f9941",
    "value": {
      "depends": [
        "ac92c169-873d-4f88-82d2-00ba02f05097@6c48a"
      ]
    },
    "versionCode": 0
  },
  "b17dacb9-010e-4ae5-a8f4-1d5f559ea789": {
    "url": "db://assets/sprite/mobil-logo-png_seeklogo-93861-2.png",
    "value": {},
    "versionCode": 0
  },
  "b17dacb9-010e-4ae5-a8f4-1d5f559ea789@6c48a": {
    "url": "db://assets/sprite/mobil-logo-png_seeklogo-93861-2.png@6c48a",
    "value": {
      "depends": [
        "b17dacb9-010e-4ae5-a8f4-1d5f559ea789"
      ]
    },
    "versionCode": 0
  },
  "b17dacb9-010e-4ae5-a8f4-1d5f559ea789@f9941": {
    "url": "db://assets/sprite/mobil-logo-png_seeklogo-93861-2.png@f9941",
    "value": {
      "depends": [
        "b17dacb9-010e-4ae5-a8f4-1d5f559ea789@6c48a"
      ]
    },
    "versionCode": 0
  },
  "e093a02c-ab76-4e0e-95a2-b2e713d80463": {
    "url": "db://assets/sprite/Logotipo_izzi_negativo.png",
    "value": {
      "depends": []
    },
    "versionCode": 0
  },
  "e093a02c-ab76-4e0e-95a2-b2e713d80463@6c48a": {
    "url": "db://assets/sprite/Logotipo_izzi_negativo.png@6c48a",
    "value": {
      "depends": [
        "e093a02c-ab76-4e0e-95a2-b2e713d80463"
      ]
    },
    "versionCode": 0
  },
  "e093a02c-ab76-4e0e-95a2-b2e713d80463@f9941": {
    "url": "db://assets/sprite/Logotipo_izzi_negativo.png@f9941",
    "value": {
      "depends": [
        "e093a02c-ab76-4e0e-95a2-b2e713d80463@6c48a"
      ]
    },
    "versionCode": 0
  },
  "f6220ab7-67f3-4106-ab45-0cad9e2ceb91": {
    "url": "db://assets/sprite/png-transparent-canel-039-s-hd-logo.png",
    "value": {
      "depends": []
    },
    "versionCode": 0
  },
  "f6220ab7-67f3-4106-ab45-0cad9e2ceb91@6c48a": {
    "url": "db://assets/sprite/png-transparent-canel-039-s-hd-logo.png@6c48a",
    "value": {
      "depends": [
        "f6220ab7-67f3-4106-ab45-0cad9e2ceb91"
      ]
    },
    "versionCode": 0
  },
  "f6220ab7-67f3-4106-ab45-0cad9e2ceb91@f9941": {
    "url": "db://assets/sprite/png-transparent-canel-039-s-hd-logo.png@f9941",
    "value": {
      "depends": [
        "f6220ab7-67f3-4106-ab45-0cad9e2ceb91@6c48a"
      ]
    },
    "versionCode": 0
  },
  "1bd57e46-6a30-48cf-89d8-37174c75f27c": {
    "url": "db://assets/sprite/fan atletico.png",
    "value": {
      "depends": []
    },
    "versionCode": 0
  },
  "1bd57e46-6a30-48cf-89d8-37174c75f27c@6c48a": {
    "url": "db://assets/sprite/fan atletico.png@6c48a",
    "value": {
      "depends": [
        "1bd57e46-6a30-48cf-89d8-37174c75f27c"
      ]
    },
    "versionCode": 0
  },
  "1bd57e46-6a30-48cf-89d8-37174c75f27c@f9941": {
    "url": "db://assets/sprite/fan atletico.png@f9941",
    "value": {
      "depends": [
        "1bd57e46-6a30-48cf-89d8-37174c75f27c@6c48a"
      ]
    },
    "versionCode": 0
  },
  "a69b9b28-4a16-430e-85a2-b8e2d877b23f": {
    "url": "db://assets/scenes/inst.scene",
    "value": {
      "depends": [
        "a69b9b28-4a16-430e-85a2-b8e2d877b23f",
        "203acb8c-a750-4340-a718-a22a193147a8@f9941",
        "67a1f01c-7838-4005-a0fb-e138d1898408@f9941",
        "1dcc7e16-d6fa-459b-b2f4-7293c4c674e5@f9941",
        "951249e0-9f16-456d-8b85-a6ca954da16b@f9941",
        "f6220ab7-67f3-4106-ab45-0cad9e2ceb91@f9941",
        "1bd57e46-6a30-48cf-89d8-37174c75f27c@f9941",
        "e2ce8252-6dcb-4d8e-a777-56fb467f61a2@f9941",
        "4b988742-97c4-46c3-b77e-8ac4eaaa3d46@f9941"
      ],
      "dependScripts": [
        "a48ba88b-3c96-47d1-9b93-39739e84b177",
        "5718d97a-c13d-44d1-be0b-1d3ce5918302"
      ]
    },
    "versionCode": 0
  },
  "da56bf37-351d-49b9-951b-d9e2e2bf2725": {
    "url": "db://assets/sprite/Canoneros",
    "value": {},
    "versionCode": 0
  },
  "4b988742-97c4-46c3-b77e-8ac4eaaa3d46": {
    "url": "db://assets/sprite/Canoneros/Can_03_inst.png",
    "value": {
      "depends": []
    },
    "versionCode": 0
  },
  "4b988742-97c4-46c3-b77e-8ac4eaaa3d46@6c48a": {
    "url": "db://assets/sprite/Canoneros/Can_03_inst.png@6c48a",
    "value": {
      "depends": [
        "4b988742-97c4-46c3-b77e-8ac4eaaa3d46"
      ]
    },
    "versionCode": 0
  },
  "4b988742-97c4-46c3-b77e-8ac4eaaa3d46@f9941": {
    "url": "db://assets/sprite/Canoneros/Can_03_inst.png@f9941",
    "value": {
      "depends": [
        "4b988742-97c4-46c3-b77e-8ac4eaaa3d46@6c48a"
      ]
    },
    "versionCode": 0
  },
  "98b2b3e6-e8e2-43d8-9be4-2f403f3bd322": {
    "url": "db://assets/sprite/Canoneros/Can_03_juego.png",
    "value": {
      "depends": []
    },
    "versionCode": 0
  },
  "98b2b3e6-e8e2-43d8-9be4-2f403f3bd322@6c48a": {
    "url": "db://assets/sprite/Canoneros/Can_03_juego.png@6c48a",
    "value": {
      "depends": [
        "98b2b3e6-e8e2-43d8-9be4-2f403f3bd322"
      ]
    },
    "versionCode": 0
  },
  "98b2b3e6-e8e2-43d8-9be4-2f403f3bd322@f9941": {
    "url": "db://assets/sprite/Canoneros/Can_03_juego.png@f9941",
    "value": {
      "depends": [
        "98b2b3e6-e8e2-43d8-9be4-2f403f3bd322@6c48a"
      ]
    },
    "versionCode": 0
  },
  "a5eb00a4-c3fd-4ee0-ba63-03b58d170e2f": {
    "url": "db://assets/sprite/Canoneros/Can_03_portada.png",
    "value": {},
    "versionCode": 0
  },
  "a5eb00a4-c3fd-4ee0-ba63-03b58d170e2f@6c48a": {
    "url": "db://assets/sprite/Canoneros/Can_03_portada.png@6c48a",
    "value": {
      "depends": [
        "a5eb00a4-c3fd-4ee0-ba63-03b58d170e2f"
      ]
    },
    "versionCode": 0
  },
  "a5eb00a4-c3fd-4ee0-ba63-03b58d170e2f@f9941": {
    "url": "db://assets/sprite/Canoneros/Can_03_portada.png@f9941",
    "value": {
      "depends": [
        "a5eb00a4-c3fd-4ee0-ba63-03b58d170e2f@6c48a"
      ]
    },
    "versionCode": 0
  },
  "535bdf7d-4cf1-42d1-9550-e0cc505a0d05": {
    "url": "db://assets/sprite/Canoneros/Jugar_Btn_p.png",
    "value": {
      "depends": []
    },
    "versionCode": 0
  },
  "535bdf7d-4cf1-42d1-9550-e0cc505a0d05@6c48a": {
    "url": "db://assets/sprite/Canoneros/Jugar_Btn_p.png@6c48a",
    "value": {
      "depends": [
        "535bdf7d-4cf1-42d1-9550-e0cc505a0d05"
      ]
    },
    "versionCode": 0
  },
  "535bdf7d-4cf1-42d1-9550-e0cc505a0d05@f9941": {
    "url": "db://assets/sprite/Canoneros/Jugar_Btn_p.png@f9941",
    "value": {
      "depends": [
        "535bdf7d-4cf1-42d1-9550-e0cc505a0d05@6c48a"
      ]
    },
    "versionCode": 0
  },
  "48ae7960-9065-496f-b468-cfe20aec3739": {
    "url": "db://assets/sprite/Canoneros/Jugar_Btn_h.png",
    "value": {
      "depends": []
    },
    "versionCode": 0
  },
  "48ae7960-9065-496f-b468-cfe20aec3739@6c48a": {
    "url": "db://assets/sprite/Canoneros/Jugar_Btn_h.png@6c48a",
    "value": {
      "depends": [
        "48ae7960-9065-496f-b468-cfe20aec3739"
      ]
    },
    "versionCode": 0
  },
  "48ae7960-9065-496f-b468-cfe20aec3739@f9941": {
    "url": "db://assets/sprite/Canoneros/Jugar_Btn_h.png@f9941",
    "value": {
      "depends": [
        "48ae7960-9065-496f-b468-cfe20aec3739@6c48a"
      ]
    },
    "versionCode": 0
  },
  "f75ddc20-a12f-4a41-8bf7-fa36d623e941": {
    "url": "db://assets/sprite/Canoneros/Logo_C.png",
    "value": {
      "depends": []
    },
    "versionCode": 0
  },
  "f75ddc20-a12f-4a41-8bf7-fa36d623e941@6c48a": {
    "url": "db://assets/sprite/Canoneros/Logo_C.png@6c48a",
    "value": {
      "depends": [
        "f75ddc20-a12f-4a41-8bf7-fa36d623e941"
      ]
    },
    "versionCode": 0
  },
  "f75ddc20-a12f-4a41-8bf7-fa36d623e941@f9941": {
    "url": "db://assets/sprite/Canoneros/Logo_C.png@f9941",
    "value": {
      "depends": [
        "f75ddc20-a12f-4a41-8bf7-fa36d623e941@6c48a"
      ]
    },
    "versionCode": 0
  },
  "2bd54f1e-966a-4faa-8b98-f9627378242c": {
    "url": "db://assets/sprite/Canoneros/Salir_Btn.png",
    "value": {
      "depends": []
    },
    "versionCode": 0
  },
  "2bd54f1e-966a-4faa-8b98-f9627378242c@6c48a": {
    "url": "db://assets/sprite/Canoneros/Salir_Btn.png@6c48a",
    "value": {
      "depends": [
        "2bd54f1e-966a-4faa-8b98-f9627378242c"
      ]
    },
    "versionCode": 0
  },
  "2bd54f1e-966a-4faa-8b98-f9627378242c@f9941": {
    "url": "db://assets/sprite/Canoneros/Salir_Btn.png@f9941",
    "value": {
      "depends": [
        "2bd54f1e-966a-4faa-8b98-f9627378242c@6c48a"
      ]
    },
    "versionCode": 0
  },
  "6fb3214e-9efc-4ca5-97c5-ac6998099fd7": {
    "url": "db://assets/sprite/Canoneros/Can_marco.png",
    "value": {
      "depends": []
    },
    "versionCode": 0
  },
  "6fb3214e-9efc-4ca5-97c5-ac6998099fd7@6c48a": {
    "url": "db://assets/sprite/Canoneros/Can_marco.png@6c48a",
    "value": {
      "depends": [
        "6fb3214e-9efc-4ca5-97c5-ac6998099fd7"
      ]
    },
    "versionCode": 0
  },
  "6fb3214e-9efc-4ca5-97c5-ac6998099fd7@f9941": {
    "url": "db://assets/sprite/Canoneros/Can_marco.png@f9941",
    "value": {
      "depends": [
        "6fb3214e-9efc-4ca5-97c5-ac6998099fd7@6c48a"
      ]
    },
    "versionCode": 0
  },
  "d44596a6-028f-42e8-b2a0-ea4f3a1ef8e0": {
    "url": "db://assets/sprite/Canoneros/Salir_Btn_p.png",
    "value": {
      "depends": []
    },
    "versionCode": 0
  },
  "d44596a6-028f-42e8-b2a0-ea4f3a1ef8e0@6c48a": {
    "url": "db://assets/sprite/Canoneros/Salir_Btn_p.png@6c48a",
    "value": {
      "depends": [
        "d44596a6-028f-42e8-b2a0-ea4f3a1ef8e0"
      ]
    },
    "versionCode": 0
  },
  "d44596a6-028f-42e8-b2a0-ea4f3a1ef8e0@f9941": {
    "url": "db://assets/sprite/Canoneros/Salir_Btn_p.png@f9941",
    "value": {
      "depends": [
        "d44596a6-028f-42e8-b2a0-ea4f3a1ef8e0@6c48a"
      ]
    },
    "versionCode": 0
  },
  "c7e2c28d-d214-4fb9-9c54-cc8c972089a7": {
    "url": "db://assets/sprite/Canoneros/Salir_Btn_h.png",
    "value": {
      "depends": []
    },
    "versionCode": 0
  },
  "c7e2c28d-d214-4fb9-9c54-cc8c972089a7@6c48a": {
    "url": "db://assets/sprite/Canoneros/Salir_Btn_h.png@6c48a",
    "value": {
      "depends": [
        "c7e2c28d-d214-4fb9-9c54-cc8c972089a7"
      ]
    },
    "versionCode": 0
  },
  "c7e2c28d-d214-4fb9-9c54-cc8c972089a7@f9941": {
    "url": "db://assets/sprite/Canoneros/Salir_Btn_h.png@f9941",
    "value": {
      "depends": [
        "c7e2c28d-d214-4fb9-9c54-cc8c972089a7@6c48a"
      ]
    },
    "versionCode": 0
  },
  "0a5926ec-e9dc-49ef-8cc8-f2f64568690b": {
    "url": "db://assets/sprite/Canoneros/Inicio_Btn.png",
    "value": {
      "depends": []
    },
    "versionCode": 0
  },
  "0a5926ec-e9dc-49ef-8cc8-f2f64568690b@6c48a": {
    "url": "db://assets/sprite/Canoneros/Inicio_Btn.png@6c48a",
    "value": {
      "depends": [
        "0a5926ec-e9dc-49ef-8cc8-f2f64568690b"
      ]
    },
    "versionCode": 0
  },
  "0a5926ec-e9dc-49ef-8cc8-f2f64568690b@f9941": {
    "url": "db://assets/sprite/Canoneros/Inicio_Btn.png@f9941",
    "value": {
      "depends": [
        "0a5926ec-e9dc-49ef-8cc8-f2f64568690b@6c48a"
      ]
    },
    "versionCode": 0
  },
  "d9297953-1266-4a51-8df1-be76f8caed9a": {
    "url": "db://assets/sprite/Canoneros/fondo.png",
    "value": {},
    "versionCode": 0
  },
  "d9297953-1266-4a51-8df1-be76f8caed9a@6c48a": {
    "url": "db://assets/sprite/Canoneros/fondo.png@6c48a",
    "value": {
      "depends": [
        "d9297953-1266-4a51-8df1-be76f8caed9a"
      ]
    },
    "versionCode": 0
  },
  "d9297953-1266-4a51-8df1-be76f8caed9a@f9941": {
    "url": "db://assets/sprite/Canoneros/fondo.png@f9941",
    "value": {
      "depends": [
        "d9297953-1266-4a51-8df1-be76f8caed9a@6c48a"
      ]
    },
    "versionCode": 0
  },
  "11cea450-b238-407d-813b-edb36c0c2a36": {
    "url": "db://assets/sprite/Canoneros/Inicio_Btn_p.png",
    "value": {
      "depends": []
    },
    "versionCode": 0
  },
  "11cea450-b238-407d-813b-edb36c0c2a36@6c48a": {
    "url": "db://assets/sprite/Canoneros/Inicio_Btn_p.png@6c48a",
    "value": {
      "depends": [
        "11cea450-b238-407d-813b-edb36c0c2a36"
      ]
    },
    "versionCode": 0
  },
  "11cea450-b238-407d-813b-edb36c0c2a36@f9941": {
    "url": "db://assets/sprite/Canoneros/Inicio_Btn_p.png@f9941",
    "value": {
      "depends": [
        "11cea450-b238-407d-813b-edb36c0c2a36@6c48a"
      ]
    },
    "versionCode": 0
  },
  "4150dabe-0314-48d0-92cb-5da743cdea53": {
    "url": "db://assets/sprite/Canoneros/Inicio_Btn_h.png",
    "value": {
      "depends": []
    },
    "versionCode": 0
  },
  "4150dabe-0314-48d0-92cb-5da743cdea53@6c48a": {
    "url": "db://assets/sprite/Canoneros/Inicio_Btn_h.png@6c48a",
    "value": {
      "depends": [
        "4150dabe-0314-48d0-92cb-5da743cdea53"
      ]
    },
    "versionCode": 0
  },
  "4150dabe-0314-48d0-92cb-5da743cdea53@f9941": {
    "url": "db://assets/sprite/Canoneros/Inicio_Btn_h.png@f9941",
    "value": {
      "depends": [
        "4150dabe-0314-48d0-92cb-5da743cdea53@6c48a"
      ]
    },
    "versionCode": 0
  },
  "c7252cee-5013-4309-9283-6bc55c563373": {
    "url": "db://assets/sprite/Canoneros/Jugar_Btn.png",
    "value": {
      "depends": []
    },
    "versionCode": 0
  },
  "c7252cee-5013-4309-9283-6bc55c563373@6c48a": {
    "url": "db://assets/sprite/Canoneros/Jugar_Btn.png@6c48a",
    "value": {
      "depends": [
        "c7252cee-5013-4309-9283-6bc55c563373"
      ]
    },
    "versionCode": 0
  },
  "c7252cee-5013-4309-9283-6bc55c563373@f9941": {
    "url": "db://assets/sprite/Canoneros/Jugar_Btn.png@f9941",
    "value": {
      "depends": [
        "c7252cee-5013-4309-9283-6bc55c563373@6c48a"
      ]
    },
    "versionCode": 0
  },
  "ecaa0e0e-d0af-4631-acdf-a1105eecbc2b": {
    "url": "db://assets/Font",
    "value": {},
    "versionCode": 0
  },
  "14cb66e1-1efc-45d8-827b-a9a2deac908c": {
    "url": "db://assets/Font/Hey November.ttf",
    "value": {},
    "versionCode": 0
  },
  "5d844cc7-01e1-41cf-8b9c-db583fa1a5ae": {
    "url": "db://assets/Font/VanguardCF-Heavy.ttf",
    "value": {},
    "versionCode": 0
  },
  "5b0e1a4c-f0d6-4a91-a089-63114a68915d": {
    "url": "db://assets/Font/VanguardCF-Heavy.otf",
    "value": {},
    "versionCode": 0
  },
  "5e11dd7c-8d30-4ee1-8065-eb95829ee20a": {
    "url": "db://assets/scripts/ButtonMessage.ts",
    "value": {},
    "versionCode": 0
  },
  "5d5f290b-4e1b-4580-8582-f9351a205c1a": {
    "url": "db://assets/sprite/Canoneros/Fondo.png",
    "value": {
      "depends": []
    },
    "versionCode": 0
  },
  "5d5f290b-4e1b-4580-8582-f9351a205c1a@6c48a": {
    "url": "db://assets/sprite/Canoneros/Fondo.png@6c48a",
    "value": {
      "depends": [
        "5d5f290b-4e1b-4580-8582-f9351a205c1a"
      ]
    },
    "versionCode": 0
  },
  "5d5f290b-4e1b-4580-8582-f9351a205c1a@f9941": {
    "url": "db://assets/sprite/Canoneros/Fondo.png@f9941",
    "value": {
      "depends": [
        "5d5f290b-4e1b-4580-8582-f9351a205c1a@6c48a"
      ]
    },
    "versionCode": 0
  },
  "906a53f9-cc69-43ca-bd23-a23f59dd79ab": {
    "url": "db://assets/sprite/Canoneros/volver_p.png",
    "value": {
      "depends": []
    },
    "versionCode": 0
  },
  "906a53f9-cc69-43ca-bd23-a23f59dd79ab@6c48a": {
    "url": "db://assets/sprite/Canoneros/volver_p.png@6c48a",
    "value": {
      "depends": [
        "906a53f9-cc69-43ca-bd23-a23f59dd79ab"
      ]
    },
    "versionCode": 0
  },
  "906a53f9-cc69-43ca-bd23-a23f59dd79ab@f9941": {
    "url": "db://assets/sprite/Canoneros/volver_p.png@f9941",
    "value": {
      "depends": [
        "906a53f9-cc69-43ca-bd23-a23f59dd79ab@6c48a"
      ]
    },
    "versionCode": 0
  },
  "b2e68f18-79b9-4c52-813b-a8b70d725b10": {
    "url": "db://assets/sprite/Canoneros/volver.png",
    "value": {
      "depends": []
    },
    "versionCode": 0
  },
  "b2e68f18-79b9-4c52-813b-a8b70d725b10@6c48a": {
    "url": "db://assets/sprite/Canoneros/volver.png@6c48a",
    "value": {
      "depends": [
        "b2e68f18-79b9-4c52-813b-a8b70d725b10"
      ]
    },
    "versionCode": 0
  },
  "b2e68f18-79b9-4c52-813b-a8b70d725b10@f9941": {
    "url": "db://assets/sprite/Canoneros/volver.png@f9941",
    "value": {
      "depends": [
        "b2e68f18-79b9-4c52-813b-a8b70d725b10@6c48a"
      ]
    },
    "versionCode": 0
  },
  "b6fb20b9-acc2-4e88-bf09-f74ec4ffd8ce": {
    "url": "db://assets/sprite/Canoneros/volver_h.png",
    "value": {
      "depends": []
    },
    "versionCode": 0
  },
  "b6fb20b9-acc2-4e88-bf09-f74ec4ffd8ce@6c48a": {
    "url": "db://assets/sprite/Canoneros/volver_h.png@6c48a",
    "value": {
      "depends": [
        "b6fb20b9-acc2-4e88-bf09-f74ec4ffd8ce"
      ]
    },
    "versionCode": 0
  },
  "b6fb20b9-acc2-4e88-bf09-f74ec4ffd8ce@f9941": {
    "url": "db://assets/sprite/Canoneros/volver_h.png@f9941",
    "value": {
      "depends": [
        "b6fb20b9-acc2-4e88-bf09-f74ec4ffd8ce@6c48a"
      ]
    },
    "versionCode": 0
  },
  "91f30928-7bc1-4910-bf39-33e5e320ceda": {
    "url": "db://assets/sprite/Canoneros/inst_il.png",
    "value": {
      "depends": []
    },
    "versionCode": 0
  },
  "91f30928-7bc1-4910-bf39-33e5e320ceda@6c48a": {
    "url": "db://assets/sprite/Canoneros/inst_il.png@6c48a",
    "value": {
      "depends": [
        "91f30928-7bc1-4910-bf39-33e5e320ceda"
      ]
    },
    "versionCode": 0
  },
  "91f30928-7bc1-4910-bf39-33e5e320ceda@f9941": {
    "url": "db://assets/sprite/Canoneros/inst_il.png@f9941",
    "value": {
      "depends": [
        "91f30928-7bc1-4910-bf39-33e5e320ceda@6c48a"
      ]
    },
    "versionCode": 0
  },
  "203acb8c-a750-4340-a718-a22a193147a8": {
    "url": "db://assets/sprite/Canoneros/Siguiente_Btn.png",
    "value": {
      "depends": []
    },
    "versionCode": 0
  },
  "203acb8c-a750-4340-a718-a22a193147a8@6c48a": {
    "url": "db://assets/sprite/Canoneros/Siguiente_Btn.png@6c48a",
    "value": {
      "depends": [
        "203acb8c-a750-4340-a718-a22a193147a8"
      ]
    },
    "versionCode": 0
  },
  "203acb8c-a750-4340-a718-a22a193147a8@f9941": {
    "url": "db://assets/sprite/Canoneros/Siguiente_Btn.png@f9941",
    "value": {
      "depends": [
        "203acb8c-a750-4340-a718-a22a193147a8@6c48a"
      ]
    },
    "versionCode": 0
  },
  "67a1f01c-7838-4005-a0fb-e138d1898408": {
    "url": "db://assets/sprite/Canoneros/Siguiente_Btn_h.png",
    "value": {
      "depends": []
    },
    "versionCode": 0
  },
  "67a1f01c-7838-4005-a0fb-e138d1898408@6c48a": {
    "url": "db://assets/sprite/Canoneros/Siguiente_Btn_h.png@6c48a",
    "value": {
      "depends": [
        "67a1f01c-7838-4005-a0fb-e138d1898408"
      ]
    },
    "versionCode": 0
  },
  "67a1f01c-7838-4005-a0fb-e138d1898408@f9941": {
    "url": "db://assets/sprite/Canoneros/Siguiente_Btn_h.png@f9941",
    "value": {
      "depends": [
        "67a1f01c-7838-4005-a0fb-e138d1898408@6c48a"
      ]
    },
    "versionCode": 0
  },
  "1dcc7e16-d6fa-459b-b2f4-7293c4c674e5": {
    "url": "db://assets/sprite/Canoneros/Siguiente_Btn_p.png",
    "value": {
      "depends": []
    },
    "versionCode": 0
  },
  "1dcc7e16-d6fa-459b-b2f4-7293c4c674e5@6c48a": {
    "url": "db://assets/sprite/Canoneros/Siguiente_Btn_p.png@6c48a",
    "value": {
      "depends": [
        "1dcc7e16-d6fa-459b-b2f4-7293c4c674e5"
      ]
    },
    "versionCode": 0
  },
  "1dcc7e16-d6fa-459b-b2f4-7293c4c674e5@f9941": {
    "url": "db://assets/sprite/Canoneros/Siguiente_Btn_p.png@f9941",
    "value": {
      "depends": [
        "1dcc7e16-d6fa-459b-b2f4-7293c4c674e5@6c48a"
      ]
    },
    "versionCode": 0
  },
  "30a1df6e-7d20-4a2f-bc86-ead97b7e7210": {
    "url": "db://assets/scenes/inst-001.scene",
    "value": {},
    "versionCode": 0
  },
  "38db3dda-212f-4aed-ab13-a20f4cf7f138": {
    "url": "db://assets/sprite/PuntosFutbol2026 1 (1).png",
    "value": {
      "depends": []
    },
    "versionCode": 0
  },
  "38db3dda-212f-4aed-ab13-a20f4cf7f138@6c48a": {
    "url": "db://assets/sprite/PuntosFutbol2026 1 (1).png@6c48a",
    "value": {
      "depends": [
        "38db3dda-212f-4aed-ab13-a20f4cf7f138"
      ]
    },
    "versionCode": 0
  },
  "38db3dda-212f-4aed-ab13-a20f4cf7f138@f9941": {
    "url": "db://assets/sprite/PuntosFutbol2026 1 (1).png@f9941",
    "value": {
      "depends": [
        "38db3dda-212f-4aed-ab13-a20f4cf7f138@6c48a"
      ]
    },
    "versionCode": 0
  },
  "0510f498-7ed0-4645-af91-58efac618e5e": {
    "url": "db://assets/Font/DynaPuff-Bold.ttf",
    "value": {
      "depends": []
    },
    "versionCode": 0
  },
  "af9e11e8-1911-42c5-835e-b879f127e8b0": {
    "url": "db://assets/sprite/Penaltis_inst.png",
    "value": {},
    "versionCode": 0
  },
  "af9e11e8-1911-42c5-835e-b879f127e8b0@6c48a": {
    "url": "db://assets/sprite/Penaltis_inst.png@6c48a",
    "value": {
      "depends": [
        "af9e11e8-1911-42c5-835e-b879f127e8b0"
      ]
    },
    "versionCode": 0
  },
  "af9e11e8-1911-42c5-835e-b879f127e8b0@f9941": {
    "url": "db://assets/sprite/Penaltis_inst.png@f9941",
    "value": {
      "depends": [
        "af9e11e8-1911-42c5-835e-b879f127e8b0@6c48a"
      ]
    },
    "versionCode": 0
  },
  "f05a702f-1f58-4792-9329-e5df0682d990": {
    "url": "db://assets/sprite/balon 1.png",
    "value": {
      "depends": []
    },
    "versionCode": 0
  },
  "f05a702f-1f58-4792-9329-e5df0682d990@6c48a": {
    "url": "db://assets/sprite/balon 1.png@6c48a",
    "value": {
      "depends": [
        "f05a702f-1f58-4792-9329-e5df0682d990"
      ]
    },
    "versionCode": 0
  },
  "f05a702f-1f58-4792-9329-e5df0682d990@f9941": {
    "url": "db://assets/sprite/balon 1.png@f9941",
    "value": {
      "depends": [
        "f05a702f-1f58-4792-9329-e5df0682d990@6c48a"
      ]
    },
    "versionCode": 0
  },
  "cf8cfeb7-775f-4677-b8fd-6e16ef92a6a3": {
    "url": "db://assets/sprite/Dominadas Puntos Portada.png",
    "value": {
      "depends": []
    },
    "versionCode": 0
  },
  "cf8cfeb7-775f-4677-b8fd-6e16ef92a6a3@6c48a": {
    "url": "db://assets/sprite/Dominadas Puntos Portada.png@6c48a",
    "value": {
      "depends": [
        "cf8cfeb7-775f-4677-b8fd-6e16ef92a6a3"
      ]
    },
    "versionCode": 0
  },
  "cf8cfeb7-775f-4677-b8fd-6e16ef92a6a3@f9941": {
    "url": "db://assets/sprite/Dominadas Puntos Portada.png@f9941",
    "value": {
      "depends": [
        "cf8cfeb7-775f-4677-b8fd-6e16ef92a6a3@6c48a"
      ]
    },
    "versionCode": 0
  }
}
