{
  "uuid": {
    "C:\\Users\\Mau\\Dominadas\\assets\\confetti.plist": [
      "bbec96f8-78c0-4fe7-96d3-64a316831114@f9941"
    ],
    "C:\\Users\\Mau\\Dominadas\\assets\\confetti.mtl": [
      "c8f66d17-351a-48da-a12c-0212d28575c4",
      "a7612b54-35e3-4238-a1a9-4a7b54635839"
    ],
    "E:\\DominadasSanLuis\\assets\\confetti.plist": [
      "bbec96f8-78c0-4fe7-96d3-64a316831114@f9941"
    ],
    "C:\\Users\\GORIB\\Downloads\\Telegram Desktop\\DominadasSanLuis\\DominadasSanLuis\\assets\\confetti.plist": [
      "bbec96f8-78c0-4fe7-96d3-64a316831114@f9941"
    ],
    "X:\\Escritorio\\BLUE\\Cocos\\PuntosFutbol_Dominadas\\assets\\confetti.plist": [
      "bbec96f8-78c0-4fe7-96d3-64a316831114@f9941"
    ],
    "E:\\PuntosFutbol-2026\\PuntosFutbol_Dominadas\\assets\\confetti.plist": [
      "bbec96f8-78c0-4fe7-96d3-64a316831114@f9941"
    ],
    "E:\\PuntosFutbol-2026\\Balon-al-aire\\assets\\confetti.plist": [
      "bbec96f8-78c0-4fe7-96d3-64a316831114@f9941"
    ]
  }
}
