{
  "__version__": "1.3.7",
  "log": {
    "level": 4
  },
  "common": {
    "polyfills": {
      "asyncFunctions": true
    },
    "buildPath": "project://build",
    "outputName": "Balon-al-aire",
    "mainBundleCompressionType": "merge_all_json",
    "platform": "web-desktop",
    "name": "Balon-al-aire",
    "scenes": [
      {
        "url": "db://assets/scenes/inicio.scene",
        "uuid": "873693f4-f2bc-445b-9870-7373223aa0d8"
      },
      {
        "url": "db://assets/scenes/inst.scene",
        "uuid": "a69b9b28-4a16-430e-85a2-b8e2d877b23f"
      },
      {
        "url": "db://assets/scenes/juego.scene",
        "uuid": "03bb4b39-2769-4340-b198-b91c626de905"
      }
    ],
    "bundleConfigs": []
  },
  "BuildTaskManager": {
    "taskMap": {
      "1716496697585": {
        "type": "build",
        "id": "1716496697585",
        "progress": 1,
        "state": "success",
        "stage": "build",
        "message": "20-10-2025 16:52:45 build success in 10 s!",
        "options": {
          "name": "Balon-al-aire",
          "server": "",
          "platform": "web-mobile",
          "buildPath": "project://build",
          "debug": false,
          "md5Cache": false,
          "skipCompressTexture": false,
          "sourceMaps": false,
          "polyfills": {
            "asyncFunctions": true
          },
          "experimentalEraseModules": false,
          "startSceneAssetBundle": false,
          "bundleConfigs": [],
          "useBuiltinServer": false,
          "mainBundleIsRemote": false,
          "mainBundleCompressionType": "merge_all_json",
          "useSplashScreen": true,
          "bundleCommonChunk": false,
          "packAutoAtlas": true,
          "startScene": "873693f4-f2bc-445b-9870-7373223aa0d8",
          "outputName": "Balon-al-aire",
          "taskName": "web-mobile",
          "scenes": [
            {
              "url": "db://assets/scenes/inicio.scene",
              "uuid": "873693f4-f2bc-445b-9870-7373223aa0d8"
            },
            {
              "url": "db://assets/scenes/inst.scene",
              "uuid": "a69b9b28-4a16-430e-85a2-b8e2d877b23f"
            },
            {
              "url": "db://assets/scenes/juego.scene",
              "uuid": "03bb4b39-2769-4340-b198-b91c626de905"
            }
          ],
          "packages": {},
          "__version__": "1.3.7",
          "buildMode": "normal",
          "logDest": "project://temp/builder/log/web-mobile23-5-2024 15-38.log"
        },
        "time": "20-10-2025 16:52:35",
        "dirty": false
      }
    }
  }
}
