{
  "gizmos-infos": {
    "is2D": true,
    "is3DIcon": false,
    "iconSize": 2,
    "gridVisible": true,
    "gridColor": [
      166,
      166,
      166,
      255
    ],
    "transformToolName": "position",
    "pivot": "pivot",
    "coordinate": "local",
    "toolsVisibility3d": true
  },
  "__version__": "1.0.0",
  "builder": {
    "taskOptionsMap": {},
    "__version__": "1.3.7"
  },
  "snap-configs": {
    "position": {
      "x": 1,
      "y": 1,
      "z": 1
    },
    "rotation": 1,
    "scale": 1,
    "isPositionSnapEnabled": false,
    "isRotationSnapEnabled": false,
    "isScaleSnapEnabled": false
  },
  "rect-snap-configs": {
    "enableSnapping": true,
    "snapThreshold": 4
  },
  "camera-infos": {
    "9be08b8a-9a57-4ccf-944d-bf0fc7905194": {
      "position": {
        "x": 513.647181636957,
        "y": 768.290607630755,
        "z": 5000
      },
      "rotation": {
        "x": 0,
        "y": 0,
        "z": 0,
        "w": 1
      },
      "viewCenter": {
        "x": 0,
        "y": 0,
        "z": 0
      },
      "contentRect": {
        "x": 0,
        "y": 0,
        "width": 895.6715542521994,
        "height": 672
      },
      "scale": 0.9853372434017595
    },
    "ff925bf3-94cc-45a9-8bdc-ee30d196e287": {
      "position": {
        "x": 541.3756209699944,
        "y": 364.3263221979104,
        "z": 5000
      },
      "rotation": {
        "x": 0,
        "y": 0,
        "z": 0,
        "w": 1
      },
      "viewCenter": {
        "x": 0,
        "y": 0,
        "z": 0
      },
      "contentRect": {
        "x": 395.4773788581514,
        "y": 218.42808008606738,
        "width": 150,
        "height": 150
      },
      "scale": 0.5140569133280326
    },
    "30a1df6e-7d20-4a2f-bc86-ead97b7e7210": {
      "position": {
        "x": 92.11750947213702,
        "y": 630.9536255564765,
        "z": 5000
      },
      "rotation": {
        "x": 0,
        "y": 0,
        "z": 0,
        "w": 1
      },
      "viewCenter": {
        "x": 0,
        "y": 0,
        "z": 0
      },
      "contentRect": {
        "x": -285.8001421853127,
        "y": 64.07714807030189,
        "width": 505.3333333333333,
        "height": 758
      },
      "scale": 0.6685759862195787
    },
    "a69b9b28-4a16-430e-85a2-b8e2d877b23f": {
      "position": {
        "x": -4658.908316937695,
        "y": 1739.7482184339678,
        "z": 5000
      },
      "rotation": {
        "x": 0,
        "y": 0,
        "z": 0,
        "w": 1
      },
      "viewCenter": {
        "x": 0,
        "y": 0,
        "z": 0
      },
      "contentRect": {
        "x": -5685.153670149897,
        "y": 988.2105441012018,
        "width": 505.3333333333333,
        "height": 758
      },
      "scale": 0.4410956513847612
    },
    "c77ecaa8-c936-46c4-a5b0-98692673ed87": {
      "position": {
        "x": 319.99999999999994,
        "y": 480.00000000000006,
        "z": 5000
      },
      "rotation": {
        "x": 0,
        "y": 0,
        "z": 0,
        "w": 1
      },
      "viewCenter": {
        "x": 0,
        "y": 0,
        "z": 0
      },
      "contentRect": {
        "x": -335.45319465081724,
        "y": 5.6586208820713856e-14,
        "width": 442,
        "height": 663
      },
      "scale": 0.690625
    },
    "03bb4b39-2769-4340-b198-b91c626de905": {
      "position": {
        "x": 320,
        "y": 480,
        "z": 5000
      },
      "rotation": {
        "x": 0,
        "y": 0,
        "z": 0,
        "w": 1
      },
      "viewCenter": {
        "x": 0,
        "y": 0,
        "z": 0
      },
      "contentRect": {
        "x": -335.7290034700556,
        "y": -0.7250755287008497,
        "width": 441.3333333333333,
        "height": 662
      },
      "scale": 0.6895833333333333
    },
    "873693f4-f2bc-445b-9870-7373223aa0d8": {
      "position": {
        "x": 567.7812971342382,
        "y": 344.6206636500754,
        "z": 5000
      },
      "rotation": {
        "x": 0,
        "y": 0,
        "z": 0,
        "w": 1
      },
      "viewCenter": {
        "x": 0,
        "y": 0,
        "z": 0
      },
      "contentRect": {
        "x": 108.28129713423832,
        "y": 8.120663650075414,
        "width": 905.3447251114413,
        "height": 663
      },
      "scale": 0.9851411589895989
    }
  },
  "camera-uuids": [
    "9be08b8a-9a57-4ccf-944d-bf0fc7905194",
    "ff925bf3-94cc-45a9-8bdc-ee30d196e287",
    "30a1df6e-7d20-4a2f-bc86-ead97b7e7210",
    "a69b9b28-4a16-430e-85a2-b8e2d877b23f",
    "c77ecaa8-c936-46c4-a5b0-98692673ed87",
    "03bb4b39-2769-4340-b198-b91c626de905",
    "873693f4-f2bc-445b-9870-7373223aa0d8"
  ],
  "camera": {
    "color": [
      48,
      48,
      48,
      255
    ],
    "fov": 45,
    "far": 10000,
    "near": 0.01,
    "wheelSpeed": 0.01,
    "wanderSpeed": 10,
    "enableAcceleration": true,
    "size": "__default_design__",
    "far2D": 10000,
    "near2D": 1,
    "wheelSpeed2D": 6,
    "iso": 0,
    "aperture": 19,
    "shutter": 7
  },
  "scene_view": {
    "isSceneLightOn": true,
    "output_device": "__default_design__"
  },
  "game-view": {
    "scaleValue": 69,
    "sliderValue": 33
  },
  "float-window": {
    "position": {
      "cc": {
        "Camera": {
          "dock": false,
          "top": null,
          "bottom": 10,
          "left": null,
          "right": 10
        }
      }
    }
  }
}
