{
  "__version__": "1.0.1",
  "builder": {
    "common": {
      "polyfills": {
        "asyncFunctions": true
      },
      "buildPath": "project://build",
      "outputName": "Dominadas",
      "mainBundleCompressionType": "merge_dep",
      "platform": "web-desktop",
      "name": "Fan Cañoneros",
      "scenes": [
        {
          "url": "db://assets/scenes/inicio.scene",
          "uuid": "873693f4-f2bc-445b-9870-7373223aa0d8"
        },
        {
          "url": "db://assets/scenes/juego.scene",
          "uuid": "03bb4b39-2769-4340-b198-b91c626de905"
        },
        {
          "url": "db://assets/scenes/inst.scene",
          "uuid": "a69b9b28-4a16-430e-85a2-b8e2d877b23f"
        }
      ]
    },
    "options": {
      "web-desktop": {
        "resolution": {
          "designWidth": 600,
          "designHeight": 920
        },
        "cullEngineAsmJsModule": false,
        "__version__": "1.0.1"
      }
    },
    "taskOptionsMap": {
      "1716497920515": {
        "resolution": {
          "designWidth": 600,
          "designHeight": 920
        },
        "cullEngineAsmJsModule": false,
        "__version__": "1.0.1"
      }
    },
    "__version__": "1.3.7"
  }
}
