[
  {
    "__type__": "cc.AnimationClip",
    "_name": "desaparece",
    "_objFlags": 0,
    "__editorExtras__": {
      "embeddedPlayerGroups": []
    },
    "_native": "",
    "sample": 24,
    "speed": 1,
    "wrapMode": 1,
    "enableTrsBlending": false,
    "_duration": 0.4166666666666667,
    "_hash": 500763545,
    "_tracks": [
      {
        "__id__": 1
      }
    ],
    "_exoticAnimation": null,
    "_events": [],
    "_embeddedPlayers": [],
    "_additiveSettings": {
      "__id__": 11
    },
    "_auxiliaryCurveEntries": []
  },
  {
    "__type__": "cc.animation.VectorTrack",
    "_binding": {
      "__type__": "cc.animation.TrackBinding",
      "path": {
        "__id__": 2
      },
      "proxy": null
    },
    "_channels": [
      {
        "__id__": 3
      },
      {
        "__id__": 5
      },
      {
        "__id__": 7
      },
      {
        "__id__": 9
      }
    ],
    "_nComponents": 3
  },
  {
    "__type__": "cc.animation.TrackPath",
    "_paths": [
      "scale"
    ]
  },
  {
    "__type__": "cc.animation.Channel",
    "_curve": {
      "__id__": 4
    }
  },
  {
    "__type__": "cc.RealCurve",
    "_times": [
      0,
      0.125,
      0.2916666666666667,
      0.4166666666666667
    ],
    "_values": [
      {
        "__type__": "cc.RealKeyframeValue",
        "interpolationMode": 0,
        "tangentWeightMode": 0,
        "value": 0.6000000238418579,
        "rightTangent": 0,
        "rightTangentWeight": 1,
        "leftTangent": 0,
        "leftTangentWeight": 1,
        "easingMethod": 0,
        "__editorExtras__": null
      },
      {
        "__type__": "cc.RealKeyframeValue",
        "interpolationMode": 0,
        "tangentWeightMode": 0,
        "value": 0.4000000059604645,
        "rightTangent": 0,
        "rightTangentWeight": 1,
        "leftTangent": 0,
        "leftTangentWeight": 1,
        "easingMethod": 0,
        "__editorExtras__": null
      },
      {
        "__type__": "cc.RealKeyframeValue",
        "interpolationMode": 0,
        "tangentWeightMode": 0,
        "value": 0.800000011920929,
        "rightTangent": 0,
        "rightTangentWeight": 1,
        "leftTangent": 0,
        "leftTangentWeight": 1,
        "easingMethod": 0,
        "__editorExtras__": null
      },
      {
        "__type__": "cc.RealKeyframeValue",
        "interpolationMode": 0,
        "tangentWeightMode": 0,
        "value": 0,
        "rightTangent": 0,
        "rightTangentWeight": 1,
        "leftTangent": 0,
        "leftTangentWeight": 1,
        "easingMethod": 0,
        "__editorExtras__": null
      }
    ],
    "preExtrapolation": 1,
    "postExtrapolation": 1
  },
  {
    "__type__": "cc.animation.Channel",
    "_curve": {
      "__id__": 6
    }
  },
  {
    "__type__": "cc.RealCurve",
    "_times": [
      0,
      0.125,
      0.2916666666666667,
      0.4166666666666667
    ],
    "_values": [
      {
        "__type__": "cc.RealKeyframeValue",
        "interpolationMode": 0,
        "tangentWeightMode": 0,
        "value": 0.6000000238418579,
        "rightTangent": 0,
        "rightTangentWeight": 1,
        "leftTangent": 0,
        "leftTangentWeight": 1,
        "easingMethod": 0,
        "__editorExtras__": null
      },
      {
        "__type__": "cc.RealKeyframeValue",
        "interpolationMode": 0,
        "tangentWeightMode": 0,
        "value": 0.4000000059604645,
        "rightTangent": 0,
        "rightTangentWeight": 1,
        "leftTangent": 0,
        "leftTangentWeight": 1,
        "easingMethod": 0,
        "__editorExtras__": null
      },
      {
        "__type__": "cc.RealKeyframeValue",
        "interpolationMode": 0,
        "tangentWeightMode": 0,
        "value": 0.800000011920929,
        "rightTangent": 0,
        "rightTangentWeight": 1,
        "leftTangent": 0,
        "leftTangentWeight": 1,
        "easingMethod": 0,
        "__editorExtras__": null
      },
      {
        "__type__": "cc.RealKeyframeValue",
        "interpolationMode": 0,
        "tangentWeightMode": 0,
        "value": 0,
        "rightTangent": 0,
        "rightTangentWeight": 1,
        "leftTangent": 0,
        "leftTangentWeight": 1,
        "easingMethod": 0,
        "__editorExtras__": null
      }
    ],
    "preExtrapolation": 1,
    "postExtrapolation": 1
  },
  {
    "__type__": "cc.animation.Channel",
    "_curve": {
      "__id__": 8
    }
  },
  {
    "__type__": "cc.RealCurve",
    "_times": [
      0,
      0.125,
      0.2916666666666667,
      0.4166666666666667
    ],
    "_values": [
      {
        "__type__": "cc.RealKeyframeValue",
        "interpolationMode": 0,
        "tangentWeightMode": 0,
        "value": 1,
        "rightTangent": 0,
        "rightTangentWeight": 1,
        "leftTangent": 0,
        "leftTangentWeight": 1,
        "easingMethod": 0,
        "__editorExtras__": null
      },
      {
        "__type__": "cc.RealKeyframeValue",
        "interpolationMode": 0,
        "tangentWeightMode": 0,
        "value": 1,
        "rightTangent": 0,
        "rightTangentWeight": 1,
        "leftTangent": 0,
        "leftTangentWeight": 1,
        "easingMethod": 0,
        "__editorExtras__": null
      },
      {
        "__type__": "cc.RealKeyframeValue",
        "interpolationMode": 0,
        "tangentWeightMode": 0,
        "value": 1,
        "rightTangent": 0,
        "rightTangentWeight": 1,
        "leftTangent": 0,
        "leftTangentWeight": 1,
        "easingMethod": 0,
        "__editorExtras__": null
      },
      {
        "__type__": "cc.RealKeyframeValue",
        "interpolationMode": 0,
        "tangentWeightMode": 0,
        "value": 1,
        "rightTangent": 0,
        "rightTangentWeight": 1,
        "leftTangent": 0,
        "leftTangentWeight": 1,
        "easingMethod": 0,
        "__editorExtras__": null
      }
    ],
    "preExtrapolation": 1,
    "postExtrapolation": 1
  },
  {
    "__type__": "cc.animation.Channel",
    "_curve": {
      "__id__": 10
    }
  },
  {
    "__type__": "cc.RealCurve",
    "_times": [],
    "_values": [],
    "preExtrapolation": 1,
    "postExtrapolation": 1
  },
  {
    "__type__": "cc.AnimationClipAdditiveSettings",
    "enabled": false,
    "refClip": null
  }
]