{
  "__type__": "cc.SpriteFrame",
  "content": {
    "name": "inst",
    "atlas": "",
    "rect": {
      "x": 0,
      "y": 0,
      "width": 377,
      "height": 208
    },
    "offset": {
      "x": 0,
      "y": 0.5
    },
    "originalSize": {
      "width": 377,
      "height": 209
    },
    "rotated": false,
    "capInsets": [
      0,
      0,
      0,
      0
    ],
    "vertices": {
      "rawPosition": [
        -188.5,
        -104,
        0,
        188.5,
        -104,
        0,
        -188.5,
        104,
        0,
        188.5,
        104,
        0
      ],
      "indexes": [
        0,
        1,
        2,
        2,
        1,
        3
      ],
      "uv": [
        0,
        209,
        377,
        209,
        0,
        1,
        377,
        1
      ],
      "nuv": [
        0,
        0.004784688995215311,
        1,
        0.004784688995215311,
        0,
        1,
        1,
        1
      ],
      "minPos": {
        "x": -188.5,
        "y": -104,
        "z": 0
      },
      "maxPos": {
        "x": 188.5,
        "y": 104,
        "z": 0
      }
    },
    "texture": "3c9aea32-d986-44a9-ab63-cf680a0b48f7@6c48a",
    "packable": true,
    "pixelsToUnit": 100,
    "pivot": {
      "x": 0.5,
      "y": 0.5
    },
    "meshType": 0
  }
}