{
  "__type__": "cc.SpriteFrame",
  "content": {
    "name": "Logo_juego",
    "atlas": "",
    "rect": {
      "x": 5,
      "y": 7,
      "width": 177,
      "height": 120
    },
    "offset": {
      "x": 1,
      "y": 0
    },
    "originalSize": {
      "width": 185,
      "height": 134
    },
    "rotated": false,
    "capInsets": [
      0,
      0,
      0,
      0
    ],
    "vertices": {
      "rawPosition": [
        -88.5,
        -60,
        0,
        88.5,
        -60,
        0,
        -88.5,
        60,
        0,
        88.5,
        60,
        0
      ],
      "indexes": [
        0,
        1,
        2,
        2,
        1,
        3
      ],
      "uv": [
        5,
        127,
        182,
        127,
        5,
        7,
        182,
        7
      ],
      "nuv": [
        0.02702702702702703,
        0.05223880597014925,
        0.9837837837837838,
        0.05223880597014925,
        0.02702702702702703,
        0.9477611940298507,
        0.9837837837837838,
        0.9477611940298507
      ],
      "minPos": {
        "x": -88.5,
        "y": -60,
        "z": 0
      },
      "maxPos": {
        "x": 88.5,
        "y": 60,
        "z": 0
      }
    },
    "texture": "3bef8453-f948-41b2-b0aa-6ec059b3b9f2@6c48a",
    "packable": true,
    "pixelsToUnit": 100,
    "pivot": {
      "x": 0.5,
      "y": 0.5
    },
    "meshType": 0
  }
}