{
  "7555d25a-8e0f-4c4b-8fdf-2aee5ddf10a9": {
    "url": "db://assets/Imagenes",
    "value": {},
    "versionCode": 0
  },
  "e290c7e9-ece7-4dbd-bf40-d4a57179d06a": {
    "url": "db://assets/Imagenes/02.png",
    "value": {
      "depends": []
    }
  },
  "35e7bd5b-2cee-4cb0-af60-04564a0bd104": {
    "url": "db://assets/Imagenes/GameOver.png",
    "value": {
      "depends": []
    }
  },
  "4521108b-81f1-45dd-a6c2-baca8771b736": {
    "url": "db://assets/Imagenes/Instruccion.png",
    "value": {
      "depends": []
    }
  },
  "7e3b0df6-8353-43da-bfae-a98f14d2df3c": {
    "url": "db://assets/Imagenes/Juego01.png",
    "value": {
      "depends": []
    }
  },
  "08e47474-e545-48de-90f6-a8e6b4d4c5dd": {
    "url": "db://assets/Imagenes/Logo.png",
    "value": {
      "depends": []
    }
  },
  "4521108b-81f1-45dd-a6c2-baca8771b736@6c48a": {
    "url": "db://assets/Imagenes/Instruccion.png@6c48a",
    "value": {
      "depends": [
        "4521108b-81f1-45dd-a6c2-baca8771b736"
      ]
    }
  },
  "e290c7e9-ece7-4dbd-bf40-d4a57179d06a@6c48a": {
    "url": "db://assets/Imagenes/02.png@6c48a",
    "value": {
      "depends": [
        "e290c7e9-ece7-4dbd-bf40-d4a57179d06a"
      ]
    }
  },
  "7e3b0df6-8353-43da-bfae-a98f14d2df3c@6c48a": {
    "url": "db://assets/Imagenes/Juego01.png@6c48a",
    "value": {
      "depends": [
        "7e3b0df6-8353-43da-bfae-a98f14d2df3c"
      ]
    }
  },
  "35e7bd5b-2cee-4cb0-af60-04564a0bd104@6c48a": {
    "url": "db://assets/Imagenes/GameOver.png@6c48a",
    "value": {
      "depends": [
        "35e7bd5b-2cee-4cb0-af60-04564a0bd104"
      ]
    }
  },
  "1727a47d-7f1c-46a5-ad0a-307c6b1796ae": {
    "url": "db://assets/Imagenes/Marco.png",
    "value": {
      "depends": []
    }
  },
  "08e47474-e545-48de-90f6-a8e6b4d4c5dd@6c48a": {
    "url": "db://assets/Imagenes/Logo.png@6c48a",
    "value": {
      "depends": [
        "08e47474-e545-48de-90f6-a8e6b4d4c5dd"
      ]
    }
  },
  "1727a47d-7f1c-46a5-ad0a-307c6b1796ae@6c48a": {
    "url": "db://assets/Imagenes/Marco.png@6c48a",
    "value": {
      "depends": [
        "1727a47d-7f1c-46a5-ad0a-307c6b1796ae"
      ]
    }
  },
  "58056d1f-8a3e-4423-b09c-b8f2b612e262": {
    "url": "db://assets/Imagenes/PortadaStrike-Venados.png",
    "value": {
      "depends": []
    }
  },
  "58056d1f-8a3e-4423-b09c-b8f2b612e262@6c48a": {
    "url": "db://assets/Imagenes/PortadaStrike-Venados.png@6c48a",
    "value": {
      "depends": [
        "58056d1f-8a3e-4423-b09c-b8f2b612e262"
      ]
    }
  },
  "58056d1f-8a3e-4423-b09c-b8f2b612e262@f9941": {
    "url": "db://assets/Imagenes/PortadaStrike-Venados.png@f9941",
    "value": {
      "depends": [
        "58056d1f-8a3e-4423-b09c-b8f2b612e262@6c48a"
      ]
    }
  },
  "22e2cc3f-5d07-44ba-b5a3-a97112ae8888": {
    "url": "db://assets/Sprites",
    "value": {},
    "versionCode": 0
  },
  "70ec8fad-741a-4551-83cb-a7204dea5449": {
    "url": "db://assets/Sprites/Botones",
    "value": {}
  },
  "6ce953f8-d2a1-4c4e-82c6-a28df9f819e1": {
    "url": "db://assets/Sprites/Botones/Botones Flechas",
    "value": {}
  },
  "0fbadf60-bf2e-4fe8-8fed-e1ef94861d4f": {
    "url": "db://assets/Sprites/Botones/Inicio",
    "value": {}
  },
  "09dfae50-761a-4e2c-8626-5c9845b1225b": {
    "url": "db://assets/Sprites/Botones/Instruccion",
    "value": {}
  },
  "173e2e24-83ac-4150-a0fd-af808546aabe": {
    "url": "db://assets/Sprites/Botones/Jugar",
    "value": {}
  },
  "8f6839f4-befd-40ea-8151-58fa1b132d98": {
    "url": "db://assets/Sprites/Botones/Salir",
    "value": {}
  },
  "0461c0ca-52b2-4fd6-bad4-899b977db422": {
    "url": "db://assets/Sprites/Botones/Siguiente",
    "value": {}
  },
  "c3195ebe-7f5c-4098-a468-a155f4122efc": {
    "url": "db://assets/Sprites/Botones/Volver",
    "value": {}
  },
  "9fc3705d-d6ad-4f9b-a9a0-66875aed2aaf": {
    "url": "db://assets/Sprites/Botones/Botones Flechas/Back.png",
    "value": {
      "depends": []
    }
  },
  "4431e105-0cab-4fcb-9f02-44e4571e7f41": {
    "url": "db://assets/Sprites/Botones/Botones Flechas/Next.png",
    "value": {
      "depends": []
    }
  },
  "214813f3-accd-4f4f-8613-f400fbb4fd6a": {
    "url": "db://assets/Sprites/Botones/Inicio/Hover.png",
    "value": {
      "depends": []
    }
  },
  "dca55c14-c304-46b4-9d77-728bd67b55df": {
    "url": "db://assets/Sprites/Botones/Inicio/Normal.png",
    "value": {
      "depends": []
    }
  },
  "badcb2c2-7f5a-4915-ae3e-b0164622d771": {
    "url": "db://assets/Sprites/Botones/Inicio/Press.png",
    "value": {
      "depends": []
    }
  },
  "9fc3705d-d6ad-4f9b-a9a0-66875aed2aaf@6c48a": {
    "url": "db://assets/Sprites/Botones/Botones Flechas/Back.png@6c48a",
    "value": {
      "depends": [
        "9fc3705d-d6ad-4f9b-a9a0-66875aed2aaf"
      ]
    }
  },
  "4431e105-0cab-4fcb-9f02-44e4571e7f41@6c48a": {
    "url": "db://assets/Sprites/Botones/Botones Flechas/Next.png@6c48a",
    "value": {
      "depends": [
        "4431e105-0cab-4fcb-9f02-44e4571e7f41"
      ]
    }
  },
  "214813f3-accd-4f4f-8613-f400fbb4fd6a@6c48a": {
    "url": "db://assets/Sprites/Botones/Inicio/Hover.png@6c48a",
    "value": {
      "depends": [
        "214813f3-accd-4f4f-8613-f400fbb4fd6a"
      ]
    }
  },
  "dca55c14-c304-46b4-9d77-728bd67b55df@6c48a": {
    "url": "db://assets/Sprites/Botones/Inicio/Normal.png@6c48a",
    "value": {
      "depends": [
        "dca55c14-c304-46b4-9d77-728bd67b55df"
      ]
    }
  },
  "4431e105-0cab-4fcb-9f02-44e4571e7f41@f9941": {
    "url": "db://assets/Sprites/Botones/Botones Flechas/Next.png@f9941",
    "value": {
      "depends": [
        "4431e105-0cab-4fcb-9f02-44e4571e7f41@6c48a"
      ]
    }
  },
  "9fc3705d-d6ad-4f9b-a9a0-66875aed2aaf@f9941": {
    "url": "db://assets/Sprites/Botones/Botones Flechas/Back.png@f9941",
    "value": {
      "depends": [
        "9fc3705d-d6ad-4f9b-a9a0-66875aed2aaf@6c48a"
      ]
    }
  },
  "13b094f3-1ed8-4fdc-84ff-a0bf1eb73868": {
    "url": "db://assets/Sprites/Botones/Instruccion/01.png",
    "value": {
      "depends": []
    }
  },
  "10c9d270-afda-4688-b18e-6b7e0abae80b": {
    "url": "db://assets/Sprites/Botones/Instruccion/02.png",
    "value": {
      "depends": []
    }
  },
  "badcb2c2-7f5a-4915-ae3e-b0164622d771@6c48a": {
    "url": "db://assets/Sprites/Botones/Inicio/Press.png@6c48a",
    "value": {
      "depends": [
        "badcb2c2-7f5a-4915-ae3e-b0164622d771"
      ]
    }
  },
  "214813f3-accd-4f4f-8613-f400fbb4fd6a@f9941": {
    "url": "db://assets/Sprites/Botones/Inicio/Hover.png@f9941",
    "value": {
      "depends": [
        "214813f3-accd-4f4f-8613-f400fbb4fd6a@6c48a"
      ]
    }
  },
  "dca55c14-c304-46b4-9d77-728bd67b55df@f9941": {
    "url": "db://assets/Sprites/Botones/Inicio/Normal.png@f9941",
    "value": {
      "depends": [
        "dca55c14-c304-46b4-9d77-728bd67b55df@6c48a"
      ]
    }
  },
  "c6876213-38b4-4b9c-b68e-5f063f8a43dc": {
    "url": "db://assets/Sprites/Botones/Instruccion/03.png",
    "value": {
      "depends": []
    }
  },
  "7aa5fef3-f874-4d5a-bea1-c3de1bd3d424": {
    "url": "db://assets/Sprites/Botones/Jugar/Hover.png",
    "value": {
      "depends": []
    }
  },
  "badcb2c2-7f5a-4915-ae3e-b0164622d771@f9941": {
    "url": "db://assets/Sprites/Botones/Inicio/Press.png@f9941",
    "value": {
      "depends": [
        "badcb2c2-7f5a-4915-ae3e-b0164622d771@6c48a"
      ]
    }
  },
  "228ffe7f-3fb0-460c-9aa7-34b467c48160": {
    "url": "db://assets/Sprites/Botones/Jugar/Normal.png",
    "value": {
      "depends": []
    }
  },
  "10c9d270-afda-4688-b18e-6b7e0abae80b@6c48a": {
    "url": "db://assets/Sprites/Botones/Instruccion/02.png@6c48a",
    "value": {
      "depends": [
        "10c9d270-afda-4688-b18e-6b7e0abae80b"
      ]
    }
  },
  "13b094f3-1ed8-4fdc-84ff-a0bf1eb73868@6c48a": {
    "url": "db://assets/Sprites/Botones/Instruccion/01.png@6c48a",
    "value": {
      "depends": [
        "13b094f3-1ed8-4fdc-84ff-a0bf1eb73868"
      ]
    }
  },
  "c6876213-38b4-4b9c-b68e-5f063f8a43dc@6c48a": {
    "url": "db://assets/Sprites/Botones/Instruccion/03.png@6c48a",
    "value": {
      "depends": [
        "c6876213-38b4-4b9c-b68e-5f063f8a43dc"
      ]
    }
  },
  "7aa5fef3-f874-4d5a-bea1-c3de1bd3d424@6c48a": {
    "url": "db://assets/Sprites/Botones/Jugar/Hover.png@6c48a",
    "value": {
      "depends": [
        "7aa5fef3-f874-4d5a-bea1-c3de1bd3d424"
      ]
    }
  },
  "10c9d270-afda-4688-b18e-6b7e0abae80b@f9941": {
    "url": "db://assets/Sprites/Botones/Instruccion/02.png@f9941",
    "value": {
      "depends": [
        "10c9d270-afda-4688-b18e-6b7e0abae80b@6c48a"
      ]
    }
  },
  "00e73063-3146-48f0-94e2-3af417d479d8": {
    "url": "db://assets/Sprites/Botones/Jugar/Press.png",
    "value": {
      "depends": []
    }
  },
  "13b094f3-1ed8-4fdc-84ff-a0bf1eb73868@f9941": {
    "url": "db://assets/Sprites/Botones/Instruccion/01.png@f9941",
    "value": {
      "depends": [
        "13b094f3-1ed8-4fdc-84ff-a0bf1eb73868@6c48a"
      ]
    }
  },
  "c9d682ae-9f1e-4c20-9c65-dbd442fb38b2": {
    "url": "db://assets/Sprites/Botones/Salir/Hover.png",
    "value": {
      "depends": []
    }
  },
  "c6876213-38b4-4b9c-b68e-5f063f8a43dc@f9941": {
    "url": "db://assets/Sprites/Botones/Instruccion/03.png@f9941",
    "value": {
      "depends": [
        "c6876213-38b4-4b9c-b68e-5f063f8a43dc@6c48a"
      ]
    }
  },
  "96d75ff2-bf50-4ddb-9da2-2fd939326a04": {
    "url": "db://assets/Sprites/Botones/Salir/Normal.png",
    "value": {
      "depends": []
    }
  },
  "7aa5fef3-f874-4d5a-bea1-c3de1bd3d424@f9941": {
    "url": "db://assets/Sprites/Botones/Jugar/Hover.png@f9941",
    "value": {
      "depends": [
        "7aa5fef3-f874-4d5a-bea1-c3de1bd3d424@6c48a"
      ]
    }
  },
  "8fe440cd-1cf1-4818-9918-64c6af59391a": {
    "url": "db://assets/Sprites/Botones/Salir/Press.png",
    "value": {
      "depends": []
    }
  },
  "228ffe7f-3fb0-460c-9aa7-34b467c48160@6c48a": {
    "url": "db://assets/Sprites/Botones/Jugar/Normal.png@6c48a",
    "value": {
      "depends": [
        "228ffe7f-3fb0-460c-9aa7-34b467c48160"
      ]
    }
  },
  "228ffe7f-3fb0-460c-9aa7-34b467c48160@f9941": {
    "url": "db://assets/Sprites/Botones/Jugar/Normal.png@f9941",
    "value": {
      "depends": [
        "228ffe7f-3fb0-460c-9aa7-34b467c48160@6c48a"
      ]
    }
  },
  "50b0f2bd-2162-4853-80ba-42c73b4c8864": {
    "url": "db://assets/Sprites/Botones/Siguiente/Hover.png",
    "value": {
      "depends": []
    }
  },
  "00e73063-3146-48f0-94e2-3af417d479d8@6c48a": {
    "url": "db://assets/Sprites/Botones/Jugar/Press.png@6c48a",
    "value": {
      "depends": [
        "00e73063-3146-48f0-94e2-3af417d479d8"
      ]
    }
  },
  "c9d682ae-9f1e-4c20-9c65-dbd442fb38b2@6c48a": {
    "url": "db://assets/Sprites/Botones/Salir/Hover.png@6c48a",
    "value": {
      "depends": [
        "c9d682ae-9f1e-4c20-9c65-dbd442fb38b2"
      ]
    }
  },
  "96d75ff2-bf50-4ddb-9da2-2fd939326a04@6c48a": {
    "url": "db://assets/Sprites/Botones/Salir/Normal.png@6c48a",
    "value": {
      "depends": [
        "96d75ff2-bf50-4ddb-9da2-2fd939326a04"
      ]
    }
  },
  "00e73063-3146-48f0-94e2-3af417d479d8@f9941": {
    "url": "db://assets/Sprites/Botones/Jugar/Press.png@f9941",
    "value": {
      "depends": [
        "00e73063-3146-48f0-94e2-3af417d479d8@6c48a"
      ]
    }
  },
  "d5783e10-ec1f-40f5-b32d-29c4bc16ec39": {
    "url": "db://assets/Sprites/Botones/Siguiente/Normal.png",
    "value": {
      "depends": []
    }
  },
  "c9d682ae-9f1e-4c20-9c65-dbd442fb38b2@f9941": {
    "url": "db://assets/Sprites/Botones/Salir/Hover.png@f9941",
    "value": {
      "depends": [
        "c9d682ae-9f1e-4c20-9c65-dbd442fb38b2@6c48a"
      ]
    }
  },
  "ef2c9802-9b3e-4ee3-9936-35274e272261": {
    "url": "db://assets/Sprites/Botones/Siguiente/Press.png",
    "value": {
      "depends": []
    }
  },
  "96d75ff2-bf50-4ddb-9da2-2fd939326a04@f9941": {
    "url": "db://assets/Sprites/Botones/Salir/Normal.png@f9941",
    "value": {
      "depends": [
        "96d75ff2-bf50-4ddb-9da2-2fd939326a04@6c48a"
      ]
    }
  },
  "fc74bccb-d42a-4e94-8aa9-eab8afdbb8ef": {
    "url": "db://assets/Sprites/Botones/Volver/Hover.png",
    "value": {
      "depends": []
    }
  },
  "8fe440cd-1cf1-4818-9918-64c6af59391a@6c48a": {
    "url": "db://assets/Sprites/Botones/Salir/Press.png@6c48a",
    "value": {
      "depends": [
        "8fe440cd-1cf1-4818-9918-64c6af59391a"
      ]
    }
  },
  "50b0f2bd-2162-4853-80ba-42c73b4c8864@6c48a": {
    "url": "db://assets/Sprites/Botones/Siguiente/Hover.png@6c48a",
    "value": {
      "depends": [
        "50b0f2bd-2162-4853-80ba-42c73b4c8864"
      ]
    }
  },
  "8fe440cd-1cf1-4818-9918-64c6af59391a@f9941": {
    "url": "db://assets/Sprites/Botones/Salir/Press.png@f9941",
    "value": {
      "depends": [
        "8fe440cd-1cf1-4818-9918-64c6af59391a@6c48a"
      ]
    }
  },
  "148419c5-1157-4e27-8a45-e47658f4c11f": {
    "url": "db://assets/Sprites/Botones/Volver/Normal.png",
    "value": {
      "depends": []
    }
  },
  "d5783e10-ec1f-40f5-b32d-29c4bc16ec39@6c48a": {
    "url": "db://assets/Sprites/Botones/Siguiente/Normal.png@6c48a",
    "value": {
      "depends": [
        "d5783e10-ec1f-40f5-b32d-29c4bc16ec39"
      ]
    }
  },
  "50b0f2bd-2162-4853-80ba-42c73b4c8864@f9941": {
    "url": "db://assets/Sprites/Botones/Siguiente/Hover.png@f9941",
    "value": {
      "depends": [
        "50b0f2bd-2162-4853-80ba-42c73b4c8864@6c48a"
      ]
    }
  },
  "9163b5cc-1cee-4c5b-bac3-92e5a651c6a7": {
    "url": "db://assets/Sprites/Botones/Volver/Press.png",
    "value": {
      "depends": []
    }
  },
  "ef2c9802-9b3e-4ee3-9936-35274e272261@6c48a": {
    "url": "db://assets/Sprites/Botones/Siguiente/Press.png@6c48a",
    "value": {
      "depends": [
        "ef2c9802-9b3e-4ee3-9936-35274e272261"
      ]
    }
  },
  "fc74bccb-d42a-4e94-8aa9-eab8afdbb8ef@6c48a": {
    "url": "db://assets/Sprites/Botones/Volver/Hover.png@6c48a",
    "value": {
      "depends": [
        "fc74bccb-d42a-4e94-8aa9-eab8afdbb8ef"
      ]
    }
  },
  "d5783e10-ec1f-40f5-b32d-29c4bc16ec39@f9941": {
    "url": "db://assets/Sprites/Botones/Siguiente/Normal.png@f9941",
    "value": {
      "depends": [
        "d5783e10-ec1f-40f5-b32d-29c4bc16ec39@6c48a"
      ]
    }
  },
  "ef2c9802-9b3e-4ee3-9936-35274e272261@f9941": {
    "url": "db://assets/Sprites/Botones/Siguiente/Press.png@f9941",
    "value": {
      "depends": [
        "ef2c9802-9b3e-4ee3-9936-35274e272261@6c48a"
      ]
    }
  },
  "fc74bccb-d42a-4e94-8aa9-eab8afdbb8ef@f9941": {
    "url": "db://assets/Sprites/Botones/Volver/Hover.png@f9941",
    "value": {
      "depends": [
        "fc74bccb-d42a-4e94-8aa9-eab8afdbb8ef@6c48a"
      ]
    }
  },
  "148419c5-1157-4e27-8a45-e47658f4c11f@6c48a": {
    "url": "db://assets/Sprites/Botones/Volver/Normal.png@6c48a",
    "value": {
      "depends": [
        "148419c5-1157-4e27-8a45-e47658f4c11f"
      ]
    }
  },
  "9163b5cc-1cee-4c5b-bac3-92e5a651c6a7@6c48a": {
    "url": "db://assets/Sprites/Botones/Volver/Press.png@6c48a",
    "value": {
      "depends": [
        "9163b5cc-1cee-4c5b-bac3-92e5a651c6a7"
      ]
    }
  },
  "148419c5-1157-4e27-8a45-e47658f4c11f@f9941": {
    "url": "db://assets/Sprites/Botones/Volver/Normal.png@f9941",
    "value": {
      "depends": [
        "148419c5-1157-4e27-8a45-e47658f4c11f@6c48a"
      ]
    }
  },
  "9163b5cc-1cee-4c5b-bac3-92e5a651c6a7@f9941": {
    "url": "db://assets/Sprites/Botones/Volver/Press.png@f9941",
    "value": {
      "depends": [
        "9163b5cc-1cee-4c5b-bac3-92e5a651c6a7@6c48a"
      ]
    }
  },
  "08e47474-e545-48de-90f6-a8e6b4d4c5dd@f9941": {
    "url": "db://assets/Imagenes/Logo.png@f9941",
    "value": {
      "depends": [
        "08e47474-e545-48de-90f6-a8e6b4d4c5dd@6c48a"
      ]
    }
  },
  "e290c7e9-ece7-4dbd-bf40-d4a57179d06a@f9941": {
    "url": "db://assets/Imagenes/02.png@f9941",
    "value": {
      "depends": [
        "e290c7e9-ece7-4dbd-bf40-d4a57179d06a@6c48a"
      ]
    }
  },
  "1727a47d-7f1c-46a5-ad0a-307c6b1796ae@f9941": {
    "url": "db://assets/Imagenes/Marco.png@f9941",
    "value": {
      "depends": [
        "1727a47d-7f1c-46a5-ad0a-307c6b1796ae@6c48a"
      ]
    }
  },
  "4521108b-81f1-45dd-a6c2-baca8771b736@f9941": {
    "url": "db://assets/Imagenes/Instruccion.png@f9941",
    "value": {
      "depends": [
        "4521108b-81f1-45dd-a6c2-baca8771b736@6c48a"
      ]
    }
  },
  "7e3b0df6-8353-43da-bfae-a98f14d2df3c@f9941": {
    "url": "db://assets/Imagenes/Juego01.png@f9941",
    "value": {
      "depends": [
        "7e3b0df6-8353-43da-bfae-a98f14d2df3c@6c48a"
      ]
    }
  },
  "35e7bd5b-2cee-4cb0-af60-04564a0bd104@f9941": {
    "url": "db://assets/Imagenes/GameOver.png@f9941",
    "value": {
      "depends": [
        "35e7bd5b-2cee-4cb0-af60-04564a0bd104@6c48a"
      ]
    }
  },
  "d8f3695a-27b1-4e23-ac7a-16d197524255": {
    "url": "db://assets/Scripts",
    "value": {},
    "versionCode": 0
  },
  "7c6e5e3f-674c-4eaf-893c-25668288d7db": {
    "url": "db://assets/Scripts/ButtonMessage.ts",
    "value": {},
    "versionCode": 0
  },
  "142a78ef-3211-4cb7-a709-a9c167e6da85": {
    "url": "db://assets/Scripts/CambioEscena.ts",
    "value": {}
  },
  "85995453-0fce-4d38-a78d-3e4a7011d7fd": {
    "url": "db://assets/Scripts/Instrucciones.ts",
    "value": {}
  },
  "1486f7c4-22ed-47c6-9ed5-0caea059106d": {
    "url": "db://assets/Scripts/Manager.ts",
    "value": {},
    "versionCode": 0
  },
  "79d28d00-2101-461d-b383-0ee1cb274c25": {
    "url": "db://assets/Scenes",
    "value": {}
  },
  "4bdcf820-482b-46cf-806b-1851d20ac600": {
    "url": "db://assets/Scenes/Inicio.scene",
    "value": {
      "depends": [
        "4bdcf820-482b-46cf-806b-1851d20ac600",
        "58056d1f-8a3e-4423-b09c-b8f2b612e262@f9941",
        "dca55c14-c304-46b4-9d77-728bd67b55df@f9941",
        "214813f3-accd-4f4f-8613-f400fbb4fd6a@f9941",
        "badcb2c2-7f5a-4915-ae3e-b0164622d771@f9941",
        "96d75ff2-bf50-4ddb-9da2-2fd939326a04@f9941",
        "c9d682ae-9f1e-4c20-9c65-dbd442fb38b2@f9941",
        "8fe440cd-1cf1-4818-9918-64c6af59391a@f9941",
        "08e47474-e545-48de-90f6-a8e6b4d4c5dd@f9941",
        "52a007ea-3032-4029-a1d5-ad54d0e9f1b9",
        "d032ac98-05e1-4090-88bb-eb640dcb5fc1@b47c0",
        "6f01cf7f-81bf-4a7e-bd5d-0afc19696480@b47c0"
      ],
      "dependScripts": [
        "1486f7c4-22ed-47c6-9ed5-0caea059106d",
        "7c6e5e3f-674c-4eaf-893c-25668288d7db",
        "142a78ef-3211-4cb7-a709-a9c167e6da85"
      ]
    },
    "versionCode": 0
  },
  "ef4862a3-95b0-466f-8d43-da505588c566": {
    "url": "db://assets/Scenes/Instrucciones.scene",
    "value": {
      "depends": [
        "ef4862a3-95b0-466f-8d43-da505588c566",
        "4521108b-81f1-45dd-a6c2-baca8771b736@f9941",
        "228ffe7f-3fb0-460c-9aa7-34b467c48160@f9941",
        "7aa5fef3-f874-4d5a-bea1-c3de1bd3d424@f9941",
        "00e73063-3146-48f0-94e2-3af417d479d8@f9941",
        "13b094f3-1ed8-4fdc-84ff-a0bf1eb73868@f9941",
        "10c9d270-afda-4688-b18e-6b7e0abae80b@f9941",
        "c6876213-38b4-4b9c-b68e-5f063f8a43dc@f9941",
        "4431e105-0cab-4fcb-9f02-44e4571e7f41@f9941",
        "9fc3705d-d6ad-4f9b-a9a0-66875aed2aaf@f9941",
        "d032ac98-05e1-4090-88bb-eb640dcb5fc1@b47c0",
        "6f01cf7f-81bf-4a7e-bd5d-0afc19696480@b47c0"
      ],
      "dependScripts": [
        "142a78ef-3211-4cb7-a709-a9c167e6da85",
        "85995453-0fce-4d38-a78d-3e4a7011d7fd"
      ]
    },
    "versionCode": 0
  },
  "2dcf818e-0c77-4dd3-a7cf-46bd310eea18": {
    "url": "db://assets/Scenes/Juego.scene",
    "value": {
      "depends": [
        "2dcf818e-0c77-4dd3-a7cf-46bd310eea18",
        "f3c7f5d8-1728-4db5-bcc4-e81f6c14ba66",
        "c2d9bcbe-74b1-4726-8605-034b6845ab46@a4d57",
        "c2d9bcbe-74b1-4726-8605-034b6845ab46@41ac8",
        "287056b4-9be8-401b-b539-b2005880f3ec",
        "ff1e79ad-8958-493e-a03a-6a1bc6dfbd3e",
        "23a16d02-4e46-4d48-92fc-4e89dc02ce62@f9941",
        "08e47474-e545-48de-90f6-a8e6b4d4c5dd@f9941",
        "148419c5-1157-4e27-8a45-e47658f4c11f@f9941",
        "fc74bccb-d42a-4e94-8aa9-eab8afdbb8ef@f9941",
        "9163b5cc-1cee-4c5b-bac3-92e5a651c6a7@f9941",
        "96d75ff2-bf50-4ddb-9da2-2fd939326a04@f9941",
        "c9d682ae-9f1e-4c20-9c65-dbd442fb38b2@f9941",
        "8fe440cd-1cf1-4818-9918-64c6af59391a@f9941",
        "35e7bd5b-2cee-4cb0-af60-04564a0bd104@f9941",
        "1727a47d-7f1c-46a5-ad0a-307c6b1796ae@f9941",
        "ade8a15a-dcca-4b3c-84c6-f6476ac875bb",
        "d0cd44bc-1c57-4ae0-8d03-3d0e9afb19a3@f9941",
        "20ccfef5-62ee-4143-81bb-bdf580daf77b@f9941",
        "25e0d5fa-0163-41a5-b6b0-23328489e67e",
        "1263d74c-8167-4928-91a6-4e2672411f47@2e76e",
        "a61ca411-30fa-4090-baaa-909d74f979ac",
        "d9bd151d-041f-4e64-b24e-c420f0b5edaf",
        "19ea790b-de82-44ab-a04e-e818f4202306",
        "6517d791-5505-48bd-9785-1ac3554af100",
        "d032ac98-05e1-4090-88bb-eb640dcb5fc1@b47c0",
        "6f01cf7f-81bf-4a7e-bd5d-0afc19696480@b47c0"
      ],
      "dependScripts": [
        "1486f7c4-22ed-47c6-9ed5-0caea059106d",
        "153f201c-374c-4176-9d26-fa9ddb6736b9",
        "7e826883-57f9-4011-aeb9-599c4be5c9b8",
        "142a78ef-3211-4cb7-a709-a9c167e6da85",
        "7c6e5e3f-674c-4eaf-893c-25668288d7db",
        "800bf2d1-4af7-466f-a8c1-e2a9666f4a2f"
      ]
    },
    "versionCode": 0
  },
  "f083c566-bbe7-44ae-9cd9-b085a8e007e4": {
    "url": "db://assets/Sprites/Fondo",
    "value": {},
    "versionCode": 0
  },
  "20ccfef5-62ee-4143-81bb-bdf580daf77b": {
    "url": "db://assets/Sprites/Fondo/frente.png",
    "value": {
      "depends": []
    },
    "versionCode": 0
  },
  "20ccfef5-62ee-4143-81bb-bdf580daf77b@6c48a": {
    "url": "db://assets/Sprites/Fondo/frente.png@6c48a",
    "value": {
      "depends": [
        "20ccfef5-62ee-4143-81bb-bdf580daf77b"
      ]
    },
    "versionCode": 0
  },
  "0d6ec2b3-c74e-4f5d-886f-87fdb3d20f1f": {
    "url": "db://assets/Sprites/Fondo/fondo.png",
    "value": {
      "depends": []
    },
    "versionCode": 0
  },
  "0d6ec2b3-c74e-4f5d-886f-87fdb3d20f1f@6c48a": {
    "url": "db://assets/Sprites/Fondo/fondo.png@6c48a",
    "value": {
      "depends": [
        "0d6ec2b3-c74e-4f5d-886f-87fdb3d20f1f"
      ]
    },
    "versionCode": 0
  },
  "d0cd44bc-1c57-4ae0-8d03-3d0e9afb19a3": {
    "url": "db://assets/Sprites/Fondo/fondo_1.png",
    "value": {
      "depends": []
    },
    "versionCode": 0
  },
  "d0cd44bc-1c57-4ae0-8d03-3d0e9afb19a3@6c48a": {
    "url": "db://assets/Sprites/Fondo/fondo_1.png@6c48a",
    "value": {
      "depends": [
        "d0cd44bc-1c57-4ae0-8d03-3d0e9afb19a3"
      ]
    },
    "versionCode": 0
  },
  "4d5a96ac-3a4b-427c-9d24-e299583a7b67": {
    "url": "db://assets/Sprites/Fondo/Piso.png",
    "value": {
      "depends": []
    },
    "versionCode": 0
  },
  "4d5a96ac-3a4b-427c-9d24-e299583a7b67@6c48a": {
    "url": "db://assets/Sprites/Fondo/Piso.png@6c48a",
    "value": {
      "depends": [
        "4d5a96ac-3a4b-427c-9d24-e299583a7b67"
      ]
    },
    "versionCode": 0
  },
  "20ccfef5-62ee-4143-81bb-bdf580daf77b@f9941": {
    "url": "db://assets/Sprites/Fondo/frente.png@f9941",
    "value": {
      "depends": [
        "20ccfef5-62ee-4143-81bb-bdf580daf77b@6c48a"
      ]
    },
    "versionCode": 0
  },
  "0d6ec2b3-c74e-4f5d-886f-87fdb3d20f1f@f9941": {
    "url": "db://assets/Sprites/Fondo/fondo.png@f9941",
    "value": {
      "depends": [
        "0d6ec2b3-c74e-4f5d-886f-87fdb3d20f1f@6c48a"
      ]
    },
    "versionCode": 0
  },
  "d0cd44bc-1c57-4ae0-8d03-3d0e9afb19a3@f9941": {
    "url": "db://assets/Sprites/Fondo/fondo_1.png@f9941",
    "value": {
      "depends": [
        "d0cd44bc-1c57-4ae0-8d03-3d0e9afb19a3@6c48a"
      ]
    },
    "versionCode": 0
  },
  "4d5a96ac-3a4b-427c-9d24-e299583a7b67@f9941": {
    "url": "db://assets/Sprites/Fondo/Piso.png@f9941",
    "value": {
      "depends": [
        "4d5a96ac-3a4b-427c-9d24-e299583a7b67@6c48a"
      ]
    },
    "versionCode": 0
  },
  "153f201c-374c-4176-9d26-fa9ddb6736b9": {
    "url": "db://assets/Scripts/MovimientoDedo.ts",
    "value": {},
    "versionCode": 0
  },
  "7e826883-57f9-4011-aeb9-599c4be5c9b8": {
    "url": "db://assets/Scripts/Score.ts",
    "value": {},
    "versionCode": 0
  },
  "f2f86078-1788-4d76-993f-23f64b447a2e": {
    "url": "db://assets/Models",
    "value": {},
    "versionCode": 0
  },
  "a16c89ca-2f0c-4616-a67c-578b73a123cd": {
    "url": "db://assets/Models/baseball_ball.fbx",
    "value": {},
    "versionCode": 0
  },
  "a16c89ca-2f0c-4616-a67c-578b73a123cd@41ac8": {
    "url": "db://assets/Models/baseball_ball.fbx@41ac8",
    "value": {
      "depends": []
    },
    "versionCode": 0
  },
  "a16c89ca-2f0c-4616-a67c-578b73a123cd@1bbb1": {
    "url": "db://assets/Models/baseball_ball.fbx@1bbb1",
    "value": {
      "depends": []
    },
    "versionCode": 0
  },
  "a16c89ca-2f0c-4616-a67c-578b73a123cd@cf2e8": {
    "url": "db://assets/Models/baseball_ball.fbx@cf2e8",
    "value": {
      "depends": []
    },
    "versionCode": 0
  },
  "a16c89ca-2f0c-4616-a67c-578b73a123cd@400be": {
    "url": "db://assets/Models/baseball_ball.fbx@400be",
    "value": {
      "depends": [
        "a16c89ca-2f0c-4616-a67c-578b73a123cd@1bbb1"
      ]
    },
    "versionCode": 0
  },
  "a16c89ca-2f0c-4616-a67c-578b73a123cd@75fa1": {
    "url": "db://assets/Models/baseball_ball.fbx@75fa1",
    "value": {
      "depends": [
        "a16c89ca-2f0c-4616-a67c-578b73a123cd@cf2e8"
      ]
    },
    "versionCode": 0
  },
  "a16c89ca-2f0c-4616-a67c-578b73a123cd@a4d57": {
    "url": "db://assets/Models/baseball_ball.fbx@a4d57",
    "value": {
      "depends": [
        "f648964e-8d32-41fc-9ac9-7a1e714dd17b",
        "0f53ddf4-f1a2-40b2-8fe3-ad3d530f6156@6c48a",
        "44601d89-3a4f-408f-8cb0-979ffdf09df6@6c48a",
        "ef823d4a-4b51-41bd-9514-b0048dec6412@6c48a"
      ]
    },
    "versionCode": 0
  },
  "a16c89ca-2f0c-4616-a67c-578b73a123cd@4a975": {
    "url": "db://assets/Models/baseball_ball.fbx@4a975",
    "value": {
      "depends": [
        "a16c89ca-2f0c-4616-a67c-578b73a123cd@a4d57",
        "a16c89ca-2f0c-4616-a67c-578b73a123cd@41ac8"
      ]
    },
    "versionCode": 0
  },
  "c5374dfd-e61a-481f-90bf-75386e0adb2a": {
    "url": "db://assets/Models/Texturas",
    "value": {},
    "versionCode": 0
  },
  "f374f609-a26e-47d4-8eae-127186ca8baa": {
    "url": "db://assets/Models/Texturas/baseball_01_disp.png",
    "value": {},
    "versionCode": 0
  },
  "f374f609-a26e-47d4-8eae-127186ca8baa@6c48a": {
    "url": "db://assets/Models/Texturas/baseball_01_disp.png@6c48a",
    "value": {
      "depends": [
        "f374f609-a26e-47d4-8eae-127186ca8baa"
      ]
    },
    "versionCode": 0
  },
  "44601d89-3a4f-408f-8cb0-979ffdf09df6": {
    "url": "db://assets/Models/Texturas/baseball_01_rough.png",
    "value": {},
    "versionCode": 0
  },
  "44601d89-3a4f-408f-8cb0-979ffdf09df6@6c48a": {
    "url": "db://assets/Models/Texturas/baseball_01_rough.png@6c48a",
    "value": {
      "depends": [
        "44601d89-3a4f-408f-8cb0-979ffdf09df6"
      ]
    },
    "versionCode": 0
  },
  "0f53ddf4-f1a2-40b2-8fe3-ad3d530f6156": {
    "url": "db://assets/Models/Texturas/baseball_01_diff.png",
    "value": {},
    "versionCode": 0
  },
  "0f53ddf4-f1a2-40b2-8fe3-ad3d530f6156@6c48a": {
    "url": "db://assets/Models/Texturas/baseball_01_diff.png@6c48a",
    "value": {
      "depends": [
        "0f53ddf4-f1a2-40b2-8fe3-ad3d530f6156"
      ]
    },
    "versionCode": 0
  },
  "ef823d4a-4b51-41bd-9514-b0048dec6412": {
    "url": "db://assets/Models/Texturas/baseball_01_normal.png",
    "value": {},
    "versionCode": 0
  },
  "ef823d4a-4b51-41bd-9514-b0048dec6412@6c48a": {
    "url": "db://assets/Models/Texturas/baseball_01_normal.png@6c48a",
    "value": {
      "depends": [
        "ef823d4a-4b51-41bd-9514-b0048dec6412"
      ]
    },
    "versionCode": 0
  },
  "c2d9bcbe-74b1-4726-8605-034b6845ab46": {
    "url": "db://assets/Models/baseball_.fbx",
    "value": {},
    "versionCode": 0
  },
  "c2d9bcbe-74b1-4726-8605-034b6845ab46@41ac8": {
    "url": "db://assets/Models/baseball_.fbx@41ac8",
    "value": {
      "depends": []
    },
    "versionCode": 0
  },
  "c2d9bcbe-74b1-4726-8605-034b6845ab46@1bbb1": {
    "url": "db://assets/Models/baseball_.fbx@1bbb1",
    "value": {
      "depends": []
    },
    "versionCode": 0
  },
  "c2d9bcbe-74b1-4726-8605-034b6845ab46@cf2e8": {
    "url": "db://assets/Models/baseball_.fbx@cf2e8",
    "value": {
      "depends": []
    },
    "versionCode": 0
  },
  "c2d9bcbe-74b1-4726-8605-034b6845ab46@400be": {
    "url": "db://assets/Models/baseball_.fbx@400be",
    "value": {
      "depends": [
        "c2d9bcbe-74b1-4726-8605-034b6845ab46@1bbb1"
      ]
    },
    "versionCode": 0
  },
  "c2d9bcbe-74b1-4726-8605-034b6845ab46@75fa1": {
    "url": "db://assets/Models/baseball_.fbx@75fa1",
    "value": {
      "depends": [
        "c2d9bcbe-74b1-4726-8605-034b6845ab46@cf2e8"
      ]
    },
    "versionCode": 0
  },
  "c2d9bcbe-74b1-4726-8605-034b6845ab46@a4d57": {
    "url": "db://assets/Models/baseball_.fbx@a4d57",
    "value": {
      "depends": [
        "f648964e-8d32-41fc-9ac9-7a1e714dd17b",
        "33ca4678-add2-4b4f-a1fb-9a407009bb02@6c48a",
        "7c8b8fb1-37b1-4039-baa6-9b09ae1f22d5@6c48a"
      ]
    },
    "versionCode": 0
  },
  "c2d9bcbe-74b1-4726-8605-034b6845ab46@dda07": {
    "url": "db://assets/Models/baseball_.fbx@dda07",
    "value": {
      "depends": [
        "c2d9bcbe-74b1-4726-8605-034b6845ab46@a4d57",
        "c2d9bcbe-74b1-4726-8605-034b6845ab46@41ac8"
      ]
    },
    "versionCode": 0
  },
  "df01ce26-76d1-419f-bcd2-fc726bca1fc2": {
    "url": "db://assets/Models/Texturas",
    "value": {},
    "versionCode": 0
  },
  "a4e5bbe4-7938-4831-9fc6-6d34a78eb4e8": {
    "url": "db://assets/Models/Texturas/baseball_01_disp.png",
    "value": {
      "depends": []
    },
    "versionCode": 0
  },
  "a4e5bbe4-7938-4831-9fc6-6d34a78eb4e8@6c48a": {
    "url": "db://assets/Models/Texturas/baseball_01_disp.png@6c48a",
    "value": {
      "depends": [
        "a4e5bbe4-7938-4831-9fc6-6d34a78eb4e8"
      ]
    },
    "versionCode": 0
  },
  "33ca4678-add2-4b4f-a1fb-9a407009bb02": {
    "url": "db://assets/Models/Texturas/baseball_01_diff.png",
    "value": {
      "depends": []
    },
    "versionCode": 0
  },
  "33ca4678-add2-4b4f-a1fb-9a407009bb02@6c48a": {
    "url": "db://assets/Models/Texturas/baseball_01_diff.png@6c48a",
    "value": {
      "depends": [
        "33ca4678-add2-4b4f-a1fb-9a407009bb02"
      ]
    },
    "versionCode": 0
  },
  "74e090c8-1675-47ff-ac36-423104512069": {
    "url": "db://assets/Models/Texturas/baseball_01_rough.png",
    "value": {
      "depends": []
    },
    "versionCode": 0
  },
  "74e090c8-1675-47ff-ac36-423104512069@6c48a": {
    "url": "db://assets/Models/Texturas/baseball_01_rough.png@6c48a",
    "value": {
      "depends": [
        "74e090c8-1675-47ff-ac36-423104512069"
      ]
    },
    "versionCode": 0
  },
  "7c8b8fb1-37b1-4039-baa6-9b09ae1f22d5": {
    "url": "db://assets/Models/Texturas/baseball_01_normal.png",
    "value": {
      "depends": []
    },
    "versionCode": 0
  },
  "7c8b8fb1-37b1-4039-baa6-9b09ae1f22d5@6c48a": {
    "url": "db://assets/Models/Texturas/baseball_01_normal.png@6c48a",
    "value": {
      "depends": [
        "7c8b8fb1-37b1-4039-baa6-9b09ae1f22d5"
      ]
    },
    "versionCode": 0
  },
  "78e2794f-d230-4a38-9360-13b9132f550b": {
    "url": "db://assets/Models/Material",
    "value": {},
    "versionCode": 0
  },
  "25e0d5fa-0163-41a5-b6b0-23328489e67e": {
    "url": "db://assets/Models/Material/piso.mtl",
    "value": {
      "depends": [
        "9b20a514-6cc3-49de-b216-b6b863046249",
        "4d5a96ac-3a4b-427c-9d24-e299583a7b67@6c48a"
      ]
    },
    "versionCode": 0
  },
  "800bf2d1-4af7-466f-a8c1-e2a9666f4a2f": {
    "url": "db://assets/Scripts/Targets.ts",
    "value": {},
    "versionCode": 0
  },
  "e8849420-096b-4163-b734-f3bf65790b30": {
    "url": "db://assets/Models/target.fbx",
    "value": {},
    "versionCode": 0
  },
  "e8849420-096b-4163-b734-f3bf65790b30@99380": {
    "url": "db://assets/Models/target.fbx@99380",
    "value": {
      "depends": [
        "f648964e-8d32-41fc-9ac9-7a1e714dd17b",
        "7c46e585-8135-45ef-845a-2cc5a65ed2a9@6c48a"
      ]
    },
    "versionCode": 0
  },
  "e8849420-096b-4163-b734-f3bf65790b30@c244a": {
    "url": "db://assets/Models/target.fbx@c244a",
    "value": {
      "depends": []
    },
    "versionCode": 0
  },
  "e8849420-096b-4163-b734-f3bf65790b30@48b02": {
    "url": "db://assets/Models/target.fbx@48b02",
    "value": {
      "depends": []
    },
    "versionCode": 0
  },
  "e8849420-096b-4163-b734-f3bf65790b30@7d6ab": {
    "url": "db://assets/Models/target.fbx@7d6ab",
    "value": {
      "depends": [
        "e8849420-096b-4163-b734-f3bf65790b30@48b02"
      ]
    },
    "versionCode": 0
  },
  "e8849420-096b-4163-b734-f3bf65790b30@46f4e": {
    "url": "db://assets/Models/target.fbx@46f4e",
    "value": {
      "depends": [
        "e8849420-096b-4163-b734-f3bf65790b30@99380",
        "e8849420-096b-4163-b734-f3bf65790b30@c244a"
      ]
    },
    "versionCode": 0
  },
  "7c46e585-8135-45ef-845a-2cc5a65ed2a9": {
    "url": "db://assets/Models/Texturas/Target_texture.png",
    "value": {
      "depends": []
    },
    "versionCode": 0
  },
  "7c46e585-8135-45ef-845a-2cc5a65ed2a9@6c48a": {
    "url": "db://assets/Models/Texturas/Target_texture.png@6c48a",
    "value": {
      "depends": [
        "7c46e585-8135-45ef-845a-2cc5a65ed2a9"
      ]
    },
    "versionCode": 0
  },
  "71690a94-ddbf-469a-9d8f-e7166280b8cc": {
    "url": "db://assets/Prefabs",
    "value": {},
    "versionCode": 0
  },
  "a61ca411-30fa-4090-baaa-909d74f979ac": {
    "url": "db://assets/Prefabs/Target.prefab",
    "value": {
      "depends": [
        "e8849420-096b-4163-b734-f3bf65790b30@99380",
        "e8849420-096b-4163-b734-f3bf65790b30@c244a",
        "6517d791-5505-48bd-9785-1ac3554af100",
        "19ea790b-de82-44ab-a04e-e818f4202306",
        "d9bd151d-041f-4e64-b24e-c420f0b5edaf"
      ],
      "dependScripts": []
    },
    "versionCode": 0
  },
  "bde22621-c1eb-46b0-aeee-06a226d4255e": {
    "url": "db://assets/Animaciones",
    "value": {},
    "versionCode": 0
  },
  "6517d791-5505-48bd-9785-1ac3554af100": {
    "url": "db://assets/Animaciones/Fin.anim",
    "value": {
      "depends": []
    },
    "versionCode": 0
  },
  "19ea790b-de82-44ab-a04e-e818f4202306": {
    "url": "db://assets/Animaciones/Mov_Izq.anim",
    "value": {
      "depends": []
    },
    "versionCode": 0
  },
  "d9bd151d-041f-4e64-b24e-c420f0b5edaf": {
    "url": "db://assets/Animaciones/Mov_Der.anim",
    "value": {
      "depends": []
    },
    "versionCode": 0
  },
  "a42d29f9-1e26-4b4c-bb56-ddac0c809218": {
    "url": "db://assets/Scripts/MyTarget.ts",
    "value": {},
    "versionCode": 0
  },
  "c191b7c5-6805-4976-b4da-01001e90f4d2": {
    "url": "db://assets/Sprites/Particulas",
    "value": {},
    "versionCode": 0
  },
  "3fa09a89-6edb-42a8-9205-3e77ad967643": {
    "url": "db://assets/Sprites/Particulas/confetti1@4x.png",
    "value": {
      "depends": []
    },
    "versionCode": 0
  },
  "3fdacd42-4c5d-43ad-9a12-e4903ac688f4": {
    "url": "db://assets/Sprites/Particulas/confetti2@4x.png",
    "value": {
      "depends": []
    },
    "versionCode": 0
  },
  "3fdacd42-4c5d-43ad-9a12-e4903ac688f4@6c48a": {
    "url": "db://assets/Sprites/Particulas/confetti2@4x.png@6c48a",
    "value": {
      "depends": [
        "3fdacd42-4c5d-43ad-9a12-e4903ac688f4"
      ]
    },
    "versionCode": 0
  },
  "3fa09a89-6edb-42a8-9205-3e77ad967643@6c48a": {
    "url": "db://assets/Sprites/Particulas/confetti1@4x.png@6c48a",
    "value": {
      "depends": [
        "3fa09a89-6edb-42a8-9205-3e77ad967643"
      ]
    },
    "versionCode": 0
  },
  "ff1e79ad-8958-493e-a03a-6a1bc6dfbd3e": {
    "url": "db://assets/Prefabs/Particle2D-001.prefab",
    "value": {
      "depends": [
        "e17b4526-57a2-48d3-acc9-cf09f30aa138",
        "3fdacd42-4c5d-43ad-9a12-e4903ac688f4@f9941"
      ],
      "dependScripts": []
    },
    "versionCode": 0
  },
  "287056b4-9be8-401b-b539-b2005880f3ec": {
    "url": "db://assets/Prefabs/Particle2D.prefab",
    "value": {
      "depends": [
        "e17b4526-57a2-48d3-acc9-cf09f30aa138",
        "3fa09a89-6edb-42a8-9205-3e77ad967643@f9941"
      ],
      "dependScripts": []
    },
    "versionCode": 0
  },
  "3fa09a89-6edb-42a8-9205-3e77ad967643@f9941": {
    "url": "db://assets/Sprites/Particulas/confetti1@4x.png@f9941",
    "value": {
      "depends": [
        "3fa09a89-6edb-42a8-9205-3e77ad967643@6c48a"
      ]
    },
    "versionCode": 0
  },
  "3fdacd42-4c5d-43ad-9a12-e4903ac688f4@f9941": {
    "url": "db://assets/Sprites/Particulas/confetti2@4x.png@f9941",
    "value": {
      "depends": [
        "3fdacd42-4c5d-43ad-9a12-e4903ac688f4@6c48a"
      ]
    },
    "versionCode": 0
  },
  "f08d94e9-3959-4624-a325-f523ea6723ef": {
    "url": "db://assets/Font",
    "value": {},
    "versionCode": 0
  },
  "f3c7f5d8-1728-4db5-bcc4-e81f6c14ba66": {
    "url": "db://assets/Font/BlackHanSans-Regular.ttf",
    "value": {
      "depends": []
    },
    "versionCode": 0
  },
  "23a16d02-4e46-4d48-92fc-4e89dc02ce62": {
    "url": "db://assets/Sprites/Strike.png",
    "value": {
      "depends": []
    },
    "versionCode": 0
  },
  "23a16d02-4e46-4d48-92fc-4e89dc02ce62@6c48a": {
    "url": "db://assets/Sprites/Strike.png@6c48a",
    "value": {
      "depends": [
        "23a16d02-4e46-4d48-92fc-4e89dc02ce62"
      ]
    },
    "versionCode": 0
  },
  "23a16d02-4e46-4d48-92fc-4e89dc02ce62@f9941": {
    "url": "db://assets/Sprites/Strike.png@f9941",
    "value": {
      "depends": [
        "23a16d02-4e46-4d48-92fc-4e89dc02ce62@6c48a"
      ]
    },
    "versionCode": 0
  },
  "52a007ea-3032-4029-a1d5-ad54d0e9f1b9": {
    "url": "db://assets/Animaciones/logo.anim",
    "value": {
      "depends": []
    },
    "versionCode": 0
  },
  "e067142c-00a8-4af4-970d-4cd352d451c5": {
    "url": "db://assets/Imagenes/FanVenados_Blanco.png",
    "value": {
      "depends": []
    },
    "versionCode": 0
  },
  "e067142c-00a8-4af4-970d-4cd352d451c5@6c48a": {
    "url": "db://assets/Imagenes/FanVenados_Blanco.png@6c48a",
    "value": {
      "depends": [
        "e067142c-00a8-4af4-970d-4cd352d451c5"
      ]
    },
    "versionCode": 0
  }
}
