{
  "version": "1.0.1",
  "map": {
    "Animaciones": {
      "time": 1770322537372.0403,
      "uuid": "bde22621-c1eb-46b0-aeee-06a226d4255e"
    },
    "Font": {
      "time": 1770322537385.3494,
      "uuid": "f08d94e9-3959-4624-a325-f523ea6723ef"
    },
    "Imagenes": {
      "time": 1770322662783.1726,
      "uuid": "7555d25a-8e0f-4c4b-8fdf-2aee5ddf10a9"
    },
    "Models": {
      "time": 1770322537453.506,
      "uuid": "f2f86078-1788-4d76-993f-23f64b447a2e"
    },
    "Prefabs": {
      "time": 1770322537518.5312,
      "uuid": "71690a94-ddbf-469a-9d8f-e7166280b8cc"
    },
    "Scenes": {
      "time": 1770322537532.6533,
      "uuid": "79d28d00-2101-461d-b383-0ee1cb274c25"
    },
    "Scripts": {
      "time": 1770322537553.4373,
      "uuid": "d8f3695a-27b1-4e23-ac7a-16d197524255"
    },
    "Sprites": {
      "time": 1770322537699.7466,
      "uuid": "22e2cc3f-5d07-44ba-b5a3-a97112ae8888"
    },
    "Models\\Material": {
      "time": 1770322537450.2327,
      "uuid": "78e2794f-d230-4a38-9360-13b9132f550b"
    },
    "Models\\Texturas": {
      "time": 1770322537505.6816,
      "uuid": "df01ce26-76d1-419f-bcd2-fc726bca1fc2"
    },
    "Sprites\\Botones": {
      "time": 1770322537653.9236,
      "uuid": "70ec8fad-741a-4551-83cb-a7204dea5449"
    },
    "Sprites\\Fondo": {
      "time": 1770323186531.5693,
      "uuid": "f083c566-bbe7-44ae-9cd9-b085a8e007e4"
    },
    "Sprites\\Particulas": {
      "time": 1770322537706.0107,
      "uuid": "c191b7c5-6805-4976-b4da-01001e90f4d2"
    },
    "Sprites\\Botones\\Botones Flechas": {
      "time": 1770322537586.232,
      "uuid": "6ce953f8-d2a1-4c4e-82c6-a28df9f819e1"
    },
    "Sprites\\Botones\\Inicio": {
      "time": 1770322537599.4946,
      "uuid": "0fbadf60-bf2e-4fe8-8fed-e1ef94861d4f"
    },
    "Sprites\\Botones\\Instruccion": {
      "time": 1770322537611.6045,
      "uuid": "09dfae50-761a-4e2c-8626-5c9845b1225b"
    },
    "Sprites\\Botones\\Jugar": {
      "time": 1770322537625.2725,
      "uuid": "173e2e24-83ac-4150-a0fd-af808546aabe"
    },
    "Sprites\\Botones\\Salir": {
      "time": 1770322537637.2937,
      "uuid": "8f6839f4-befd-40ea-8151-58fa1b132d98"
    },
    "Sprites\\Botones\\Siguiente": {
      "time": 1770322537649.3887,
      "uuid": "0461c0ca-52b2-4fd6-bad4-899b977db422"
    },
    "Sprites\\Botones\\Volver": {
      "time": 1770322537673.5164,
      "uuid": "c3195ebe-7f5c-4098-a468-a155f4122efc"
    },
    "Scripts\\ButtonMessage.ts": {
      "time": 1760636372000,
      "uuid": "7c6e5e3f-674c-4eaf-893c-25668288d7db"
    },
    "Scripts\\CambioEscena.ts": {
      "time": 1759959486000,
      "uuid": "142a78ef-3211-4cb7-a709-a9c167e6da85"
    },
    "Scripts\\Instrucciones.ts": {
      "time": 1759776858000,
      "uuid": "85995453-0fce-4d38-a78d-3e4a7011d7fd"
    },
    "Scripts\\Manager.ts": {
      "time": 1760656080000,
      "uuid": "1486f7c4-22ed-47c6-9ed5-0caea059106d"
    },
    "Scripts\\MovimientoDedo.ts": {
      "time": 1760645606000,
      "uuid": "153f201c-374c-4176-9d26-fa9ddb6736b9"
    },
    "Scripts\\Score.ts": {
      "time": 1760645556000,
      "uuid": "7e826883-57f9-4011-aeb9-599c4be5c9b8"
    },
    "Scripts\\Targets.ts": {
      "time": 1760417008000,
      "uuid": "800bf2d1-4af7-466f-a8c1-e2a9666f4a2f"
    },
    "Animaciones.meta": {
      "time": 1760388784000
    },
    "Font.meta": {
      "time": 1760417444000
    },
    "Imagenes.meta": {
      "time": 1760033596000
    },
    "Models.meta": {
      "time": 1760376792000
    },
    "Prefabs.meta": {
      "time": 1760388588000
    },
    "Scenes.meta": {
      "time": 1760041090000
    },
    "Scripts.meta": {
      "time": 1760040848000
    },
    "Sprites.meta": {
      "time": 1760040562000
    },
    "Models\\Material.meta": {
      "time": 1760382156000
    },
    "Models\\Texturas.meta": {
      "time": 1760379498000
    },
    "Sprites\\Botones.meta": {
      "time": 1759342646000
    },
    "Sprites\\Fondo.meta": {
      "time": 1760042670000
    },
    "Sprites\\Particulas.meta": {
      "time": 1760415586000
    },
    "Sprites\\Botones\\Botones Flechas.meta": {
      "time": 1759357930000
    },
    "Sprites\\Botones\\Inicio.meta": {
      "time": 1759342646000
    },
    "Sprites\\Botones\\Instruccion.meta": {
      "time": 1759357930000
    },
    "Sprites\\Botones\\Jugar.meta": {
      "time": 1759342646000
    },
    "Sprites\\Botones\\Salir.meta": {
      "time": 1759342646000
    },
    "Sprites\\Botones\\Siguiente.meta": {
      "time": 1759342646000
    },
    "Sprites\\Botones\\Volver.meta": {
      "time": 1759342646000
    },
    "Scripts\\ButtonMessage.ts.meta": {
      "time": 1770322594440.2585
    },
    "Scripts\\CambioEscena.ts.meta": {
      "time": 1770322594441.849
    },
    "Scripts\\Instrucciones.ts.meta": {
      "time": 1770322594442.8574
    },
    "Scripts\\Manager.ts.meta": {
      "time": 1770322594444.364
    },
    "Scripts\\MovimientoDedo.ts.meta": {
      "time": 1770322594446.4067
    },
    "Scripts\\Score.ts.meta": {
      "time": 1770322594454.0166
    },
    "Scripts\\Targets.ts.meta": {
      "time": 1770322594455.5684
    },
    "Animaciones\\Fin.anim": {
      "time": 1760389264000,
      "uuid": "6517d791-5505-48bd-9785-1ac3554af100"
    },
    "Animaciones\\logo.anim": {
      "time": 1760368888000,
      "uuid": "52a007ea-3032-4029-a1d5-ad54d0e9f1b9"
    },
    "Animaciones\\Mov_Der.anim": {
      "time": 1760389406000,
      "uuid": "d9bd151d-041f-4e64-b24e-c420f0b5edaf"
    },
    "Animaciones\\Mov_Izq.anim": {
      "time": 1760389346000,
      "uuid": "19ea790b-de82-44ab-a04e-e818f4202306"
    },
    "Font\\BlackHanSans-Regular.ttf": {
      "time": 1737687674000,
      "uuid": "f3c7f5d8-1728-4db5-bcc4-e81f6c14ba66"
    },
    "Imagenes\\02.png": {
      "time": 1759426882000,
      "uuid": "e290c7e9-ece7-4dbd-bf40-d4a57179d06a"
    },
    "Imagenes\\GameOver.png": {
      "time": 1759428012000,
      "uuid": "35e7bd5b-2cee-4cb0-af60-04564a0bd104"
    },
    "Imagenes\\Instruccion.png": {
      "time": 1759358104000,
      "uuid": "4521108b-81f1-45dd-a6c2-baca8771b736"
    },
    "Imagenes\\Juego01.png": {
      "time": 1759251896000,
      "uuid": "7e3b0df6-8353-43da-bfae-a98f14d2df3c"
    },
    "Imagenes\\Marco.png": {
      "time": 1759433034000,
      "uuid": "1727a47d-7f1c-46a5-ad0a-307c6b1796ae"
    },
    "Imagenes\\PortadaStrike-Venados.png": {
      "time": 1760038836000,
      "uuid": "58056d1f-8a3e-4423-b09c-b8f2b612e262"
    },
    "Models\\baseball_.fbx": {
      "time": 1760379472000,
      "uuid": "c2d9bcbe-74b1-4726-8605-034b6845ab46"
    },
    "Models\\target.fbx": {
      "time": 1760387700000,
      "uuid": "e8849420-096b-4163-b734-f3bf65790b30"
    },
    "Prefabs\\Particle2D-001.prefab": {
      "time": 1760417218000,
      "uuid": "ff1e79ad-8958-493e-a03a-6a1bc6dfbd3e"
    },
    "Prefabs\\Particle2D.prefab": {
      "time": 1760417214000,
      "uuid": "287056b4-9be8-401b-b539-b2005880f3ec"
    },
    "Prefabs\\Target.prefab": {
      "time": 1760463702000,
      "uuid": "a61ca411-30fa-4090-baaa-909d74f979ac"
    },
    "Scenes\\Inicio.scene": {
      "time": 1770323029328.4956,
      "uuid": "4bdcf820-482b-46cf-806b-1851d20ac600"
    },
    "Scenes\\Instrucciones.scene": {
      "time": 1760462326000,
      "uuid": "ef4862a3-95b0-466f-8d43-da505588c566"
    },
    "Scenes\\Juego.scene": {
      "time": 1770323349914.728,
      "uuid": "2dcf818e-0c77-4dd3-a7cf-46bd310eea18"
    },
    "Sprites\\Strike.png": {
      "time": 1760456354000,
      "uuid": "23a16d02-4e46-4d48-92fc-4e89dc02ce62"
    },
    "Models\\Material\\piso.mtl": {
      "time": 1760382208000,
      "uuid": "25e0d5fa-0163-41a5-b6b0-23328489e67e"
    },
    "Models\\Texturas\\baseball_01_diff.png": {
      "time": 1760377034000,
      "uuid": "33ca4678-add2-4b4f-a1fb-9a407009bb02"
    },
    "Models\\Texturas\\baseball_01_disp.png": {
      "time": 1760377092000,
      "uuid": "a4e5bbe4-7938-4831-9fc6-6d34a78eb4e8"
    },
    "Models\\Texturas\\baseball_01_normal.png": {
      "time": 1760377848000,
      "uuid": "7c8b8fb1-37b1-4039-baa6-9b09ae1f22d5"
    },
    "Models\\Texturas\\baseball_01_rough.png": {
      "time": 1760377192000,
      "uuid": "74e090c8-1675-47ff-ac36-423104512069"
    },
    "Models\\Texturas\\Target_texture.png": {
      "time": 1760387624000,
      "uuid": "7c46e585-8135-45ef-845a-2cc5a65ed2a9"
    },
    "Sprites\\Fondo\\fondo.png": {
      "time": 1760042592000,
      "uuid": "0d6ec2b3-c74e-4f5d-886f-87fdb3d20f1f"
    },
    "Sprites\\Fondo\\fondo_1.png": {
      "time": 1760044384000,
      "uuid": "d0cd44bc-1c57-4ae0-8d03-3d0e9afb19a3"
    },
    "Sprites\\Fondo\\frente.png": {
      "time": 1760042548000,
      "uuid": "20ccfef5-62ee-4143-81bb-bdf580daf77b"
    },
    "Sprites\\Fondo\\Piso.png": {
      "time": 1760044114000,
      "uuid": "4d5a96ac-3a4b-427c-9d24-e299583a7b67"
    },
    "Sprites\\Particulas\\confetti1@4x.png": {
      "time": 1737687674000,
      "uuid": "3fa09a89-6edb-42a8-9205-3e77ad967643"
    },
    "Sprites\\Particulas\\confetti2@4x.png": {
      "time": 1737687674000,
      "uuid": "3fdacd42-4c5d-43ad-9a12-e4903ac688f4"
    },
    "Sprites\\Botones\\Botones Flechas\\Back.png": {
      "time": 1759358000000,
      "uuid": "9fc3705d-d6ad-4f9b-a9a0-66875aed2aaf"
    },
    "Sprites\\Botones\\Botones Flechas\\Next.png": {
      "time": 1759358000000,
      "uuid": "4431e105-0cab-4fcb-9f02-44e4571e7f41"
    },
    "Sprites\\Botones\\Inicio\\Hover.png": {
      "time": 1759342524000,
      "uuid": "214813f3-accd-4f4f-8613-f400fbb4fd6a"
    },
    "Sprites\\Botones\\Inicio\\Normal.png": {
      "time": 1759342524000,
      "uuid": "dca55c14-c304-46b4-9d77-728bd67b55df"
    },
    "Sprites\\Botones\\Inicio\\Press.png": {
      "time": 1759342524000,
      "uuid": "badcb2c2-7f5a-4915-ae3e-b0164622d771"
    },
    "Sprites\\Botones\\Instruccion\\01.png": {
      "time": 1760041506000,
      "uuid": "13b094f3-1ed8-4fdc-84ff-a0bf1eb73868"
    },
    "Sprites\\Botones\\Instruccion\\02.png": {
      "time": 1760041506000,
      "uuid": "10c9d270-afda-4688-b18e-6b7e0abae80b"
    },
    "Sprites\\Botones\\Instruccion\\03.png": {
      "time": 1760041506000,
      "uuid": "c6876213-38b4-4b9c-b68e-5f063f8a43dc"
    },
    "Sprites\\Botones\\Jugar\\Hover.png": {
      "time": 1759342524000,
      "uuid": "7aa5fef3-f874-4d5a-bea1-c3de1bd3d424"
    },
    "Sprites\\Botones\\Jugar\\Normal.png": {
      "time": 1759342524000,
      "uuid": "228ffe7f-3fb0-460c-9aa7-34b467c48160"
    },
    "Sprites\\Botones\\Jugar\\Press.png": {
      "time": 1759342524000,
      "uuid": "00e73063-3146-48f0-94e2-3af417d479d8"
    },
    "Sprites\\Botones\\Salir\\Hover.png": {
      "time": 1759342524000,
      "uuid": "c9d682ae-9f1e-4c20-9c65-dbd442fb38b2"
    },
    "Sprites\\Botones\\Salir\\Normal.png": {
      "time": 1759342524000,
      "uuid": "96d75ff2-bf50-4ddb-9da2-2fd939326a04"
    },
    "Sprites\\Botones\\Salir\\Press.png": {
      "time": 1759342524000,
      "uuid": "8fe440cd-1cf1-4818-9918-64c6af59391a"
    },
    "Sprites\\Botones\\Siguiente\\Hover.png": {
      "time": 1759342524000,
      "uuid": "50b0f2bd-2162-4853-80ba-42c73b4c8864"
    },
    "Sprites\\Botones\\Siguiente\\Normal.png": {
      "time": 1759342524000,
      "uuid": "d5783e10-ec1f-40f5-b32d-29c4bc16ec39"
    },
    "Sprites\\Botones\\Siguiente\\Press.png": {
      "time": 1759342524000,
      "uuid": "ef2c9802-9b3e-4ee3-9936-35274e272261"
    },
    "Sprites\\Botones\\Volver\\Hover.png": {
      "time": 1759342524000,
      "uuid": "fc74bccb-d42a-4e94-8aa9-eab8afdbb8ef"
    },
    "Sprites\\Botones\\Volver\\Normal.png": {
      "time": 1759342524000,
      "uuid": "148419c5-1157-4e27-8a45-e47658f4c11f"
    },
    "Sprites\\Botones\\Volver\\Press.png": {
      "time": 1759342524000,
      "uuid": "9163b5cc-1cee-4c5b-bac3-92e5a651c6a7"
    },
    "Font\\BlackHanSans-Regular.ttf.meta": {
      "time": 1737687674000
    },
    "Animaciones\\Mov_Der.anim.meta": {
      "time": 1770322601296.8057
    },
    "Animaciones\\logo.anim.meta": {
      "time": 1770322601297.7986
    },
    "Animaciones\\Fin.anim.meta": {
      "time": 1770322601300.3284
    },
    "Animaciones\\Mov_Izq.anim.meta": {
      "time": 1770322601308.3833
    },
    "Imagenes\\02.png.meta": {
      "time": 1770322601390.817
    },
    "Imagenes\\GameOver.png.meta": {
      "time": 1770322601405.8586
    },
    "Imagenes\\Juego01.png.meta": {
      "time": 1770322601408.6946
    },
    "Imagenes\\Instruccion.png.meta": {
      "time": 1770322601409.7083
    },
    "Prefabs\\Particle2D-001.prefab.meta": {
      "time": 1737687674000
    },
    "Imagenes\\PortadaStrike-Venados.png.meta": {
      "time": 1770322601594.6772
    },
    "Imagenes\\Marco.png.meta": {
      "time": 1770322601614.7864
    },
    "Prefabs\\Particle2D.prefab.meta": {
      "time": 1737687674000
    },
    "Prefabs\\Target.prefab.meta": {
      "time": 1760388592000
    },
    "Scenes\\Inicio.scene.meta": {
      "time": 1760042074000
    },
    "Scenes\\Instrucciones.scene.meta": {
      "time": 1760042074000
    },
    "Models\\Material\\piso.mtl.meta": {
      "time": 1760382182000
    },
    "Scenes\\Juego.scene.meta": {
      "time": 1760042074000
    },
    "Models\\Texturas\\baseball_01_disp.png.meta": {
      "time": 1770322601680.3406
    },
    "Models\\Texturas\\baseball_01_diff.png.meta": {
      "time": 1770322601689.4182
    },
    "Sprites\\Strike.png.meta": {
      "time": 1770322601702.0806
    },
    "Models\\Texturas\\baseball_01_normal.png.meta": {
      "time": 1770322601733.7524
    },
    "Models\\Texturas\\Target_texture.png.meta": {
      "time": 1770322601741.8691
    },
    "Models\\Texturas\\baseball_01_rough.png.meta": {
      "time": 1770322601747.9436
    },
    "Sprites\\Fondo\\fondo.png.meta": {
      "time": 1770322601837.276
    },
    "Sprites\\Fondo\\frente.png.meta": {
      "time": 1770322601866.7776
    },
    "Models\\target.fbx.meta": {
      "time": 1770322601871.855
    },
    "Sprites\\Fondo\\fondo_1.png.meta": {
      "time": 1770322601879.443
    },
    "Sprites\\Particulas\\confetti2@4x.png.meta": {
      "time": 1770322601926.3938
    },
    "Sprites\\Particulas\\confetti1@4x.png.meta": {
      "time": 1770322601932.5403
    },
    "Sprites\\Botones\\Botones Flechas\\Back.png.meta": {
      "time": 1770322601935.5647
    },
    "Sprites\\Fondo\\Piso.png.meta": {
      "time": 1770322601987.3
    },
    "Sprites\\Botones\\Botones Flechas\\Next.png.meta": {
      "time": 1770322602003.1638
    },
    "Sprites\\Botones\\Inicio\\Hover.png.meta": {
      "time": 1770322602004.6748
    },
    "Sprites\\Botones\\Inicio\\Normal.png.meta": {
      "time": 1770322602011.4258
    },
    "Sprites\\Botones\\Inicio\\Press.png.meta": {
      "time": 1770322602043.49
    },
    "Sprites\\Botones\\Instruccion\\01.png.meta": {
      "time": 1770322602053.0015
    },
    "Sprites\\Botones\\Instruccion\\02.png.meta": {
      "time": 1770322602053.5085
    },
    "Sprites\\Botones\\Instruccion\\03.png.meta": {
      "time": 1770322602063.758
    },
    "Sprites\\Botones\\Jugar\\Hover.png.meta": {
      "time": 1770322602090.395
    },
    "Sprites\\Botones\\Jugar\\Press.png.meta": {
      "time": 1770322602096.5007
    },
    "Sprites\\Botones\\Jugar\\Normal.png.meta": {
      "time": 1770322602096.5007
    },
    "Sprites\\Botones\\Salir\\Hover.png.meta": {
      "time": 1770322602115.8733
    },
    "Sprites\\Botones\\Salir\\Normal.png.meta": {
      "time": 1770322602136.6838
    },
    "Sprites\\Botones\\Siguiente\\Hover.png.meta": {
      "time": 1770322602141.2327
    },
    "Sprites\\Botones\\Salir\\Press.png.meta": {
      "time": 1770322602148.351
    },
    "Sprites\\Botones\\Siguiente\\Normal.png.meta": {
      "time": 1770322602159.4153
    },
    "Sprites\\Botones\\Siguiente\\Press.png.meta": {
      "time": 1770322602183.9375
    },
    "Sprites\\Botones\\Volver\\Hover.png.meta": {
      "time": 1770322602189.5952
    },
    "Sprites\\Botones\\Volver\\Normal.png.meta": {
      "time": 1770322602192.1875
    },
    "Sprites\\Botones\\Volver\\Press.png.meta": {
      "time": 1770322602201.9092
    },
    "Models\\baseball_.fbx.meta": {
      "time": 1770322602295.8665
    },
    "Imagenes\\VenadosLoyalty.png.meta": {
      "time": 1770322680827.2122
    },
    "Imagenes\\VenadosLoyalty.png": {
      "time": 1770320534887.5442,
      "uuid": "aaecc3e2-de7f-4f8b-acc6-b27748dde7d4"
    },
    "Imagenes\\VenadosLoyalty-bg.jpg.meta": {
      "time": 1770322680822.9958
    },
    "Imagenes\\VenadosLoyalty-bg.jpg": {
      "time": 1770320534884.5393,
      "uuid": "e1834a41-5632-4816-838a-43e5c3d24dc4"
    },
    "Sprites\\Fondo\\degradado.png.meta": {
      "time": 1770323226936.694
    },
    "Sprites\\Fondo\\degradado.png": {
      "time": 1770323170401.0642,
      "uuid": "b60c3fc2-2db7-4632-a597-96cb452913f9"
    }
  },
  "missing": {}
}
