{
  "version": "1.0.0",
  "map": {
    "X:\\Escritorio\\BLUE\\Fan Venados\\Juegos Cocos\\Strike-Zone\\assets\\Imagenes.meta": {
      "time": 1760033596624.8752
    },
    "X:\\Escritorio\\BLUE\\Fan Venados\\Juegos Cocos\\Strike-Zone\\assets\\Imagenes": {
      "time": 1760550446896.648,
      "uuid": "7555d25a-8e0f-4c4b-8fdf-2aee5ddf10a9"
    },
    "X:\\Escritorio\\BLUE\\Fan Venados\\Juegos Cocos\\Strike-Zone\\assets\\Imagenes\\02.png.meta": {
      "time": 1760040819131.156
    },
    "X:\\Escritorio\\BLUE\\Fan Venados\\Juegos Cocos\\Strike-Zone\\assets\\Imagenes\\GameOver.png.meta": {
      "time": 1760040819168.0566
    },
    "X:\\Escritorio\\BLUE\\Fan Venados\\Juegos Cocos\\Strike-Zone\\assets\\Imagenes\\Instruccion.png.meta": {
      "time": 1760040819142.1262
    },
    "X:\\Escritorio\\BLUE\\Fan Venados\\Juegos Cocos\\Strike-Zone\\assets\\Imagenes\\Juego01.png.meta": {
      "time": 1760040819143.1235
    },
    "X:\\Escritorio\\BLUE\\Fan Venados\\Juegos Cocos\\Strike-Zone\\assets\\Imagenes\\Logo.png.meta": {
      "time": 1760040811155.3718
    },
    "X:\\Escritorio\\BLUE\\Fan Venados\\Juegos Cocos\\Strike-Zone\\assets\\Imagenes\\Marco.png.meta": {
      "time": 1760040819141.1292
    },
    "X:\\Escritorio\\BLUE\\Fan Venados\\Juegos Cocos\\Strike-Zone\\assets\\Imagenes\\Instruccion.png": {
      "time": 1759358104000,
      "uuid": "4521108b-81f1-45dd-a6c2-baca8771b736"
    },
    "X:\\Escritorio\\BLUE\\Fan Venados\\Juegos Cocos\\Strike-Zone\\assets\\Imagenes\\02.png": {
      "time": 1759426882000,
      "uuid": "e290c7e9-ece7-4dbd-bf40-d4a57179d06a"
    },
    "X:\\Escritorio\\BLUE\\Fan Venados\\Juegos Cocos\\Strike-Zone\\assets\\Imagenes\\Juego01.png": {
      "time": 1759251896000,
      "uuid": "7e3b0df6-8353-43da-bfae-a98f14d2df3c"
    },
    "X:\\Escritorio\\BLUE\\Fan Venados\\Juegos Cocos\\Strike-Zone\\assets\\Imagenes\\GameOver.png": {
      "time": 1759428012000,
      "uuid": "35e7bd5b-2cee-4cb0-af60-04564a0bd104"
    },
    "X:\\Escritorio\\BLUE\\Fan Venados\\Juegos Cocos\\Strike-Zone\\assets\\Imagenes\\Logo.png": {
      "time": 1759426374000,
      "uuid": "08e47474-e545-48de-90f6-a8e6b4d4c5dd"
    },
    "X:\\Escritorio\\BLUE\\Fan Venados\\Juegos Cocos\\Strike-Zone\\assets\\Imagenes\\Marco.png": {
      "time": 1759433034000,
      "uuid": "1727a47d-7f1c-46a5-ad0a-307c6b1796ae"
    },
    "X:\\Escritorio\\BLUE\\Fan Venados\\Juegos Cocos\\Strike-Zone\\assets\\Imagenes\\PortadaStrike-Venados.png.meta": {
      "time": 1760040500386.0332
    },
    "X:\\Escritorio\\BLUE\\Fan Venados\\Juegos Cocos\\Strike-Zone\\assets\\Imagenes\\PortadaStrike-Venados.png": {
      "time": 1760038836098.3108,
      "uuid": "58056d1f-8a3e-4423-b09c-b8f2b612e262"
    },
    "X:\\Escritorio\\BLUE\\Fan Venados\\Juegos Cocos\\Strike-Zone\\assets\\Sprites.meta": {
      "time": 1760040562291.9482
    },
    "X:\\Escritorio\\BLUE\\Fan Venados\\Juegos Cocos\\Strike-Zone\\assets\\Sprites\\Botones.meta": {
      "time": 1759342647772.0747
    },
    "X:\\Escritorio\\BLUE\\Fan Venados\\Juegos Cocos\\Strike-Zone\\assets\\Sprites\\Botones\\Botones Flechas.meta": {
      "time": 1759357930309.7983
    },
    "X:\\Escritorio\\BLUE\\Fan Venados\\Juegos Cocos\\Strike-Zone\\assets\\Sprites\\Botones\\Inicio.meta": {
      "time": 1759342647772.0747
    },
    "X:\\Escritorio\\BLUE\\Fan Venados\\Juegos Cocos\\Strike-Zone\\assets\\Sprites\\Botones\\Instruccion.meta": {
      "time": 1759357930345.7063
    },
    "X:\\Escritorio\\BLUE\\Fan Venados\\Juegos Cocos\\Strike-Zone\\assets\\Sprites\\Botones\\Jugar.meta": {
      "time": 1759342647772.0747
    },
    "X:\\Escritorio\\BLUE\\Fan Venados\\Juegos Cocos\\Strike-Zone\\assets\\Sprites\\Botones\\Salir.meta": {
      "time": 1759342647772.0747
    },
    "X:\\Escritorio\\BLUE\\Fan Venados\\Juegos Cocos\\Strike-Zone\\assets\\Sprites\\Botones\\Siguiente.meta": {
      "time": 1759342647773.0713
    },
    "X:\\Escritorio\\BLUE\\Fan Venados\\Juegos Cocos\\Strike-Zone\\assets\\Sprites\\Botones\\Volver.meta": {
      "time": 1759342647779.0554
    },
    "X:\\Escritorio\\BLUE\\Fan Venados\\Juegos Cocos\\Strike-Zone\\assets\\Sprites": {
      "time": 1760456523768.38,
      "uuid": "22e2cc3f-5d07-44ba-b5a3-a97112ae8888"
    },
    "X:\\Escritorio\\BLUE\\Fan Venados\\Juegos Cocos\\Strike-Zone\\assets\\Sprites\\Botones": {
      "time": 1760040554264.172,
      "uuid": "70ec8fad-741a-4551-83cb-a7204dea5449"
    },
    "X:\\Escritorio\\BLUE\\Fan Venados\\Juegos Cocos\\Strike-Zone\\assets\\Sprites\\Botones\\Botones Flechas": {
      "time": 1760040554195.4185,
      "uuid": "6ce953f8-d2a1-4c4e-82c6-a28df9f819e1"
    },
    "X:\\Escritorio\\BLUE\\Fan Venados\\Juegos Cocos\\Strike-Zone\\assets\\Sprites\\Botones\\Inicio": {
      "time": 1760040554211.417,
      "uuid": "0fbadf60-bf2e-4fe8-8fed-e1ef94861d4f"
    },
    "X:\\Escritorio\\BLUE\\Fan Venados\\Juegos Cocos\\Strike-Zone\\assets\\Sprites\\Botones\\Instruccion": {
      "time": 1760040554224.7822,
      "uuid": "09dfae50-761a-4e2c-8626-5c9845b1225b"
    },
    "X:\\Escritorio\\BLUE\\Fan Venados\\Juegos Cocos\\Strike-Zone\\assets\\Sprites\\Botones\\Jugar": {
      "time": 1760040554237.8975,
      "uuid": "173e2e24-83ac-4150-a0fd-af808546aabe"
    },
    "X:\\Escritorio\\BLUE\\Fan Venados\\Juegos Cocos\\Strike-Zone\\assets\\Sprites\\Botones\\Salir": {
      "time": 1760040554249.4143,
      "uuid": "8f6839f4-befd-40ea-8151-58fa1b132d98"
    },
    "X:\\Escritorio\\BLUE\\Fan Venados\\Juegos Cocos\\Strike-Zone\\assets\\Sprites\\Botones\\Siguiente": {
      "time": 1760040554262.1777,
      "uuid": "0461c0ca-52b2-4fd6-bad4-899b977db422"
    },
    "X:\\Escritorio\\BLUE\\Fan Venados\\Juegos Cocos\\Strike-Zone\\assets\\Sprites\\Botones\\Volver": {
      "time": 1760040554274.4092,
      "uuid": "c3195ebe-7f5c-4098-a468-a155f4122efc"
    },
    "X:\\Escritorio\\BLUE\\Fan Venados\\Juegos Cocos\\Strike-Zone\\assets\\Sprites\\Botones\\Botones Flechas\\Back.png.meta": {
      "time": 1759357930343.712
    },
    "X:\\Escritorio\\BLUE\\Fan Venados\\Juegos Cocos\\Strike-Zone\\assets\\Sprites\\Botones\\Botones Flechas\\Next.png.meta": {
      "time": 1759358052633.252
    },
    "X:\\Escritorio\\BLUE\\Fan Venados\\Juegos Cocos\\Strike-Zone\\assets\\Sprites\\Botones\\Inicio\\Hover.png.meta": {
      "time": 1759342647828.9214
    },
    "X:\\Escritorio\\BLUE\\Fan Venados\\Juegos Cocos\\Strike-Zone\\assets\\Sprites\\Botones\\Inicio\\Normal.png.meta": {
      "time": 1759342647827.9243
    },
    "X:\\Escritorio\\BLUE\\Fan Venados\\Juegos Cocos\\Strike-Zone\\assets\\Sprites\\Botones\\Inicio\\Press.png.meta": {
      "time": 1759342647836.9011
    },
    "X:\\Escritorio\\BLUE\\Fan Venados\\Juegos Cocos\\Strike-Zone\\assets\\Sprites\\Botones\\Instruccion\\01.png.meta": {
      "time": 1759357930375.626
    },
    "X:\\Escritorio\\BLUE\\Fan Venados\\Juegos Cocos\\Strike-Zone\\assets\\Sprites\\Botones\\Instruccion\\02.png.meta": {
      "time": 1759357930399.562
    },
    "X:\\Escritorio\\BLUE\\Fan Venados\\Juegos Cocos\\Strike-Zone\\assets\\Sprites\\Botones\\Instruccion\\03.png.meta": {
      "time": 1759357930423.4978
    },
    "X:\\Escritorio\\BLUE\\Fan Venados\\Juegos Cocos\\Strike-Zone\\assets\\Sprites\\Botones\\Jugar\\Hover.png.meta": {
      "time": 1759342647846.874
    },
    "X:\\Escritorio\\BLUE\\Fan Venados\\Juegos Cocos\\Strike-Zone\\assets\\Sprites\\Botones\\Jugar\\Normal.png.meta": {
      "time": 1759342647857.8445
    },
    "X:\\Escritorio\\BLUE\\Fan Venados\\Juegos Cocos\\Strike-Zone\\assets\\Sprites\\Botones\\Jugar\\Press.png.meta": {
      "time": 1759342647886.767
    },
    "X:\\Escritorio\\BLUE\\Fan Venados\\Juegos Cocos\\Strike-Zone\\assets\\Sprites\\Botones\\Salir\\Hover.png.meta": {
      "time": 1759342647882.7776
    },
    "X:\\Escritorio\\BLUE\\Fan Venados\\Juegos Cocos\\Strike-Zone\\assets\\Sprites\\Botones\\Salir\\Normal.png.meta": {
      "time": 1759342647891.7542
    },
    "X:\\Escritorio\\BLUE\\Fan Venados\\Juegos Cocos\\Strike-Zone\\assets\\Sprites\\Botones\\Salir\\Press.png.meta": {
      "time": 1759342647892.7524
    },
    "X:\\Escritorio\\BLUE\\Fan Venados\\Juegos Cocos\\Strike-Zone\\assets\\Sprites\\Botones\\Siguiente\\Hover.png.meta": {
      "time": 1759342647913.6953
    },
    "X:\\Escritorio\\BLUE\\Fan Venados\\Juegos Cocos\\Strike-Zone\\assets\\Sprites\\Botones\\Siguiente\\Normal.png.meta": {
      "time": 1759342647936.6338
    },
    "X:\\Escritorio\\BLUE\\Fan Venados\\Juegos Cocos\\Strike-Zone\\assets\\Sprites\\Botones\\Siguiente\\Press.png.meta": {
      "time": 1759342647932.6448
    },
    "X:\\Escritorio\\BLUE\\Fan Venados\\Juegos Cocos\\Strike-Zone\\assets\\Sprites\\Botones\\Volver\\Hover.png.meta": {
      "time": 1759342647937.6326
    },
    "X:\\Escritorio\\BLUE\\Fan Venados\\Juegos Cocos\\Strike-Zone\\assets\\Sprites\\Botones\\Volver\\Normal.png.meta": {
      "time": 1759342647951.5942
    },
    "X:\\Escritorio\\BLUE\\Fan Venados\\Juegos Cocos\\Strike-Zone\\assets\\Sprites\\Botones\\Volver\\Press.png.meta": {
      "time": 1759342647957.5776
    },
    "X:\\Escritorio\\BLUE\\Fan Venados\\Juegos Cocos\\Strike-Zone\\assets\\Sprites\\Botones\\Botones Flechas\\Next.png": {
      "time": 1759358000000,
      "uuid": "4431e105-0cab-4fcb-9f02-44e4571e7f41"
    },
    "X:\\Escritorio\\BLUE\\Fan Venados\\Juegos Cocos\\Strike-Zone\\assets\\Sprites\\Botones\\Botones Flechas\\Back.png": {
      "time": 1759358000000,
      "uuid": "9fc3705d-d6ad-4f9b-a9a0-66875aed2aaf"
    },
    "X:\\Escritorio\\BLUE\\Fan Venados\\Juegos Cocos\\Strike-Zone\\assets\\Sprites\\Botones\\Inicio\\Hover.png": {
      "time": 1759342524000,
      "uuid": "214813f3-accd-4f4f-8613-f400fbb4fd6a"
    },
    "X:\\Escritorio\\BLUE\\Fan Venados\\Juegos Cocos\\Strike-Zone\\assets\\Sprites\\Botones\\Inicio\\Normal.png": {
      "time": 1759342524000,
      "uuid": "dca55c14-c304-46b4-9d77-728bd67b55df"
    },
    "X:\\Escritorio\\BLUE\\Fan Venados\\Juegos Cocos\\Strike-Zone\\assets\\Sprites\\Botones\\Inicio\\Press.png": {
      "time": 1759342524000,
      "uuid": "badcb2c2-7f5a-4915-ae3e-b0164622d771"
    },
    "X:\\Escritorio\\BLUE\\Fan Venados\\Juegos Cocos\\Strike-Zone\\assets\\Sprites\\Botones\\Instruccion\\02.png": {
      "time": 1760041506000,
      "uuid": "10c9d270-afda-4688-b18e-6b7e0abae80b"
    },
    "X:\\Escritorio\\BLUE\\Fan Venados\\Juegos Cocos\\Strike-Zone\\assets\\Sprites\\Botones\\Instruccion\\01.png": {
      "time": 1760041506000,
      "uuid": "13b094f3-1ed8-4fdc-84ff-a0bf1eb73868"
    },
    "X:\\Escritorio\\BLUE\\Fan Venados\\Juegos Cocos\\Strike-Zone\\assets\\Sprites\\Botones\\Instruccion\\03.png": {
      "time": 1760041506000,
      "uuid": "c6876213-38b4-4b9c-b68e-5f063f8a43dc"
    },
    "X:\\Escritorio\\BLUE\\Fan Venados\\Juegos Cocos\\Strike-Zone\\assets\\Sprites\\Botones\\Jugar\\Hover.png": {
      "time": 1759342524000,
      "uuid": "7aa5fef3-f874-4d5a-bea1-c3de1bd3d424"
    },
    "X:\\Escritorio\\BLUE\\Fan Venados\\Juegos Cocos\\Strike-Zone\\assets\\Sprites\\Botones\\Jugar\\Normal.png": {
      "time": 1759342524000,
      "uuid": "228ffe7f-3fb0-460c-9aa7-34b467c48160"
    },
    "X:\\Escritorio\\BLUE\\Fan Venados\\Juegos Cocos\\Strike-Zone\\assets\\Sprites\\Botones\\Jugar\\Press.png": {
      "time": 1759342524000,
      "uuid": "00e73063-3146-48f0-94e2-3af417d479d8"
    },
    "X:\\Escritorio\\BLUE\\Fan Venados\\Juegos Cocos\\Strike-Zone\\assets\\Sprites\\Botones\\Salir\\Hover.png": {
      "time": 1759342524000,
      "uuid": "c9d682ae-9f1e-4c20-9c65-dbd442fb38b2"
    },
    "X:\\Escritorio\\BLUE\\Fan Venados\\Juegos Cocos\\Strike-Zone\\assets\\Sprites\\Botones\\Salir\\Normal.png": {
      "time": 1759342524000,
      "uuid": "96d75ff2-bf50-4ddb-9da2-2fd939326a04"
    },
    "X:\\Escritorio\\BLUE\\Fan Venados\\Juegos Cocos\\Strike-Zone\\assets\\Sprites\\Botones\\Salir\\Press.png": {
      "time": 1759342524000,
      "uuid": "8fe440cd-1cf1-4818-9918-64c6af59391a"
    },
    "X:\\Escritorio\\BLUE\\Fan Venados\\Juegos Cocos\\Strike-Zone\\assets\\Sprites\\Botones\\Siguiente\\Hover.png": {
      "time": 1759342524000,
      "uuid": "50b0f2bd-2162-4853-80ba-42c73b4c8864"
    },
    "X:\\Escritorio\\BLUE\\Fan Venados\\Juegos Cocos\\Strike-Zone\\assets\\Sprites\\Botones\\Siguiente\\Normal.png": {
      "time": 1759342524000,
      "uuid": "d5783e10-ec1f-40f5-b32d-29c4bc16ec39"
    },
    "X:\\Escritorio\\BLUE\\Fan Venados\\Juegos Cocos\\Strike-Zone\\assets\\Sprites\\Botones\\Siguiente\\Press.png": {
      "time": 1759342524000,
      "uuid": "ef2c9802-9b3e-4ee3-9936-35274e272261"
    },
    "X:\\Escritorio\\BLUE\\Fan Venados\\Juegos Cocos\\Strike-Zone\\assets\\Sprites\\Botones\\Volver\\Hover.png": {
      "time": 1759342524000,
      "uuid": "fc74bccb-d42a-4e94-8aa9-eab8afdbb8ef"
    },
    "X:\\Escritorio\\BLUE\\Fan Venados\\Juegos Cocos\\Strike-Zone\\assets\\Sprites\\Botones\\Volver\\Normal.png": {
      "time": 1759342524000,
      "uuid": "148419c5-1157-4e27-8a45-e47658f4c11f"
    },
    "X:\\Escritorio\\BLUE\\Fan Venados\\Juegos Cocos\\Strike-Zone\\assets\\Sprites\\Botones\\Volver\\Press.png": {
      "time": 1759342524000,
      "uuid": "9163b5cc-1cee-4c5b-bac3-92e5a651c6a7"
    },
    "X:\\Escritorio\\BLUE\\Fan Venados\\Juegos Cocos\\Strike-Zone\\assets\\Scripts.meta": {
      "time": 1760040848146.0608
    },
    "X:\\Escritorio\\BLUE\\Fan Venados\\Juegos Cocos\\Strike-Zone\\assets\\Scripts": {
      "time": 1760415606753.9478,
      "uuid": "d8f3695a-27b1-4e23-ac7a-16d197524255"
    },
    "X:\\Escritorio\\BLUE\\Fan Venados\\Juegos Cocos\\Strike-Zone\\assets\\Scripts\\ButtonMessage.ts.meta": {
      "time": 1759772278985.265
    },
    "X:\\Escritorio\\BLUE\\Fan Venados\\Juegos Cocos\\Strike-Zone\\assets\\Scripts\\CambioEscena.ts.meta": {
      "time": 1759771866370.4124
    },
    "X:\\Escritorio\\BLUE\\Fan Venados\\Juegos Cocos\\Strike-Zone\\assets\\Scripts\\Instrucciones.ts.meta": {
      "time": 1759773098660.3257
    },
    "X:\\Escritorio\\BLUE\\Fan Venados\\Juegos Cocos\\Strike-Zone\\assets\\Scripts\\ButtonMessage.ts": {
      "time": 1760636372173.7317,
      "uuid": "7c6e5e3f-674c-4eaf-893c-25668288d7db"
    },
    "X:\\Escritorio\\BLUE\\Fan Venados\\Juegos Cocos\\Strike-Zone\\assets\\Scripts\\CambioEscena.ts": {
      "time": 1759959486950.0046,
      "uuid": "142a78ef-3211-4cb7-a709-a9c167e6da85"
    },
    "X:\\Escritorio\\BLUE\\Fan Venados\\Juegos Cocos\\Strike-Zone\\assets\\Scripts\\Instrucciones.ts": {
      "time": 1759776859288.9458,
      "uuid": "85995453-0fce-4d38-a78d-3e4a7011d7fd"
    },
    "X:\\Escritorio\\BLUE\\Fan Venados\\Juegos Cocos\\Strike-Zone\\assets\\Scripts\\Manager.ts.meta": {
      "time": 1759437818537.7373
    },
    "X:\\Escritorio\\BLUE\\Fan Venados\\Juegos Cocos\\Strike-Zone\\assets\\Scripts\\Manager.ts": {
      "time": 1760656081373.9763,
      "uuid": "1486f7c4-22ed-47c6-9ed5-0caea059106d"
    },
    "X:\\Escritorio\\BLUE\\Fan Venados\\Juegos Cocos\\Strike-Zone\\assets\\Scenes.meta": {
      "time": 1760041091104.5034
    },
    "X:\\Escritorio\\BLUE\\Fan Venados\\Juegos Cocos\\Strike-Zone\\assets\\Scenes\\Inicio.scene.meta": {
      "time": 1760042075554.0613
    },
    "X:\\Escritorio\\BLUE\\Fan Venados\\Juegos Cocos\\Strike-Zone\\assets\\Scenes": {
      "time": 1760041786601.047,
      "uuid": "79d28d00-2101-461d-b383-0ee1cb274c25"
    },
    "X:\\Escritorio\\BLUE\\Fan Venados\\Juegos Cocos\\Strike-Zone\\assets\\Scenes\\Inicio.scene": {
      "time": 1760656136212.7217,
      "uuid": "4bdcf820-482b-46cf-806b-1851d20ac600"
    },
    "X:\\Escritorio\\BLUE\\Fan Venados\\Juegos Cocos\\Strike-Zone\\assets\\Scenes\\Instrucciones.scene.meta": {
      "time": 1760042075554.0613
    },
    "X:\\Escritorio\\BLUE\\Fan Venados\\Juegos Cocos\\Strike-Zone\\assets\\Scenes\\Instrucciones.scene": {
      "time": 1760462326353.6404,
      "uuid": "ef4862a3-95b0-466f-8d43-da505588c566"
    },
    "X:\\Escritorio\\BLUE\\Fan Venados\\Juegos Cocos\\Strike-Zone\\assets\\Scenes\\Juego.scene.meta": {
      "time": 1760042075553.0635
    },
    "X:\\Escritorio\\BLUE\\Fan Venados\\Juegos Cocos\\Strike-Zone\\assets\\Scenes\\Juego.scene": {
      "time": 1760655676901.2415,
      "uuid": "2dcf818e-0c77-4dd3-a7cf-46bd310eea18"
    },
    "X:\\Escritorio\\BLUE\\Fan Venados\\Juegos Cocos\\Strike-Zone\\assets\\Sprites\\Fondo.meta": {
      "time": 1760042670271.7712
    },
    "X:\\Escritorio\\BLUE\\Fan Venados\\Juegos Cocos\\Strike-Zone\\assets\\Sprites\\Fondo": {
      "time": 1760044395374.72,
      "uuid": "f083c566-bbe7-44ae-9cd9-b085a8e007e4"
    },
    "X:\\Escritorio\\BLUE\\Fan Venados\\Juegos Cocos\\Strike-Zone\\assets\\Sprites\\Fondo\\frente.png.meta": {
      "time": 1760042857958.6204
    },
    "X:\\Escritorio\\BLUE\\Fan Venados\\Juegos Cocos\\Strike-Zone\\assets\\Sprites\\Fondo\\fondo.png.meta": {
      "time": 1760042857993.5256
    },
    "X:\\Escritorio\\BLUE\\Fan Venados\\Juegos Cocos\\Strike-Zone\\assets\\Sprites\\Fondo\\fondo_1.png.meta": {
      "time": 1760042858021.9038
    },
    "X:\\Escritorio\\BLUE\\Fan Venados\\Juegos Cocos\\Strike-Zone\\assets\\Sprites\\Fondo\\Piso.png.meta": {
      "time": 1760042858024.896
    },
    "X:\\Escritorio\\BLUE\\Fan Venados\\Juegos Cocos\\Strike-Zone\\assets\\Sprites\\Fondo\\frente.png": {
      "time": 1760042548531.2583,
      "uuid": "20ccfef5-62ee-4143-81bb-bdf580daf77b"
    },
    "X:\\Escritorio\\BLUE\\Fan Venados\\Juegos Cocos\\Strike-Zone\\assets\\Sprites\\Fondo\\fondo.png": {
      "time": 1760042592681.7046,
      "uuid": "0d6ec2b3-c74e-4f5d-886f-87fdb3d20f1f"
    },
    "X:\\Escritorio\\BLUE\\Fan Venados\\Juegos Cocos\\Strike-Zone\\assets\\Sprites\\Fondo\\fondo_1.png": {
      "time": 1760044384237.9507,
      "uuid": "d0cd44bc-1c57-4ae0-8d03-3d0e9afb19a3"
    },
    "X:\\Escritorio\\BLUE\\Fan Venados\\Juegos Cocos\\Strike-Zone\\assets\\Sprites\\Fondo\\Piso.png": {
      "time": 1760044115042.3271,
      "uuid": "4d5a96ac-3a4b-427c-9d24-e299583a7b67"
    },
    "X:\\Escritorio\\BLUE\\Fan Venados\\Juegos Cocos\\Strike-Zone\\assets\\Scripts\\MovimientoDedo.ts.meta": {
      "time": 1760124660288.6587
    },
    "X:\\Escritorio\\BLUE\\Fan Venados\\Juegos Cocos\\Strike-Zone\\assets\\Scripts\\MovimientoDedo.ts": {
      "time": 1760645606897.4016,
      "uuid": "153f201c-374c-4176-9d26-fa9ddb6736b9"
    },
    "X:\\Escritorio\\BLUE\\Fan Venados\\Juegos Cocos\\Strike-Zone\\assets\\Scripts\\Score.ts.meta": {
      "time": 1760368962938.965
    },
    "X:\\Escritorio\\BLUE\\Fan Venados\\Juegos Cocos\\Strike-Zone\\assets\\Scripts\\Score.ts": {
      "time": 1760645557317.5593,
      "uuid": "7e826883-57f9-4011-aeb9-599c4be5c9b8"
    },
    "X:\\Escritorio\\BLUE\\Fan Venados\\Juegos Cocos\\Strike-Zone\\assets\\Models.meta": {
      "time": 1760376792699.9177
    },
    "X:\\Escritorio\\BLUE\\Fan Venados\\Juegos Cocos\\Strike-Zone\\assets\\Models": {
      "time": 1760387713787.723,
      "uuid": "f2f86078-1788-4d76-993f-23f64b447a2e"
    },
    "X:\\Escritorio\\BLUE\\Fan Venados\\Juegos Cocos\\Strike-Zone\\assets\\Models\\baseball_.fbx.meta": {
      "time": 1760381669440.8264
    },
    "X:\\Escritorio\\BLUE\\Fan Venados\\Juegos Cocos\\Strike-Zone\\assets\\Models\\baseball_.fbx": {
      "time": 1760379473491.6191,
      "uuid": "c2d9bcbe-74b1-4726-8605-034b6845ab46"
    },
    "X:\\Escritorio\\BLUE\\Fan Venados\\Juegos Cocos\\Strike-Zone\\assets\\Models\\Texturas.meta": {
      "time": 1760379499832.0347
    },
    "X:\\Escritorio\\BLUE\\Fan Venados\\Juegos Cocos\\Strike-Zone\\assets\\Models\\Texturas": {
      "time": 1760387732495.0269,
      "uuid": "df01ce26-76d1-419f-bcd2-fc726bca1fc2"
    },
    "X:\\Escritorio\\BLUE\\Fan Venados\\Juegos Cocos\\Strike-Zone\\assets\\Models\\Texturas\\baseball_01_disp.png.meta": {
      "time": 1760379504987.0356
    },
    "X:\\Escritorio\\BLUE\\Fan Venados\\Juegos Cocos\\Strike-Zone\\assets\\Models\\Texturas\\baseball_01_diff.png.meta": {
      "time": 1760379505037.8994
    },
    "X:\\Escritorio\\BLUE\\Fan Venados\\Juegos Cocos\\Strike-Zone\\assets\\Models\\Texturas\\baseball_01_rough.png.meta": {
      "time": 1760379505059.8408
    },
    "X:\\Escritorio\\BLUE\\Fan Venados\\Juegos Cocos\\Strike-Zone\\assets\\Models\\Texturas\\baseball_01_normal.png.meta": {
      "time": 1760379505098.7358
    },
    "X:\\Escritorio\\BLUE\\Fan Venados\\Juegos Cocos\\Strike-Zone\\assets\\Models\\Texturas\\baseball_01_disp.png": {
      "time": 1760377092049.3606,
      "uuid": "a4e5bbe4-7938-4831-9fc6-6d34a78eb4e8"
    },
    "X:\\Escritorio\\BLUE\\Fan Venados\\Juegos Cocos\\Strike-Zone\\assets\\Models\\Texturas\\baseball_01_diff.png": {
      "time": 1760377035207.1934,
      "uuid": "33ca4678-add2-4b4f-a1fb-9a407009bb02"
    },
    "X:\\Escritorio\\BLUE\\Fan Venados\\Juegos Cocos\\Strike-Zone\\assets\\Models\\Texturas\\baseball_01_rough.png": {
      "time": 1760377192906.6826,
      "uuid": "74e090c8-1675-47ff-ac36-423104512069"
    },
    "X:\\Escritorio\\BLUE\\Fan Venados\\Juegos Cocos\\Strike-Zone\\assets\\Models\\Texturas\\baseball_01_normal.png": {
      "time": 1760377848568.0857,
      "uuid": "7c8b8fb1-37b1-4039-baa6-9b09ae1f22d5"
    },
    "X:\\Escritorio\\BLUE\\Fan Venados\\Juegos Cocos\\Strike-Zone\\assets\\Models\\Material.meta": {
      "time": 1760382156103.65
    },
    "X:\\Escritorio\\BLUE\\Fan Venados\\Juegos Cocos\\Strike-Zone\\assets\\Models\\Material": {
      "time": 1760382183716.5752,
      "uuid": "78e2794f-d230-4a38-9360-13b9132f550b"
    },
    "X:\\Escritorio\\BLUE\\Fan Venados\\Juegos Cocos\\Strike-Zone\\assets\\Models\\Material\\piso.mtl.meta": {
      "time": 1760382183732.5342
    },
    "X:\\Escritorio\\BLUE\\Fan Venados\\Juegos Cocos\\Strike-Zone\\assets\\Models\\Material\\piso.mtl": {
      "time": 1760382209010.7622,
      "uuid": "25e0d5fa-0163-41a5-b6b0-23328489e67e"
    },
    "X:\\Escritorio\\BLUE\\Fan Venados\\Juegos Cocos\\Strike-Zone\\assets\\Scripts\\Targets.ts.meta": {
      "time": 1760383284716.49
    },
    "X:\\Escritorio\\BLUE\\Fan Venados\\Juegos Cocos\\Strike-Zone\\assets\\Scripts\\Targets.ts": {
      "time": 1760417009726.3171,
      "uuid": "800bf2d1-4af7-466f-a8c1-e2a9666f4a2f"
    },
    "X:\\Escritorio\\BLUE\\Fan Venados\\Juegos Cocos\\Strike-Zone\\assets\\Models\\target.fbx.meta": {
      "time": 1760387770075.0154
    },
    "X:\\Escritorio\\BLUE\\Fan Venados\\Juegos Cocos\\Strike-Zone\\assets\\Models\\target.fbx": {
      "time": 1760387701188.9329,
      "uuid": "e8849420-096b-4163-b734-f3bf65790b30"
    },
    "X:\\Escritorio\\BLUE\\Fan Venados\\Juegos Cocos\\Strike-Zone\\assets\\Models\\Texturas\\Target_texture.png.meta": {
      "time": 1760387732559.0508
    },
    "X:\\Escritorio\\BLUE\\Fan Venados\\Juegos Cocos\\Strike-Zone\\assets\\Models\\Texturas\\Target_texture.png": {
      "time": 1760387624240.7046,
      "uuid": "7c46e585-8135-45ef-845a-2cc5a65ed2a9"
    },
    "X:\\Escritorio\\BLUE\\Fan Venados\\Juegos Cocos\\Strike-Zone\\assets\\Prefabs.meta": {
      "time": 1760388589051.1025
    },
    "X:\\Escritorio\\BLUE\\Fan Venados\\Juegos Cocos\\Strike-Zone\\assets\\Prefabs": {
      "time": 1760417157693.0642,
      "uuid": "71690a94-ddbf-469a-9d8f-e7166280b8cc"
    },
    "X:\\Escritorio\\BLUE\\Fan Venados\\Juegos Cocos\\Strike-Zone\\assets\\Prefabs\\Target.prefab.meta": {
      "time": 1760388592718.109
    },
    "X:\\Escritorio\\BLUE\\Fan Venados\\Juegos Cocos\\Strike-Zone\\assets\\Prefabs\\Target.prefab": {
      "time": 1760463703064.7378,
      "uuid": "a61ca411-30fa-4090-baaa-909d74f979ac"
    },
    "X:\\Escritorio\\BLUE\\Fan Venados\\Juegos Cocos\\Strike-Zone\\assets\\Animaciones.meta": {
      "time": 1760388784478.0676
    },
    "X:\\Escritorio\\BLUE\\Fan Venados\\Juegos Cocos\\Strike-Zone\\assets\\Animaciones\\Fin.anim.meta": {
      "time": 1760388784485.0178
    },
    "X:\\Escritorio\\BLUE\\Fan Venados\\Juegos Cocos\\Strike-Zone\\assets\\Animaciones": {
      "time": 1760471907219.3123,
      "uuid": "bde22621-c1eb-46b0-aeee-06a226d4255e"
    },
    "X:\\Escritorio\\BLUE\\Fan Venados\\Juegos Cocos\\Strike-Zone\\assets\\Animaciones\\Fin.anim": {
      "time": 1760389265276.515,
      "uuid": "6517d791-5505-48bd-9785-1ac3554af100"
    },
    "X:\\Escritorio\\BLUE\\Fan Venados\\Juegos Cocos\\Strike-Zone\\assets\\Animaciones\\Mov_Izq.anim.meta": {
      "time": 1760389262291.7278
    },
    "X:\\Escritorio\\BLUE\\Fan Venados\\Juegos Cocos\\Strike-Zone\\assets\\Animaciones\\Mov_Izq.anim": {
      "time": 1760389347149.214,
      "uuid": "19ea790b-de82-44ab-a04e-e818f4202306"
    },
    "X:\\Escritorio\\BLUE\\Fan Venados\\Juegos Cocos\\Strike-Zone\\assets\\Animaciones\\Mov_Der.anim.meta": {
      "time": 1760389381003.344
    },
    "X:\\Escritorio\\BLUE\\Fan Venados\\Juegos Cocos\\Strike-Zone\\assets\\Animaciones\\Mov_Der.anim": {
      "time": 1760389406507.3584,
      "uuid": "d9bd151d-041f-4e64-b24e-c420f0b5edaf"
    },
    "X:\\Escritorio\\BLUE\\Fan Venados\\Juegos Cocos\\Strike-Zone\\assets\\Sprites\\Particulas.meta": {
      "time": 1760415586636.2522
    },
    "X:\\Escritorio\\BLUE\\Fan Venados\\Juegos Cocos\\Strike-Zone\\assets\\Sprites\\Particulas": {
      "time": 1760415586637.2485,
      "uuid": "c191b7c5-6805-4976-b4da-01001e90f4d2"
    },
    "X:\\Escritorio\\BLUE\\Fan Venados\\Juegos Cocos\\Strike-Zone\\assets\\Sprites\\Particulas\\confetti1@4x.png.meta": {
      "time": 1760417199808.1584
    },
    "X:\\Escritorio\\BLUE\\Fan Venados\\Juegos Cocos\\Strike-Zone\\assets\\Sprites\\Particulas\\confetti2@4x.png.meta": {
      "time": 1760417199809.156
    },
    "X:\\Escritorio\\BLUE\\Fan Venados\\Juegos Cocos\\Strike-Zone\\assets\\Sprites\\Particulas\\confetti2@4x.png": {
      "time": 1737687675000,
      "uuid": "3fdacd42-4c5d-43ad-9a12-e4903ac688f4"
    },
    "X:\\Escritorio\\BLUE\\Fan Venados\\Juegos Cocos\\Strike-Zone\\assets\\Sprites\\Particulas\\confetti1@4x.png": {
      "time": 1737687675000,
      "uuid": "3fa09a89-6edb-42a8-9205-3e77ad967643"
    },
    "X:\\Escritorio\\BLUE\\Fan Venados\\Juegos Cocos\\Strike-Zone\\assets\\Prefabs\\Particle2D-001.prefab.meta": {
      "time": 1737687675000
    },
    "X:\\Escritorio\\BLUE\\Fan Venados\\Juegos Cocos\\Strike-Zone\\assets\\Prefabs\\Particle2D.prefab.meta": {
      "time": 1737687675000
    },
    "X:\\Escritorio\\BLUE\\Fan Venados\\Juegos Cocos\\Strike-Zone\\assets\\Prefabs\\Particle2D.prefab": {
      "time": 1760417214194.7693,
      "uuid": "287056b4-9be8-401b-b539-b2005880f3ec"
    },
    "X:\\Escritorio\\BLUE\\Fan Venados\\Juegos Cocos\\Strike-Zone\\assets\\Prefabs\\Particle2D-001.prefab": {
      "time": 1760417218810.4868,
      "uuid": "ff1e79ad-8958-493e-a03a-6a1bc6dfbd3e"
    },
    "X:\\Escritorio\\BLUE\\Fan Venados\\Juegos Cocos\\Strike-Zone\\assets\\Font.meta": {
      "time": 1760417444271.2554
    },
    "X:\\Escritorio\\BLUE\\Fan Venados\\Juegos Cocos\\Strike-Zone\\assets\\Font": {
      "time": 1760417442023.5212,
      "uuid": "f08d94e9-3959-4624-a325-f523ea6723ef"
    },
    "X:\\Escritorio\\BLUE\\Fan Venados\\Juegos Cocos\\Strike-Zone\\assets\\Font\\BlackHanSans-Regular.ttf.meta": {
      "time": 1737687674000
    },
    "X:\\Escritorio\\BLUE\\Fan Venados\\Juegos Cocos\\Strike-Zone\\assets\\Font\\BlackHanSans-Regular.ttf": {
      "time": 1737687674000,
      "uuid": "f3c7f5d8-1728-4db5-bcc4-e81f6c14ba66"
    },
    "X:\\Escritorio\\BLUE\\Fan Venados\\Juegos Cocos\\Strike-Zone\\assets\\Sprites\\Strike.png.meta": {
      "time": 1760456791925.7769
    },
    "X:\\Escritorio\\BLUE\\Fan Venados\\Juegos Cocos\\Strike-Zone\\assets\\Sprites\\Strike.png": {
      "time": 1760456355467.5876,
      "uuid": "23a16d02-4e46-4d48-92fc-4e89dc02ce62"
    },
    "X:\\Escritorio\\BLUE\\Fan Venados\\Juegos Cocos\\Strike-Zone\\assets\\Animaciones\\logo.anim.meta": {
      "time": 1760471907222.304
    },
    "X:\\Escritorio\\BLUE\\Fan Venados\\Juegos Cocos\\Strike-Zone\\assets\\Animaciones\\logo.anim": {
      "time": 1760368888643.9133,
      "uuid": "52a007ea-3032-4029-a1d5-ad54d0e9f1b9"
    },
    "X:\\Escritorio\\BLUE\\Fan Venados\\Juegos Cocos\\Strike-Zone\\assets\\Imagenes\\FanVenados_Blanco.png.meta": {
      "time": 1760550447043.256
    },
    "X:\\Escritorio\\BLUE\\Fan Venados\\Juegos Cocos\\Strike-Zone\\assets\\Imagenes\\FanVenados_Blanco.png": {
      "time": 1760550301948.8872,
      "uuid": "e067142c-00a8-4af4-970d-4cd352d451c5"
    }
  },
  "missing": {
    "ef4862a3-95b0-466f-8d43-da505588c566": {
      "path": "X:\\Escritorio\\BLUE\\Fan Venados\\Juegos Cocos\\Strike-Zone\\assets\\Scenes\\Inicio-001.scene",
      "time": 1760041104482.1045,
      "removeTime": 1760041118741
    },
    "a16c89ca-2f0c-4616-a67c-578b73a123cd": {
      "path": "X:\\Escritorio\\BLUE\\Fan Venados\\Juegos Cocos\\Strike-Zone\\assets\\Models\\baseball_ball.fbx",
      "time": 1760376769115.1675,
      "removeTime": 1760379340574
    },
    "c5374dfd-e61a-481f-90bf-75386e0adb2a": {
      "path": "X:\\Escritorio\\BLUE\\Fan Venados\\Juegos Cocos\\Strike-Zone\\assets\\Models\\Texturas",
      "time": 1760379246848.2185,
      "removeTime": 1760379340575
    },
    "f374f609-a26e-47d4-8eae-127186ca8baa": {
      "path": "X:\\Escritorio\\BLUE\\Fan Venados\\Juegos Cocos\\Strike-Zone\\assets\\Models\\Texturas\\baseball_01_disp.png",
      "time": 1760377092049.3606,
      "removeTime": 1760379340575
    },
    "44601d89-3a4f-408f-8cb0-979ffdf09df6": {
      "path": "X:\\Escritorio\\BLUE\\Fan Venados\\Juegos Cocos\\Strike-Zone\\assets\\Models\\Texturas\\baseball_01_rough.png",
      "time": 1760377192906.6826,
      "removeTime": 1760379340575
    },
    "0f53ddf4-f1a2-40b2-8fe3-ad3d530f6156": {
      "path": "X:\\Escritorio\\BLUE\\Fan Venados\\Juegos Cocos\\Strike-Zone\\assets\\Models\\Texturas\\baseball_01_diff.png",
      "time": 1760377035207.1934,
      "removeTime": 1760379340575
    },
    "ef823d4a-4b51-41bd-9514-b0048dec6412": {
      "path": "X:\\Escritorio\\BLUE\\Fan Venados\\Juegos Cocos\\Strike-Zone\\assets\\Models\\Texturas\\baseball_01_normal.png",
      "time": 1760377848568.0857,
      "removeTime": 1760379340575
    },
    "a42d29f9-1e26-4b4c-bb56-ddac0c809218": {
      "path": "X:\\Escritorio\\BLUE\\Fan Venados\\Juegos Cocos\\Strike-Zone\\assets\\Scripts\\MyTarget.ts",
      "time": 1760393166151.5408,
      "removeTime": 1760415606857
    },
    "52a007ea-3032-4029-a1d5-ad54d0e9f1b9": {
      "path": "X:\\Escritorio\\BLUE\\Fan Venados\\Juegos Cocos\\Strike-Zone\\assets\\Animaciones\\Diablos.anim",
      "time": 1760368888643.9133,
      "removeTime": 1760471907220
    }
  }
}
