{
  "cc87345f-abfe-45b2-af90-4ceb1e86f224": {
    "url": "db://assets/Sprites/Recurso 1.png",
    "value": {
      "depends": []
    },
    "versionCode": 0
  },
  "cc87345f-abfe-45b2-af90-4ceb1e86f224@6c48a": {
    "url": "db://assets/Sprites/Recurso 1.png@6c48a",
    "value": {
      "depends": [
        "cc87345f-abfe-45b2-af90-4ceb1e86f224"
      ]
    },
    "versionCode": 0
  },
  "44ed2900-c82c-42c5-9568-208beb87d7d7": {
    "url": "db://assets/Sprites",
    "value": {},
    "versionCode": 0
  },
  "2a4d9490-8594-4c70-a5ff-dc323aab9407": {
    "url": "db://assets/Scripts",
    "value": {},
    "versionCode": 0
  },
  "571b52fe-461a-4728-a54b-646944425ad4": {
    "url": "db://assets/Prefab",
    "value": {},
    "versionCode": 0
  },
  "cc87345f-abfe-45b2-af90-4ceb1e86f224@f9941": {
    "url": "db://assets/Sprites/Recurso 1.png@f9941",
    "value": {
      "depends": [
        "cc87345f-abfe-45b2-af90-4ceb1e86f224@6c48a"
      ]
    },
    "versionCode": 0
  },
  "4329cfb7-1102-4365-ab5f-6bb5f3efdecf": {
    "url": "db://assets/Sprites/porteria.mtl",
    "value": {},
    "versionCode": 0
  },
  "c9564037-582a-4cd9-b89c-590541ae6d76": {
    "url": "db://assets/Scenes",
    "value": {},
    "versionCode": 0
  },
  "aae2f741-089b-476c-b0dd-4f49eadbaeb9": {
    "url": "db://assets/Scenes/Juego.scene",
    "value": {
      "depends": [
        "aae2f741-089b-476c-b0dd-4f49eadbaeb9",
        "620b6bf3-0369-4560-837f-2a2c00b73c26",
        "1263d74c-8167-4928-91a6-4e2672411f47@a804a",
        "ade8a15a-dcca-4b3c-84c6-f6476ac875bb",
        "cc87345f-abfe-45b2-af90-4ceb1e86f224@f9941",
        "b0beef13-bb71-4af0-a30a-9460d6aa1b1b@f9941",
        "7a4fb193-25dc-4a72-b8df-272a475d3982@f9941",
        "5e4ea523-e2a5-483a-919f-a54afb326afc@f9941",
        "bff9ec70-3fc4-4aee-b5fc-5e58b3920399@f9941",
        "a128a08b-6161-419c-bcc8-9541d91bee71@f9941",
        "36a37326-d267-49d9-be1f-952a6db213af@ea5d2",
        "3b06fad9-1a7f-4c60-b653-adb05b281494",
        "9be08b8a-9a57-4ccf-944d-bf0fc7905194",
        "22f37727-42ea-4e0c-9286-03b78063c303",
        "ed526dc4-de84-46dc-8e1a-24c842f9545a@f9941",
        "70395b64-f6b5-4aef-a988-11b87db450cf@f9941",
        "f427250b-15f6-41c3-a341-fc2a39d4970e@f9941",
        "1832e468-2c6e-4865-94eb-b507eedddc8a@f9941",
        "951249e0-9f16-456d-8b85-a6ca954da16b@f9941",
        "b6c75ad7-de9f-47c4-8054-344926188938@f9941",
        "3d092a01-12b7-45cc-ac5c-a8eac2f30f3c@f9941",
        "626d603d-c1a0-46ac-b6b7-5bbe00b15195@f9941",
        "f5668d02-4d26-4578-a8c9-222886303f54",
        "3bef8453-f948-41b2-b0aa-6ec059b3b9f2@f9941",
        "b88dc904-49af-4fb0-a109-9f893f224245@f9941",
        "9c05c85b-ec7d-4002-a2b7-48075fe6a937@f9941",
        "7670ca65-9f85-40bb-80a6-4f6fcbc929ad",
        "55038107-66b8-4d82-9ae0-d2743bc44d39@f9941",
        "999fad15-eb55-4bdc-bda6-d9c18135ff79",
        "1263d74c-8167-4928-91a6-4e2672411f47@2e76e",
        "d032ac98-05e1-4090-88bb-eb640dcb5fc1@b47c0",
        "6f01cf7f-81bf-4a7e-bd5d-0afc19696480@b47c0"
      ],
      "dependScripts": [
        "55e431de-1a0b-4623-8349-efc7fd5d4a24",
        "b7f56bca-07bb-423c-8681-44530fe76466",
        "943f15d7-0fcb-47f7-bcf6-157f0201dd5c",
        "CC3eba29-7abb-723a-f7ab-ae275e2277e8",
        "71ce8a6c-372e-4db8-a252-51a9336bd66b",
        "4040ac00-113f-4c70-b702-dabd16e934ba",
        "a48ba88b-3c96-47d1-9b93-39739e84b177",
        "45332366-1145-486d-838c-3b4eb8042baf"
      ]
    },
    "versionCode": 0
  },
  "55038107-66b8-4d82-9ae0-d2743bc44d39": {
    "url": "db://assets/Sprites/Recurso 2.png",
    "value": {
      "depends": []
    },
    "versionCode": 0
  },
  "55038107-66b8-4d82-9ae0-d2743bc44d39@6c48a": {
    "url": "db://assets/Sprites/Recurso 2.png@6c48a",
    "value": {
      "depends": [
        "55038107-66b8-4d82-9ae0-d2743bc44d39"
      ]
    },
    "versionCode": 0
  },
  "55038107-66b8-4d82-9ae0-d2743bc44d39@f9941": {
    "url": "db://assets/Sprites/Recurso 2.png@f9941",
    "value": {
      "depends": [
        "55038107-66b8-4d82-9ae0-d2743bc44d39@6c48a"
      ]
    },
    "versionCode": 0
  },
  "d0e90002-f693-4785-8fe7-0ddbf897507f": {
    "url": "db://assets/Sprites/Recurso 3.png",
    "value": {
      "depends": []
    },
    "versionCode": 0
  },
  "d0e90002-f693-4785-8fe7-0ddbf897507f@6c48a": {
    "url": "db://assets/Sprites/Recurso 3.png@6c48a",
    "value": {
      "depends": [
        "d0e90002-f693-4785-8fe7-0ddbf897507f"
      ]
    },
    "versionCode": 0
  },
  "d0e90002-f693-4785-8fe7-0ddbf897507f@f9941": {
    "url": "db://assets/Sprites/Recurso 3.png@f9941",
    "value": {
      "depends": [
        "d0e90002-f693-4785-8fe7-0ddbf897507f@6c48a"
      ]
    },
    "versionCode": 0
  },
  "ae07fe94-8f0f-499e-b467-47158b649837": {
    "url": "db://assets/Sprites/normals.png",
    "value": {},
    "versionCode": 0
  },
  "ae07fe94-8f0f-499e-b467-47158b649837@6c48a": {
    "url": "db://assets/Sprites/normals.png@6c48a",
    "value": {
      "depends": [
        "ae07fe94-8f0f-499e-b467-47158b649837"
      ]
    },
    "versionCode": 0
  },
  "5b111cb6-a47d-4981-864b-73057fe2a4c9": {
    "url": "db://assets/Models",
    "value": {},
    "versionCode": 0
  },
  "2b3d4bf5-03b3-422b-8d7b-003d9ebf4c82": {
    "url": "db://assets/Models/lowpolybalon.fbx",
    "value": {},
    "versionCode": 0
  },
  "2b3d4bf5-03b3-422b-8d7b-003d9ebf4c82@64545": {
    "url": "db://assets/Models/lowpolybalon.fbx@64545",
    "value": {
      "depends": [
        "2b3d4bf5-03b3-422b-8d7b-003d9ebf4c82@2b2a7",
        "2b3d4bf5-03b3-422b-8d7b-003d9ebf4c82@535a8",
        "2b3d4bf5-03b3-422b-8d7b-003d9ebf4c82@1e446",
        "2b3d4bf5-03b3-422b-8d7b-003d9ebf4c82@825ed",
        "2b3d4bf5-03b3-422b-8d7b-003d9ebf4c82@2efc5"
      ]
    },
    "versionCode": 0
  },
  "2b3d4bf5-03b3-422b-8d7b-003d9ebf4c82@1e446": {
    "url": "db://assets/Models/lowpolybalon.fbx@1e446",
    "value": {
      "depends": []
    },
    "versionCode": 0
  },
  "2b3d4bf5-03b3-422b-8d7b-003d9ebf4c82@825ed": {
    "url": "db://assets/Models/lowpolybalon.fbx@825ed",
    "value": {
      "depends": []
    },
    "versionCode": 0
  },
  "2b3d4bf5-03b3-422b-8d7b-003d9ebf4c82@2efc5": {
    "url": "db://assets/Models/lowpolybalon.fbx@2efc5",
    "value": {
      "depends": []
    },
    "versionCode": 0
  },
  "2b3d4bf5-03b3-422b-8d7b-003d9ebf4c82@7d6ab": {
    "url": "db://assets/Models/lowpolybalon.fbx@7d6ab",
    "value": {
      "depends": [
        "ae07fe94-8f0f-499e-b467-47158b649837"
      ]
    },
    "versionCode": 0
  },
  "2b3d4bf5-03b3-422b-8d7b-003d9ebf4c82@400be": {
    "url": "db://assets/Models/lowpolybalon.fbx@400be",
    "value": {
      "depends": [
        "ae07fe94-8f0f-499e-b467-47158b649837"
      ]
    },
    "versionCode": 0
  },
  "2b3d4bf5-03b3-422b-8d7b-003d9ebf4c82@2b2a7": {
    "url": "db://assets/Models/lowpolybalon.fbx@2b2a7",
    "value": {
      "depends": [
        "f648964e-8d32-41fc-9ac9-7a1e714dd17b"
      ]
    },
    "versionCode": 0
  },
  "2b3d4bf5-03b3-422b-8d7b-003d9ebf4c82@535a8": {
    "url": "db://assets/Models/lowpolybalon.fbx@535a8",
    "value": {
      "depends": [
        "f648964e-8d32-41fc-9ac9-7a1e714dd17b",
        "2b3d4bf5-03b3-422b-8d7b-003d9ebf4c82@7d6ab"
      ]
    },
    "versionCode": 0
  },
  "315580f9-4d9a-4cf5-ab29-51e5f3468f3d": {
    "url": "db://assets/Models/highpolybalon.fbx",
    "value": {},
    "versionCode": 0
  },
  "315580f9-4d9a-4cf5-ab29-51e5f3468f3d@1e446": {
    "url": "db://assets/Models/highpolybalon.fbx@1e446",
    "value": {
      "depends": []
    },
    "versionCode": 0
  },
  "315580f9-4d9a-4cf5-ab29-51e5f3468f3d@825ed": {
    "url": "db://assets/Models/highpolybalon.fbx@825ed",
    "value": {
      "depends": []
    },
    "versionCode": 0
  },
  "315580f9-4d9a-4cf5-ab29-51e5f3468f3d@2efc5": {
    "url": "db://assets/Models/highpolybalon.fbx@2efc5",
    "value": {
      "depends": []
    },
    "versionCode": 0
  },
  "315580f9-4d9a-4cf5-ab29-51e5f3468f3d@2b2a7": {
    "url": "db://assets/Models/highpolybalon.fbx@2b2a7",
    "value": {
      "depends": [
        "f648964e-8d32-41fc-9ac9-7a1e714dd17b"
      ]
    },
    "versionCode": 0
  },
  "315580f9-4d9a-4cf5-ab29-51e5f3468f3d@535a8": {
    "url": "db://assets/Models/highpolybalon.fbx@535a8",
    "value": {
      "depends": [
        "f648964e-8d32-41fc-9ac9-7a1e714dd17b"
      ]
    },
    "versionCode": 0
  },
  "315580f9-4d9a-4cf5-ab29-51e5f3468f3d@ea5d2": {
    "url": "db://assets/Models/highpolybalon.fbx@ea5d2",
    "value": {
      "depends": [
        "315580f9-4d9a-4cf5-ab29-51e5f3468f3d@2b2a7",
        "315580f9-4d9a-4cf5-ab29-51e5f3468f3d@535a8",
        "315580f9-4d9a-4cf5-ab29-51e5f3468f3d@1e446",
        "315580f9-4d9a-4cf5-ab29-51e5f3468f3d@825ed",
        "315580f9-4d9a-4cf5-ab29-51e5f3468f3d@2efc5"
      ]
    },
    "versionCode": 0
  },
  "2f114e22-25c2-4826-92b0-1e5505b50578": {
    "url": "db://assets/Models/highpolybalon.fbx",
    "value": {},
    "versionCode": 0
  },
  "2f114e22-25c2-4826-92b0-1e5505b50578@1e446": {
    "url": "db://assets/Models/highpolybalon.fbx@1e446",
    "value": {
      "depends": []
    },
    "versionCode": 0
  },
  "2f114e22-25c2-4826-92b0-1e5505b50578@825ed": {
    "url": "db://assets/Models/highpolybalon.fbx@825ed",
    "value": {
      "depends": []
    },
    "versionCode": 0
  },
  "2f114e22-25c2-4826-92b0-1e5505b50578@2efc5": {
    "url": "db://assets/Models/highpolybalon.fbx@2efc5",
    "value": {
      "depends": []
    },
    "versionCode": 0
  },
  "2f114e22-25c2-4826-92b0-1e5505b50578@2b2a7": {
    "url": "db://assets/Models/highpolybalon.fbx@2b2a7",
    "value": {
      "depends": [
        "f648964e-8d32-41fc-9ac9-7a1e714dd17b"
      ]
    },
    "versionCode": 0
  },
  "2f114e22-25c2-4826-92b0-1e5505b50578@535a8": {
    "url": "db://assets/Models/highpolybalon.fbx@535a8",
    "value": {
      "depends": [
        "f648964e-8d32-41fc-9ac9-7a1e714dd17b"
      ]
    },
    "versionCode": 0
  },
  "2f114e22-25c2-4826-92b0-1e5505b50578@ea5d2": {
    "url": "db://assets/Models/highpolybalon.fbx@ea5d2",
    "value": {
      "depends": [
        "2f114e22-25c2-4826-92b0-1e5505b50578@2b2a7",
        "2f114e22-25c2-4826-92b0-1e5505b50578@535a8",
        "2f114e22-25c2-4826-92b0-1e5505b50578@1e446",
        "2f114e22-25c2-4826-92b0-1e5505b50578@825ed",
        "2f114e22-25c2-4826-92b0-1e5505b50578@2efc5"
      ]
    },
    "versionCode": 0
  },
  "3f6503b5-2323-4591-9c45-6e7e29ea5aee": {
    "url": "db://assets/Models/highpolybalon.fbx",
    "value": {},
    "versionCode": 0
  },
  "3f6503b5-2323-4591-9c45-6e7e29ea5aee@1e446": {
    "url": "db://assets/Models/highpolybalon.fbx@1e446",
    "value": {
      "depends": []
    },
    "versionCode": 0
  },
  "3f6503b5-2323-4591-9c45-6e7e29ea5aee@825ed": {
    "url": "db://assets/Models/highpolybalon.fbx@825ed",
    "value": {
      "depends": []
    },
    "versionCode": 0
  },
  "3f6503b5-2323-4591-9c45-6e7e29ea5aee@2efc5": {
    "url": "db://assets/Models/highpolybalon.fbx@2efc5",
    "value": {
      "depends": []
    },
    "versionCode": 0
  },
  "3f6503b5-2323-4591-9c45-6e7e29ea5aee@2b2a7": {
    "url": "db://assets/Models/highpolybalon.fbx@2b2a7",
    "value": {
      "depends": [
        "f648964e-8d32-41fc-9ac9-7a1e714dd17b"
      ]
    },
    "versionCode": 0
  },
  "3f6503b5-2323-4591-9c45-6e7e29ea5aee@535a8": {
    "url": "db://assets/Models/highpolybalon.fbx@535a8",
    "value": {
      "depends": [
        "f648964e-8d32-41fc-9ac9-7a1e714dd17b"
      ]
    },
    "versionCode": 0
  },
  "3f6503b5-2323-4591-9c45-6e7e29ea5aee@ea5d2": {
    "url": "db://assets/Models/highpolybalon.fbx@ea5d2",
    "value": {
      "depends": [
        "3f6503b5-2323-4591-9c45-6e7e29ea5aee@2b2a7",
        "3f6503b5-2323-4591-9c45-6e7e29ea5aee@535a8",
        "3f6503b5-2323-4591-9c45-6e7e29ea5aee@1e446",
        "3f6503b5-2323-4591-9c45-6e7e29ea5aee@825ed",
        "3f6503b5-2323-4591-9c45-6e7e29ea5aee@2efc5"
      ]
    },
    "versionCode": 0
  },
  "d6ed301b-5613-4fd7-9211-83f1d0a0bd55": {
    "url": "db://assets/Models/lowpolybalon.fbx",
    "value": {},
    "versionCode": 0
  },
  "d6ed301b-5613-4fd7-9211-83f1d0a0bd55@64545": {
    "url": "db://assets/Models/lowpolybalon.fbx@64545",
    "value": {
      "depends": [
        "d6ed301b-5613-4fd7-9211-83f1d0a0bd55@535a8",
        "d6ed301b-5613-4fd7-9211-83f1d0a0bd55@825ed"
      ]
    },
    "versionCode": 0
  },
  "d6ed301b-5613-4fd7-9211-83f1d0a0bd55@825ed": {
    "url": "db://assets/Models/lowpolybalon.fbx@825ed",
    "value": {
      "depends": []
    },
    "versionCode": 0
  },
  "d6ed301b-5613-4fd7-9211-83f1d0a0bd55@1bbb1": {
    "url": "db://assets/Models/lowpolybalon.fbx@1bbb1",
    "value": {
      "depends": []
    },
    "versionCode": 0
  },
  "d6ed301b-5613-4fd7-9211-83f1d0a0bd55@400be": {
    "url": "db://assets/Models/lowpolybalon.fbx@400be",
    "value": {
      "depends": [
        "ae07fe94-8f0f-499e-b467-47158b649837"
      ]
    },
    "versionCode": 0
  },
  "d6ed301b-5613-4fd7-9211-83f1d0a0bd55@535a8": {
    "url": "db://assets/Models/lowpolybalon.fbx@535a8",
    "value": {
      "depends": [
        "f648964e-8d32-41fc-9ac9-7a1e714dd17b"
      ]
    },
    "versionCode": 0
  },
  "36a37326-d267-49d9-be1f-952a6db213af": {
    "url": "db://assets/Models/highpolybalon.fbx",
    "value": {},
    "versionCode": 0
  },
  "36a37326-d267-49d9-be1f-952a6db213af@1e446": {
    "url": "db://assets/Models/highpolybalon.fbx@1e446",
    "value": {
      "depends": []
    },
    "versionCode": 0
  },
  "36a37326-d267-49d9-be1f-952a6db213af@2b2a7": {
    "url": "db://assets/Models/highpolybalon.fbx@2b2a7",
    "value": {
      "depends": [
        "a7612b54-35e3-4238-a1a9-4a7b54635839"
      ]
    },
    "versionCode": 0
  },
  "36a37326-d267-49d9-be1f-952a6db213af@535a8": {
    "url": "db://assets/Models/highpolybalon.fbx@535a8",
    "value": {
      "depends": [
        "9b20a514-6cc3-49de-b216-b6b863046249"
      ]
    },
    "versionCode": 0
  },
  "36a37326-d267-49d9-be1f-952a6db213af@ea5d2": {
    "url": "db://assets/Models/highpolybalon.fbx@ea5d2",
    "value": {
      "depends": [
        "36a37326-d267-49d9-be1f-952a6db213af@2b2a7",
        "36a37326-d267-49d9-be1f-952a6db213af@535a8",
        "36a37326-d267-49d9-be1f-952a6db213af@1e446"
      ]
    },
    "versionCode": 0
  },
  "b47d2733-8f2c-448e-a5d5-e8beaa500db7": {
    "url": "db://assets/Materials",
    "value": {},
    "versionCode": 0
  },
  "3b06fad9-1a7f-4c60-b653-adb05b281494": {
    "url": "db://assets/Materials/bouce.pmtl",
    "value": {},
    "versionCode": 0
  },
  "999fad15-eb55-4bdc-bda6-d9c18135ff79": {
    "url": "db://assets/Materials/piso.mtl",
    "value": {
      "depends": [
        "9b20a514-6cc3-49de-b216-b6b863046249",
        "d0e90002-f693-4785-8fe7-0ddbf897507f@6c48a"
      ]
    },
    "versionCode": 0
  },
  "a5652530-d99f-4226-99b7-33f7edf75551": {
    "url": "db://assets/Scripts/arrastrededo.ts",
    "value": {},
    "versionCode": 0
  },
  "c75412bd-5c79-4de7-a5bc-5e315f54463f": {
    "url": "db://assets/Sprites/portero.png",
    "value": {
      "depends": []
    },
    "versionCode": 0
  },
  "c75412bd-5c79-4de7-a5bc-5e315f54463f@6c48a": {
    "url": "db://assets/Sprites/portero.png@6c48a",
    "value": {
      "depends": [
        "c75412bd-5c79-4de7-a5bc-5e315f54463f"
      ]
    },
    "versionCode": 0
  },
  "0d2934ac-f883-40f0-b5d5-207640754f12": {
    "url": "db://assets/Sprites/portero1.png",
    "value": {},
    "versionCode": 0
  },
  "0d2934ac-f883-40f0-b5d5-207640754f12@6c48a": {
    "url": "db://assets/Sprites/portero1.png@6c48a",
    "value": {
      "depends": [
        "0d2934ac-f883-40f0-b5d5-207640754f12"
      ]
    },
    "versionCode": 0
  },
  "c75412bd-5c79-4de7-a5bc-5e315f54463f@f9941": {
    "url": "db://assets/Sprites/portero.png@f9941",
    "value": {
      "depends": [
        "c75412bd-5c79-4de7-a5bc-5e315f54463f@6c48a"
      ]
    },
    "versionCode": 0
  },
  "0d2934ac-f883-40f0-b5d5-207640754f12@f9941": {
    "url": "db://assets/Sprites/portero1.png@f9941",
    "value": {
      "depends": [
        "0d2934ac-f883-40f0-b5d5-207640754f12@6c48a"
      ]
    },
    "versionCode": 0
  },
  "eebaf3f0-32b6-4f17-8768-7da7f3576f16": {
    "url": "db://assets/Animation",
    "value": {},
    "versionCode": 0
  },
  "abb07ca5-82f0-4088-b4a7-0c3accfd0782": {
    "url": "db://assets/Animation/Idle.anim",
    "value": {
      "depends": []
    },
    "versionCode": 0
  },
  "69e0463d-02c4-440b-8272-466dbf8ef54f": {
    "url": "db://assets/Animation/IZQ.anim",
    "value": {
      "depends": [
        "c75412bd-5c79-4de7-a5bc-5e315f54463f@f9941",
        "087c7299-31b3-43e8-b222-bee0158a65ff@f9941"
      ]
    },
    "versionCode": 0
  },
  "087c7299-31b3-43e8-b222-bee0158a65ff": {
    "url": "db://assets/Sprites/portero01.png",
    "value": {
      "depends": []
    },
    "versionCode": 0
  },
  "087c7299-31b3-43e8-b222-bee0158a65ff@6c48a": {
    "url": "db://assets/Sprites/portero01.png@6c48a",
    "value": {
      "depends": [
        "087c7299-31b3-43e8-b222-bee0158a65ff"
      ]
    },
    "versionCode": 0
  },
  "087c7299-31b3-43e8-b222-bee0158a65ff@f9941": {
    "url": "db://assets/Sprites/portero01.png@f9941",
    "value": {
      "depends": [
        "087c7299-31b3-43e8-b222-bee0158a65ff@6c48a"
      ]
    },
    "versionCode": 0
  },
  "a05da812-6928-4f41-a97a-5e40c5a62818": {
    "url": "db://assets/Animation/DER.anim",
    "value": {
      "depends": [
        "c75412bd-5c79-4de7-a5bc-5e315f54463f@f9941",
        "327eb160-9126-4e23-99e2-e3e907d7dfcf@f9941"
      ]
    },
    "versionCode": 0
  },
  "327eb160-9126-4e23-99e2-e3e907d7dfcf": {
    "url": "db://assets/Sprites/portero02.png",
    "value": {
      "depends": []
    },
    "versionCode": 0
  },
  "327eb160-9126-4e23-99e2-e3e907d7dfcf@6c48a": {
    "url": "db://assets/Sprites/portero02.png@6c48a",
    "value": {
      "depends": [
        "327eb160-9126-4e23-99e2-e3e907d7dfcf"
      ]
    },
    "versionCode": 0
  },
  "327eb160-9126-4e23-99e2-e3e907d7dfcf@f9941": {
    "url": "db://assets/Sprites/portero02.png@f9941",
    "value": {
      "depends": [
        "327eb160-9126-4e23-99e2-e3e907d7dfcf@6c48a"
      ]
    },
    "versionCode": 0
  },
  "71ce8a6c-372e-4db8-a252-51a9336bd66b": {
    "url": "db://assets/Scripts/Portero.ts",
    "value": {},
    "versionCode": 0
  },
  "7670ca65-9f85-40bb-80a6-4f6fcbc929ad": {
    "url": "db://assets/Animation/GOL.anim",
    "value": {
      "depends": []
    },
    "versionCode": 0
  },
  "b0beef13-bb71-4af0-a30a-9460d6aa1b1b": {
    "url": "db://assets/Sprites/red.png",
    "value": {
      "depends": []
    },
    "versionCode": 0
  },
  "b0beef13-bb71-4af0-a30a-9460d6aa1b1b@6c48a": {
    "url": "db://assets/Sprites/red.png@6c48a",
    "value": {
      "depends": [
        "b0beef13-bb71-4af0-a30a-9460d6aa1b1b"
      ]
    },
    "versionCode": 0
  },
  "b0beef13-bb71-4af0-a30a-9460d6aa1b1b@f9941": {
    "url": "db://assets/Sprites/red.png@f9941",
    "value": {
      "depends": [
        "b0beef13-bb71-4af0-a30a-9460d6aa1b1b@6c48a"
      ]
    },
    "versionCode": 0
  },
  "774b6212-9bd5-416e-9101-2fcb642a039a": {
    "url": "db://assets/Sprites/pasto.png",
    "value": {},
    "versionCode": 0
  },
  "774b6212-9bd5-416e-9101-2fcb642a039a@6c48a": {
    "url": "db://assets/Sprites/pasto.png@6c48a",
    "value": {
      "depends": [
        "774b6212-9bd5-416e-9101-2fcb642a039a"
      ]
    },
    "versionCode": 0
  },
  "9218d76f-1ad5-4c7b-99b0-72ebe3ef0379": {
    "url": "db://assets/Sprites/fondo-penalti.jpg",
    "value": {},
    "versionCode": 0
  },
  "2c2a1e4d-82b8-4f55-b9eb-37ba6e19985b": {
    "url": "db://assets/Sprites/gameover-penalti.jpg",
    "value": {},
    "versionCode": 0
  },
  "2c2a1e4d-82b8-4f55-b9eb-37ba6e19985b@6c48a": {
    "url": "db://assets/Sprites/gameover-penalti.jpg@6c48a",
    "value": {
      "depends": [
        "2c2a1e4d-82b8-4f55-b9eb-37ba6e19985b"
      ]
    },
    "versionCode": 0
  },
  "9218d76f-1ad5-4c7b-99b0-72ebe3ef0379@6c48a": {
    "url": "db://assets/Sprites/fondo-penalti.jpg@6c48a",
    "value": {
      "depends": [
        "9218d76f-1ad5-4c7b-99b0-72ebe3ef0379"
      ]
    },
    "versionCode": 0
  },
  "2c2a1e4d-82b8-4f55-b9eb-37ba6e19985b@f9941": {
    "url": "db://assets/Sprites/gameover-penalti.jpg@f9941",
    "value": {
      "depends": [
        "2c2a1e4d-82b8-4f55-b9eb-37ba6e19985b@6c48a"
      ]
    },
    "versionCode": 0
  },
  "9218d76f-1ad5-4c7b-99b0-72ebe3ef0379@f9941": {
    "url": "db://assets/Sprites/fondo-penalti.jpg@f9941",
    "value": {
      "depends": [
        "9218d76f-1ad5-4c7b-99b0-72ebe3ef0379@6c48a"
      ]
    },
    "versionCode": 0
  },
  "964ada2a-33bd-406d-8fb0-18bef0893af5": {
    "url": "db://assets/Scenes/Inicio.scene",
    "value": {
      "depends": [
        "964ada2a-33bd-406d-8fb0-18bef0893af5",
        "9bda19dc-79b0-4523-a414-2c77df8c44b8@f9941",
        "9029e9f8-6bd9-4648-b27b-a1a248d47737@f9941",
        "2efddc7b-8aca-4f17-bdec-41a3632f6710@f9941",
        "951249e0-9f16-456d-8b85-a6ca954da16b@f9941",
        "c0c18801-f7b0-40bd-a2d8-2e7bce3bd3a9@f9941",
        "70395b64-f6b5-4aef-a988-11b87db450cf@f9941",
        "f427250b-15f6-41c3-a341-fc2a39d4970e@f9941",
        "1832e468-2c6e-4865-94eb-b507eedddc8a@f9941",
        "9c05c85b-ec7d-4002-a2b7-48075fe6a937@f9941",
        "d032ac98-05e1-4090-88bb-eb640dcb5fc1@b47c0",
        "6f01cf7f-81bf-4a7e-bd5d-0afc19696480@b47c0"
      ],
      "dependScripts": [
        "a48ba88b-3c96-47d1-9b93-39739e84b177",
        "4040ac00-113f-4c70-b702-dabd16e934ba"
      ]
    },
    "versionCode": 0
  },
  "a48ba88b-3c96-47d1-9b93-39739e84b177": {
    "url": "db://assets/Scripts/CambioEscena.ts",
    "value": {},
    "versionCode": 0
  },
  "55e431de-1a0b-4623-8349-efc7fd5d4a24": {
    "url": "db://assets/Scripts/Golazo.ts",
    "value": {},
    "versionCode": 0
  },
  "774b6212-9bd5-416e-9101-2fcb642a039a@f9941": {
    "url": "db://assets/Sprites/pasto.png@f9941",
    "value": {
      "depends": [
        "774b6212-9bd5-416e-9101-2fcb642a039a@6c48a"
      ]
    },
    "versionCode": 0
  },
  "f244bcd1-0254-4217-bcca-689ca04ad564": {
    "url": "db://assets/Sprites/P_boton_jugar.png",
    "value": {},
    "versionCode": 0
  },
  "f244bcd1-0254-4217-bcca-689ca04ad564@6c48a": {
    "url": "db://assets/Sprites/P_boton_jugar.png@6c48a",
    "value": {
      "depends": [
        "f244bcd1-0254-4217-bcca-689ca04ad564"
      ]
    },
    "versionCode": 0
  },
  "3fd03d44-47a9-4a24-9d64-6b8e31be839b": {
    "url": "db://assets/Sprites/P_boton_salir.png",
    "value": {},
    "versionCode": 0
  },
  "3fd03d44-47a9-4a24-9d64-6b8e31be839b@6c48a": {
    "url": "db://assets/Sprites/P_boton_salir.png@6c48a",
    "value": {
      "depends": [
        "3fd03d44-47a9-4a24-9d64-6b8e31be839b"
      ]
    },
    "versionCode": 0
  },
  "d70cd463-5343-4ed9-abb5-de9f5cf55807": {
    "url": "db://assets/Sprites/P_boton_jugar_h.png",
    "value": {},
    "versionCode": 0
  },
  "d70cd463-5343-4ed9-abb5-de9f5cf55807@6c48a": {
    "url": "db://assets/Sprites/P_boton_jugar_h.png@6c48a",
    "value": {
      "depends": [
        "d70cd463-5343-4ed9-abb5-de9f5cf55807"
      ]
    },
    "versionCode": 0
  },
  "5e77b339-83f2-4bb9-8d91-d22d270dd764": {
    "url": "db://assets/Sprites/P_boton_salir_h.png",
    "value": {},
    "versionCode": 0
  },
  "5e77b339-83f2-4bb9-8d91-d22d270dd764@6c48a": {
    "url": "db://assets/Sprites/P_boton_salir_h.png@6c48a",
    "value": {
      "depends": [
        "5e77b339-83f2-4bb9-8d91-d22d270dd764"
      ]
    },
    "versionCode": 0
  },
  "c361d22b-9063-4347-a5f6-2421630002bb": {
    "url": "db://assets/Sprites/Juego01.png",
    "value": {},
    "versionCode": 0
  },
  "c361d22b-9063-4347-a5f6-2421630002bb@6c48a": {
    "url": "db://assets/Sprites/Juego01.png@6c48a",
    "value": {
      "depends": [
        "c361d22b-9063-4347-a5f6-2421630002bb"
      ]
    },
    "versionCode": 0
  },
  "aae78fc9-fb41-42d7-b60e-779817f6961f": {
    "url": "db://assets/Sprites/Juego02.png",
    "value": {},
    "versionCode": 0
  },
  "b5090fcf-362c-4818-be8e-dfa55e56e782": {
    "url": "db://assets/Sprites/P_logo_america.png",
    "value": {},
    "versionCode": 0
  },
  "c05f3a3f-c22f-4a4e-832c-292d8f411476": {
    "url": "db://assets/Sprites/P_personajed.png",
    "value": {},
    "versionCode": 0
  },
  "f56baf03-92eb-4d3b-9289-3f892c883d62": {
    "url": "db://assets/Sprites/Fondo.png",
    "value": {},
    "versionCode": 0
  },
  "7d90b022-c27b-48d4-96e4-7566996022d2": {
    "url": "db://assets/Sprites/P_felicidades.png",
    "value": {},
    "versionCode": 0
  },
  "aae78fc9-fb41-42d7-b60e-779817f6961f@6c48a": {
    "url": "db://assets/Sprites/Juego02.png@6c48a",
    "value": {
      "depends": [
        "aae78fc9-fb41-42d7-b60e-779817f6961f"
      ]
    },
    "versionCode": 0
  },
  "738f28e2-720c-426e-8dd9-dec9d9e12e72": {
    "url": "db://assets/Sprites/P_golesMexico_gameOver.png",
    "value": {},
    "versionCode": 0
  },
  "7d90b022-c27b-48d4-96e4-7566996022d2@6c48a": {
    "url": "db://assets/Sprites/P_felicidades.png@6c48a",
    "value": {
      "depends": [
        "7d90b022-c27b-48d4-96e4-7566996022d2"
      ]
    },
    "versionCode": 0
  },
  "4e8a3722-d0f0-480f-b65c-07e06c19ddd8": {
    "url": "db://assets/Sprites/P_instText.png",
    "value": {},
    "versionCode": 0
  },
  "b5090fcf-362c-4818-be8e-dfa55e56e782@6c48a": {
    "url": "db://assets/Sprites/P_logo_america.png@6c48a",
    "value": {
      "depends": [
        "b5090fcf-362c-4818-be8e-dfa55e56e782"
      ]
    },
    "versionCode": 0
  },
  "bfd43dc1-5c45-4c28-a1e6-e3caf8bab9e7": {
    "url": "db://assets/Sprites/P_logo_gnp.png",
    "value": {},
    "versionCode": 0
  },
  "c05f3a3f-c22f-4a4e-832c-292d8f411476@6c48a": {
    "url": "db://assets/Sprites/P_personajed.png@6c48a",
    "value": {
      "depends": [
        "c05f3a3f-c22f-4a4e-832c-292d8f411476"
      ]
    },
    "versionCode": 0
  },
  "0e02fd81-ad5c-4cb3-89b4-245a94e58190": {
    "url": "db://assets/Sprites/P_gnp_cancha.png",
    "value": {},
    "versionCode": 0
  },
  "f56baf03-92eb-4d3b-9289-3f892c883d62@6c48a": {
    "url": "db://assets/Sprites/Fondo.png@6c48a",
    "value": {
      "depends": [
        "f56baf03-92eb-4d3b-9289-3f892c883d62"
      ]
    },
    "versionCode": 0
  },
  "920851f8-9ff7-4e81-b7a3-22e32ec5f7db": {
    "url": "db://assets/Sprites/P_logoJuego.png",
    "value": {},
    "versionCode": 0
  },
  "738f28e2-720c-426e-8dd9-dec9d9e12e72@6c48a": {
    "url": "db://assets/Sprites/P_golesMexico_gameOver.png@6c48a",
    "value": {
      "depends": [
        "738f28e2-720c-426e-8dd9-dec9d9e12e72"
      ]
    },
    "versionCode": 0
  },
  "a735b384-832f-4730-8e03-eba1ff45f2f2": {
    "url": "db://assets/Sprites/Instrucciones.png",
    "value": {
      "depends": []
    },
    "versionCode": 0
  },
  "4e8a3722-d0f0-480f-b65c-07e06c19ddd8@6c48a": {
    "url": "db://assets/Sprites/P_instText.png@6c48a",
    "value": {
      "depends": [
        "4e8a3722-d0f0-480f-b65c-07e06c19ddd8"
      ]
    },
    "versionCode": 0
  },
  "bfd43dc1-5c45-4c28-a1e6-e3caf8bab9e7@6c48a": {
    "url": "db://assets/Sprites/P_logo_gnp.png@6c48a",
    "value": {
      "depends": [
        "bfd43dc1-5c45-4c28-a1e6-e3caf8bab9e7"
      ]
    },
    "versionCode": 0
  },
  "0e02fd81-ad5c-4cb3-89b4-245a94e58190@6c48a": {
    "url": "db://assets/Sprites/P_gnp_cancha.png@6c48a",
    "value": {
      "depends": [
        "0e02fd81-ad5c-4cb3-89b4-245a94e58190"
      ]
    },
    "versionCode": 0
  },
  "920851f8-9ff7-4e81-b7a3-22e32ec5f7db@6c48a": {
    "url": "db://assets/Sprites/P_logoJuego.png@6c48a",
    "value": {
      "depends": [
        "920851f8-9ff7-4e81-b7a3-22e32ec5f7db"
      ]
    },
    "versionCode": 0
  },
  "a735b384-832f-4730-8e03-eba1ff45f2f2@6c48a": {
    "url": "db://assets/Sprites/Instrucciones.png@6c48a",
    "value": {
      "depends": [
        "a735b384-832f-4730-8e03-eba1ff45f2f2"
      ]
    },
    "versionCode": 0
  },
  "aae78fc9-fb41-42d7-b60e-779817f6961f@f9941": {
    "url": "db://assets/Sprites/Juego02.png@f9941",
    "value": {
      "depends": [
        "aae78fc9-fb41-42d7-b60e-779817f6961f@6c48a"
      ]
    },
    "versionCode": 0
  },
  "920851f8-9ff7-4e81-b7a3-22e32ec5f7db@f9941": {
    "url": "db://assets/Sprites/P_logoJuego.png@f9941",
    "value": {
      "depends": [
        "920851f8-9ff7-4e81-b7a3-22e32ec5f7db@6c48a"
      ]
    },
    "versionCode": 0
  },
  "b5090fcf-362c-4818-be8e-dfa55e56e782@f9941": {
    "url": "db://assets/Sprites/P_logo_america.png@f9941",
    "value": {
      "depends": [
        "b5090fcf-362c-4818-be8e-dfa55e56e782@6c48a"
      ]
    },
    "versionCode": 0
  },
  "7d90b022-c27b-48d4-96e4-7566996022d2@f9941": {
    "url": "db://assets/Sprites/P_felicidades.png@f9941",
    "value": {
      "depends": [
        "7d90b022-c27b-48d4-96e4-7566996022d2@6c48a"
      ]
    },
    "versionCode": 0
  },
  "d70cd463-5343-4ed9-abb5-de9f5cf55807@f9941": {
    "url": "db://assets/Sprites/P_boton_jugar_h.png@f9941",
    "value": {
      "depends": [
        "d70cd463-5343-4ed9-abb5-de9f5cf55807@6c48a"
      ]
    },
    "versionCode": 0
  },
  "5e77b339-83f2-4bb9-8d91-d22d270dd764@f9941": {
    "url": "db://assets/Sprites/P_boton_salir_h.png@f9941",
    "value": {
      "depends": [
        "5e77b339-83f2-4bb9-8d91-d22d270dd764@6c48a"
      ]
    },
    "versionCode": 0
  },
  "3fd03d44-47a9-4a24-9d64-6b8e31be839b@f9941": {
    "url": "db://assets/Sprites/P_boton_salir.png@f9941",
    "value": {
      "depends": [
        "3fd03d44-47a9-4a24-9d64-6b8e31be839b@6c48a"
      ]
    },
    "versionCode": 0
  },
  "f244bcd1-0254-4217-bcca-689ca04ad564@f9941": {
    "url": "db://assets/Sprites/P_boton_jugar.png@f9941",
    "value": {
      "depends": [
        "f244bcd1-0254-4217-bcca-689ca04ad564@6c48a"
      ]
    },
    "versionCode": 0
  },
  "4e8a3722-d0f0-480f-b65c-07e06c19ddd8@f9941": {
    "url": "db://assets/Sprites/P_instText.png@f9941",
    "value": {
      "depends": [
        "4e8a3722-d0f0-480f-b65c-07e06c19ddd8@6c48a"
      ]
    },
    "versionCode": 0
  },
  "0e02fd81-ad5c-4cb3-89b4-245a94e58190@f9941": {
    "url": "db://assets/Sprites/P_gnp_cancha.png@f9941",
    "value": {
      "depends": [
        "0e02fd81-ad5c-4cb3-89b4-245a94e58190@6c48a"
      ]
    },
    "versionCode": 0
  },
  "bfd43dc1-5c45-4c28-a1e6-e3caf8bab9e7@f9941": {
    "url": "db://assets/Sprites/P_logo_gnp.png@f9941",
    "value": {
      "depends": [
        "bfd43dc1-5c45-4c28-a1e6-e3caf8bab9e7@6c48a"
      ]
    },
    "versionCode": 0
  },
  "738f28e2-720c-426e-8dd9-dec9d9e12e72@f9941": {
    "url": "db://assets/Sprites/P_golesMexico_gameOver.png@f9941",
    "value": {
      "depends": [
        "738f28e2-720c-426e-8dd9-dec9d9e12e72@6c48a"
      ]
    },
    "versionCode": 0
  },
  "c05f3a3f-c22f-4a4e-832c-292d8f411476@f9941": {
    "url": "db://assets/Sprites/P_personajed.png@f9941",
    "value": {
      "depends": [
        "c05f3a3f-c22f-4a4e-832c-292d8f411476@6c48a"
      ]
    },
    "versionCode": 0
  },
  "f56baf03-92eb-4d3b-9289-3f892c883d62@f9941": {
    "url": "db://assets/Sprites/Fondo.png@f9941",
    "value": {
      "depends": [
        "f56baf03-92eb-4d3b-9289-3f892c883d62@6c48a"
      ]
    },
    "versionCode": 0
  },
  "35607d76-e5a0-44b7-a7e3-6058f8181ba8": {
    "url": "db://assets/Animation/IDLJUGADOR.anim",
    "value": {
      "depends": []
    },
    "versionCode": 0
  },
  "4317a6d3-4cd2-4a41-b41d-5588e1786550": {
    "url": "db://assets/Animation/DERJUGADOR.anim",
    "value": {
      "depends": []
    },
    "versionCode": 0
  },
  "bac705bb-7f8d-4be6-91af-9ee250afafb3": {
    "url": "db://assets/Animation/IZQJUGADOR.anim",
    "value": {
      "depends": []
    },
    "versionCode": 0
  },
  "d8164244-9a3f-4648-ae2a-c5787b9752d1": {
    "url": "db://assets/Particulas",
    "value": {},
    "versionCode": 0
  },
  "9be08b8a-9a57-4ccf-944d-bf0fc7905194": {
    "url": "db://assets/Particulas/confeti.prefab",
    "value": {
      "depends": [
        "aa7e216a-6a5f-4946-9562-26af7caa6566@f9941",
        "6c6e9535-d083-4bec-aa2c-2a00d6510232@f9941"
      ],
      "dependScripts": [
        "1f97c070-580b-4c66-8b84-0ab98f46d4bb"
      ]
    },
    "versionCode": 0
  },
  "aa7e216a-6a5f-4946-9562-26af7caa6566": {
    "url": "db://assets/Sprites/confeti2.png",
    "value": {
      "depends": []
    },
    "versionCode": 0
  },
  "6c6e9535-d083-4bec-aa2c-2a00d6510232": {
    "url": "db://assets/Sprites/conffeti.png",
    "value": {
      "depends": []
    },
    "versionCode": 0
  },
  "aa7e216a-6a5f-4946-9562-26af7caa6566@6c48a": {
    "url": "db://assets/Sprites/confeti2.png@6c48a",
    "value": {
      "depends": [
        "aa7e216a-6a5f-4946-9562-26af7caa6566"
      ]
    },
    "versionCode": 0
  },
  "6c6e9535-d083-4bec-aa2c-2a00d6510232@6c48a": {
    "url": "db://assets/Sprites/conffeti.png@6c48a",
    "value": {
      "depends": [
        "6c6e9535-d083-4bec-aa2c-2a00d6510232"
      ]
    },
    "versionCode": 0
  },
  "6c6e9535-d083-4bec-aa2c-2a00d6510232@f9941": {
    "url": "db://assets/Sprites/conffeti.png@f9941",
    "value": {
      "depends": [
        "6c6e9535-d083-4bec-aa2c-2a00d6510232@6c48a"
      ]
    },
    "versionCode": 0
  },
  "aa7e216a-6a5f-4946-9562-26af7caa6566@f9941": {
    "url": "db://assets/Sprites/confeti2.png@f9941",
    "value": {
      "depends": [
        "aa7e216a-6a5f-4946-9562-26af7caa6566@6c48a"
      ]
    },
    "versionCode": 0
  },
  "569c2b58-3a66-43a6-9cae-62dd8b5925a1": {
    "url": "db://assets/Sprites/puntosfutbolsmexico 2.png",
    "value": {
      "depends": []
    },
    "versionCode": 0
  },
  "569c2b58-3a66-43a6-9cae-62dd8b5925a1@6c48a": {
    "url": "db://assets/Sprites/puntosfutbolsmexico 2.png@6c48a",
    "value": {
      "depends": [
        "569c2b58-3a66-43a6-9cae-62dd8b5925a1"
      ]
    },
    "versionCode": 0
  },
  "90cd7265-fb83-4405-bdb2-9be00735e97c": {
    "url": "db://assets/Sprites/Titulo.png",
    "value": {},
    "versionCode": 0
  },
  "90cd7265-fb83-4405-bdb2-9be00735e97c@6c48a": {
    "url": "db://assets/Sprites/Titulo.png@6c48a",
    "value": {
      "depends": [
        "90cd7265-fb83-4405-bdb2-9be00735e97c"
      ]
    },
    "versionCode": 0
  },
  "90cd7265-fb83-4405-bdb2-9be00735e97c@f9941": {
    "url": "db://assets/Sprites/Titulo.png@f9941",
    "value": {
      "depends": [
        "90cd7265-fb83-4405-bdb2-9be00735e97c@6c48a"
      ]
    },
    "versionCode": 0
  },
  "569c2b58-3a66-43a6-9cae-62dd8b5925a1@f9941": {
    "url": "db://assets/Sprites/puntosfutbolsmexico 2.png@f9941",
    "value": {
      "depends": [
        "569c2b58-3a66-43a6-9cae-62dd8b5925a1@6c48a"
      ]
    },
    "versionCode": 0
  },
  "aa287cb3-9481-4609-9e99-15bc893ccc9c": {
    "url": "db://assets/Sprites/America.png",
    "value": {
      "depends": []
    },
    "versionCode": 0
  },
  "aa287cb3-9481-4609-9e99-15bc893ccc9c@6c48a": {
    "url": "db://assets/Sprites/America.png@6c48a",
    "value": {
      "depends": [
        "aa287cb3-9481-4609-9e99-15bc893ccc9c"
      ]
    },
    "versionCode": 0
  },
  "aa287cb3-9481-4609-9e99-15bc893ccc9c@f9941": {
    "url": "db://assets/Sprites/America.png@f9941",
    "value": {
      "depends": [
        "aa287cb3-9481-4609-9e99-15bc893ccc9c@6c48a"
      ]
    },
    "versionCode": 0
  },
  "9478c970-318d-483c-9613-4f2ef0c649d9": {
    "url": "db://assets/Sprites/Capa 1.png",
    "value": {},
    "versionCode": 0
  },
  "1f814596-5eea-47fa-8adb-83caf9ff70a0": {
    "url": "db://assets/Sprites/Capa 2.png",
    "value": {},
    "versionCode": 0
  },
  "1f814596-5eea-47fa-8adb-83caf9ff70a0@6c48a": {
    "url": "db://assets/Sprites/Capa 2.png@6c48a",
    "value": {
      "depends": [
        "1f814596-5eea-47fa-8adb-83caf9ff70a0"
      ]
    },
    "versionCode": 0
  },
  "9478c970-318d-483c-9613-4f2ef0c649d9@6c48a": {
    "url": "db://assets/Sprites/Capa 1.png@6c48a",
    "value": {
      "depends": [
        "9478c970-318d-483c-9613-4f2ef0c649d9"
      ]
    },
    "versionCode": 0
  },
  "74cf3d56-8457-4315-9b3c-537eb03bc3e0": {
    "url": "db://assets/Models/Materials_highpolybalon",
    "value": {},
    "versionCode": 0
  },
  "e57e8967-1d05-4478-ad17-f1eb26da0f9c": {
    "url": "db://assets/Models/Materials_highpolybalon/BLANCO.mtl",
    "value": {
      "depends": [
        "f648964e-8d32-41fc-9ac9-7a1e714dd17b"
      ]
    },
    "versionCode": 0
  },
  "0e85434e-a95d-4486-a7d5-ed50500ddde6": {
    "url": "db://assets/Models/Materials_highpolybalon/MORADA.mtl",
    "value": {
      "depends": [
        "f648964e-8d32-41fc-9ac9-7a1e714dd17b"
      ]
    },
    "versionCode": 0
  },
  "7029b072-026c-4eda-b4e3-d45e493c544b": {
    "url": "db://assets/Animation/SALTO.anim",
    "value": {
      "depends": []
    },
    "versionCode": 0
  },
  "12ecaffc-cb8d-4eb3-9e50-0e202175898d": {
    "url": "db://assets/Scripts/GuantesPortero.ts",
    "value": {},
    "versionCode": 0
  },
  "47973632-aef1-43bc-a688-61677ba046a7": {
    "url": "db://assets/Sprites/Guantes.png",
    "value": {
      "depends": []
    },
    "versionCode": 0
  },
  "47973632-aef1-43bc-a688-61677ba046a7@6c48a": {
    "url": "db://assets/Sprites/Guantes.png@6c48a",
    "value": {
      "depends": [
        "47973632-aef1-43bc-a688-61677ba046a7"
      ]
    },
    "versionCode": 0
  },
  "47973632-aef1-43bc-a688-61677ba046a7@f9941": {
    "url": "db://assets/Sprites/Guantes.png@f9941",
    "value": {
      "depends": [
        "47973632-aef1-43bc-a688-61677ba046a7@6c48a"
      ]
    },
    "versionCode": 0
  },
  "5e4ea523-e2a5-483a-919f-a54afb326afc": {
    "url": "db://assets/Sprites/Guantes@4x.png",
    "value": {
      "depends": []
    },
    "versionCode": 0
  },
  "5e4ea523-e2a5-483a-919f-a54afb326afc@6c48a": {
    "url": "db://assets/Sprites/Guantes@4x.png@6c48a",
    "value": {
      "depends": [
        "5e4ea523-e2a5-483a-919f-a54afb326afc"
      ]
    },
    "versionCode": 0
  },
  "5e4ea523-e2a5-483a-919f-a54afb326afc@f9941": {
    "url": "db://assets/Sprites/Guantes@4x.png@f9941",
    "value": {
      "depends": [
        "5e4ea523-e2a5-483a-919f-a54afb326afc@6c48a"
      ]
    },
    "versionCode": 0
  },
  "943f15d7-0fcb-47f7-bcf6-157f0201dd5c": {
    "url": "db://assets/Scripts/KickBall.ts",
    "value": {},
    "versionCode": 0
  },
  "19c2191e-1e52-4bcc-95cf-8acdce80688f": {
    "url": "db://assets/Particulas/confeti2.prefab",
    "value": {},
    "versionCode": 0
  },
  "f5668d02-4d26-4578-a8c9-222886303f54": {
    "url": "db://assets/Animation/Bienhecho.anim",
    "value": {
      "depends": []
    },
    "versionCode": 0
  },
  "1f97c070-580b-4c66-8b84-0ab98f46d4bb": {
    "url": "db://assets/Scripts/destroy.ts",
    "value": {},
    "versionCode": 0
  },
  "45332366-1145-486d-838c-3b4eb8042baf": {
    "url": "db://assets/Scripts/ManagerScore.ts",
    "value": {},
    "versionCode": 0
  },
  "9c05c85b-ec7d-4002-a2b7-48075fe6a937": {
    "url": "db://assets/Sprites/Can_04_portada.png",
    "value": {
      "depends": []
    },
    "versionCode": 0
  },
  "9c05c85b-ec7d-4002-a2b7-48075fe6a937@6c48a": {
    "url": "db://assets/Sprites/Can_04_portada.png@6c48a",
    "value": {
      "depends": [
        "9c05c85b-ec7d-4002-a2b7-48075fe6a937"
      ]
    },
    "versionCode": 0
  },
  "9c05c85b-ec7d-4002-a2b7-48075fe6a937@f9941": {
    "url": "db://assets/Sprites/Can_04_portada.png@f9941",
    "value": {
      "depends": [
        "9c05c85b-ec7d-4002-a2b7-48075fe6a937@6c48a"
      ]
    },
    "versionCode": 0
  },
  "f5375772-9221-48db-a2a6-aabbc6068a4d": {
    "url": "db://assets/Scenes/Instrucciones.scene",
    "value": {
      "depends": [
        "f5375772-9221-48db-a2a6-aabbc6068a4d",
        "afe225ac-26b1-450d-b168-91bcf968b1a3@f9941",
        "2db11029-438b-4513-9c15-a0c69455b092@f9941",
        "65a24838-bab2-44bf-a1f1-95f82215d519@f9941",
        "951249e0-9f16-456d-8b85-a6ca954da16b@f9941",
        "3759a60d-8310-4764-9f10-c124e7350348@f9941",
        "a6bad435-4cdd-44e2-896f-08820bc00115@f9941",
        "d3bb5c31-89df-4e30-834c-565e44c30bc1@f9941",
        "88180892-58b5-445c-aaf0-3489eb95145f@f9941",
        "7b40fa80-530b-4c74-bb46-c1d86d5f05ad@f9941",
        "e28f5d1f-74f6-4193-a15e-77c899654bf7@f9941",
        "46245ea6-ae9c-4e2e-86cd-0ba94cdd28b3@f9941",
        "fb0f18ba-c14f-458c-9038-f70d2db932a5@f9941",
        "7756e3d1-3666-4122-83b1-a7ec393a360f@f9941",
        "e16501b8-fff7-4f30-86d7-3668084072df@f9941",
        "d032ac98-05e1-4090-88bb-eb640dcb5fc1@b47c0",
        "6f01cf7f-81bf-4a7e-bd5d-0afc19696480@b47c0"
      ],
      "dependScripts": [
        "a48ba88b-3c96-47d1-9b93-39739e84b177",
        "e852f05d-a3d3-4fe1-80b9-6fb7aeab6204"
      ]
    },
    "versionCode": 0
  },
  "b88dc904-49af-4fb0-a109-9f893f224245": {
    "url": "db://assets/Sprites/Can_marco.png",
    "value": {
      "depends": []
    },
    "versionCode": 0
  },
  "b88dc904-49af-4fb0-a109-9f893f224245@6c48a": {
    "url": "db://assets/Sprites/Can_marco.png@6c48a",
    "value": {
      "depends": [
        "b88dc904-49af-4fb0-a109-9f893f224245"
      ]
    },
    "versionCode": 0
  },
  "1832e468-2c6e-4865-94eb-b507eedddc8a": {
    "url": "db://assets/Sprites/Salir_Btn_p.png",
    "value": {
      "depends": []
    },
    "versionCode": 0
  },
  "1832e468-2c6e-4865-94eb-b507eedddc8a@6c48a": {
    "url": "db://assets/Sprites/Salir_Btn_p.png@6c48a",
    "value": {
      "depends": [
        "1832e468-2c6e-4865-94eb-b507eedddc8a"
      ]
    },
    "versionCode": 0
  },
  "9bda19dc-79b0-4523-a414-2c77df8c44b8": {
    "url": "db://assets/Sprites/Inicio_Btn.png",
    "value": {
      "depends": []
    },
    "versionCode": 0
  },
  "9bda19dc-79b0-4523-a414-2c77df8c44b8@6c48a": {
    "url": "db://assets/Sprites/Inicio_Btn.png@6c48a",
    "value": {
      "depends": [
        "9bda19dc-79b0-4523-a414-2c77df8c44b8"
      ]
    },
    "versionCode": 0
  },
  "9029e9f8-6bd9-4648-b27b-a1a248d47737": {
    "url": "db://assets/Sprites/Inicio_Btn_h.png",
    "value": {
      "depends": []
    },
    "versionCode": 0
  },
  "9029e9f8-6bd9-4648-b27b-a1a248d47737@6c48a": {
    "url": "db://assets/Sprites/Inicio_Btn_h.png@6c48a",
    "value": {
      "depends": [
        "9029e9f8-6bd9-4648-b27b-a1a248d47737"
      ]
    },
    "versionCode": 0
  },
  "738ab7ed-0b0c-4490-96a5-c9b991ab8226": {
    "url": "db://assets/Sprites/fondo.png",
    "value": {
      "depends": []
    },
    "versionCode": 0
  },
  "738ab7ed-0b0c-4490-96a5-c9b991ab8226@6c48a": {
    "url": "db://assets/Sprites/fondo.png@6c48a",
    "value": {
      "depends": [
        "738ab7ed-0b0c-4490-96a5-c9b991ab8226"
      ]
    },
    "versionCode": 0
  },
  "738ab7ed-0b0c-4490-96a5-c9b991ab8226@f9941": {
    "url": "db://assets/Sprites/fondo.png@f9941",
    "value": {
      "depends": [
        "738ab7ed-0b0c-4490-96a5-c9b991ab8226@6c48a"
      ]
    },
    "versionCode": 0
  },
  "2efddc7b-8aca-4f17-bdec-41a3632f6710": {
    "url": "db://assets/Sprites/Inicio_Btn_p.png",
    "value": {
      "depends": []
    },
    "versionCode": 0
  },
  "2efddc7b-8aca-4f17-bdec-41a3632f6710@6c48a": {
    "url": "db://assets/Sprites/Inicio_Btn_p.png@6c48a",
    "value": {
      "depends": [
        "2efddc7b-8aca-4f17-bdec-41a3632f6710"
      ]
    },
    "versionCode": 0
  },
  "2db11029-438b-4513-9c15-a0c69455b092": {
    "url": "db://assets/Sprites/Jugar_Btn_h.png",
    "value": {
      "depends": []
    },
    "versionCode": 0
  },
  "2db11029-438b-4513-9c15-a0c69455b092@6c48a": {
    "url": "db://assets/Sprites/Jugar_Btn_h.png@6c48a",
    "value": {
      "depends": [
        "2db11029-438b-4513-9c15-a0c69455b092"
      ]
    },
    "versionCode": 0
  },
  "afe225ac-26b1-450d-b168-91bcf968b1a3": {
    "url": "db://assets/Sprites/Jugar_Btn.png",
    "value": {
      "depends": []
    },
    "versionCode": 0
  },
  "afe225ac-26b1-450d-b168-91bcf968b1a3@6c48a": {
    "url": "db://assets/Sprites/Jugar_Btn.png@6c48a",
    "value": {
      "depends": [
        "afe225ac-26b1-450d-b168-91bcf968b1a3"
      ]
    },
    "versionCode": 0
  },
  "33a4eff9-c5b1-46d9-9e5d-9915d1bd1dcc": {
    "url": "db://assets/Sprites/Logo_C.png",
    "value": {},
    "versionCode": 0
  },
  "33a4eff9-c5b1-46d9-9e5d-9915d1bd1dcc@6c48a": {
    "url": "db://assets/Sprites/Logo_C.png@6c48a",
    "value": {
      "depends": [
        "33a4eff9-c5b1-46d9-9e5d-9915d1bd1dcc"
      ]
    },
    "versionCode": 0
  },
  "65a24838-bab2-44bf-a1f1-95f82215d519": {
    "url": "db://assets/Sprites/Jugar_Btn_p.png",
    "value": {
      "depends": []
    },
    "versionCode": 0
  },
  "65a24838-bab2-44bf-a1f1-95f82215d519@6c48a": {
    "url": "db://assets/Sprites/Jugar_Btn_p.png@6c48a",
    "value": {
      "depends": [
        "65a24838-bab2-44bf-a1f1-95f82215d519"
      ]
    },
    "versionCode": 0
  },
  "6596ed30-d9a2-4e25-9414-e278050765eb": {
    "url": "db://assets/Sprites/LogoJuego.png",
    "value": {},
    "versionCode": 0
  },
  "6596ed30-d9a2-4e25-9414-e278050765eb@6c48a": {
    "url": "db://assets/Sprites/LogoJuego.png@6c48a",
    "value": {
      "depends": [
        "6596ed30-d9a2-4e25-9414-e278050765eb"
      ]
    },
    "versionCode": 0
  },
  "70395b64-f6b5-4aef-a988-11b87db450cf": {
    "url": "db://assets/Sprites/Salir_Btn.png",
    "value": {
      "depends": []
    },
    "versionCode": 0
  },
  "70395b64-f6b5-4aef-a988-11b87db450cf@6c48a": {
    "url": "db://assets/Sprites/Salir_Btn.png@6c48a",
    "value": {
      "depends": [
        "70395b64-f6b5-4aef-a988-11b87db450cf"
      ]
    },
    "versionCode": 0
  },
  "f427250b-15f6-41c3-a341-fc2a39d4970e": {
    "url": "db://assets/Sprites/Salir_Btn_h.png",
    "value": {
      "depends": []
    },
    "versionCode": 0
  },
  "f427250b-15f6-41c3-a341-fc2a39d4970e@6c48a": {
    "url": "db://assets/Sprites/Salir_Btn_h.png@6c48a",
    "value": {
      "depends": [
        "f427250b-15f6-41c3-a341-fc2a39d4970e"
      ]
    },
    "versionCode": 0
  },
  "0b01ea6d-8d19-4575-a860-09596c2c508c": {
    "url": "db://assets/Sprites/Can_04_inst.png",
    "value": {},
    "versionCode": 0
  },
  "0b01ea6d-8d19-4575-a860-09596c2c508c@6c48a": {
    "url": "db://assets/Sprites/Can_04_inst.png@6c48a",
    "value": {
      "depends": [
        "0b01ea6d-8d19-4575-a860-09596c2c508c"
      ]
    },
    "versionCode": 0
  },
  "0b01ea6d-8d19-4575-a860-09596c2c508c@f9941": {
    "url": "db://assets/Sprites/Can_04_inst.png@f9941",
    "value": {
      "depends": [
        "0b01ea6d-8d19-4575-a860-09596c2c508c@6c48a"
      ]
    },
    "versionCode": 0
  },
  "9bda19dc-79b0-4523-a414-2c77df8c44b8@f9941": {
    "url": "db://assets/Sprites/Inicio_Btn.png@f9941",
    "value": {
      "depends": [
        "9bda19dc-79b0-4523-a414-2c77df8c44b8@6c48a"
      ]
    },
    "versionCode": 0
  },
  "2efddc7b-8aca-4f17-bdec-41a3632f6710@f9941": {
    "url": "db://assets/Sprites/Inicio_Btn_p.png@f9941",
    "value": {
      "depends": [
        "2efddc7b-8aca-4f17-bdec-41a3632f6710@6c48a"
      ]
    },
    "versionCode": 0
  },
  "afe225ac-26b1-450d-b168-91bcf968b1a3@f9941": {
    "url": "db://assets/Sprites/Jugar_Btn.png@f9941",
    "value": {
      "depends": [
        "afe225ac-26b1-450d-b168-91bcf968b1a3@6c48a"
      ]
    },
    "versionCode": 0
  },
  "9029e9f8-6bd9-4648-b27b-a1a248d47737@f9941": {
    "url": "db://assets/Sprites/Inicio_Btn_h.png@f9941",
    "value": {
      "depends": [
        "9029e9f8-6bd9-4648-b27b-a1a248d47737@6c48a"
      ]
    },
    "versionCode": 0
  },
  "a735b384-832f-4730-8e03-eba1ff45f2f2@f9941": {
    "url": "db://assets/Sprites/Instrucciones.png@f9941",
    "value": {
      "depends": [
        "a735b384-832f-4730-8e03-eba1ff45f2f2@6c48a"
      ]
    },
    "versionCode": 0
  },
  "65a24838-bab2-44bf-a1f1-95f82215d519@f9941": {
    "url": "db://assets/Sprites/Jugar_Btn_p.png@f9941",
    "value": {
      "depends": [
        "65a24838-bab2-44bf-a1f1-95f82215d519@6c48a"
      ]
    },
    "versionCode": 0
  },
  "2db11029-438b-4513-9c15-a0c69455b092@f9941": {
    "url": "db://assets/Sprites/Jugar_Btn_h.png@f9941",
    "value": {
      "depends": [
        "2db11029-438b-4513-9c15-a0c69455b092@6c48a"
      ]
    },
    "versionCode": 0
  },
  "33a4eff9-c5b1-46d9-9e5d-9915d1bd1dcc@f9941": {
    "url": "db://assets/Sprites/Logo_C.png@f9941",
    "value": {
      "depends": [
        "33a4eff9-c5b1-46d9-9e5d-9915d1bd1dcc@6c48a"
      ]
    },
    "versionCode": 0
  },
  "6596ed30-d9a2-4e25-9414-e278050765eb@f9941": {
    "url": "db://assets/Sprites/LogoJuego.png@f9941",
    "value": {
      "depends": [
        "6596ed30-d9a2-4e25-9414-e278050765eb@6c48a"
      ]
    },
    "versionCode": 0
  },
  "1832e468-2c6e-4865-94eb-b507eedddc8a@f9941": {
    "url": "db://assets/Sprites/Salir_Btn_p.png@f9941",
    "value": {
      "depends": [
        "1832e468-2c6e-4865-94eb-b507eedddc8a@6c48a"
      ]
    },
    "versionCode": 0
  },
  "f427250b-15f6-41c3-a341-fc2a39d4970e@f9941": {
    "url": "db://assets/Sprites/Salir_Btn_h.png@f9941",
    "value": {
      "depends": [
        "f427250b-15f6-41c3-a341-fc2a39d4970e@6c48a"
      ]
    },
    "versionCode": 0
  },
  "70395b64-f6b5-4aef-a988-11b87db450cf@f9941": {
    "url": "db://assets/Sprites/Salir_Btn.png@f9941",
    "value": {
      "depends": [
        "70395b64-f6b5-4aef-a988-11b87db450cf@6c48a"
      ]
    },
    "versionCode": 0
  },
  "ed526dc4-de84-46dc-8e1a-24c842f9545a": {
    "url": "db://assets/Sprites/Can_04_gameover.png",
    "value": {
      "depends": []
    },
    "versionCode": 0
  },
  "ed526dc4-de84-46dc-8e1a-24c842f9545a@6c48a": {
    "url": "db://assets/Sprites/Can_04_gameover.png@6c48a",
    "value": {
      "depends": [
        "ed526dc4-de84-46dc-8e1a-24c842f9545a"
      ]
    },
    "versionCode": 0
  },
  "ed526dc4-de84-46dc-8e1a-24c842f9545a@f9941": {
    "url": "db://assets/Sprites/Can_04_gameover.png@f9941",
    "value": {
      "depends": [
        "ed526dc4-de84-46dc-8e1a-24c842f9545a@6c48a"
      ]
    },
    "versionCode": 0
  },
  "bd7af29a-c3ba-41f5-9e20-54f59b1247d3": {
    "url": "db://assets/Font",
    "value": {},
    "versionCode": 0
  },
  "22f37727-42ea-4e0c-9286-03b78063c303": {
    "url": "db://assets/Font/BlackHanSans-Regular.ttf",
    "value": {
      "depends": []
    },
    "versionCode": 0
  },
  "4e0e0f8f-e95c-4f53-9d82-2f090fdefaf4": {
    "url": "db://assets/Sprites/Felicidades.png",
    "value": {
      "depends": []
    },
    "versionCode": 0
  },
  "4e0e0f8f-e95c-4f53-9d82-2f090fdefaf4@6c48a": {
    "url": "db://assets/Sprites/Felicidades.png@6c48a",
    "value": {
      "depends": [
        "4e0e0f8f-e95c-4f53-9d82-2f090fdefaf4"
      ]
    },
    "versionCode": 0
  },
  "4e0e0f8f-e95c-4f53-9d82-2f090fdefaf4@f9941": {
    "url": "db://assets/Sprites/Felicidades.png@f9941",
    "value": {
      "depends": [
        "4e0e0f8f-e95c-4f53-9d82-2f090fdefaf4@6c48a"
      ]
    },
    "versionCode": 0
  },
  "b88dc904-49af-4fb0-a109-9f893f224245@f9941": {
    "url": "db://assets/Sprites/Can_marco.png@f9941",
    "value": {
      "depends": [
        "b88dc904-49af-4fb0-a109-9f893f224245@6c48a"
      ]
    },
    "versionCode": 0
  },
  "bf2a0981-27ad-48b2-9458-9a5f58323bf8": {
    "url": "db://assets/Sprites/zonadedo.png",
    "value": {
      "depends": []
    },
    "versionCode": 0
  },
  "bf2a0981-27ad-48b2-9458-9a5f58323bf8@6c48a": {
    "url": "db://assets/Sprites/zonadedo.png@6c48a",
    "value": {
      "depends": [
        "bf2a0981-27ad-48b2-9458-9a5f58323bf8"
      ]
    },
    "versionCode": 0
  },
  "bf2a0981-27ad-48b2-9458-9a5f58323bf8@f9941": {
    "url": "db://assets/Sprites/zonadedo.png@f9941",
    "value": {
      "depends": [
        "bf2a0981-27ad-48b2-9458-9a5f58323bf8@6c48a"
      ]
    },
    "versionCode": 0
  },
  "a128a08b-6161-419c-bcc8-9541d91bee71": {
    "url": "db://assets/Sprites/cursor02@4x.png",
    "value": {
      "depends": []
    },
    "versionCode": 0
  },
  "a128a08b-6161-419c-bcc8-9541d91bee71@6c48a": {
    "url": "db://assets/Sprites/cursor02@4x.png@6c48a",
    "value": {
      "depends": [
        "a128a08b-6161-419c-bcc8-9541d91bee71"
      ]
    },
    "versionCode": 0
  },
  "7a4fb193-25dc-4a72-b8df-272a475d3982": {
    "url": "db://assets/Sprites/cursor01@4x.png",
    "value": {
      "depends": []
    },
    "versionCode": 0
  },
  "7a4fb193-25dc-4a72-b8df-272a475d3982@6c48a": {
    "url": "db://assets/Sprites/cursor01@4x.png@6c48a",
    "value": {
      "depends": [
        "7a4fb193-25dc-4a72-b8df-272a475d3982"
      ]
    },
    "versionCode": 0
  },
  "a128a08b-6161-419c-bcc8-9541d91bee71@f9941": {
    "url": "db://assets/Sprites/cursor02@4x.png@f9941",
    "value": {
      "depends": [
        "a128a08b-6161-419c-bcc8-9541d91bee71@6c48a"
      ]
    },
    "versionCode": 0
  },
  "7a4fb193-25dc-4a72-b8df-272a475d3982@f9941": {
    "url": "db://assets/Sprites/cursor01@4x.png@f9941",
    "value": {
      "depends": [
        "7a4fb193-25dc-4a72-b8df-272a475d3982@6c48a"
      ]
    },
    "versionCode": 0
  },
  "b7f56bca-07bb-423c-8681-44530fe76466": {
    "url": "db://assets/Scripts/ReboundController.ts",
    "value": {},
    "versionCode": 0
  },
  "a2156fa9-8d68-4763-8e20-9a58bdf9f03e": {
    "url": "db://assets/Scripts/NewComponent.ts",
    "value": {},
    "versionCode": 0
  },
  "bff9ec70-3fc4-4aee-b5fc-5e58b3920399": {
    "url": "db://assets/Sprites/Guantes2@4x.png",
    "value": {
      "depends": []
    },
    "versionCode": 0
  },
  "bff9ec70-3fc4-4aee-b5fc-5e58b3920399@6c48a": {
    "url": "db://assets/Sprites/Guantes2@4x.png@6c48a",
    "value": {
      "depends": [
        "bff9ec70-3fc4-4aee-b5fc-5e58b3920399"
      ]
    },
    "versionCode": 0
  },
  "bff9ec70-3fc4-4aee-b5fc-5e58b3920399@f9941": {
    "url": "db://assets/Sprites/Guantes2@4x.png@f9941",
    "value": {
      "depends": [
        "bff9ec70-3fc4-4aee-b5fc-5e58b3920399@6c48a"
      ]
    },
    "versionCode": 0
  },
  "4040ac00-113f-4c70-b702-dabd16e934ba": {
    "url": "db://assets/Scripts/ButtonMessage.ts",
    "value": {},
    "versionCode": 0
  },
  "c0c18801-f7b0-40bd-a2d8-2e7bce3bd3a9": {
    "url": "db://assets/Sprites/fan-canoneros-normal.png",
    "value": {
      "depends": []
    },
    "versionCode": 0
  },
  "c0c18801-f7b0-40bd-a2d8-2e7bce3bd3a9@6c48a": {
    "url": "db://assets/Sprites/fan-canoneros-normal.png@6c48a",
    "value": {
      "depends": [
        "c0c18801-f7b0-40bd-a2d8-2e7bce3bd3a9"
      ]
    },
    "versionCode": 0
  },
  "362b09cc-95db-4c41-9501-3b707f7830c1": {
    "url": "db://assets/Sprites/fan-canoneros-invertido.png",
    "value": {
      "depends": []
    },
    "versionCode": 0
  },
  "362b09cc-95db-4c41-9501-3b707f7830c1@6c48a": {
    "url": "db://assets/Sprites/fan-canoneros-invertido.png@6c48a",
    "value": {
      "depends": [
        "362b09cc-95db-4c41-9501-3b707f7830c1"
      ]
    },
    "versionCode": 0
  },
  "362b09cc-95db-4c41-9501-3b707f7830c1@f9941": {
    "url": "db://assets/Sprites/fan-canoneros-invertido.png@f9941",
    "value": {
      "depends": [
        "362b09cc-95db-4c41-9501-3b707f7830c1@6c48a"
      ]
    },
    "versionCode": 0
  },
  "c0c18801-f7b0-40bd-a2d8-2e7bce3bd3a9@f9941": {
    "url": "db://assets/Sprites/fan-canoneros-normal.png@f9941",
    "value": {
      "depends": [
        "c0c18801-f7b0-40bd-a2d8-2e7bce3bd3a9@6c48a"
      ]
    },
    "versionCode": 0
  },
  "fb0f18ba-c14f-458c-9038-f70d2db932a5": {
    "url": "db://assets/Sprites/Can_01_inst.png",
    "value": {
      "depends": []
    },
    "versionCode": 0
  },
  "fb0f18ba-c14f-458c-9038-f70d2db932a5@6c48a": {
    "url": "db://assets/Sprites/Can_01_inst.png@6c48a",
    "value": {
      "depends": [
        "fb0f18ba-c14f-458c-9038-f70d2db932a5"
      ]
    },
    "versionCode": 0
  },
  "fb0f18ba-c14f-458c-9038-f70d2db932a5@f9941": {
    "url": "db://assets/Sprites/Can_01_inst.png@f9941",
    "value": {
      "depends": [
        "fb0f18ba-c14f-458c-9038-f70d2db932a5@6c48a"
      ]
    },
    "versionCode": 0
  },
  "3d092a01-12b7-45cc-ac5c-a8eac2f30f3c": {
    "url": "db://assets/Sprites/volver_h.png",
    "value": {
      "depends": []
    },
    "versionCode": 0
  },
  "3d092a01-12b7-45cc-ac5c-a8eac2f30f3c@6c48a": {
    "url": "db://assets/Sprites/volver_h.png@6c48a",
    "value": {
      "depends": [
        "3d092a01-12b7-45cc-ac5c-a8eac2f30f3c"
      ]
    },
    "versionCode": 0
  },
  "626d603d-c1a0-46ac-b6b7-5bbe00b15195": {
    "url": "db://assets/Sprites/volver_p.png",
    "value": {
      "depends": []
    },
    "versionCode": 0
  },
  "626d603d-c1a0-46ac-b6b7-5bbe00b15195@6c48a": {
    "url": "db://assets/Sprites/volver_p.png@6c48a",
    "value": {
      "depends": [
        "626d603d-c1a0-46ac-b6b7-5bbe00b15195"
      ]
    },
    "versionCode": 0
  },
  "b6c75ad7-de9f-47c4-8054-344926188938": {
    "url": "db://assets/Sprites/volver.png",
    "value": {
      "depends": []
    },
    "versionCode": 0
  },
  "b6c75ad7-de9f-47c4-8054-344926188938@6c48a": {
    "url": "db://assets/Sprites/volver.png@6c48a",
    "value": {
      "depends": [
        "b6c75ad7-de9f-47c4-8054-344926188938"
      ]
    },
    "versionCode": 0
  },
  "626d603d-c1a0-46ac-b6b7-5bbe00b15195@f9941": {
    "url": "db://assets/Sprites/volver_p.png@f9941",
    "value": {
      "depends": [
        "626d603d-c1a0-46ac-b6b7-5bbe00b15195@6c48a"
      ]
    },
    "versionCode": 0
  },
  "3d092a01-12b7-45cc-ac5c-a8eac2f30f3c@f9941": {
    "url": "db://assets/Sprites/volver_h.png@f9941",
    "value": {
      "depends": [
        "3d092a01-12b7-45cc-ac5c-a8eac2f30f3c@6c48a"
      ]
    },
    "versionCode": 0
  },
  "b6c75ad7-de9f-47c4-8054-344926188938@f9941": {
    "url": "db://assets/Sprites/volver.png@f9941",
    "value": {
      "depends": [
        "b6c75ad7-de9f-47c4-8054-344926188938@6c48a"
      ]
    },
    "versionCode": 0
  },
  "7756e3d1-3666-4122-83b1-a7ec393a360f": {
    "url": "db://assets/Sprites/back-Cañoneros.png",
    "value": {
      "depends": []
    },
    "versionCode": 0
  },
  "7756e3d1-3666-4122-83b1-a7ec393a360f@6c48a": {
    "url": "db://assets/Sprites/back-Cañoneros.png@6c48a",
    "value": {
      "depends": [
        "7756e3d1-3666-4122-83b1-a7ec393a360f"
      ]
    },
    "versionCode": 0
  },
  "e28f5d1f-74f6-4193-a15e-77c899654bf7": {
    "url": "db://assets/Sprites/Siguiente_Btn_h.png",
    "value": {
      "depends": []
    },
    "versionCode": 0
  },
  "e28f5d1f-74f6-4193-a15e-77c899654bf7@6c48a": {
    "url": "db://assets/Sprites/Siguiente_Btn_h.png@6c48a",
    "value": {
      "depends": [
        "e28f5d1f-74f6-4193-a15e-77c899654bf7"
      ]
    },
    "versionCode": 0
  },
  "88180892-58b5-445c-aaf0-3489eb95145f": {
    "url": "db://assets/Sprites/Next-Cañoneros.png",
    "value": {
      "depends": []
    },
    "versionCode": 0
  },
  "88180892-58b5-445c-aaf0-3489eb95145f@6c48a": {
    "url": "db://assets/Sprites/Next-Cañoneros.png@6c48a",
    "value": {
      "depends": [
        "88180892-58b5-445c-aaf0-3489eb95145f"
      ]
    },
    "versionCode": 0
  },
  "d3bb5c31-89df-4e30-834c-565e44c30bc1": {
    "url": "db://assets/Sprites/03InstLMB-01.png",
    "value": {
      "depends": []
    },
    "versionCode": 0
  },
  "d3bb5c31-89df-4e30-834c-565e44c30bc1@6c48a": {
    "url": "db://assets/Sprites/03InstLMB-01.png@6c48a",
    "value": {
      "depends": [
        "d3bb5c31-89df-4e30-834c-565e44c30bc1"
      ]
    },
    "versionCode": 0
  },
  "46245ea6-ae9c-4e2e-86cd-0ba94cdd28b3": {
    "url": "db://assets/Sprites/Siguiente_Btn_p.png",
    "value": {
      "depends": []
    },
    "versionCode": 0
  },
  "46245ea6-ae9c-4e2e-86cd-0ba94cdd28b3@6c48a": {
    "url": "db://assets/Sprites/Siguiente_Btn_p.png@6c48a",
    "value": {
      "depends": [
        "46245ea6-ae9c-4e2e-86cd-0ba94cdd28b3"
      ]
    },
    "versionCode": 0
  },
  "7b40fa80-530b-4c74-bb46-c1d86d5f05ad": {
    "url": "db://assets/Sprites/Siguiente_Btn.png",
    "value": {
      "depends": []
    },
    "versionCode": 0
  },
  "7b40fa80-530b-4c74-bb46-c1d86d5f05ad@6c48a": {
    "url": "db://assets/Sprites/Siguiente_Btn.png@6c48a",
    "value": {
      "depends": [
        "7b40fa80-530b-4c74-bb46-c1d86d5f05ad"
      ]
    },
    "versionCode": 0
  },
  "3759a60d-8310-4764-9f10-c124e7350348": {
    "url": "db://assets/Sprites/01InstLMB-01.png",
    "value": {
      "depends": []
    },
    "versionCode": 0
  },
  "3759a60d-8310-4764-9f10-c124e7350348@6c48a": {
    "url": "db://assets/Sprites/01InstLMB-01.png@6c48a",
    "value": {
      "depends": [
        "3759a60d-8310-4764-9f10-c124e7350348"
      ]
    },
    "versionCode": 0
  },
  "7576b17e-0687-475e-9551-80b4004e9879": {
    "url": "db://assets/Sprites/02InstLMB-01.png",
    "value": {},
    "versionCode": 0
  },
  "7576b17e-0687-475e-9551-80b4004e9879@6c48a": {
    "url": "db://assets/Sprites/02InstLMB-01.png@6c48a",
    "value": {
      "depends": [
        "7576b17e-0687-475e-9551-80b4004e9879"
      ]
    },
    "versionCode": 0
  },
  "d3bb5c31-89df-4e30-834c-565e44c30bc1@f9941": {
    "url": "db://assets/Sprites/03InstLMB-01.png@f9941",
    "value": {
      "depends": [
        "d3bb5c31-89df-4e30-834c-565e44c30bc1@6c48a"
      ]
    },
    "versionCode": 0
  },
  "3759a60d-8310-4764-9f10-c124e7350348@f9941": {
    "url": "db://assets/Sprites/01InstLMB-01.png@f9941",
    "value": {
      "depends": [
        "3759a60d-8310-4764-9f10-c124e7350348@6c48a"
      ]
    },
    "versionCode": 0
  },
  "7576b17e-0687-475e-9551-80b4004e9879@f9941": {
    "url": "db://assets/Sprites/02InstLMB-01.png@f9941",
    "value": {
      "depends": [
        "7576b17e-0687-475e-9551-80b4004e9879@6c48a"
      ]
    },
    "versionCode": 0
  },
  "88180892-58b5-445c-aaf0-3489eb95145f@f9941": {
    "url": "db://assets/Sprites/Next-Cañoneros.png@f9941",
    "value": {
      "depends": [
        "88180892-58b5-445c-aaf0-3489eb95145f@6c48a"
      ]
    },
    "versionCode": 0
  },
  "7756e3d1-3666-4122-83b1-a7ec393a360f@f9941": {
    "url": "db://assets/Sprites/back-Cañoneros.png@f9941",
    "value": {
      "depends": [
        "7756e3d1-3666-4122-83b1-a7ec393a360f@6c48a"
      ]
    },
    "versionCode": 0
  },
  "46245ea6-ae9c-4e2e-86cd-0ba94cdd28b3@f9941": {
    "url": "db://assets/Sprites/Siguiente_Btn_p.png@f9941",
    "value": {
      "depends": [
        "46245ea6-ae9c-4e2e-86cd-0ba94cdd28b3@6c48a"
      ]
    },
    "versionCode": 0
  },
  "e28f5d1f-74f6-4193-a15e-77c899654bf7@f9941": {
    "url": "db://assets/Sprites/Siguiente_Btn_h.png@f9941",
    "value": {
      "depends": [
        "e28f5d1f-74f6-4193-a15e-77c899654bf7@6c48a"
      ]
    },
    "versionCode": 0
  },
  "7b40fa80-530b-4c74-bb46-c1d86d5f05ad@f9941": {
    "url": "db://assets/Sprites/Siguiente_Btn.png@f9941",
    "value": {
      "depends": [
        "7b40fa80-530b-4c74-bb46-c1d86d5f05ad@6c48a"
      ]
    },
    "versionCode": 0
  },
  "e852f05d-a3d3-4fe1-80b9-6fb7aeab6204": {
    "url": "db://assets/Scripts/Instrucciones.ts",
    "value": {},
    "versionCode": 0
  },
  "e16501b8-fff7-4f30-86d7-3668084072df": {
    "url": "db://assets/Sprites/Can_04_inst01.png",
    "value": {
      "depends": []
    },
    "versionCode": 0
  },
  "e16501b8-fff7-4f30-86d7-3668084072df@6c48a": {
    "url": "db://assets/Sprites/Can_04_inst01.png@6c48a",
    "value": {
      "depends": [
        "e16501b8-fff7-4f30-86d7-3668084072df"
      ]
    },
    "versionCode": 0
  },
  "e16501b8-fff7-4f30-86d7-3668084072df@f9941": {
    "url": "db://assets/Sprites/Can_04_inst01.png@f9941",
    "value": {
      "depends": [
        "e16501b8-fff7-4f30-86d7-3668084072df@6c48a"
      ]
    },
    "versionCode": 0
  },
  "fa29dd18-9204-4e5d-a4f5-00505ae78b0a": {
    "url": "db://assets/Sprites/02InstLMB.png",
    "value": {},
    "versionCode": 0
  },
  "fa29dd18-9204-4e5d-a4f5-00505ae78b0a@6c48a": {
    "url": "db://assets/Sprites/02InstLMB.png@6c48a",
    "value": {
      "depends": [
        "fa29dd18-9204-4e5d-a4f5-00505ae78b0a"
      ]
    },
    "versionCode": 0
  },
  "a6bad435-4cdd-44e2-896f-08820bc00115": {
    "url": "db://assets/Sprites/02InstLMB-01.png",
    "value": {
      "depends": []
    },
    "versionCode": 0
  },
  "a6bad435-4cdd-44e2-896f-08820bc00115@6c48a": {
    "url": "db://assets/Sprites/02InstLMB-01.png@6c48a",
    "value": {
      "depends": [
        "a6bad435-4cdd-44e2-896f-08820bc00115"
      ]
    },
    "versionCode": 0
  },
  "a6bad435-4cdd-44e2-896f-08820bc00115@f9941": {
    "url": "db://assets/Sprites/02InstLMB-01.png@f9941",
    "value": {
      "depends": [
        "a6bad435-4cdd-44e2-896f-08820bc00115@6c48a"
      ]
    },
    "versionCode": 0
  },
  "3bef8453-f948-41b2-b0aa-6ec059b3b9f2": {
    "url": "db://assets/Sprites/Logo_juego.png",
    "value": {
      "depends": []
    },
    "versionCode": 0
  },
  "3bef8453-f948-41b2-b0aa-6ec059b3b9f2@6c48a": {
    "url": "db://assets/Sprites/Logo_juego.png@6c48a",
    "value": {
      "depends": [
        "3bef8453-f948-41b2-b0aa-6ec059b3b9f2"
      ]
    },
    "versionCode": 0
  },
  "3bef8453-f948-41b2-b0aa-6ec059b3b9f2@f9941": {
    "url": "db://assets/Sprites/Logo_juego.png@f9941",
    "value": {
      "depends": [
        "3bef8453-f948-41b2-b0aa-6ec059b3b9f2@6c48a"
      ]
    },
    "versionCode": 0
  }
}
