{
  "__type__": "cc.SpriteFrame",
  "content": {
    "name": "Chile",
    "atlas": "",
    "rect": {
      "x": 16,
      "y": 16,
      "width": 100,
      "height": 100
    },
    "offset": {
      "x": 0,
      "y": -8
    },
    "originalSize": {
      "width": 132,
      "height": 116
    },
    "rotated": false,
    "capInsets": [
      0,
      0,
      0,
      0
    ],
    "vertices": {
      "rawPosition": [
        -50,
        -50,
        0,
        50,
        -50,
        0,
        -50,
        50,
        0,
        50,
        50,
        0
      ],
      "indexes": [
        0,
        1,
        2,
        2,
        1,
        3
      ],
      "uv": [
        16,
        100,
        116,
        100,
        16,
        0,
        116,
        0
      ],
      "nuv": [
        0.12121212121212122,
        0,
        0.8787878787878788,
        0,
        0.12121212121212122,
        0.8620689655172413,
        0.8787878787878788,
        0.8620689655172413
      ],
      "minPos": {
        "x": -50,
        "y": -50,
        "z": 0
      },
      "maxPos": {
        "x": 50,
        "y": 50,
        "z": 0
      }
    },
    "texture": "89957d1c-20bc-4b0e-bbb5-9a2843f356d7@6c48a",
    "packable": true,
    "pixelsToUnit": 100,
    "pivot": {
      "x": 0.5,
      "y": 0.5
    },
    "meshType": 0
  }
}