{
  "__version__": "1.0.1",
  "builder": {
    "options": {
      "web-desktop": {
        "enableAdsense": false,
        "enableTestAd": false,
        "__version__": "1.0.1",
        "AFPHostPropertyCode": "ca-host-pub-5396158963872751",
        "AFPHostDomain": "douyougame.com",
        "otherAFPHostPropertyCode": "",
        "otherAFPDomain": ""
      },
      "web-mobile": {
        "enableAdsense": false,
        "enableTestAd": false,
        "__version__": "1.0.1",
        "AFPHostPropertyCode": "ca-host-pub-5396158963872751",
        "AFPHostDomain": "douyougame.com",
        "otherAFPHostPropertyCode": "",
        "otherAFPDomain": ""
      }
    },
    "taskOptionsMap": {
      "1737055707836": {
        "enableAdsense": false,
        "enableTestAd": false,
        "__version__": "1.0.1",
        "AFPHostPropertyCode": "ca-host-pub-5396158963872751",
        "AFPHostDomain": "douyougame.com",
        "otherAFPHostPropertyCode": "",
        "otherAFPDomain": ""
      },
      "1737055923461": {
        "enableAdsense": false,
        "enableTestAd": false,
        "__version__": "1.0.1",
        "AFPHostPropertyCode": "ca-host-pub-5396158963872751",
        "AFPHostDomain": "douyougame.com",
        "otherAFPHostPropertyCode": "",
        "otherAFPDomain": ""
      }
    },
    "__version__": "1.3.7"
  }
}
