{
  "__version__": "1.3.7",
  "log": {
    "level": 4
  },
  "common": {
    "polyfills": {
      "asyncFunctions": true,
      "coreJs": true
    },
    "name": "Batazo-Venados",
    "buildPath": "project://build",
    "outputName": "Batazo-Venados",
    "mainBundleCompressionType": "merge_all_json",
    "platform": "web-mobile"
  },
  "BuildTaskManager": {
    "taskMap": {
      "1737055923461": {
        "type": "build",
        "id": "1737055923461",
        "progress": 1,
        "state": "success",
        "stage": "build",
        "message": "16-10-2025 18:08:30 build success in 13 s!",
        "options": {
          "name": "Batazo-Venados",
          "server": "",
          "platform": "web-mobile",
          "buildPath": "project://build",
          "debug": false,
          "md5Cache": false,
          "skipCompressTexture": false,
          "sourceMaps": false,
          "polyfills": {
            "asyncFunctions": true,
            "coreJs": true
          },
          "experimentalEraseModules": false,
          "startSceneAssetBundle": false,
          "bundleConfigs": [],
          "useBuiltinServer": false,
          "mainBundleIsRemote": false,
          "mainBundleCompressionType": "merge_all_json",
          "useSplashScreen": true,
          "bundleCommonChunk": false,
          "packAutoAtlas": true,
          "startScene": "8ba13a23-e66e-410b-9173-269a2817cc21",
          "outputName": "Batazo-Venados",
          "taskName": "web-mobile",
          "scenes": [
            {
              "url": "db://assets/Scene/Inicio.scene",
              "uuid": "8ba13a23-e66e-410b-9173-269a2817cc21"
            },
            {
              "url": "db://assets/Scene/Instrucciones.scene",
              "uuid": "ef6ce344-9081-4b58-9742-85b94be0e571"
            },
            {
              "url": "db://assets/Scene/Juego.scene",
              "uuid": "2c65efd0-30a0-45d2-b8cf-17f8289eb3a7"
            }
          ],
          "packages": {},
          "__version__": "1.3.7",
          "buildMode": "normal",
          "logDest": "project://temp/builder/log/web-mobile16-1-2025 13-32.log"
        },
        "time": "16-10-2025 18:08:16",
        "dirty": false
      }
    }
  }
}
