{
  "__version__": "1.3.9",
  "log": {
    "level": 4
  },
  "common": {
    "polyfills": {
      "asyncFunctions": true,
      "coreJs": true
    },
    "name": "Batazo-Venados",
    "buildPath": "project://build",
    "outputName": "Batazo-Venados",
    "mainBundleCompressionType": "merge_all_json",
    "platform": "web-mobile"
  },
  "BuildTaskManager": {
    "taskMap": {
      "1737055923461": {
        "type": "build",
        "id": "1737055923461",
        "progress": 1,
        "state": "success",
        "stage": "build",
        "message": "5-2-2026 14:46:16 build success in 15 s!",
        "detailMessage": "// ---- build task cocos-service：onAfterCompressSettings ----\r",
        "options": {
          "name": "Batazo-Venados",
          "server": "",
          "platform": "web-mobile",
          "buildPath": "project://build",
          "debug": false,
          "md5Cache": false,
          "skipCompressTexture": false,
          "sourceMaps": false,
          "polyfills": {
            "asyncFunctions": true,
            "coreJs": true
          },
          "experimentalEraseModules": false,
          "startSceneAssetBundle": false,
          "bundleConfigs": [],
          "useBuiltinServer": false,
          "mainBundleIsRemote": false,
          "mainBundleCompressionType": "merge_all_json",
          "useSplashScreen": true,
          "bundleCommonChunk": false,
          "packAutoAtlas": true,
          "startScene": "8ba13a23-e66e-410b-9173-269a2817cc21",
          "outputName": "Batazo-Venados",
          "taskName": "web-mobile",
          "scenes": [
            {
              "url": "db://assets/Scene/Inicio.scene",
              "uuid": "8ba13a23-e66e-410b-9173-269a2817cc21"
            },
            {
              "url": "db://assets/Scene/Instrucciones.scene",
              "uuid": "ef6ce344-9081-4b58-9742-85b94be0e571"
            },
            {
              "url": "db://assets/Scene/Juego.scene",
              "uuid": "2c65efd0-30a0-45d2-b8cf-17f8289eb3a7"
            }
          ],
          "packages": {},
          "__version__": "1.3.7",
          "buildMode": "normal",
          "logDest": "project://temp/builder/log/web-mobile16-1-2025 13-32.log",
          "overwriteProjectSettings": {
            "includeModules": {
              "physics": "inherit-project-setting",
              "physics-2d": "inherit-project-setting",
              "gfx-webgl2": "inherit-project-setting"
            },
            "macroConfig": {
              "cleanupImageCache": "on"
            }
          },
          "engineModulesConfigKey": "migrationsConfig",
          "mangleProperties": false,
          "nativeCodeBundleMode": "both",
          "inlineEnum": true,
          "md5CacheOptions": {
            "excludes": [],
            "includes": [],
            "replaceOnly": [],
            "handleTemplateMd5Link": true
          },
          "wasmCompressionMode": false,
          "binGroupConfig": {
            "threshold": 16,
            "enable": false
          }
        },
        "time": "5-2-2026 14:46:00",
        "dirty": false
      }
    }
  }
}
