{
  "__version__": "3.0.9",
  "builder": {
    "options": {
      "web-desktop": {
        "configID": "ca8edd",
        "services": []
      },
      "web-mobile": {
        "configID": "ca8edd",
        "services": []
      }
    },
    "taskOptionsMap": {
      "1737055707836": {
        "configID": "ca8edd",
        "services": []
      },
      "1737055923461": {
        "configID": "ca8edd",
        "services": []
      }
    },
    "__version__": "1.3.9"
  },
  "builder-options": {
    "configID": "ca8edd",
    "services": []
  }
}
