{
  "gizmos-infos": {
    "is2D": true,
    "is3DIcon": false,
    "iconSize": 2,
    "gridVisible": true,
    "originAxis2D": {
      "x_visible": true,
      "y_visible": true,
      "z_visible": false
    },
    "originAxis3D": {
      "x_visible": true,
      "y_visible": false,
      "z_visible": true
    },
    "gridColor": [
      166,
      166,
      166,
      255
    ],
    "transformToolName": "position",
    "pivot": "center",
    "coordinate": "global",
    "toolsVisibility3d": true
  },
  "__version__": "1.0.3",
  "builder": {
    "taskOptionsMap": {},
    "__version__": "1.3.9"
  },
  "snap-configs": {
    "position": {
      "x": 1,
      "y": 1,
      "z": 1
    },
    "rotation": 1,
    "scale": 1,
    "isPositionSnapEnabled": false,
    "isRotationSnapEnabled": false,
    "isScaleSnapEnabled": false
  },
  "rect-snap-configs": {
    "enableSnapping": true,
    "snapThreshold": 4
  },
  "camera-infos": {
    "c77ecaa8-c936-46c4-a5b0-98692673ed87": {
      "position": {
        "x": 268.39666666666665,
        "y": 403.7366666666667,
        "z": 5000
      },
      "rotation": {
        "x": 0,
        "y": 0,
        "z": 0,
        "w": 1
      },
      "viewCenter": {
        "x": 0,
        "y": 0,
        "z": 0
      },
      "contentRect": {
        "x": 0,
        "y": 0,
        "width": 406,
        "height": 609
      },
      "scale": 0.9759615384615384
    },
    "ef6ce344-9081-4b58-9742-85b94be0e571": {
      "position": {
        "x": -431.84502451543085,
        "y": -65.36762015176055,
        "z": 5000
      },
      "rotation": {
        "x": 0,
        "y": 0,
        "z": 0,
        "w": 1
      },
      "viewCenter": {
        "x": 0,
        "y": 0,
        "z": 0
      },
      "contentRect": {
        "x": -809.7667833094557,
        "y": -215.8471046563721,
        "width": 329,
        "height": 131
      },
      "scale": 0.43527528164806195
    },
    "2c65efd0-30a0-45d2-b8cf-17f8289eb3a7": {
      "position": {
        "x": 376.47292537498925,
        "y": 622.7424804746843,
        "z": 5000
      },
      "rotation": {
        "x": 0,
        "y": 0,
        "z": 0,
        "w": 1
      },
      "viewCenter": {
        "x": 0,
        "y": 0,
        "z": 0
      },
      "contentRect": {
        "x": -347.40621178077294,
        "y": 3.134022355209267,
        "width": 637,
        "height": 618
      },
      "scale": 0.4987020366665452
    },
    "8ba13a23-e66e-410b-9173-269a2817cc21": {
      "position": {
        "x": 398.2595024088092,
        "y": 542.9386726480132,
        "z": 5000
      },
      "rotation": {
        "x": 0,
        "y": 0,
        "z": 0,
        "w": 1
      },
      "viewCenter": {
        "x": 0,
        "y": 0,
        "z": 0
      },
      "contentRect": {
        "x": -145.48291919114016,
        "y": 15.414627830479832,
        "width": 637,
        "height": 618
      },
      "scale": 0.5857552902766372
    }
  },
  "camera-uuids": [
    "c77ecaa8-c936-46c4-a5b0-98692673ed87",
    "ef6ce344-9081-4b58-9742-85b94be0e571",
    "2c65efd0-30a0-45d2-b8cf-17f8289eb3a7",
    "8ba13a23-e66e-410b-9173-269a2817cc21"
  ],
  "camera": {
    "color": [
      48,
      48,
      48,
      255
    ],
    "fov": 45,
    "far": 10000,
    "near": 0.01,
    "wheelSpeed": 0.01,
    "wanderSpeed": 10,
    "enableAcceleration": true,
    "size": "__default_design__",
    "far2D": 10000,
    "near2D": 1,
    "wheelSpeed2D": 6,
    "iso": 0,
    "aperture": 19,
    "shutter": 7
  },
  "scene_view": {
    "isSceneLightOn": true,
    "output_device": "__default_design__"
  },
  "game-view": {
    "scaleValue": 65,
    "sliderValue": 31
  },
  "float-window": {
    "position": {
      "cc": {
        "Camera": {
          "dock": false,
          "top": null,
          "bottom": 10,
          "left": null,
          "right": 10
        }
      }
    }
  }
}
