{
  "gizmos-infos": {
    "is2D": true,
    "is3DIcon": false,
    "iconSize": 2,
    "gridVisible": true,
    "gridColor": [
      166,
      166,
      166,
      255
    ],
    "transformToolName": "position",
    "pivot": "center",
    "coordinate": "global",
    "toolsVisibility3d": true
  },
  "__version__": "1.0.0",
  "builder": {
    "taskOptionsMap": {},
    "__version__": "1.3.7"
  },
  "snap-configs": {
    "position": {
      "x": 1,
      "y": 1,
      "z": 1
    },
    "rotation": 1,
    "scale": 1,
    "isPositionSnapEnabled": false,
    "isRotationSnapEnabled": false,
    "isScaleSnapEnabled": false
  },
  "rect-snap-configs": {
    "enableSnapping": true,
    "snapThreshold": 4
  },
  "camera-infos": {
    "c77ecaa8-c936-46c4-a5b0-98692673ed87": {
      "position": {
        "x": 268.39666666666665,
        "y": 403.7366666666667,
        "z": 5000
      },
      "rotation": {
        "x": 0,
        "y": 0,
        "z": 0,
        "w": 1
      },
      "viewCenter": {
        "x": 0,
        "y": 0,
        "z": 0
      },
      "contentRect": {
        "x": 0,
        "y": 0,
        "width": 406,
        "height": 609
      },
      "scale": 0.9759615384615384
    },
    "8ba13a23-e66e-410b-9173-269a2817cc21": {
      "position": {
        "x": 575.1140377326191,
        "y": 701.0969067577001,
        "z": 5000
      },
      "rotation": {
        "x": 0,
        "y": 0,
        "z": 0,
        "w": 1
      },
      "viewCenter": {
        "x": 0,
        "y": 0,
        "z": 0
      },
      "contentRect": {
        "x": -330.6513340464901,
        "y": 99.64005909410194,
        "width": 996.9404761904761,
        "height": 662
      },
      "scale": 0.5503304206873577
    },
    "ef6ce344-9081-4b58-9742-85b94be0e571": {
      "position": {
        "x": 335.41710172050534,
        "y": 544.5912063516653,
        "z": 5000
      },
      "rotation": {
        "x": 0,
        "y": 0,
        "z": 0,
        "w": 1
      },
      "viewCenter": {
        "x": 0,
        "y": 0,
        "z": 0
      },
      "contentRect": {
        "x": -809.7667833094557,
        "y": -215.8471046563721,
        "width": 329,
        "height": 131
      },
      "scale": 0.43527528164806195
    },
    "2c65efd0-30a0-45d2-b8cf-17f8289eb3a7": {
      "position": {
        "x": 273.4603633626774,
        "y": 391.1884505255999,
        "z": 5000
      },
      "rotation": {
        "x": 0,
        "y": 0,
        "z": 0,
        "w": 1
      },
      "viewCenter": {
        "x": 0,
        "y": 0,
        "z": 0
      },
      "contentRect": {
        "x": 195.241028361135,
        "y": 317.19718768630304,
        "width": 74,
        "height": 70
      },
      "scale": 0.4730288233627962
    }
  },
  "camera-uuids": [
    "c77ecaa8-c936-46c4-a5b0-98692673ed87",
    "8ba13a23-e66e-410b-9173-269a2817cc21",
    "ef6ce344-9081-4b58-9742-85b94be0e571",
    "2c65efd0-30a0-45d2-b8cf-17f8289eb3a7"
  ],
  "camera": {
    "color": [
      48,
      48,
      48,
      255
    ],
    "fov": 45,
    "far": 10000,
    "near": 0.01,
    "wheelSpeed": 0.01,
    "wanderSpeed": 10,
    "enableAcceleration": true,
    "size": "__default_design__",
    "far2D": 10000,
    "near2D": 1,
    "wheelSpeed2D": 6,
    "iso": 0,
    "aperture": 19,
    "shutter": 7
  },
  "scene_view": {
    "isSceneLightOn": true,
    "output_device": "__default_design__"
  },
  "game-view": {
    "scaleValue": 65,
    "sliderValue": 31
  },
  "float-window": {
    "position": {
      "cc": {
        "Camera": {
          "dock": false,
          "top": null,
          "bottom": 10,
          "left": null,
          "right": 10
        }
      }
    }
  }
}
