{
  "__version__": "1.0.1",
  "builder": {
    "common": {
      "polyfills": {
        "asyncFunctions": true
      },
      "name": "Baseball_Diablos"
    },
    "options": {
      "web-desktop": {
        "resolution": {
          "designWidth": 640,
          "designHeight": 960
        },
        "cullEngineAsmJsModule": false,
        "__version__": "1.0.1"
      }
    },
    "taskOptionsMap": {
      "1737055707836": {
        "resolution": {
          "designWidth": 640,
          "designHeight": 960
        },
        "cullEngineAsmJsModule": false,
        "__version__": "1.0.1"
      }
    },
    "__version__": "1.3.7"
  }
}
