{
  "__version__": "1.0.1",
  "builder": {
    "common": {
      "polyfills": {
        "asyncFunctions": true,
        "coreJs": true
      },
      "buildPath": "project://build",
      "outputName": "Batazo-Venados",
      "mainBundleCompressionType": "merge_all_json",
      "platform": "web-mobile",
      "name": "Batazo-Venados"
    },
    "options": {
      "web-mobile": {
        "orientation": "portrait",
        "embedWebDebugger": false,
        "cullEngineAsmJsModule": false,
        "__version__": "1.0.1"
      }
    },
    "taskOptionsMap": {
      "1737055923461": {
        "orientation": "portrait",
        "embedWebDebugger": false,
        "cullEngineAsmJsModule": false,
        "__version__": "1.0.1"
      }
    },
    "__version__": "1.3.7"
  }
}
