{
  "__type__": "cc.SpriteFrame",
  "content": {
    "name": "Argentina",
    "atlas": "",
    "rect": {
      "x": 16,
      "y": 16,
      "width": 100,
      "height": 101
    },
    "offset": {
      "x": 0,
      "y": 0
    },
    "originalSize": {
      "width": 132,
      "height": 133
    },
    "rotated": false,
    "capInsets": [
      0,
      0,
      0,
      0
    ],
    "vertices": {
      "rawPosition": [
        -50,
        -50.5,
        0,
        50,
        -50.5,
        0,
        -50,
        50.5,
        0,
        50,
        50.5,
        0
      ],
      "indexes": [
        0,
        1,
        2,
        2,
        1,
        3
      ],
      "uv": [
        16,
        117,
        116,
        117,
        16,
        16,
        116,
        16
      ],
      "nuv": [
        0.12121212121212122,
        0.12030075187969924,
        0.8787878787878788,
        0.12030075187969924,
        0.12121212121212122,
        0.8796992481203008,
        0.8787878787878788,
        0.8796992481203008
      ],
      "minPos": {
        "x": -50,
        "y": -50.5,
        "z": 0
      },
      "maxPos": {
        "x": 50,
        "y": 50.5,
        "z": 0
      }
    },
    "texture": "25dae62d-370f-4f37-bd65-5b719a11b636@6c48a",
    "packable": true,
    "pixelsToUnit": 100,
    "pivot": {
      "x": 0.5,
      "y": 0.5
    },
    "meshType": 0
  }
}