[1,["15397e933@6c48a"],["_textureSource"],["cc.SpriteFrame"],0,[[[{"name":"bat8","rect":{"x":3,"y":3,"width":1024,"height":1024},"offset":{"x":0,"y":0},"originalSize":{"width":1024,"height":1024},"rotated":false,"capInsets":[0,0,0,0],"packable":true,"pixelsToUnit":100,"pivot":{"x":0.5,"y":0.5},"meshType":0}],[0],0,[0],[0],[0]],[[{"name":"bat5","rect":{"x":1033,"y":3,"width":1024,"height":1024},"offset":{"x":0,"y":0},"originalSize":{"width":1024,"height":1024},"rotated":false,"capInsets":[0,0,0,0],"packable":true,"pixelsToUnit":100,"pivot":{"x":0.5,"y":0.5},"meshType":0}],[0],0,[0],[0],[0]]]]
