[
  {
    "__type__": "cc.AnimationClip",
    "_name": "Diablos",
    "_objFlags": 0,
    "__editorExtras__": {
      "embeddedPlayerGroups": []
    },
    "_native": "",
    "sample": 60,
    "speed": 1,
    "wrapMode": 1,
    "enableTrsBlending": false,
    "_duration": 1,
    "_hash": 500763545,
    "_tracks": [
      {
        "__id__": 1
      }
    ],
    "_exoticAnimation": null,
    "_events": [],
    "_embeddedPlayers": [],
    "_additiveSettings": {
      "__id__": 12
    },
    "_auxiliaryCurveEntries": []
  },
  {
    "__type__": "cc.animation.ColorTrack",
    "_binding": {
      "__type__": "cc.animation.TrackBinding",
      "path": {
        "__id__": 2
      },
      "proxy": null
    },
    "_channels": [
      {
        "__id__": 4
      },
      {
        "__id__": 6
      },
      {
        "__id__": 8
      },
      {
        "__id__": 10
      }
    ]
  },
  {
    "__type__": "cc.animation.TrackPath",
    "_paths": [
      {
        "__id__": 3
      },
      "color"
    ]
  },
  {
    "__type__": "cc.animation.ComponentPath",
    "component": "cc.Sprite"
  },
  {
    "__type__": "cc.animation.Channel",
    "_curve": {
      "__id__": 5
    }
  },
  {
    "__type__": "cc.RealCurve",
    "_times": [
      0,
      1
    ],
    "_values": [
      {
        "__type__": "cc.RealKeyframeValue",
        "interpolationMode": 0,
        "tangentWeightMode": 0,
        "value": 255,
        "rightTangent": 0,
        "rightTangentWeight": 1,
        "leftTangent": 0,
        "leftTangentWeight": 1,
        "easingMethod": 0,
        "__editorExtras__": {
          "tangentMode": 0
        }
      },
      {
        "__type__": "cc.RealKeyframeValue",
        "interpolationMode": 0,
        "tangentWeightMode": 0,
        "value": 255,
        "rightTangent": 0,
        "rightTangentWeight": 1,
        "leftTangent": 0,
        "leftTangentWeight": 1,
        "easingMethod": 0,
        "__editorExtras__": {
          "tangentMode": 0
        }
      }
    ],
    "preExtrapolation": 1,
    "postExtrapolation": 1
  },
  {
    "__type__": "cc.animation.Channel",
    "_curve": {
      "__id__": 7
    }
  },
  {
    "__type__": "cc.RealCurve",
    "_times": [
      0,
      1
    ],
    "_values": [
      {
        "__type__": "cc.RealKeyframeValue",
        "interpolationMode": 0,
        "tangentWeightMode": 0,
        "value": 255,
        "rightTangent": 0,
        "rightTangentWeight": 1,
        "leftTangent": 0,
        "leftTangentWeight": 1,
        "easingMethod": 0,
        "__editorExtras__": {
          "tangentMode": 0
        }
      },
      {
        "__type__": "cc.RealKeyframeValue",
        "interpolationMode": 0,
        "tangentWeightMode": 0,
        "value": 255,
        "rightTangent": 0,
        "rightTangentWeight": 1,
        "leftTangent": 0,
        "leftTangentWeight": 1,
        "easingMethod": 0,
        "__editorExtras__": {
          "tangentMode": 0
        }
      }
    ],
    "preExtrapolation": 1,
    "postExtrapolation": 1
  },
  {
    "__type__": "cc.animation.Channel",
    "_curve": {
      "__id__": 9
    }
  },
  {
    "__type__": "cc.RealCurve",
    "_times": [
      0,
      1
    ],
    "_values": [
      {
        "__type__": "cc.RealKeyframeValue",
        "interpolationMode": 0,
        "tangentWeightMode": 0,
        "value": 255,
        "rightTangent": 0,
        "rightTangentWeight": 1,
        "leftTangent": 0,
        "leftTangentWeight": 1,
        "easingMethod": 0,
        "__editorExtras__": {
          "tangentMode": 0
        }
      },
      {
        "__type__": "cc.RealKeyframeValue",
        "interpolationMode": 0,
        "tangentWeightMode": 0,
        "value": 255,
        "rightTangent": 0,
        "rightTangentWeight": 1,
        "leftTangent": 0,
        "leftTangentWeight": 1,
        "easingMethod": 0,
        "__editorExtras__": {
          "tangentMode": 0
        }
      }
    ],
    "preExtrapolation": 1,
    "postExtrapolation": 1
  },
  {
    "__type__": "cc.animation.Channel",
    "_curve": {
      "__id__": 11
    }
  },
  {
    "__type__": "cc.RealCurve",
    "_times": [
      0,
      1
    ],
    "_values": [
      {
        "__type__": "cc.RealKeyframeValue",
        "interpolationMode": 0,
        "tangentWeightMode": 0,
        "value": 255,
        "rightTangent": 0,
        "rightTangentWeight": 1,
        "leftTangent": 0,
        "leftTangentWeight": 1,
        "easingMethod": 0,
        "__editorExtras__": {
          "tangentMode": 0
        }
      },
      {
        "__type__": "cc.RealKeyframeValue",
        "interpolationMode": 0,
        "tangentWeightMode": 0,
        "value": 0,
        "rightTangent": 0,
        "rightTangentWeight": 1,
        "leftTangent": 0,
        "leftTangentWeight": 1,
        "easingMethod": 0,
        "__editorExtras__": {
          "tangentMode": 0
        }
      }
    ],
    "preExtrapolation": 1,
    "postExtrapolation": 1
  },
  {
    "__type__": "cc.AnimationClipAdditiveSettings",
    "enabled": false,
    "refClip": null
  }
]