[1,["7dvmSiGsFM45R7fPQMHN5N@f9941","abGyveDtZEqJuGTPVFPfsG","7dvmSiGsFM45R7fPQMHN5N@6c48a"],["node","root","data","_spriteFrame","miniLabelPrefab","_textureSource"],[["cc.Node",["_name","_layer","_components","_prefab","_lpos","_lscale","_lrot","_euler"],1,9,4,5,5,5,5],["cc.UITransform",["node","__prefab","_contentSize","_anchorPoint"],3,1,4,5,5],"cc.SpriteFrame",["cc.Prefab",["_name"],2],["cc.CompPrefabInfo",["fileId"],2],["cc.Sprite",["node","__prefab","_spriteFrame"],3,1,4,6],["cc.CircleCollider2D",["_radius","node","__prefab"],2,1,4],["cc.RigidBody2D",["enabledContactListener","node","__prefab"],2,1,4],["f07d4Xt4fdB9YKwqtM50llZ",["node","__prefab","miniLabelPrefab"],3,1,4,6],["cc.PrefabInfo",["fileId","instance","targetOverrides","nestedPrefabInstanceRoots","root","asset"],-1,1,1],["cc.Label",["_string","_actualFontSize","_fontSize","_lineHeight","_isBold","_enableOutline","_outlineWidth","node","__prefab","_color","_outlineColor"],-4,1,4,5,5],["78d31q5ptlAmIT70YkgRTYS",["node","__prefab"],3,1,4]],[[4,0,2],[3,0,2],[9,0,1,2,3,4,5,5],[0,0,1,2,3,4,5,3],[0,0,1,2,3,4,6,7,3],[1,0,1,1],[1,0,1,2,3,1],[5,0,1,2,1],[6,0,1,2,2],[7,0,1,2,2],[8,0,1,2,1],[10,0,1,2,3,4,5,6,7,8,9,10,8],[11,0,1,1]],[[[[1,"bally"],[3,"bally",33554432,[[5,-2,[0,"a8nyuDfg9O1J9T6bsaxSA6"]],[7,-3,[0,"e9NZYcB1tL5IjR3K4FTZy8"],0],[8,50,-4,[0,"10Vnh1+ttIWIl+RmYdUdpE"]],[9,true,-5,[0,"8b1bCnNhNIUJdlGNPKBByN"]],[10,-6,[0,"d6oqcM2ERL9IROka5nALeA"],1]],[2,"afJY92SwhAI7LmydGo+lrc",null,null,null,-1,0],[1,-74,278.57,0],[1,0.5,0.5,0.5]]],0,[0,1,1,0,0,1,0,0,1,0,0,1,0,0,1,0,0,1,0,2,1,6],[0,0],[3,4],[0,1]],[[{"name":"ball","rect":{"x":0,"y":0,"width":100,"height":100},"offset":{"x":0,"y":0},"originalSize":{"width":100,"height":100},"rotated":false,"capInsets":[0,0,0,0],"vertices":{"rawPosition":[-50,-50,0,50,-50,0,-50,50,0,50,50,0],"indexes":[0,1,2,2,1,3],"uv":[0,100,100,100,0,0,100,0],"nuv":[0,0,1,0,0,1,1,1],"minPos":{"x":-50,"y":-50,"z":0},"maxPos":{"x":50,"y":50,"z":0}},"packable":true,"pixelsToUnit":100,"pivot":{"x":0.5,"y":0.5},"meshType":0}],[2],0,[0],[5],[2]],[[[1,"Minilabel"],[4,"Minilabel",33554432,[[6,-2,[0,"c28I2cpgxDj4Sw6sdbqJuM"],[5,100.4109375,110],[0,0.5,0]],[11,"+4",100,80,80,true,true,4.6,-3,[0,"c5HOhQvdpDupolyhKz47o4"],[4,4278190335],[4,4294967295]],[12,-4,[0,"caDU6oBC9A+o3NB0BL1qiG"]]],[2,"denmdxN3NOE4IFdnhMXu0J",null,null,null,-1,0],[1,4.286,128.572,0],[3,0,0.052335956242943835,0,0.9986295347545738],[1,0,6,0]]],0,[0,1,1,0,0,1,0,0,1,0,0,1,0,2,1,4],[],[],[]]]]
