{
  "__type__": "cc.SpriteFrame",
  "content": {
    "name": "Bat",
    "atlas": "",
    "rect": {
      "x": 0,
      "y": 0,
      "width": 210,
      "height": 267
    },
    "offset": {
      "x": 0,
      "y": 0
    },
    "originalSize": {
      "width": 210,
      "height": 267
    },
    "rotated": false,
    "capInsets": [
      0,
      0,
      0,
      0
    ],
    "vertices": {
      "rawPosition": [
        -105,
        -133.5,
        0,
        105,
        -133.5,
        0,
        -105,
        133.5,
        0,
        105,
        133.5,
        0
      ],
      "indexes": [
        0,
        1,
        2,
        2,
        1,
        3
      ],
      "uv": [
        0,
        267,
        210,
        267,
        0,
        0,
        210,
        0
      ],
      "nuv": [
        0,
        0,
        1,
        0,
        0,
        1,
        1,
        1
      ],
      "minPos": {
        "x": -105,
        "y": -133.5,
        "z": 0
      },
      "maxPos": {
        "x": 105,
        "y": 133.5,
        "z": 0
      }
    },
    "texture": "495b382e-e089-4828-94dc-7e6685925cca@6c48a",
    "packable": true,
    "pixelsToUnit": 100,
    "pivot": {
      "x": 0.5,
      "y": 0.5
    },
    "meshType": 0
  }
}