{
  "__type__": "cc.SpriteFrame",
  "content": {
    "name": "cursor",
    "atlas": "",
    "rect": {
      "x": 0,
      "y": 0,
      "width": 74,
      "height": 70
    },
    "offset": {
      "x": 0,
      "y": 0
    },
    "originalSize": {
      "width": 74,
      "height": 70
    },
    "rotated": false,
    "capInsets": [
      0,
      0,
      0,
      0
    ],
    "vertices": {
      "rawPosition": [
        -37,
        -35,
        0,
        37,
        -35,
        0,
        -37,
        35,
        0,
        37,
        35,
        0
      ],
      "indexes": [
        0,
        1,
        2,
        2,
        1,
        3
      ],
      "uv": [
        0,
        70,
        74,
        70,
        0,
        0,
        74,
        0
      ],
      "nuv": [
        0,
        0,
        1,
        0,
        0,
        1,
        1,
        1
      ],
      "minPos": {
        "x": -37,
        "y": -35,
        "z": 0
      },
      "maxPos": {
        "x": 37,
        "y": 35,
        "z": 0
      }
    },
    "texture": "b7e3593a-31ea-4619-a99e-1ff2cc903210@6c48a",
    "packable": true,
    "pixelsToUnit": 100,
    "pivot": {
      "x": 0.5,
      "y": 0.5
    },
    "meshType": 0
  }
}