{
  "__type__": "cc.SpriteFrame",
  "content": {
    "name": "fan-canoneros-invertido",
    "atlas": "",
    "rect": {
      "x": 0,
      "y": 0,
      "width": 675,
      "height": 105
    },
    "offset": {
      "x": 0,
      "y": 0
    },
    "originalSize": {
      "width": 675,
      "height": 105
    },
    "rotated": false,
    "capInsets": [
      0,
      0,
      0,
      0
    ],
    "vertices": {
      "rawPosition": [
        -337.5,
        -52.5,
        0,
        337.5,
        -52.5,
        0,
        -337.5,
        52.5,
        0,
        337.5,
        52.5,
        0
      ],
      "indexes": [
        0,
        1,
        2,
        2,
        1,
        3
      ],
      "uv": [
        0,
        105,
        675,
        105,
        0,
        0,
        675,
        0
      ],
      "nuv": [
        0,
        0,
        1,
        0,
        0,
        1,
        1,
        1
      ],
      "minPos": {
        "x": -337.5,
        "y": -52.5,
        "z": 0
      },
      "maxPos": {
        "x": 337.5,
        "y": 52.5,
        "z": 0
      }
    },
    "texture": "362b09cc-95db-4c41-9501-3b707f7830c1@6c48a",
    "packable": true,
    "pixelsToUnit": 100,
    "pivot": {
      "x": 0.5,
      "y": 0.5
    },
    "meshType": 0
  }
}