{
  "__version__": "1.3.7",
  "log": {
    "level": 4
  },
  "common": {
    "polyfills": {
      "asyncFunctions": true
    },
    "buildPath": "project://build",
    "outputName": "Catch-Ball",
    "mainBundleCompressionType": "merge_all_json",
    "platform": "web-mobile"
  },
  "BuildTaskManager": {
    "taskMap": {
      "1759959630064": {
        "type": "build",
        "id": "1759959630064",
        "progress": 1,
        "state": "success",
        "stage": "build",
        "message": "16-10-2025 18:14:20 build success in 9 s!",
        "options": {
          "name": "Catch_the_Ball",
          "server": "",
          "platform": "web-mobile",
          "buildPath": "project://build",
          "debug": false,
          "md5Cache": false,
          "skipCompressTexture": false,
          "sourceMaps": false,
          "polyfills": {
            "asyncFunctions": true
          },
          "experimentalEraseModules": false,
          "startSceneAssetBundle": false,
          "bundleConfigs": [],
          "useBuiltinServer": false,
          "mainBundleIsRemote": false,
          "mainBundleCompressionType": "merge_all_json",
          "useSplashScreen": true,
          "bundleCommonChunk": false,
          "packAutoAtlas": true,
          "startScene": "de9d4a6d-63c9-433a-b232-956fbd89e3a3",
          "outputName": "Catch-Ball",
          "taskName": "web-mobile",
          "scenes": [
            {
              "url": "db://assets/Scenes/Inicio.scene",
              "uuid": "de9d4a6d-63c9-433a-b232-956fbd89e3a3"
            },
            {
              "url": "db://assets/Scenes/Instrucciones.scene",
              "uuid": "d7e9d58e-93d3-40b8-8933-1632c95ae2f0"
            },
            {
              "url": "db://assets/Scenes/Juego.scene",
              "uuid": "fd9d12b2-6422-4cac-811f-b40d2445bc8d"
            }
          ],
          "packages": {},
          "__version__": "1.3.7",
          "buildMode": "normal",
          "logDest": "project://temp/builder/log/web-mobile8-10-2025 16-40.log"
        },
        "time": "16-10-2025 18:14:10",
        "dirty": false
      }
    }
  }
}
