{
  "__version__": "3.0.7",
  "builder": {
    "options": {
      "web-desktop": {
        "configID": "88db45",
        "services": []
      },
      "web-mobile": {
        "configID": "88db45",
        "services": []
      }
    },
    "taskOptionsMap": {
      "1759959630064": {
        "configID": "88db45",
        "services": [],
        "__version__": "3.0.7"
      }
    },
    "__version__": "1.3.7"
  },
  "builder-options": {
    "configID": "88db45",
    "services": [],
    "__version__": "3.0.7"
  }
}
