{
  "gizmos-infos": {
    "is2D": true,
    "is3DIcon": false,
    "iconSize": 2,
    "gridVisible": true,
    "originAxis2D": {
      "x_visible": true,
      "y_visible": true,
      "z_visible": false
    },
    "originAxis3D": {
      "x_visible": true,
      "y_visible": false,
      "z_visible": true
    },
    "gridColor": [
      166,
      166,
      166,
      255
    ],
    "transformToolName": "position",
    "pivot": "pivot",
    "coordinate": "local",
    "toolsVisibility3d": true
  },
  "__version__": "1.0.3",
  "builder": {
    "taskOptionsMap": {},
    "__version__": "1.3.9"
  },
  "": {
    "sculpt_brush_rotate": 0
  },
  "snap-configs": {
    "position": {
      "x": 1,
      "y": 1,
      "z": 1
    },
    "rotation": 1,
    "scale": 1,
    "isPositionSnapEnabled": false,
    "isRotationSnapEnabled": false,
    "isScaleSnapEnabled": false
  },
  "rect-snap-configs": {
    "enableSnapping": true,
    "snapThreshold": 4
  },
  "float-window": {
    "position": {
      "cc": {
        "Camera": {
          "dock": false,
          "top": null,
          "bottom": 10,
          "left": null,
          "right": 10
        }
      }
    }
  },
  "camera-infos": {
    "bacf38b3-d23e-4c8a-b279-667f1994d1b8": {
      "position": {
        "x": 287.54606142992003,
        "y": 190.3103362922027,
        "z": 5000
      },
      "rotation": {
        "x": 0,
        "y": 0,
        "z": 0,
        "w": 1
      },
      "viewCenter": {
        "x": 0,
        "y": 0,
        "z": 0
      },
      "contentRect": {
        "x": -334.9531049139427,
        "y": -743.4384132235914,
        "width": 505.3333333333333,
        "height": 758
      },
      "scale": 0.40589077114859295
    },
    "1ca7c39c-d25d-419b-a640-24a8356b983c": {
      "position": {
        "x": 76.4999988079071,
        "y": 251.67064271223978,
        "z": 5000
      },
      "rotation": {
        "x": 0,
        "y": 0,
        "z": 0,
        "w": 1
      },
      "viewCenter": {
        "x": 0,
        "y": 0,
        "z": 0
      },
      "contentRect": {
        "x": 46.49999761581421,
        "y": 228.27064178240732,
        "width": 100,
        "height": 92
      },
      "scale": 1
    },
    "53da5c74-56cb-404d-98b7-7fffe3eee689": {
      "position": {
        "x": 320,
        "y": 479.99999999999994,
        "z": 5000
      },
      "rotation": {
        "x": 0,
        "y": 0,
        "z": 0,
        "w": 1
      },
      "viewCenter": {
        "x": 0,
        "y": 0,
        "z": 0
      },
      "contentRect": {
        "x": 270,
        "y": 433.99999999999994,
        "width": 60,
        "height": 60
      },
      "scale": 1
    },
    "3a6d4d05-fd75-41d8-b3ac-db5206be81db": {
      "position": {
        "x": 76.5,
        "y": 172.07064364207224,
        "z": 5000
      },
      "rotation": {
        "x": 0,
        "y": 0,
        "z": 0,
        "w": 1
      },
      "viewCenter": {
        "x": 0,
        "y": 0,
        "z": 0
      },
      "contentRect": {
        "x": 46.5,
        "y": 142.07064364207224,
        "width": 100,
        "height": 66
      },
      "scale": 1
    },
    "64709f4d-b6a6-48b4-9d0d-410816511752": {
      "position": {
        "x": 56,
        "y": 130.0626959247649,
        "z": 5000
      },
      "rotation": {
        "x": 0,
        "y": 0,
        "z": 0,
        "w": 1
      },
      "viewCenter": {
        "x": 0,
        "y": 0,
        "z": 0
      },
      "contentRect": {
        "x": 6,
        "y": 97.06269592476491,
        "width": 100,
        "height": 40
      },
      "scale": 1
    },
    "261b280f-8a0a-4556-9def-a2f598adc76e": {
      "position": {
        "x": 254,
        "y": 666,
        "z": 5000
      },
      "rotation": {
        "x": 0,
        "y": 0,
        "z": 0,
        "w": 1
      },
      "viewCenter": {
        "x": 0,
        "y": 0,
        "z": 0
      },
      "contentRect": {
        "x": 204,
        "y": 646,
        "width": 67,
        "height": 133
      },
      "scale": 1
    },
    "b11ebac0-03aa-44ce-9e64-414e7613a83f": {
      "position": {
        "x": 872.170382165605,
        "y": 833.8821656050955,
        "z": 5000
      },
      "rotation": {
        "x": 0,
        "y": 0,
        "z": 0,
        "w": 1
      },
      "viewCenter": {
        "x": 0,
        "y": 0,
        "z": 0
      },
      "contentRect": {
        "x": 838.1369426751592,
        "y": 766.3232484076433,
        "width": 628,
        "height": 635.8746081504702
      },
      "scale": 0.9843260188087775
    },
    "0dbdeb14-9b90-4071-a6f9-85439cf3c4eb": {
      "position": {
        "x": 318.99999999999994,
        "y": 322.99999999999994,
        "z": 5000
      },
      "rotation": {
        "x": 0,
        "y": 0,
        "z": 0,
        "w": 1
      },
      "viewCenter": {
        "x": 0,
        "y": 0,
        "z": 0
      },
      "contentRect": {
        "x": 0,
        "y": 0,
        "width": 628,
        "height": 635.8746081504702
      },
      "scale": 0.9843260188087775
    },
    "c77ecaa8-c936-46c4-a5b0-98692673ed87": {
      "position": {
        "x": 320,
        "y": 479.9999999999999,
        "z": 5000
      },
      "rotation": {
        "x": 0,
        "y": 0,
        "z": 0,
        "w": 1
      },
      "viewCenter": {
        "x": 0,
        "y": 0,
        "z": 0
      },
      "contentRect": {
        "x": -153.96226415094327,
        "y": 0.09463535813576904,
        "width": 424.0000000000001,
        "height": 636
      },
      "scale": 0.6625000000000002
    },
    "de9d4a6d-63c9-433a-b232-956fbd89e3a3": {
      "position": {
        "x": 63.88942407865875,
        "y": 653.0752874821663,
        "z": 5000
      },
      "rotation": {
        "x": 0,
        "y": 0,
        "z": 0,
        "w": 1
      },
      "viewCenter": {
        "x": 0,
        "y": 0,
        "z": 0
      },
      "contentRect": {
        "x": -1077.7653851836865,
        "y": -84.1688840164014,
        "width": 957,
        "height": 618
      },
      "scale": 0.4191284406791682
    },
    "d7e9d58e-93d3-40b8-8933-1632c95ae2f0": {
      "position": {
        "x": 1241.6316014798495,
        "y": 655.105599912102,
        "z": 5000
      },
      "rotation": {
        "x": 0,
        "y": 0,
        "z": 0,
        "w": 1
      },
      "viewCenter": {
        "x": 0,
        "y": 0,
        "z": 0
      },
      "contentRect": {
        "x": -61.44216741754191,
        "y": -186.37777436019454,
        "width": 957,
        "height": 618
      },
      "scale": 0.3672086810594672
    },
    "fd9d12b2-6422-4cac-811f-b40d2445bc8d": {
      "position": {
        "x": 125.2335856033593,
        "y": 879.2095786086401,
        "z": 5000
      },
      "rotation": {
        "x": 0,
        "y": 0,
        "z": 0,
        "w": 1
      },
      "viewCenter": {
        "x": 0,
        "y": 0,
        "z": 0
      },
      "contentRect": {
        "x": -1469.2980208954214,
        "y": -150.4879478451179,
        "width": 957,
        "height": 618
      },
      "scale": 0.30008812497023774
    }
  },
  "camera-uuids": [
    "bacf38b3-d23e-4c8a-b279-667f1994d1b8",
    "1ca7c39c-d25d-419b-a640-24a8356b983c",
    "53da5c74-56cb-404d-98b7-7fffe3eee689",
    "3a6d4d05-fd75-41d8-b3ac-db5206be81db",
    "64709f4d-b6a6-48b4-9d0d-410816511752",
    "261b280f-8a0a-4556-9def-a2f598adc76e",
    "b11ebac0-03aa-44ce-9e64-414e7613a83f",
    "0dbdeb14-9b90-4071-a6f9-85439cf3c4eb",
    "c77ecaa8-c936-46c4-a5b0-98692673ed87",
    "de9d4a6d-63c9-433a-b232-956fbd89e3a3",
    "d7e9d58e-93d3-40b8-8933-1632c95ae2f0",
    "fd9d12b2-6422-4cac-811f-b40d2445bc8d"
  ],
  "camera": {
    "color": [
      48,
      48,
      48,
      255
    ],
    "fov": 45,
    "far": 10000,
    "near": 0.01,
    "wheelSpeed": 0.01,
    "wanderSpeed": 10,
    "enableAcceleration": true,
    "size": "__default_design__",
    "far2D": 10000,
    "near2D": 1,
    "wheelSpeed2D": 6,
    "iso": 0,
    "aperture": 19,
    "shutter": 7
  },
  "scene_view": {
    "isSceneLightOn": true,
    "output_device": "__default_design__"
  },
  "game-view": {
    "scaleValue": 56,
    "sliderValue": 26
  }
}
