{
  "__version__": "1.0.1",
  "builder": {
    "common": {
      "polyfills": {
        "asyncFunctions": true
      },
      "buildPath": "project://build",
      "outputName": "Catch-Ball",
      "mainBundleCompressionType": "merge_all_json",
      "platform": "web-mobile"
    },
    "options": {
      "web-mobile": {
        "orientation": "portrait",
        "embedWebDebugger": false,
        "cullEngineAsmJsModule": false,
        "__version__": "1.0.1"
      }
    },
    "taskOptionsMap": {
      "1759959630064": {
        "orientation": "portrait",
        "embedWebDebugger": false,
        "cullEngineAsmJsModule": false,
        "__version__": "1.0.1"
      }
    },
    "__version__": "1.3.7"
  }
}
