[
  {
    "__type__": "cc.AnimationClip",
    "_name": "mala",
    "_objFlags": 0,
    "__editorExtras__": {
      "embeddedPlayerGroups": []
    },
    "_native": "",
    "sample": 60,
    "speed": 1,
    "wrapMode": 1,
    "enableTrsBlending": false,
    "_duration": 0.3,
    "_hash": 500763545,
    "_tracks": [
      {
        "__id__": 1
      }
    ],
    "_exoticAnimation": null,
    "_events": [],
    "_embeddedPlayers": [],
    "_additiveSettings": {
      "__id__": 6
    },
    "_auxiliaryCurveEntries": []
  },
  {
    "__type__": "cc.animation.ObjectTrack",
    "_binding": {
      "__type__": "cc.animation.TrackBinding",
      "path": {
        "__id__": 2
      },
      "proxy": null
    },
    "_channel": {
      "__id__": 4
    }
  },
  {
    "__type__": "cc.animation.TrackPath",
    "_paths": [
      {
        "__id__": 3
      },
      "spriteFrame"
    ]
  },
  {
    "__type__": "cc.animation.ComponentPath",
    "component": "cc.Sprite"
  },
  {
    "__type__": "cc.animation.Channel",
    "_curve": {
      "__id__": 5
    }
  },
  {
    "__type__": "cc.ObjectCurve",
    "_times": [
      0,
      0.03333333333333333,
      0.08333333333333333,
      0.25,
      0.2833333333333333
    ],
    "_values": [
      {
        "__uuid__": "b68d0f90-cd47-4aa7-9006-a75605e15e6a@f9941",
        "__expectedType__": "cc.SpriteFrame"
      },
      {
        "__uuid__": "94d97a31-d477-44b3-aada-4d2e2f67bb2e@f9941",
        "__expectedType__": "cc.SpriteFrame"
      },
      {
        "__uuid__": "adffdafb-d937-4062-a623-231f62ed72db@f9941",
        "__expectedType__": "cc.SpriteFrame"
      },
      {
        "__uuid__": "94d97a31-d477-44b3-aada-4d2e2f67bb2e@f9941",
        "__expectedType__": "cc.SpriteFrame"
      },
      {
        "__uuid__": "b68d0f90-cd47-4aa7-9006-a75605e15e6a@f9941",
        "__expectedType__": "cc.SpriteFrame"
      }
    ]
  },
  {
    "__type__": "cc.AnimationClipAdditiveSettings",
    "enabled": false,
    "refClip": null
  }
]