{"__type__":"cc.Material","_name":"","_objFlags":0,"__editorExtras__":{},"_native":"","_effectAsset":{"__uuid__":"a7612b54-35e3-4238-a1a9-4a7b54635839","__expectedType__":"cc.EffectAsset"},"_techIdx":0,"_defines":[{"USE_OUTLINE_PASS":true},{},{},{},{},{},{}],"_states":[{"rasterizerState":{},"depthStencilState":{},"blendState":{"targets":[{}]}},{"rasterizerState":{},"depthStencilState":{},"blendState":{"targets":[{}]}},{"rasterizerState":{},"depthStencilState":{},"blendState":{"targets":[{}]}},{"rasterizerState":{},"depthStencilState":{},"blendState":{"targets":[{}]}},{"rasterizerState":{},"depthStencilState":{},"blendState":{"targets":[{}]}},{"rasterizerState":{},"depthStencilState":{},"blendState":{"targets":[{}]}},{"rasterizerState":{},"depthStencilState":{},"blendState":{"targets":[{}]}}],"_props":[{"lineWidth":0.2},{},{},{},{},{},{}]}