[
  {
    "__type__": "cc.SceneAsset",
    "_name": "juego",
    "_objFlags": 0,
    "__editorExtras__": {},
    "_native": "",
    "scene": {
      "__id__": 1
    }
  },
  {
    "__type__": "cc.Scene",
    "_name": "juego",
    "_objFlags": 0,
    "__editorExtras__": {},
    "_parent": null,
    "_children": [
      {
        "__id__": 2
      }
    ],
    "_active": true,
    "_components": [],
    "_prefab": null,
    "_lpos": {
      "__type__": "cc.Vec3",
      "x": 0,
      "y": 0,
      "z": 0
    },
    "_lrot": {
      "__type__": "cc.Quat",
      "x": 0,
      "y": 0,
      "z": 0,
      "w": 1
    },
    "_lscale": {
      "__type__": "cc.Vec3",
      "x": 1,
      "y": 1,
      "z": 1
    },
    "_mobility": 0,
    "_layer": 1073741824,
    "_euler": {
      "__type__": "cc.Vec3",
      "x": 0,
      "y": 0,
      "z": 0
    },
    "autoReleaseAssets": false,
    "_globals": {
      "__id__": 109
    },
    "_id": "03bb4b39-2769-4340-b198-b91c626de905"
  },
  {
    "__type__": "cc.Node",
    "_name": "Canvas",
    "_objFlags": 0,
    "__editorExtras__": {},
    "_parent": {
      "__id__": 1
    },
    "_children": [
      {
        "__id__": 3
      },
      {
        "__id__": 5
      },
      {
        "__id__": 12
      },
      {
        "__id__": 15
      },
      {
        "__id__": 18
      },
      {
        "__id__": 21
      },
      {
        "__id__": 28
      },
      {
        "__id__": 46
      },
      {
        "__id__": 85
      },
      {
        "__id__": 88
      },
      {
        "__id__": 91
      },
      {
        "__id__": 94
      },
      {
        "__id__": 97
      },
      {
        "__id__": 102
      }
    ],
    "_active": true,
    "_components": [
      {
        "__id__": 106
      },
      {
        "__id__": 107
      },
      {
        "__id__": 108
      }
    ],
    "_prefab": null,
    "_lpos": {
      "__type__": "cc.Vec3",
      "x": 320,
      "y": 480.00000000000006,
      "z": 0
    },
    "_lrot": {
      "__type__": "cc.Quat",
      "x": 0,
      "y": 0,
      "z": 0,
      "w": 1
    },
    "_lscale": {
      "__type__": "cc.Vec3",
      "x": 1,
      "y": 1,
      "z": 1
    },
    "_mobility": 0,
    "_layer": 33554432,
    "_euler": {
      "__type__": "cc.Vec3",
      "x": 0,
      "y": 0,
      "z": 0
    },
    "_id": "beI88Z2HpFELqR4T5EMHpg"
  },
  {
    "__type__": "cc.Node",
    "_name": "Camera",
    "_objFlags": 0,
    "__editorExtras__": {},
    "_parent": {
      "__id__": 2
    },
    "_children": [],
    "_active": true,
    "_components": [
      {
        "__id__": 4
      }
    ],
    "_prefab": null,
    "_lpos": {
      "__type__": "cc.Vec3",
      "x": 0,
      "y": 0,
      "z": 1000
    },
    "_lrot": {
      "__type__": "cc.Quat",
      "x": 0,
      "y": 0,
      "z": 0,
      "w": 1
    },
    "_lscale": {
      "__type__": "cc.Vec3",
      "x": 1,
      "y": 1,
      "z": 1
    },
    "_mobility": 0,
    "_layer": 1073741824,
    "_euler": {
      "__type__": "cc.Vec3",
      "x": 0,
      "y": 0,
      "z": 0
    },
    "_id": "ebFwiq8gBFaYpqYbdoDODe"
  },
  {
    "__type__": "cc.Camera",
    "_name": "",
    "_objFlags": 0,
    "__editorExtras__": {},
    "node": {
      "__id__": 3
    },
    "_enabled": true,
    "__prefab": null,
    "_projection": 0,
    "_priority": 0,
    "_fov": 45,
    "_fovAxis": 0,
    "_orthoHeight": 480.00000000000006,
    "_near": 0,
    "_far": 1000,
    "_color": {
      "__type__": "cc.Color",
      "r": 0,
      "g": 0,
      "b": 0,
      "a": 255
    },
    "_depth": 1,
    "_stencil": 0,
    "_clearFlags": 7,
    "_rect": {
      "__type__": "cc.Rect",
      "x": 0,
      "y": 0,
      "width": 1,
      "height": 1
    },
    "_aperture": 19,
    "_shutter": 7,
    "_iso": 0,
    "_screenScale": 1,
    "_visibility": 1108344832,
    "_targetTexture": null,
    "_postProcess": null,
    "_usePostProcess": false,
    "_cameraType": -1,
    "_trackingType": 0,
    "_id": "63WIch3o5BEYRlXzTT0oWc"
  },
  {
    "__type__": "cc.Node",
    "_name": "fondo",
    "_objFlags": 0,
    "__editorExtras__": {},
    "_parent": {
      "__id__": 2
    },
    "_children": [
      {
        "__id__": 6
      }
    ],
    "_active": true,
    "_components": [
      {
        "__id__": 9
      },
      {
        "__id__": 10
      },
      {
        "__id__": 11
      }
    ],
    "_prefab": null,
    "_lpos": {
      "__type__": "cc.Vec3",
      "x": 0,
      "y": 0,
      "z": 0
    },
    "_lrot": {
      "__type__": "cc.Quat",
      "x": 0,
      "y": 0,
      "z": 0,
      "w": 1
    },
    "_lscale": {
      "__type__": "cc.Vec3",
      "x": 1,
      "y": 1,
      "z": 1
    },
    "_mobility": 0,
    "_layer": 33554432,
    "_euler": {
      "__type__": "cc.Vec3",
      "x": 0,
      "y": 0,
      "z": 0
    },
    "_id": "50bkbryHxNhb43MFUS9Act"
  },
  {
    "__type__": "cc.Node",
    "_name": "logo",
    "_objFlags": 0,
    "__editorExtras__": {},
    "_parent": {
      "__id__": 5
    },
    "_children": [],
    "_active": false,
    "_components": [
      {
        "__id__": 7
      },
      {
        "__id__": 8
      }
    ],
    "_prefab": null,
    "_lpos": {
      "__type__": "cc.Vec3",
      "x": 0,
      "y": 400,
      "z": 0
    },
    "_lrot": {
      "__type__": "cc.Quat",
      "x": 0,
      "y": 0,
      "z": 0,
      "w": 1
    },
    "_lscale": {
      "__type__": "cc.Vec3",
      "x": 1,
      "y": 1,
      "z": 1
    },
    "_mobility": 0,
    "_layer": 33554432,
    "_euler": {
      "__type__": "cc.Vec3",
      "x": 0,
      "y": 0,
      "z": 0
    },
    "_id": "c85yF5xyFEC76g/h1zr1Sb"
  },
  {
    "__type__": "cc.UITransform",
    "_name": "",
    "_objFlags": 0,
    "__editorExtras__": {},
    "node": {
      "__id__": 6
    },
    "_enabled": true,
    "__prefab": null,
    "_contentSize": {
      "__type__": "cc.Size",
      "width": 641,
      "height": 162
    },
    "_anchorPoint": {
      "__type__": "cc.Vec2",
      "x": 0.5,
      "y": 0.5
    },
    "_id": "c3MxcKIGJLQ5opMSvVzs2B"
  },
  {
    "__type__": "cc.Sprite",
    "_name": "",
    "_objFlags": 0,
    "__editorExtras__": {},
    "node": {
      "__id__": 6
    },
    "_enabled": true,
    "__prefab": null,
    "_customMaterial": null,
    "_srcBlendFactor": 2,
    "_dstBlendFactor": 4,
    "_color": {
      "__type__": "cc.Color",
      "r": 255,
      "g": 255,
      "b": 255,
      "a": 255
    },
    "_spriteFrame": {
      "__uuid__": "1bd57e46-6a30-48cf-89d8-37174c75f27c@f9941",
      "__expectedType__": "cc.SpriteFrame"
    },
    "_type": 0,
    "_fillType": 0,
    "_sizeMode": 0,
    "_fillCenter": {
      "__type__": "cc.Vec2",
      "x": 0,
      "y": 0
    },
    "_fillStart": 0,
    "_fillRange": 0,
    "_isTrimmedMode": true,
    "_useGrayscale": false,
    "_atlas": null,
    "_id": "0aQPSCYHdHFrcc+BKC5aFv"
  },
  {
    "__type__": "cc.UITransform",
    "_name": "",
    "_objFlags": 0,
    "__editorExtras__": {},
    "node": {
      "__id__": 5
    },
    "_enabled": true,
    "__prefab": null,
    "_contentSize": {
      "__type__": "cc.Size",
      "width": 640,
      "height": 960
    },
    "_anchorPoint": {
      "__type__": "cc.Vec2",
      "x": 0.5,
      "y": 0.5
    },
    "_id": "6fOVxUPkVJHIxA9Jk/8fXf"
  },
  {
    "__type__": "cc.Sprite",
    "_name": "",
    "_objFlags": 0,
    "__editorExtras__": {},
    "node": {
      "__id__": 5
    },
    "_enabled": true,
    "__prefab": null,
    "_customMaterial": null,
    "_srcBlendFactor": 2,
    "_dstBlendFactor": 4,
    "_color": {
      "__type__": "cc.Color",
      "r": 255,
      "g": 255,
      "b": 255,
      "a": 255
    },
    "_spriteFrame": {
      "__uuid__": "5d5f290b-4e1b-4580-8582-f9351a205c1a@f9941",
      "__expectedType__": "cc.SpriteFrame"
    },
    "_type": 0,
    "_fillType": 0,
    "_sizeMode": 0,
    "_fillCenter": {
      "__type__": "cc.Vec2",
      "x": 0,
      "y": 0
    },
    "_fillStart": 0,
    "_fillRange": 0,
    "_isTrimmedMode": true,
    "_useGrayscale": false,
    "_atlas": null,
    "_id": "58QdNnQtBF/ofpf1ekcq8T"
  },
  {
    "__type__": "5718dl6wT1E0b4LHTzlkYMC",
    "_name": "",
    "_objFlags": 0,
    "__editorExtras__": {},
    "node": {
      "__id__": 5
    },
    "_enabled": true,
    "__prefab": null,
    "replaceby": "bg2",
    "_id": "fbFxQFFFtJMZlD9ymjiDYJ"
  },
  {
    "__type__": "cc.Node",
    "_name": "marca-002",
    "_objFlags": 0,
    "__editorExtras__": {},
    "_parent": {
      "__id__": 2
    },
    "_children": [],
    "_active": false,
    "_components": [
      {
        "__id__": 13
      },
      {
        "__id__": 14
      }
    ],
    "_prefab": null,
    "_lpos": {
      "__type__": "cc.Vec3",
      "x": -80,
      "y": -25,
      "z": 0
    },
    "_lrot": {
      "__type__": "cc.Quat",
      "x": 0,
      "y": 0,
      "z": 0,
      "w": 1
    },
    "_lscale": {
      "__type__": "cc.Vec3",
      "x": 0.3,
      "y": 0.3,
      "z": 1
    },
    "_mobility": 0,
    "_layer": 33554432,
    "_euler": {
      "__type__": "cc.Vec3",
      "x": 0,
      "y": 0,
      "z": 0
    },
    "_id": "0aoRwDKRRAh44CSluiR0mV"
  },
  {
    "__type__": "cc.UITransform",
    "_name": "",
    "_objFlags": 0,
    "__editorExtras__": {},
    "node": {
      "__id__": 12
    },
    "_enabled": true,
    "__prefab": null,
    "_contentSize": {
      "__type__": "cc.Size",
      "width": 500,
      "height": 200
    },
    "_anchorPoint": {
      "__type__": "cc.Vec2",
      "x": 0.5,
      "y": 0.5
    },
    "_id": "ecD4+WFO9C4IJBFbAxXin6"
  },
  {
    "__type__": "cc.Sprite",
    "_name": "",
    "_objFlags": 0,
    "__editorExtras__": {},
    "node": {
      "__id__": 12
    },
    "_enabled": true,
    "__prefab": null,
    "_customMaterial": null,
    "_srcBlendFactor": 2,
    "_dstBlendFactor": 4,
    "_color": {
      "__type__": "cc.Color",
      "r": 255,
      "g": 255,
      "b": 255,
      "a": 181
    },
    "_spriteFrame": {
      "__uuid__": "e093a02c-ab76-4e0e-95a2-b2e713d80463@f9941",
      "__expectedType__": "cc.SpriteFrame"
    },
    "_type": 0,
    "_fillType": 0,
    "_sizeMode": 2,
    "_fillCenter": {
      "__type__": "cc.Vec2",
      "x": 0,
      "y": 0
    },
    "_fillStart": 0,
    "_fillRange": 0,
    "_isTrimmedMode": true,
    "_useGrayscale": false,
    "_atlas": null,
    "_id": "f0I1MkNuhNC4iR0aJpV4SY"
  },
  {
    "__type__": "cc.Node",
    "_name": "marca-003",
    "_objFlags": 0,
    "__editorExtras__": {},
    "_parent": {
      "__id__": 2
    },
    "_children": [],
    "_active": false,
    "_components": [
      {
        "__id__": 16
      },
      {
        "__id__": 17
      }
    ],
    "_prefab": null,
    "_lpos": {
      "__type__": "cc.Vec3",
      "x": 80,
      "y": -283,
      "z": 0
    },
    "_lrot": {
      "__type__": "cc.Quat",
      "x": 0,
      "y": 0,
      "z": 0,
      "w": 1
    },
    "_lscale": {
      "__type__": "cc.Vec3",
      "x": 0.3,
      "y": 0.3,
      "z": 1
    },
    "_mobility": 0,
    "_layer": 33554432,
    "_euler": {
      "__type__": "cc.Vec3",
      "x": 0,
      "y": 0,
      "z": 0
    },
    "_id": "c5uFM7Lf5PpqEmgs/zb995"
  },
  {
    "__type__": "cc.UITransform",
    "_name": "",
    "_objFlags": 0,
    "__editorExtras__": {},
    "node": {
      "__id__": 15
    },
    "_enabled": true,
    "__prefab": null,
    "_contentSize": {
      "__type__": "cc.Size",
      "width": 500,
      "height": 200
    },
    "_anchorPoint": {
      "__type__": "cc.Vec2",
      "x": 0.5,
      "y": 0.5
    },
    "_id": "c5nIIRUOdLSp6eIzDaFSuv"
  },
  {
    "__type__": "cc.Sprite",
    "_name": "",
    "_objFlags": 0,
    "__editorExtras__": {},
    "node": {
      "__id__": 15
    },
    "_enabled": true,
    "__prefab": null,
    "_customMaterial": null,
    "_srcBlendFactor": 2,
    "_dstBlendFactor": 4,
    "_color": {
      "__type__": "cc.Color",
      "r": 255,
      "g": 255,
      "b": 255,
      "a": 181
    },
    "_spriteFrame": {
      "__uuid__": "e093a02c-ab76-4e0e-95a2-b2e713d80463@f9941",
      "__expectedType__": "cc.SpriteFrame"
    },
    "_type": 0,
    "_fillType": 0,
    "_sizeMode": 2,
    "_fillCenter": {
      "__type__": "cc.Vec2",
      "x": 0,
      "y": 0
    },
    "_fillStart": 0,
    "_fillRange": 0,
    "_isTrimmedMode": true,
    "_useGrayscale": false,
    "_atlas": null,
    "_id": "fdokBRMg5LoLBryZsi9km2"
  },
  {
    "__type__": "cc.Node",
    "_name": "Score",
    "_objFlags": 0,
    "__editorExtras__": {},
    "_parent": {
      "__id__": 2
    },
    "_children": [],
    "_active": true,
    "_components": [
      {
        "__id__": 19
      },
      {
        "__id__": 20
      }
    ],
    "_prefab": null,
    "_lpos": {
      "__type__": "cc.Vec3",
      "x": 160,
      "y": 250,
      "z": 0
    },
    "_lrot": {
      "__type__": "cc.Quat",
      "x": 0,
      "y": 0,
      "z": 0,
      "w": 1
    },
    "_lscale": {
      "__type__": "cc.Vec3",
      "x": 1,
      "y": 1,
      "z": 1
    },
    "_mobility": 0,
    "_layer": 33554432,
    "_euler": {
      "__type__": "cc.Vec3",
      "x": 0,
      "y": 0,
      "z": 0
    },
    "_id": "ffjyM92PZKFJo8Sg8LVqS+"
  },
  {
    "__type__": "cc.UITransform",
    "_name": "",
    "_objFlags": 0,
    "__editorExtras__": {},
    "node": {
      "__id__": 18
    },
    "_enabled": true,
    "__prefab": null,
    "_contentSize": {
      "__type__": "cc.Size",
      "width": 47.66999816894531,
      "height": 75.6
    },
    "_anchorPoint": {
      "__type__": "cc.Vec2",
      "x": 0.5,
      "y": 0.5
    },
    "_id": "d4+Af3DlhJGoXum7KmBfag"
  },
  {
    "__type__": "cc.Label",
    "_name": "",
    "_objFlags": 0,
    "__editorExtras__": {},
    "node": {
      "__id__": 18
    },
    "_enabled": true,
    "__prefab": null,
    "_customMaterial": null,
    "_srcBlendFactor": 2,
    "_dstBlendFactor": 4,
    "_color": {
      "__type__": "cc.Color",
      "r": 255,
      "g": 255,
      "b": 255,
      "a": 255
    },
    "_string": "0",
    "_horizontalAlign": 1,
    "_verticalAlign": 1,
    "_actualFontSize": 70,
    "_fontSize": 70,
    "_fontFamily": "Arial",
    "_lineHeight": 60,
    "_overflow": 0,
    "_enableWrapText": true,
    "_font": {
      "__uuid__": "0510f498-7ed0-4645-af91-58efac618e5e",
      "__expectedType__": "cc.TTFFont"
    },
    "_isSystemFontUsed": false,
    "_spacingX": 0,
    "_isItalic": false,
    "_isBold": true,
    "_isUnderline": false,
    "_underlineHeight": 2,
    "_cacheMode": 0,
    "_enableOutline": false,
    "_outlineColor": {
      "__type__": "cc.Color",
      "r": 102,
      "g": 47,
      "b": 125,
      "a": 255
    },
    "_outlineWidth": 3,
    "_enableShadow": false,
    "_shadowColor": {
      "__type__": "cc.Color",
      "r": 0,
      "g": 0,
      "b": 0,
      "a": 255
    },
    "_shadowOffset": {
      "__type__": "cc.Vec2",
      "x": 2,
      "y": 2
    },
    "_shadowBlur": 2,
    "_id": "ba11RckaVCOpe0q8WSk9Xr"
  },
  {
    "__type__": "cc.Node",
    "_name": "pelota",
    "_objFlags": 0,
    "__editorExtras__": {},
    "_parent": {
      "__id__": 2
    },
    "_children": [],
    "_active": true,
    "_components": [
      {
        "__id__": 22
      },
      {
        "__id__": 23
      },
      {
        "__id__": 24
      },
      {
        "__id__": 25
      },
      {
        "__id__": 26
      },
      {
        "__id__": 27
      }
    ],
    "_prefab": null,
    "_lpos": {
      "__type__": "cc.Vec3",
      "x": 0,
      "y": 42.125,
      "z": 0
    },
    "_lrot": {
      "__type__": "cc.Quat",
      "x": 0,
      "y": 0,
      "z": 0,
      "w": 1
    },
    "_lscale": {
      "__type__": "cc.Vec3",
      "x": 1,
      "y": 1,
      "z": 1
    },
    "_mobility": 0,
    "_layer": 33554432,
    "_euler": {
      "__type__": "cc.Vec3",
      "x": 0,
      "y": 0,
      "z": 0
    },
    "_id": "a191Xd/uVEhKoCkH9UgYUB"
  },
  {
    "__type__": "cc.UITransform",
    "_name": "",
    "_objFlags": 0,
    "__editorExtras__": {},
    "node": {
      "__id__": 21
    },
    "_enabled": true,
    "__prefab": null,
    "_contentSize": {
      "__type__": "cc.Size",
      "width": 126,
      "height": 126
    },
    "_anchorPoint": {
      "__type__": "cc.Vec2",
      "x": 0.5,
      "y": 0.5
    },
    "_id": "7dUUpq8tZFJpOJ3U4TAJ5h"
  },
  {
    "__type__": "cc.Sprite",
    "_name": "",
    "_objFlags": 0,
    "__editorExtras__": {},
    "node": {
      "__id__": 21
    },
    "_enabled": true,
    "__prefab": null,
    "_customMaterial": null,
    "_srcBlendFactor": 2,
    "_dstBlendFactor": 4,
    "_color": {
      "__type__": "cc.Color",
      "r": 255,
      "g": 255,
      "b": 255,
      "a": 255
    },
    "_spriteFrame": {
      "__uuid__": "3f727f12-0043-456e-ae58-422e9c144fce@f9941",
      "__expectedType__": "cc.SpriteFrame"
    },
    "_type": 0,
    "_fillType": 0,
    "_sizeMode": 2,
    "_fillCenter": {
      "__type__": "cc.Vec2",
      "x": 0,
      "y": 0
    },
    "_fillStart": 0,
    "_fillRange": 0,
    "_isTrimmedMode": true,
    "_useGrayscale": false,
    "_atlas": null,
    "_id": "83XEu7DIBOOaDZ5Lngow1Z"
  },
  {
    "__type__": "cc.RigidBody2D",
    "_name": "",
    "_objFlags": 0,
    "__editorExtras__": {},
    "node": {
      "__id__": 21
    },
    "_enabled": true,
    "__prefab": null,
    "enabledContactListener": true,
    "bullet": false,
    "awakeOnLoad": true,
    "_group": 2,
    "_type": 2,
    "_allowSleep": false,
    "_gravityScale": 1.5,
    "_linearDamping": 0,
    "_angularDamping": 0,
    "_linearVelocity": {
      "__type__": "cc.Vec2",
      "x": 0,
      "y": 0
    },
    "_angularVelocity": 0,
    "_fixedRotation": false,
    "_id": "03FfsF99hD7rVix1VJhiCb"
  },
  {
    "__type__": "d256cT6I1lJ8bTDBgcescVz",
    "_name": "",
    "_objFlags": 0,
    "__editorExtras__": {},
    "node": {
      "__id__": 21
    },
    "_enabled": true,
    "__prefab": null,
    "score": {
      "__id__": 20
    },
    "nodeImage": null,
    "RigidBody": null,
    "jumpDuration": 0.2,
    "impulseY": 0,
    "ValorRebote": 1,
    "x": 600,
    "y": 800,
    "BalonBrilla": {
      "__uuid__": "1142d5a1-d4f8-43db-80e8-28fd6098efcc@f9941",
      "__expectedType__": "cc.SpriteFrame"
    },
    "balon": {
      "__uuid__": "3f727f12-0043-456e-ae58-422e9c144fce@f9941",
      "__expectedType__": "cc.SpriteFrame"
    },
    "brilloParticulas": {
      "__uuid__": "ff925bf3-94cc-45a9-8bdc-ee30d196e287",
      "__expectedType__": "cc.Prefab"
    },
    "_id": "ben7c/zrxGy7OQP7EjoR4F"
  },
  {
    "__type__": "cc.CircleCollider2D",
    "_name": "",
    "_objFlags": 0,
    "__editorExtras__": {},
    "node": {
      "__id__": 21
    },
    "_enabled": true,
    "__prefab": null,
    "tag": 0,
    "_group": 2,
    "_density": 1,
    "_sensor": false,
    "_friction": 0.2,
    "_restitution": 0.5,
    "_offset": {
      "__type__": "cc.Vec2",
      "x": 0,
      "y": 0
    },
    "_radius": 60,
    "_id": "cdQcmyPu1Mo66hYU2OMjRE"
  },
  {
    "__type__": "5e11d18jTBO4YBl65WCnuIK",
    "_name": "",
    "_objFlags": 0,
    "__editorExtras__": {},
    "node": {
      "__id__": 21
    },
    "_enabled": true,
    "__prefab": null,
    "manScore": {
      "__id__": 25
    },
    "_id": "b8HwlHlvxJa7m5QevhZ90G"
  },
  {
    "__type__": "cc.Node",
    "_name": "paredes",
    "_objFlags": 0,
    "__editorExtras__": {},
    "_parent": {
      "__id__": 2
    },
    "_children": [
      {
        "__id__": 29
      },
      {
        "__id__": 33
      },
      {
        "__id__": 37
      },
      {
        "__id__": 41
      }
    ],
    "_active": true,
    "_components": [
      {
        "__id__": 84
      }
    ],
    "_prefab": null,
    "_lpos": {
      "__type__": "cc.Vec3",
      "x": 0,
      "y": 0,
      "z": 0
    },
    "_lrot": {
      "__type__": "cc.Quat",
      "x": 0,
      "y": 0,
      "z": 0,
      "w": 1
    },
    "_lscale": {
      "__type__": "cc.Vec3",
      "x": 1,
      "y": 1,
      "z": 1
    },
    "_mobility": 0,
    "_layer": 33554432,
    "_euler": {
      "__type__": "cc.Vec3",
      "x": 0,
      "y": 0,
      "z": 0
    },
    "_id": "a3DTR6uRlP6K2Jd9PFuK2M"
  },
  {
    "__type__": "cc.Node",
    "_name": "paredDer",
    "_objFlags": 0,
    "__editorExtras__": {},
    "_parent": {
      "__id__": 28
    },
    "_children": [],
    "_active": true,
    "_components": [
      {
        "__id__": 30
      },
      {
        "__id__": 31
      },
      {
        "__id__": 32
      }
    ],
    "_prefab": null,
    "_lpos": {
      "__type__": "cc.Vec3",
      "x": 350,
      "y": 0,
      "z": 0
    },
    "_lrot": {
      "__type__": "cc.Quat",
      "x": 0,
      "y": 0,
      "z": 0,
      "w": 1
    },
    "_lscale": {
      "__type__": "cc.Vec3",
      "x": 1,
      "y": 1,
      "z": 1
    },
    "_mobility": 0,
    "_layer": 33554432,
    "_euler": {
      "__type__": "cc.Vec3",
      "x": 0,
      "y": 0,
      "z": 0
    },
    "_id": "41ZWygvKNKeZrFUwW4p9X9"
  },
  {
    "__type__": "cc.UITransform",
    "_name": "",
    "_objFlags": 0,
    "__editorExtras__": {},
    "node": {
      "__id__": 29
    },
    "_enabled": true,
    "__prefab": null,
    "_contentSize": {
      "__type__": "cc.Size",
      "width": 100,
      "height": 100
    },
    "_anchorPoint": {
      "__type__": "cc.Vec2",
      "x": 0.5,
      "y": 0.5
    },
    "_id": "3dcWHA4xhFv7b5w5CZvAoV"
  },
  {
    "__type__": "cc.BoxCollider2D",
    "_name": "",
    "_objFlags": 0,
    "__editorExtras__": {},
    "node": {
      "__id__": 29
    },
    "_enabled": true,
    "__prefab": null,
    "tag": 0,
    "_group": 8,
    "_density": 1,
    "_sensor": false,
    "_friction": 0.2,
    "_restitution": 0.6,
    "_offset": {
      "__type__": "cc.Vec2",
      "x": 0,
      "y": 0
    },
    "_size": {
      "__type__": "cc.Size",
      "width": 100,
      "height": 1000
    },
    "_id": "cf52hUDKVP2p/CQ7A81JvY"
  },
  {
    "__type__": "cc.RigidBody2D",
    "_name": "",
    "_objFlags": 0,
    "__editorExtras__": {},
    "node": {
      "__id__": 29
    },
    "_enabled": true,
    "__prefab": null,
    "enabledContactListener": false,
    "bullet": false,
    "awakeOnLoad": true,
    "_group": 8,
    "_type": 1,
    "_allowSleep": true,
    "_gravityScale": 1,
    "_linearDamping": 0,
    "_angularDamping": 0,
    "_linearVelocity": {
      "__type__": "cc.Vec2",
      "x": 0,
      "y": 0
    },
    "_angularVelocity": 0,
    "_fixedRotation": false,
    "_id": "50SGAkFhtO3ajEaphFtTpV"
  },
  {
    "__type__": "cc.Node",
    "_name": "paredIzq",
    "_objFlags": 0,
    "__editorExtras__": {},
    "_parent": {
      "__id__": 28
    },
    "_children": [],
    "_active": true,
    "_components": [
      {
        "__id__": 34
      },
      {
        "__id__": 35
      },
      {
        "__id__": 36
      }
    ],
    "_prefab": null,
    "_lpos": {
      "__type__": "cc.Vec3",
      "x": -350,
      "y": 0,
      "z": 0
    },
    "_lrot": {
      "__type__": "cc.Quat",
      "x": 0,
      "y": 0,
      "z": 0,
      "w": 1
    },
    "_lscale": {
      "__type__": "cc.Vec3",
      "x": 1,
      "y": 1,
      "z": 1
    },
    "_mobility": 0,
    "_layer": 33554432,
    "_euler": {
      "__type__": "cc.Vec3",
      "x": 0,
      "y": 0,
      "z": 0
    },
    "_id": "c7s5Qe+ClNprW2rJgdXjE7"
  },
  {
    "__type__": "cc.UITransform",
    "_name": "",
    "_objFlags": 0,
    "__editorExtras__": {},
    "node": {
      "__id__": 33
    },
    "_enabled": true,
    "__prefab": null,
    "_contentSize": {
      "__type__": "cc.Size",
      "width": 100,
      "height": 100
    },
    "_anchorPoint": {
      "__type__": "cc.Vec2",
      "x": 0.5,
      "y": 0.5
    },
    "_id": "4fkhqNEaZOIZP4js2ChzxU"
  },
  {
    "__type__": "cc.BoxCollider2D",
    "_name": "",
    "_objFlags": 0,
    "__editorExtras__": {},
    "node": {
      "__id__": 33
    },
    "_enabled": true,
    "__prefab": null,
    "tag": 0,
    "_group": 8,
    "_density": 1,
    "_sensor": false,
    "_friction": 0.2,
    "_restitution": 0.6,
    "_offset": {
      "__type__": "cc.Vec2",
      "x": 0,
      "y": 0
    },
    "_size": {
      "__type__": "cc.Size",
      "width": 100,
      "height": 1000
    },
    "_id": "c5OpJ+FvVBH4OmymCx4tUY"
  },
  {
    "__type__": "cc.RigidBody2D",
    "_name": "",
    "_objFlags": 0,
    "__editorExtras__": {},
    "node": {
      "__id__": 33
    },
    "_enabled": true,
    "__prefab": null,
    "enabledContactListener": false,
    "bullet": false,
    "awakeOnLoad": true,
    "_group": 8,
    "_type": 1,
    "_allowSleep": true,
    "_gravityScale": 1,
    "_linearDamping": 0,
    "_angularDamping": 0,
    "_linearVelocity": {
      "__type__": "cc.Vec2",
      "x": 0,
      "y": 0
    },
    "_angularVelocity": 0,
    "_fixedRotation": false,
    "_id": "6dHpSzaw9Ad5XtuOFTgMkq"
  },
  {
    "__type__": "cc.Node",
    "_name": "paredTop",
    "_objFlags": 0,
    "__editorExtras__": {},
    "_parent": {
      "__id__": 28
    },
    "_children": [],
    "_active": true,
    "_components": [
      {
        "__id__": 38
      },
      {
        "__id__": 39
      },
      {
        "__id__": 40
      }
    ],
    "_prefab": null,
    "_lpos": {
      "__type__": "cc.Vec3",
      "x": 0,
      "y": 311.79,
      "z": 0
    },
    "_lrot": {
      "__type__": "cc.Quat",
      "x": 0,
      "y": 0,
      "z": 0,
      "w": 1
    },
    "_lscale": {
      "__type__": "cc.Vec3",
      "x": 1,
      "y": 1,
      "z": 1
    },
    "_mobility": 0,
    "_layer": 33554432,
    "_euler": {
      "__type__": "cc.Vec3",
      "x": 0,
      "y": 0,
      "z": 0
    },
    "_id": "56wwEH4eNJAqkHlyGn+be2"
  },
  {
    "__type__": "cc.UITransform",
    "_name": "",
    "_objFlags": 0,
    "__editorExtras__": {},
    "node": {
      "__id__": 37
    },
    "_enabled": true,
    "__prefab": null,
    "_contentSize": {
      "__type__": "cc.Size",
      "width": 100,
      "height": 100
    },
    "_anchorPoint": {
      "__type__": "cc.Vec2",
      "x": 0.5,
      "y": 0.5
    },
    "_id": "a6rAMC9ZBGHJJ7ryyepiSL"
  },
  {
    "__type__": "cc.BoxCollider2D",
    "_name": "",
    "_objFlags": 0,
    "__editorExtras__": {},
    "node": {
      "__id__": 37
    },
    "_enabled": true,
    "__prefab": null,
    "tag": 0,
    "_group": 8,
    "_density": 1,
    "_sensor": false,
    "_friction": 0.2,
    "_restitution": 0.5,
    "_offset": {
      "__type__": "cc.Vec2",
      "x": 0,
      "y": 0
    },
    "_size": {
      "__type__": "cc.Size",
      "width": 900,
      "height": 100
    },
    "_id": "0ejISWAHZA7ZOk4ZvIfHTh"
  },
  {
    "__type__": "cc.RigidBody2D",
    "_name": "",
    "_objFlags": 0,
    "__editorExtras__": {},
    "node": {
      "__id__": 37
    },
    "_enabled": true,
    "__prefab": null,
    "enabledContactListener": false,
    "bullet": false,
    "awakeOnLoad": true,
    "_group": 8,
    "_type": 1,
    "_allowSleep": true,
    "_gravityScale": 1,
    "_linearDamping": 0,
    "_angularDamping": 0,
    "_linearVelocity": {
      "__type__": "cc.Vec2",
      "x": 0,
      "y": 0
    },
    "_angularVelocity": 0,
    "_fixedRotation": false,
    "_id": "a0cv4HrjlLEboIv1WhfMLd"
  },
  {
    "__type__": "cc.Node",
    "_name": "ZonaMuerte",
    "_objFlags": 0,
    "__editorExtras__": {},
    "_parent": {
      "__id__": 28
    },
    "_children": [],
    "_active": true,
    "_components": [
      {
        "__id__": 42
      },
      {
        "__id__": 43
      },
      {
        "__id__": 44
      },
      {
        "__id__": 45
      }
    ],
    "_prefab": null,
    "_lpos": {
      "__type__": "cc.Vec3",
      "x": 0,
      "y": -642.03,
      "z": 0
    },
    "_lrot": {
      "__type__": "cc.Quat",
      "x": 0,
      "y": 0,
      "z": 0,
      "w": 1
    },
    "_lscale": {
      "__type__": "cc.Vec3",
      "x": 1,
      "y": 1,
      "z": 1
    },
    "_mobility": 0,
    "_layer": 33554432,
    "_euler": {
      "__type__": "cc.Vec3",
      "x": 0,
      "y": 0,
      "z": 0
    },
    "_id": "c8lqV/vs1AHYUvLhrMRJk1"
  },
  {
    "__type__": "cc.UITransform",
    "_name": "",
    "_objFlags": 0,
    "__editorExtras__": {},
    "node": {
      "__id__": 41
    },
    "_enabled": true,
    "__prefab": null,
    "_contentSize": {
      "__type__": "cc.Size",
      "width": 100,
      "height": 100
    },
    "_anchorPoint": {
      "__type__": "cc.Vec2",
      "x": 0.5,
      "y": 0.5
    },
    "_id": "40lOtQz/hCfqpL5TLQ0LzY"
  },
  {
    "__type__": "cc.BoxCollider2D",
    "_name": "",
    "_objFlags": 0,
    "__editorExtras__": {},
    "node": {
      "__id__": 41
    },
    "_enabled": true,
    "__prefab": null,
    "tag": 0,
    "_group": 4,
    "_density": 1,
    "_sensor": true,
    "_friction": 0.2,
    "_restitution": 0,
    "_offset": {
      "__type__": "cc.Vec2",
      "x": 0,
      "y": 0
    },
    "_size": {
      "__type__": "cc.Size",
      "width": 1500,
      "height": 100
    },
    "_id": "5ehCzsxRhEprc4v0zS8FP9"
  },
  {
    "__type__": "cc.RigidBody2D",
    "_name": "",
    "_objFlags": 0,
    "__editorExtras__": {},
    "node": {
      "__id__": 41
    },
    "_enabled": true,
    "__prefab": null,
    "enabledContactListener": true,
    "bullet": false,
    "awakeOnLoad": true,
    "_group": 4,
    "_type": 1,
    "_allowSleep": true,
    "_gravityScale": 1,
    "_linearDamping": 0,
    "_angularDamping": 0,
    "_linearVelocity": {
      "__type__": "cc.Vec2",
      "x": 0,
      "y": 0
    },
    "_angularVelocity": 0,
    "_fixedRotation": false,
    "_id": "24keS0rn9O+bxKV+ziiszv"
  },
  {
    "__type__": "4d56eAC/NNJ0JRedO1YN0s+",
    "_name": "",
    "_objFlags": 0,
    "__editorExtras__": {},
    "node": {
      "__id__": 41
    },
    "_enabled": true,
    "__prefab": null,
    "GameOver": {
      "__id__": 46
    },
    "scoreFinal": {
      "__id__": 59
    },
    "sistemaParticulas": {
      "__uuid__": "9be08b8a-9a57-4ccf-944d-bf0fc7905194",
      "__expectedType__": "cc.Prefab"
    },
    "scoreGame": {
      "__id__": 20
    },
    "a": {
      "__id__": 27
    },
    "balon": {
      "__id__": 21
    },
    "mensajes": [
      {
        "__id__": 77
      },
      {
        "__id__": 80
      }
    ],
    "_id": "5eGQde3WRHLLeHaBPj/oAl"
  },
  {
    "__type__": "cc.Node",
    "_name": "GameOverFondo",
    "_objFlags": 0,
    "__editorExtras__": {},
    "_parent": {
      "__id__": 2
    },
    "_children": [
      {
        "__id__": 47
      },
      {
        "__id__": 51
      },
      {
        "__id__": 54
      },
      {
        "__id__": 57
      },
      {
        "__id__": 60
      },
      {
        "__id__": 63
      },
      {
        "__id__": 71
      },
      {
        "__id__": 77
      },
      {
        "__id__": 80
      }
    ],
    "_active": true,
    "_components": [
      {
        "__id__": 83
      }
    ],
    "_prefab": null,
    "_lpos": {
      "__type__": "cc.Vec3",
      "x": 0,
      "y": 0,
      "z": 0
    },
    "_lrot": {
      "__type__": "cc.Quat",
      "x": 0,
      "y": 0,
      "z": 0,
      "w": 1
    },
    "_lscale": {
      "__type__": "cc.Vec3",
      "x": 1,
      "y": 1,
      "z": 1
    },
    "_mobility": 0,
    "_layer": 33554432,
    "_euler": {
      "__type__": "cc.Vec3",
      "x": 0,
      "y": 0,
      "z": 0
    },
    "_id": "39y/4rDVdMG6ESvSdlgUrR"
  },
  {
    "__type__": "cc.Node",
    "_name": "fondo",
    "_objFlags": 0,
    "__editorExtras__": {},
    "_parent": {
      "__id__": 46
    },
    "_children": [],
    "_active": true,
    "_components": [
      {
        "__id__": 48
      },
      {
        "__id__": 49
      },
      {
        "__id__": 50
      }
    ],
    "_prefab": null,
    "_lpos": {
      "__type__": "cc.Vec3",
      "x": 0,
      "y": 0,
      "z": 0
    },
    "_lrot": {
      "__type__": "cc.Quat",
      "x": 0,
      "y": 0,
      "z": 0,
      "w": 1
    },
    "_lscale": {
      "__type__": "cc.Vec3",
      "x": 1,
      "y": 1,
      "z": 1
    },
    "_mobility": 0,
    "_layer": 33554432,
    "_euler": {
      "__type__": "cc.Vec3",
      "x": 0,
      "y": 0,
      "z": 0
    },
    "_id": "8fePSofy9Kc7MSZI3qmIq7"
  },
  {
    "__type__": "cc.UITransform",
    "_name": "",
    "_objFlags": 0,
    "__editorExtras__": {},
    "node": {
      "__id__": 47
    },
    "_enabled": true,
    "__prefab": null,
    "_contentSize": {
      "__type__": "cc.Size",
      "width": 640,
      "height": 960
    },
    "_anchorPoint": {
      "__type__": "cc.Vec2",
      "x": 0.5,
      "y": 0.5
    },
    "_id": "5eCtxKXNlIOKPvtJL0RPz6"
  },
  {
    "__type__": "cc.Sprite",
    "_name": "",
    "_objFlags": 0,
    "__editorExtras__": {},
    "node": {
      "__id__": 47
    },
    "_enabled": true,
    "__prefab": null,
    "_customMaterial": null,
    "_srcBlendFactor": 2,
    "_dstBlendFactor": 4,
    "_color": {
      "__type__": "cc.Color",
      "r": 255,
      "g": 255,
      "b": 255,
      "a": 255
    },
    "_spriteFrame": {
      "__uuid__": "5d5f290b-4e1b-4580-8582-f9351a205c1a@f9941",
      "__expectedType__": "cc.SpriteFrame"
    },
    "_type": 0,
    "_fillType": 0,
    "_sizeMode": 0,
    "_fillCenter": {
      "__type__": "cc.Vec2",
      "x": 0,
      "y": 0
    },
    "_fillStart": 0,
    "_fillRange": 0,
    "_isTrimmedMode": true,
    "_useGrayscale": false,
    "_atlas": null,
    "_id": "d7q8TSEIVNHbJ92nPiWtFN"
  },
  {
    "__type__": "5718dl6wT1E0b4LHTzlkYMC",
    "_name": "",
    "_objFlags": 0,
    "__editorExtras__": {},
    "node": {
      "__id__": 47
    },
    "_enabled": true,
    "__prefab": null,
    "replaceby": "bg2",
    "_id": "20E5LtPuxDu5vBhcQ0Niem"
  },
  {
    "__type__": "cc.Node",
    "_name": "marca",
    "_objFlags": 0,
    "__editorExtras__": {},
    "_parent": {
      "__id__": 46
    },
    "_children": [],
    "_active": false,
    "_components": [
      {
        "__id__": 52
      },
      {
        "__id__": 53
      }
    ],
    "_prefab": null,
    "_lpos": {
      "__type__": "cc.Vec3",
      "x": 0,
      "y": -150,
      "z": 0
    },
    "_lrot": {
      "__type__": "cc.Quat",
      "x": 0,
      "y": 0,
      "z": 0,
      "w": 1
    },
    "_lscale": {
      "__type__": "cc.Vec3",
      "x": 0.3,
      "y": 0.2,
      "z": 1
    },
    "_mobility": 0,
    "_layer": 33554432,
    "_euler": {
      "__type__": "cc.Vec3",
      "x": 0,
      "y": 0,
      "z": 0
    },
    "_id": "17GyxugwdMVaX0fDdih3Uc"
  },
  {
    "__type__": "cc.UITransform",
    "_name": "",
    "_objFlags": 0,
    "__editorExtras__": {},
    "node": {
      "__id__": 51
    },
    "_enabled": true,
    "__prefab": null,
    "_contentSize": {
      "__type__": "cc.Size",
      "width": 920,
      "height": 387
    },
    "_anchorPoint": {
      "__type__": "cc.Vec2",
      "x": 0.5,
      "y": 0.5
    },
    "_id": "eav7WrxOFA44Gnwm1KoFUn"
  },
  {
    "__type__": "cc.Sprite",
    "_name": "",
    "_objFlags": 0,
    "__editorExtras__": {},
    "node": {
      "__id__": 51
    },
    "_enabled": true,
    "__prefab": null,
    "_customMaterial": null,
    "_srcBlendFactor": 2,
    "_dstBlendFactor": 4,
    "_color": {
      "__type__": "cc.Color",
      "r": 255,
      "g": 255,
      "b": 255,
      "a": 255
    },
    "_spriteFrame": {
      "__uuid__": "f6220ab7-67f3-4106-ab45-0cad9e2ceb91@f9941",
      "__expectedType__": "cc.SpriteFrame"
    },
    "_type": 0,
    "_fillType": 0,
    "_sizeMode": 2,
    "_fillCenter": {
      "__type__": "cc.Vec2",
      "x": 0,
      "y": 0
    },
    "_fillStart": 0,
    "_fillRange": 0,
    "_isTrimmedMode": true,
    "_useGrayscale": false,
    "_atlas": null,
    "_id": "245ASJUTZDFaSGeS3co/bb"
  },
  {
    "__type__": "cc.Node",
    "_name": "logo",
    "_objFlags": 0,
    "__editorExtras__": {},
    "_parent": {
      "__id__": 46
    },
    "_children": [],
    "_active": false,
    "_components": [
      {
        "__id__": 55
      },
      {
        "__id__": 56
      }
    ],
    "_prefab": null,
    "_lpos": {
      "__type__": "cc.Vec3",
      "x": 0,
      "y": 400,
      "z": 0
    },
    "_lrot": {
      "__type__": "cc.Quat",
      "x": 0,
      "y": 0,
      "z": 0,
      "w": 1
    },
    "_lscale": {
      "__type__": "cc.Vec3",
      "x": 1,
      "y": 1,
      "z": 1
    },
    "_mobility": 0,
    "_layer": 33554432,
    "_euler": {
      "__type__": "cc.Vec3",
      "x": 0,
      "y": 0,
      "z": 0
    },
    "_id": "93ul4Uih9A3p2c+6+0fGXG"
  },
  {
    "__type__": "cc.UITransform",
    "_name": "",
    "_objFlags": 0,
    "__editorExtras__": {},
    "node": {
      "__id__": 54
    },
    "_enabled": true,
    "__prefab": null,
    "_contentSize": {
      "__type__": "cc.Size",
      "width": 641,
      "height": 162
    },
    "_anchorPoint": {
      "__type__": "cc.Vec2",
      "x": 0.5,
      "y": 0.5
    },
    "_id": "07cA1IC9NLwJp2PU0rAAjO"
  },
  {
    "__type__": "cc.Sprite",
    "_name": "",
    "_objFlags": 0,
    "__editorExtras__": {},
    "node": {
      "__id__": 54
    },
    "_enabled": true,
    "__prefab": null,
    "_customMaterial": null,
    "_srcBlendFactor": 2,
    "_dstBlendFactor": 4,
    "_color": {
      "__type__": "cc.Color",
      "r": 255,
      "g": 255,
      "b": 255,
      "a": 255
    },
    "_spriteFrame": {
      "__uuid__": "1bd57e46-6a30-48cf-89d8-37174c75f27c@f9941",
      "__expectedType__": "cc.SpriteFrame"
    },
    "_type": 0,
    "_fillType": 0,
    "_sizeMode": 0,
    "_fillCenter": {
      "__type__": "cc.Vec2",
      "x": 0,
      "y": 0
    },
    "_fillStart": 0,
    "_fillRange": 0,
    "_isTrimmedMode": true,
    "_useGrayscale": false,
    "_atlas": null,
    "_id": "5cyHXyYLxEkp6hmsOgMJSD"
  },
  {
    "__type__": "cc.Node",
    "_name": "ScoreFinal",
    "_objFlags": 0,
    "__editorExtras__": {},
    "_parent": {
      "__id__": 46
    },
    "_children": [],
    "_active": true,
    "_components": [
      {
        "__id__": 58
      },
      {
        "__id__": 59
      }
    ],
    "_prefab": null,
    "_lpos": {
      "__type__": "cc.Vec3",
      "x": 0,
      "y": 25,
      "z": 0
    },
    "_lrot": {
      "__type__": "cc.Quat",
      "x": 0,
      "y": 0,
      "z": 0,
      "w": 1
    },
    "_lscale": {
      "__type__": "cc.Vec3",
      "x": 1,
      "y": 1,
      "z": 1
    },
    "_mobility": 0,
    "_layer": 33554432,
    "_euler": {
      "__type__": "cc.Vec3",
      "x": 0,
      "y": 0,
      "z": 0
    },
    "_id": "91MtieOuhC/bmXvgLLhgcP"
  },
  {
    "__type__": "cc.UITransform",
    "_name": "",
    "_objFlags": 0,
    "__editorExtras__": {},
    "node": {
      "__id__": 57
    },
    "_enabled": true,
    "__prefab": null,
    "_contentSize": {
      "__type__": "cc.Size",
      "width": 81.72000122070312,
      "height": 151.2
    },
    "_anchorPoint": {
      "__type__": "cc.Vec2",
      "x": 0.5,
      "y": 0.5
    },
    "_id": "9azHyHup5AqoZMAMLWL0KL"
  },
  {
    "__type__": "cc.Label",
    "_name": "",
    "_objFlags": 0,
    "__editorExtras__": {},
    "node": {
      "__id__": 57
    },
    "_enabled": true,
    "__prefab": null,
    "_customMaterial": null,
    "_srcBlendFactor": 2,
    "_dstBlendFactor": 4,
    "_color": {
      "__type__": "cc.Color",
      "r": 255,
      "g": 255,
      "b": 255,
      "a": 255
    },
    "_string": "0",
    "_horizontalAlign": 1,
    "_verticalAlign": 1,
    "_actualFontSize": 120,
    "_fontSize": 120,
    "_fontFamily": "Arial",
    "_lineHeight": 120,
    "_overflow": 0,
    "_enableWrapText": true,
    "_font": {
      "__uuid__": "0510f498-7ed0-4645-af91-58efac618e5e",
      "__expectedType__": "cc.TTFFont"
    },
    "_isSystemFontUsed": false,
    "_spacingX": 0,
    "_isItalic": false,
    "_isBold": true,
    "_isUnderline": false,
    "_underlineHeight": 2,
    "_cacheMode": 0,
    "_enableOutline": false,
    "_outlineColor": {
      "__type__": "cc.Color",
      "r": 10,
      "g": 30,
      "b": 63,
      "a": 255
    },
    "_outlineWidth": 5,
    "_enableShadow": false,
    "_shadowColor": {
      "__type__": "cc.Color",
      "r": 0,
      "g": 0,
      "b": 0,
      "a": 255
    },
    "_shadowOffset": {
      "__type__": "cc.Vec2",
      "x": 2,
      "y": 2
    },
    "_shadowBlur": 2,
    "_id": "c2yxGD9hhKmITnt5b/6uTw"
  },
  {
    "__type__": "cc.Node",
    "_name": "felicidades_estrellas",
    "_objFlags": 0,
    "__editorExtras__": {},
    "_parent": {
      "__id__": 46
    },
    "_children": [],
    "_active": false,
    "_components": [
      {
        "__id__": 61
      },
      {
        "__id__": 62
      }
    ],
    "_prefab": null,
    "_lpos": {
      "__type__": "cc.Vec3",
      "x": 0,
      "y": 150,
      "z": 0
    },
    "_lrot": {
      "__type__": "cc.Quat",
      "x": 0,
      "y": 0,
      "z": 0,
      "w": 1
    },
    "_lscale": {
      "__type__": "cc.Vec3",
      "x": 1,
      "y": 1,
      "z": 1
    },
    "_mobility": 0,
    "_layer": 33554432,
    "_euler": {
      "__type__": "cc.Vec3",
      "x": 0,
      "y": 0,
      "z": 0
    },
    "_id": "d2TIPbv/ZKS5xixZ4bJTzk"
  },
  {
    "__type__": "cc.UITransform",
    "_name": "",
    "_objFlags": 0,
    "__editorExtras__": {},
    "node": {
      "__id__": 60
    },
    "_enabled": true,
    "__prefab": null,
    "_contentSize": {
      "__type__": "cc.Size",
      "width": 361,
      "height": 54
    },
    "_anchorPoint": {
      "__type__": "cc.Vec2",
      "x": 0.5,
      "y": 0.5
    },
    "_id": "60WWiCQnJCCKffh+tuJ1P3"
  },
  {
    "__type__": "cc.Sprite",
    "_name": "",
    "_objFlags": 0,
    "__editorExtras__": {},
    "node": {
      "__id__": 60
    },
    "_enabled": true,
    "__prefab": null,
    "_customMaterial": null,
    "_srcBlendFactor": 2,
    "_dstBlendFactor": 4,
    "_color": {
      "__type__": "cc.Color",
      "r": 255,
      "g": 255,
      "b": 255,
      "a": 255
    },
    "_spriteFrame": {
      "__uuid__": "17ec04fc-dcf6-4fcc-9b54-0335db53db98@f9941",
      "__expectedType__": "cc.SpriteFrame"
    },
    "_type": 0,
    "_fillType": 0,
    "_sizeMode": 1,
    "_fillCenter": {
      "__type__": "cc.Vec2",
      "x": 0,
      "y": 0
    },
    "_fillStart": 0,
    "_fillRange": 0,
    "_isTrimmedMode": true,
    "_useGrayscale": false,
    "_atlas": null,
    "_id": "6bZAmw8XBEy7fCvrDQZRoF"
  },
  {
    "__type__": "cc.Node",
    "_name": "volver",
    "_objFlags": 0,
    "__editorExtras__": {},
    "_parent": {
      "__id__": 46
    },
    "_children": [],
    "_active": true,
    "_components": [
      {
        "__id__": 64
      },
      {
        "__id__": 65
      },
      {
        "__id__": 66
      },
      {
        "__id__": 69
      },
      {
        "__id__": 70
      }
    ],
    "_prefab": null,
    "_lpos": {
      "__type__": "cc.Vec3",
      "x": 0,
      "y": -170,
      "z": 0
    },
    "_lrot": {
      "__type__": "cc.Quat",
      "x": 0,
      "y": 0,
      "z": 0,
      "w": 1
    },
    "_lscale": {
      "__type__": "cc.Vec3",
      "x": 1,
      "y": 1,
      "z": 1
    },
    "_mobility": 0,
    "_layer": 33554432,
    "_euler": {
      "__type__": "cc.Vec3",
      "x": 0,
      "y": 0,
      "z": 0
    },
    "_id": "09N/gpF/1PtLwSzsYf6aCP"
  },
  {
    "__type__": "cc.UITransform",
    "_name": "",
    "_objFlags": 0,
    "__editorExtras__": {},
    "node": {
      "__id__": 63
    },
    "_enabled": true,
    "__prefab": null,
    "_contentSize": {
      "__type__": "cc.Size",
      "width": 329,
      "height": 131
    },
    "_anchorPoint": {
      "__type__": "cc.Vec2",
      "x": 0.5,
      "y": 0.5
    },
    "_id": "75mr5/N01Np53y3BRyiG2n"
  },
  {
    "__type__": "cc.Sprite",
    "_name": "",
    "_objFlags": 0,
    "__editorExtras__": {},
    "node": {
      "__id__": 63
    },
    "_enabled": true,
    "__prefab": null,
    "_customMaterial": null,
    "_srcBlendFactor": 2,
    "_dstBlendFactor": 4,
    "_color": {
      "__type__": "cc.Color",
      "r": 255,
      "g": 255,
      "b": 255,
      "a": 255
    },
    "_spriteFrame": {
      "__uuid__": "b2e68f18-79b9-4c52-813b-a8b70d725b10@f9941",
      "__expectedType__": "cc.SpriteFrame"
    },
    "_type": 1,
    "_fillType": 0,
    "_sizeMode": 2,
    "_fillCenter": {
      "__type__": "cc.Vec2",
      "x": 0,
      "y": 0
    },
    "_fillStart": 0,
    "_fillRange": 0,
    "_isTrimmedMode": true,
    "_useGrayscale": false,
    "_atlas": null,
    "_id": "05cD5zwItPVq9m7gGy3cTq"
  },
  {
    "__type__": "cc.Button",
    "_name": "",
    "_objFlags": 0,
    "__editorExtras__": {},
    "node": {
      "__id__": 63
    },
    "_enabled": true,
    "__prefab": null,
    "clickEvents": [
      {
        "__id__": 67
      },
      {
        "__id__": 68
      }
    ],
    "_interactable": true,
    "_transition": 2,
    "_normalColor": {
      "__type__": "cc.Color",
      "r": 214,
      "g": 214,
      "b": 214,
      "a": 255
    },
    "_hoverColor": {
      "__type__": "cc.Color",
      "r": 211,
      "g": 211,
      "b": 211,
      "a": 255
    },
    "_pressedColor": {
      "__type__": "cc.Color",
      "r": 255,
      "g": 255,
      "b": 255,
      "a": 255
    },
    "_disabledColor": {
      "__type__": "cc.Color",
      "r": 124,
      "g": 124,
      "b": 124,
      "a": 255
    },
    "_normalSprite": {
      "__uuid__": "b2e68f18-79b9-4c52-813b-a8b70d725b10@f9941",
      "__expectedType__": "cc.SpriteFrame"
    },
    "_hoverSprite": {
      "__uuid__": "b6fb20b9-acc2-4e88-bf09-f74ec4ffd8ce@f9941",
      "__expectedType__": "cc.SpriteFrame"
    },
    "_pressedSprite": {
      "__uuid__": "906a53f9-cc69-43ca-bd23-a23f59dd79ab@f9941",
      "__expectedType__": "cc.SpriteFrame"
    },
    "_disabledSprite": {
      "__uuid__": "951249e0-9f16-456d-8b85-a6ca954da16b@f9941",
      "__expectedType__": "cc.SpriteFrame"
    },
    "_duration": 0.1,
    "_zoomScale": 1.2,
    "_target": {
      "__id__": 63
    },
    "_id": "867K3PzdxMv6JV3TyuyHPJ"
  },
  {
    "__type__": "cc.ClickEvent",
    "target": {
      "__id__": 63
    },
    "component": "",
    "_componentId": "a48baiLPJZH0ZuTOXOehLF3",
    "handler": "Carga",
    "customEventData": ""
  },
  {
    "__type__": "cc.ClickEvent",
    "target": {
      "__id__": 63
    },
    "component": "",
    "_componentId": "5e11d18jTBO4YBl65WCnuIK",
    "handler": "sendMessageToReset",
    "customEventData": ""
  },
  {
    "__type__": "a48baiLPJZH0ZuTOXOehLF3",
    "_name": "",
    "_objFlags": 0,
    "__editorExtras__": {},
    "node": {
      "__id__": 63
    },
    "_enabled": true,
    "__prefab": null,
    "name2": "inicio",
    "_id": "d5jod7f/hFL5q1nfxub0Go"
  },
  {
    "__type__": "5e11d18jTBO4YBl65WCnuIK",
    "_name": "",
    "_objFlags": 0,
    "__editorExtras__": {},
    "node": {
      "__id__": 63
    },
    "_enabled": true,
    "__prefab": null,
    "manScore": null,
    "_id": "40tOqrbopG367GBnzVY7Ef"
  },
  {
    "__type__": "cc.Node",
    "_name": "salir",
    "_objFlags": 0,
    "__editorExtras__": {},
    "_parent": {
      "__id__": 46
    },
    "_children": [],
    "_active": true,
    "_components": [
      {
        "__id__": 72
      },
      {
        "__id__": 73
      },
      {
        "__id__": 74
      },
      {
        "__id__": 76
      }
    ],
    "_prefab": null,
    "_lpos": {
      "__type__": "cc.Vec3",
      "x": 0,
      "y": -300,
      "z": 0
    },
    "_lrot": {
      "__type__": "cc.Quat",
      "x": 0,
      "y": 0,
      "z": 0,
      "w": 1
    },
    "_lscale": {
      "__type__": "cc.Vec3",
      "x": 0.8,
      "y": 0.8,
      "z": 1
    },
    "_mobility": 0,
    "_layer": 33554432,
    "_euler": {
      "__type__": "cc.Vec3",
      "x": 0,
      "y": 0,
      "z": 0
    },
    "_id": "bcGOql7yNKG4ebBe5+j0AG"
  },
  {
    "__type__": "cc.UITransform",
    "_name": "",
    "_objFlags": 0,
    "__editorExtras__": {},
    "node": {
      "__id__": 71
    },
    "_enabled": true,
    "__prefab": null,
    "_contentSize": {
      "__type__": "cc.Size",
      "width": 329,
      "height": 131
    },
    "_anchorPoint": {
      "__type__": "cc.Vec2",
      "x": 0.5,
      "y": 0.5
    },
    "_id": "34LltX5VNFXYrgWjBvxcmY"
  },
  {
    "__type__": "cc.Sprite",
    "_name": "",
    "_objFlags": 0,
    "__editorExtras__": {},
    "node": {
      "__id__": 71
    },
    "_enabled": true,
    "__prefab": null,
    "_customMaterial": null,
    "_srcBlendFactor": 2,
    "_dstBlendFactor": 4,
    "_color": {
      "__type__": "cc.Color",
      "r": 255,
      "g": 255,
      "b": 255,
      "a": 255
    },
    "_spriteFrame": {
      "__uuid__": "2bd54f1e-966a-4faa-8b98-f9627378242c@f9941",
      "__expectedType__": "cc.SpriteFrame"
    },
    "_type": 1,
    "_fillType": 0,
    "_sizeMode": 2,
    "_fillCenter": {
      "__type__": "cc.Vec2",
      "x": 0,
      "y": 0
    },
    "_fillStart": 0,
    "_fillRange": 0,
    "_isTrimmedMode": true,
    "_useGrayscale": false,
    "_atlas": null,
    "_id": "abjm4FjN9Fzq7rolgK1Qah"
  },
  {
    "__type__": "cc.Button",
    "_name": "",
    "_objFlags": 0,
    "__editorExtras__": {},
    "node": {
      "__id__": 71
    },
    "_enabled": true,
    "__prefab": null,
    "clickEvents": [
      {
        "__id__": 75
      }
    ],
    "_interactable": true,
    "_transition": 2,
    "_normalColor": {
      "__type__": "cc.Color",
      "r": 214,
      "g": 214,
      "b": 214,
      "a": 255
    },
    "_hoverColor": {
      "__type__": "cc.Color",
      "r": 211,
      "g": 211,
      "b": 211,
      "a": 255
    },
    "_pressedColor": {
      "__type__": "cc.Color",
      "r": 255,
      "g": 255,
      "b": 255,
      "a": 255
    },
    "_disabledColor": {
      "__type__": "cc.Color",
      "r": 124,
      "g": 124,
      "b": 124,
      "a": 255
    },
    "_normalSprite": {
      "__uuid__": "2bd54f1e-966a-4faa-8b98-f9627378242c@f9941",
      "__expectedType__": "cc.SpriteFrame"
    },
    "_hoverSprite": {
      "__uuid__": "c7e2c28d-d214-4fb9-9c54-cc8c972089a7@f9941",
      "__expectedType__": "cc.SpriteFrame"
    },
    "_pressedSprite": {
      "__uuid__": "d44596a6-028f-42e8-b2a0-ea4f3a1ef8e0@f9941",
      "__expectedType__": "cc.SpriteFrame"
    },
    "_disabledSprite": {
      "__uuid__": "951249e0-9f16-456d-8b85-a6ca954da16b@f9941",
      "__expectedType__": "cc.SpriteFrame"
    },
    "_duration": 0.1,
    "_zoomScale": 1.2,
    "_target": {
      "__id__": 71
    },
    "_id": "26J3/V7V5Jk5Se/nxjxFnl"
  },
  {
    "__type__": "cc.ClickEvent",
    "target": {
      "__id__": 71
    },
    "component": "",
    "_componentId": "5e11d18jTBO4YBl65WCnuIK",
    "handler": "sendMessageToExit",
    "customEventData": ""
  },
  {
    "__type__": "5e11d18jTBO4YBl65WCnuIK",
    "_name": "",
    "_objFlags": 0,
    "__editorExtras__": {},
    "node": {
      "__id__": 71
    },
    "_enabled": true,
    "__prefab": null,
    "manScore": null,
    "_id": "33sfKnKCtLV54X67lKuvW4"
  },
  {
    "__type__": "cc.Node",
    "_name": "felicidades",
    "_objFlags": 0,
    "__editorExtras__": {},
    "_parent": {
      "__id__": 46
    },
    "_children": [],
    "_active": false,
    "_components": [
      {
        "__id__": 78
      },
      {
        "__id__": 79
      }
    ],
    "_prefab": null,
    "_lpos": {
      "__type__": "cc.Vec3",
      "x": 0,
      "y": 170,
      "z": 0
    },
    "_lrot": {
      "__type__": "cc.Quat",
      "x": 0,
      "y": 0,
      "z": 0,
      "w": 1
    },
    "_lscale": {
      "__type__": "cc.Vec3",
      "x": 1,
      "y": 1,
      "z": 1
    },
    "_mobility": 0,
    "_layer": 33554432,
    "_euler": {
      "__type__": "cc.Vec3",
      "x": 0,
      "y": 0,
      "z": 0
    },
    "_id": "65avBY97FGvoCZkxxM10YP"
  },
  {
    "__type__": "cc.UITransform",
    "_name": "",
    "_objFlags": 0,
    "__editorExtras__": {},
    "node": {
      "__id__": 77
    },
    "_enabled": true,
    "__prefab": null,
    "_contentSize": {
      "__type__": "cc.Size",
      "width": 281.5198974609375,
      "height": 56.7
    },
    "_anchorPoint": {
      "__type__": "cc.Vec2",
      "x": 0.5,
      "y": 0.5
    },
    "_id": "37OJgsTyBCi5Qsh13SpOaf"
  },
  {
    "__type__": "cc.Label",
    "_name": "",
    "_objFlags": 0,
    "__editorExtras__": {},
    "node": {
      "__id__": 77
    },
    "_enabled": true,
    "__prefab": null,
    "_customMaterial": null,
    "_srcBlendFactor": 2,
    "_dstBlendFactor": 4,
    "_color": {
      "__type__": "cc.Color",
      "r": 255,
      "g": 255,
      "b": 255,
      "a": 255
    },
    "_string": "¡Felicidades!",
    "_horizontalAlign": 1,
    "_verticalAlign": 1,
    "_actualFontSize": 45,
    "_fontSize": 45,
    "_fontFamily": "Arial",
    "_lineHeight": 45,
    "_overflow": 0,
    "_enableWrapText": true,
    "_font": {
      "__uuid__": "0510f498-7ed0-4645-af91-58efac618e5e",
      "__expectedType__": "cc.TTFFont"
    },
    "_isSystemFontUsed": false,
    "_spacingX": 0,
    "_isItalic": false,
    "_isBold": true,
    "_isUnderline": false,
    "_underlineHeight": 2,
    "_cacheMode": 0,
    "_enableOutline": false,
    "_outlineColor": {
      "__type__": "cc.Color",
      "r": 10,
      "g": 30,
      "b": 63,
      "a": 255
    },
    "_outlineWidth": 5,
    "_enableShadow": false,
    "_shadowColor": {
      "__type__": "cc.Color",
      "r": 0,
      "g": 0,
      "b": 0,
      "a": 255
    },
    "_shadowOffset": {
      "__type__": "cc.Vec2",
      "x": 2,
      "y": 2
    },
    "_shadowBlur": 2,
    "_id": "64UrQ71LBGsovodZp6N3Fv"
  },
  {
    "__type__": "cc.Node",
    "_name": "volver a intentar ",
    "_objFlags": 0,
    "__editorExtras__": {},
    "_parent": {
      "__id__": 46
    },
    "_children": [],
    "_active": false,
    "_components": [
      {
        "__id__": 81
      },
      {
        "__id__": 82
      }
    ],
    "_prefab": null,
    "_lpos": {
      "__type__": "cc.Vec3",
      "x": 0,
      "y": 170,
      "z": 0
    },
    "_lrot": {
      "__type__": "cc.Quat",
      "x": 0,
      "y": 0,
      "z": 0,
      "w": 1
    },
    "_lscale": {
      "__type__": "cc.Vec3",
      "x": 1,
      "y": 1,
      "z": 1
    },
    "_mobility": 0,
    "_layer": 33554432,
    "_euler": {
      "__type__": "cc.Vec3",
      "x": 0,
      "y": 0,
      "z": 0
    },
    "_id": "44ln1D0oRHXL6duxgaw0l2"
  },
  {
    "__type__": "cc.UITransform",
    "_name": "",
    "_objFlags": 0,
    "__editorExtras__": {},
    "node": {
      "__id__": 80
    },
    "_enabled": true,
    "__prefab": null,
    "_contentSize": {
      "__type__": "cc.Size",
      "width": 434.6548767089844,
      "height": 56.7
    },
    "_anchorPoint": {
      "__type__": "cc.Vec2",
      "x": 0.5,
      "y": 0.5
    },
    "_id": "a27pMqN49AQ7HEh1mWkHl4"
  },
  {
    "__type__": "cc.Label",
    "_name": "",
    "_objFlags": 0,
    "__editorExtras__": {},
    "node": {
      "__id__": 80
    },
    "_enabled": true,
    "__prefab": null,
    "_customMaterial": null,
    "_srcBlendFactor": 2,
    "_dstBlendFactor": 4,
    "_color": {
      "__type__": "cc.Color",
      "r": 255,
      "g": 255,
      "b": 255,
      "a": 255
    },
    "_string": "vuelve a intentar...",
    "_horizontalAlign": 1,
    "_verticalAlign": 1,
    "_actualFontSize": 45,
    "_fontSize": 45,
    "_fontFamily": "Arial",
    "_lineHeight": 45,
    "_overflow": 0,
    "_enableWrapText": true,
    "_font": {
      "__uuid__": "0510f498-7ed0-4645-af91-58efac618e5e",
      "__expectedType__": "cc.TTFFont"
    },
    "_isSystemFontUsed": false,
    "_spacingX": 0,
    "_isItalic": false,
    "_isBold": true,
    "_isUnderline": false,
    "_underlineHeight": 2,
    "_cacheMode": 0,
    "_enableOutline": false,
    "_outlineColor": {
      "__type__": "cc.Color",
      "r": 10,
      "g": 30,
      "b": 63,
      "a": 255
    },
    "_outlineWidth": 5,
    "_enableShadow": false,
    "_shadowColor": {
      "__type__": "cc.Color",
      "r": 0,
      "g": 0,
      "b": 0,
      "a": 255
    },
    "_shadowOffset": {
      "__type__": "cc.Vec2",
      "x": 2,
      "y": 2
    },
    "_shadowBlur": 2,
    "_id": "aaYWNopv1LUb+P1xSwBRKg"
  },
  {
    "__type__": "cc.UITransform",
    "_name": "",
    "_objFlags": 0,
    "__editorExtras__": {},
    "node": {
      "__id__": 46
    },
    "_enabled": true,
    "__prefab": null,
    "_contentSize": {
      "__type__": "cc.Size",
      "width": 640,
      "height": 960
    },
    "_anchorPoint": {
      "__type__": "cc.Vec2",
      "x": 0.5,
      "y": 0.5
    },
    "_id": "cdTNBAEiZAObX7zwoMJ5IP"
  },
  {
    "__type__": "cc.UITransform",
    "_name": "",
    "_objFlags": 0,
    "__editorExtras__": {},
    "node": {
      "__id__": 28
    },
    "_enabled": true,
    "__prefab": null,
    "_contentSize": {
      "__type__": "cc.Size",
      "width": 100,
      "height": 100
    },
    "_anchorPoint": {
      "__type__": "cc.Vec2",
      "x": 0.5,
      "y": 0.5
    },
    "_id": "09phbIkwBO0qVQ+ngq3wAE"
  },
  {
    "__type__": "cc.Node",
    "_name": "pn",
    "_objFlags": 0,
    "__editorExtras__": {},
    "_parent": {
      "__id__": 2
    },
    "_children": [],
    "_active": true,
    "_components": [
      {
        "__id__": 86
      },
      {
        "__id__": 87
      }
    ],
    "_prefab": null,
    "_lpos": {
      "__type__": "cc.Vec3",
      "x": 0,
      "y": 960,
      "z": 0
    },
    "_lrot": {
      "__type__": "cc.Quat",
      "x": 0,
      "y": 0,
      "z": 0,
      "w": 1
    },
    "_lscale": {
      "__type__": "cc.Vec3",
      "x": 1,
      "y": 1,
      "z": 1
    },
    "_mobility": 0,
    "_layer": 33554432,
    "_euler": {
      "__type__": "cc.Vec3",
      "x": 0,
      "y": 0,
      "z": 0
    },
    "_id": "7dSD7GvT9ABop0jZQbquGT"
  },
  {
    "__type__": "cc.UITransform",
    "_name": "",
    "_objFlags": 0,
    "__editorExtras__": {},
    "node": {
      "__id__": 85
    },
    "_enabled": true,
    "__prefab": null,
    "_contentSize": {
      "__type__": "cc.Size",
      "width": 640,
      "height": 960
    },
    "_anchorPoint": {
      "__type__": "cc.Vec2",
      "x": 0.5,
      "y": 0.5
    },
    "_id": "7eVZ03sGxLeagM0atsCGWf"
  },
  {
    "__type__": "cc.Sprite",
    "_name": "",
    "_objFlags": 0,
    "__editorExtras__": {},
    "node": {
      "__id__": 85
    },
    "_enabled": true,
    "__prefab": null,
    "_customMaterial": null,
    "_srcBlendFactor": 2,
    "_dstBlendFactor": 4,
    "_color": {
      "__type__": "cc.Color",
      "r": 0,
      "g": 0,
      "b": 0,
      "a": 255
    },
    "_spriteFrame": {
      "__uuid__": "7cdca724-8c21-456b-883d-e070d35289f6@f9941",
      "__expectedType__": "cc.SpriteFrame"
    },
    "_type": 0,
    "_fillType": 0,
    "_sizeMode": 0,
    "_fillCenter": {
      "__type__": "cc.Vec2",
      "x": 0,
      "y": 0
    },
    "_fillStart": 0,
    "_fillRange": 0,
    "_isTrimmedMode": true,
    "_useGrayscale": false,
    "_atlas": null,
    "_id": "a1yWfDTPxPy7Ik+ENQOwxt"
  },
  {
    "__type__": "cc.Node",
    "_name": "pn-001",
    "_objFlags": 0,
    "__editorExtras__": {},
    "_parent": {
      "__id__": 2
    },
    "_children": [],
    "_active": true,
    "_components": [
      {
        "__id__": 89
      },
      {
        "__id__": 90
      }
    ],
    "_prefab": null,
    "_lpos": {
      "__type__": "cc.Vec3",
      "x": 0,
      "y": -960,
      "z": 0
    },
    "_lrot": {
      "__type__": "cc.Quat",
      "x": 0,
      "y": 0,
      "z": 0,
      "w": 1
    },
    "_lscale": {
      "__type__": "cc.Vec3",
      "x": 1,
      "y": 1,
      "z": 1
    },
    "_mobility": 0,
    "_layer": 33554432,
    "_euler": {
      "__type__": "cc.Vec3",
      "x": 0,
      "y": 0,
      "z": 0
    },
    "_id": "05Gk6BC0NIF4y2aXYkFDQx"
  },
  {
    "__type__": "cc.UITransform",
    "_name": "",
    "_objFlags": 0,
    "__editorExtras__": {},
    "node": {
      "__id__": 88
    },
    "_enabled": true,
    "__prefab": null,
    "_contentSize": {
      "__type__": "cc.Size",
      "width": 640,
      "height": 960
    },
    "_anchorPoint": {
      "__type__": "cc.Vec2",
      "x": 0.5,
      "y": 0.5
    },
    "_id": "b9Xzc6lWpH2YKBnuGpZnU3"
  },
  {
    "__type__": "cc.Sprite",
    "_name": "",
    "_objFlags": 0,
    "__editorExtras__": {},
    "node": {
      "__id__": 88
    },
    "_enabled": true,
    "__prefab": null,
    "_customMaterial": null,
    "_srcBlendFactor": 2,
    "_dstBlendFactor": 4,
    "_color": {
      "__type__": "cc.Color",
      "r": 0,
      "g": 0,
      "b": 0,
      "a": 255
    },
    "_spriteFrame": {
      "__uuid__": "7cdca724-8c21-456b-883d-e070d35289f6@f9941",
      "__expectedType__": "cc.SpriteFrame"
    },
    "_type": 0,
    "_fillType": 0,
    "_sizeMode": 0,
    "_fillCenter": {
      "__type__": "cc.Vec2",
      "x": 0,
      "y": 0
    },
    "_fillStart": 0,
    "_fillRange": 0,
    "_isTrimmedMode": true,
    "_useGrayscale": false,
    "_atlas": null,
    "_id": "f4zSHbS/ZMjaejz5dGf8ZY"
  },
  {
    "__type__": "cc.Node",
    "_name": "pn-002",
    "_objFlags": 0,
    "__editorExtras__": {},
    "_parent": {
      "__id__": 2
    },
    "_children": [],
    "_active": true,
    "_components": [
      {
        "__id__": 92
      },
      {
        "__id__": 93
      }
    ],
    "_prefab": null,
    "_lpos": {
      "__type__": "cc.Vec3",
      "x": 640,
      "y": 0,
      "z": 0
    },
    "_lrot": {
      "__type__": "cc.Quat",
      "x": 0,
      "y": 0,
      "z": 0,
      "w": 1
    },
    "_lscale": {
      "__type__": "cc.Vec3",
      "x": 1,
      "y": 1,
      "z": 1
    },
    "_mobility": 0,
    "_layer": 33554432,
    "_euler": {
      "__type__": "cc.Vec3",
      "x": 0,
      "y": 0,
      "z": 0
    },
    "_id": "0d4nFA0jFLxIzMQh2e1WzK"
  },
  {
    "__type__": "cc.UITransform",
    "_name": "",
    "_objFlags": 0,
    "__editorExtras__": {},
    "node": {
      "__id__": 91
    },
    "_enabled": true,
    "__prefab": null,
    "_contentSize": {
      "__type__": "cc.Size",
      "width": 640,
      "height": 960
    },
    "_anchorPoint": {
      "__type__": "cc.Vec2",
      "x": 0.5,
      "y": 0.5
    },
    "_id": "83aSd3pHxN+oe3TzyP2Xo3"
  },
  {
    "__type__": "cc.Sprite",
    "_name": "",
    "_objFlags": 0,
    "__editorExtras__": {},
    "node": {
      "__id__": 91
    },
    "_enabled": true,
    "__prefab": null,
    "_customMaterial": null,
    "_srcBlendFactor": 2,
    "_dstBlendFactor": 4,
    "_color": {
      "__type__": "cc.Color",
      "r": 0,
      "g": 0,
      "b": 0,
      "a": 255
    },
    "_spriteFrame": {
      "__uuid__": "7cdca724-8c21-456b-883d-e070d35289f6@f9941",
      "__expectedType__": "cc.SpriteFrame"
    },
    "_type": 0,
    "_fillType": 0,
    "_sizeMode": 0,
    "_fillCenter": {
      "__type__": "cc.Vec2",
      "x": 0,
      "y": 0
    },
    "_fillStart": 0,
    "_fillRange": 0,
    "_isTrimmedMode": true,
    "_useGrayscale": false,
    "_atlas": null,
    "_id": "e6qFF1+SJO4qjoynlZe+ff"
  },
  {
    "__type__": "cc.Node",
    "_name": "pn-003",
    "_objFlags": 0,
    "__editorExtras__": {},
    "_parent": {
      "__id__": 2
    },
    "_children": [],
    "_active": true,
    "_components": [
      {
        "__id__": 95
      },
      {
        "__id__": 96
      }
    ],
    "_prefab": null,
    "_lpos": {
      "__type__": "cc.Vec3",
      "x": -640,
      "y": 0,
      "z": 0
    },
    "_lrot": {
      "__type__": "cc.Quat",
      "x": 0,
      "y": 0,
      "z": 0,
      "w": 1
    },
    "_lscale": {
      "__type__": "cc.Vec3",
      "x": 1,
      "y": 1,
      "z": 1
    },
    "_mobility": 0,
    "_layer": 33554432,
    "_euler": {
      "__type__": "cc.Vec3",
      "x": 0,
      "y": 0,
      "z": 0
    },
    "_id": "e4Wcj3OrhDUJlfvbdZJH0Q"
  },
  {
    "__type__": "cc.UITransform",
    "_name": "",
    "_objFlags": 0,
    "__editorExtras__": {},
    "node": {
      "__id__": 94
    },
    "_enabled": true,
    "__prefab": null,
    "_contentSize": {
      "__type__": "cc.Size",
      "width": 640,
      "height": 960
    },
    "_anchorPoint": {
      "__type__": "cc.Vec2",
      "x": 0.5,
      "y": 0.5
    },
    "_id": "a9yz9TZv5CcbKj8CQ4pvtU"
  },
  {
    "__type__": "cc.Sprite",
    "_name": "",
    "_objFlags": 0,
    "__editorExtras__": {},
    "node": {
      "__id__": 94
    },
    "_enabled": true,
    "__prefab": null,
    "_customMaterial": null,
    "_srcBlendFactor": 2,
    "_dstBlendFactor": 4,
    "_color": {
      "__type__": "cc.Color",
      "r": 0,
      "g": 0,
      "b": 0,
      "a": 255
    },
    "_spriteFrame": {
      "__uuid__": "7cdca724-8c21-456b-883d-e070d35289f6@f9941",
      "__expectedType__": "cc.SpriteFrame"
    },
    "_type": 0,
    "_fillType": 0,
    "_sizeMode": 0,
    "_fillCenter": {
      "__type__": "cc.Vec2",
      "x": 0,
      "y": 0
    },
    "_fillStart": 0,
    "_fillRange": 0,
    "_isTrimmedMode": true,
    "_useGrayscale": false,
    "_atlas": null,
    "_id": "64slW0fnBCm58zazkQOoln"
  },
  {
    "__type__": "cc.Node",
    "_name": "canasta",
    "_objFlags": 0,
    "__editorExtras__": {},
    "_parent": {
      "__id__": 2
    },
    "_children": [],
    "_active": true,
    "_components": [
      {
        "__id__": 98
      },
      {
        "__id__": 99
      },
      {
        "__id__": 100
      },
      {
        "__id__": 101
      }
    ],
    "_prefab": null,
    "_lpos": {
      "__type__": "cc.Vec3",
      "x": 0,
      "y": -1578.184,
      "z": 0
    },
    "_lrot": {
      "__type__": "cc.Quat",
      "x": 0,
      "y": 0,
      "z": 0,
      "w": 1
    },
    "_lscale": {
      "__type__": "cc.Vec3",
      "x": 1,
      "y": 1,
      "z": 1
    },
    "_mobility": 0,
    "_layer": 1073741824,
    "_euler": {
      "__type__": "cc.Vec3",
      "x": 0,
      "y": 0,
      "z": 0
    },
    "_id": "cbMc+GYdxJ97PU+ymRp/s4"
  },
  {
    "__type__": "cc.BoxCollider2D",
    "_name": "",
    "_objFlags": 0,
    "__editorExtras__": {},
    "node": {
      "__id__": 97
    },
    "_enabled": true,
    "__prefab": null,
    "tag": 0,
    "_group": 8,
    "_density": 1,
    "_sensor": false,
    "_friction": 2,
    "_restitution": 0,
    "_offset": {
      "__type__": "cc.Vec2",
      "x": 0,
      "y": 0
    },
    "_size": {
      "__type__": "cc.Size",
      "width": 2000,
      "height": 500
    },
    "_id": "3fgH0IkzZFdZULTbTbk4TY"
  },
  {
    "__type__": "cc.RigidBody2D",
    "_name": "",
    "_objFlags": 0,
    "__editorExtras__": {},
    "node": {
      "__id__": 97
    },
    "_enabled": true,
    "__prefab": null,
    "enabledContactListener": true,
    "bullet": false,
    "awakeOnLoad": true,
    "_group": 8,
    "_type": 1,
    "_allowSleep": false,
    "_gravityScale": 1,
    "_linearDamping": 0,
    "_angularDamping": 0,
    "_linearVelocity": {
      "__type__": "cc.Vec2",
      "x": 0,
      "y": 0
    },
    "_angularVelocity": 0,
    "_fixedRotation": false,
    "_id": "abcpUh68pPe7wa9og1SOmI"
  },
  {
    "__type__": "cc.BoxCollider2D",
    "_name": "",
    "_objFlags": 0,
    "__editorExtras__": {},
    "node": {
      "__id__": 97
    },
    "_enabled": true,
    "__prefab": null,
    "tag": 0,
    "_group": 8,
    "_density": 1,
    "_sensor": false,
    "_friction": 2,
    "_restitution": 0,
    "_offset": {
      "__type__": "cc.Vec2",
      "x": -600,
      "y": 600
    },
    "_size": {
      "__type__": "cc.Size",
      "width": 500,
      "height": 1000
    },
    "_id": "7c9s2+ssNBep1F/kL2vUl5"
  },
  {
    "__type__": "cc.BoxCollider2D",
    "_name": "",
    "_objFlags": 0,
    "__editorExtras__": {},
    "node": {
      "__id__": 97
    },
    "_enabled": true,
    "__prefab": null,
    "tag": 0,
    "_group": 8,
    "_density": 1,
    "_sensor": false,
    "_friction": 2,
    "_restitution": 0,
    "_offset": {
      "__type__": "cc.Vec2",
      "x": 600,
      "y": 600
    },
    "_size": {
      "__type__": "cc.Size",
      "width": 500,
      "height": 1000
    },
    "_id": "6bcFmoWmJHE44ciQ/J7l03"
  },
  {
    "__type__": "cc.Node",
    "_name": "Marco",
    "_objFlags": 0,
    "__editorExtras__": {},
    "_parent": {
      "__id__": 2
    },
    "_children": [],
    "_active": true,
    "_components": [
      {
        "__id__": 103
      },
      {
        "__id__": 104
      },
      {
        "__id__": 105
      }
    ],
    "_prefab": null,
    "_lpos": {
      "__type__": "cc.Vec3",
      "x": 0,
      "y": 0,
      "z": 0
    },
    "_lrot": {
      "__type__": "cc.Quat",
      "x": 0,
      "y": 0,
      "z": 0,
      "w": 1
    },
    "_lscale": {
      "__type__": "cc.Vec3",
      "x": 1,
      "y": 1,
      "z": 1
    },
    "_mobility": 0,
    "_layer": 33554432,
    "_euler": {
      "__type__": "cc.Vec3",
      "x": 0,
      "y": 0,
      "z": 0
    },
    "_id": "04uxzMdSxNYLJzl9tbDkd9"
  },
  {
    "__type__": "cc.UITransform",
    "_name": "",
    "_objFlags": 0,
    "__editorExtras__": {},
    "node": {
      "__id__": 102
    },
    "_enabled": true,
    "__prefab": null,
    "_contentSize": {
      "__type__": "cc.Size",
      "width": 640,
      "height": 960
    },
    "_anchorPoint": {
      "__type__": "cc.Vec2",
      "x": 0.5,
      "y": 0.5
    },
    "_id": "ec6XG0DGhCaJCzUoqfjiTL"
  },
  {
    "__type__": "cc.Sprite",
    "_name": "",
    "_objFlags": 0,
    "__editorExtras__": {},
    "node": {
      "__id__": 102
    },
    "_enabled": true,
    "__prefab": null,
    "_customMaterial": null,
    "_srcBlendFactor": 2,
    "_dstBlendFactor": 4,
    "_color": {
      "__type__": "cc.Color",
      "r": 255,
      "g": 255,
      "b": 255,
      "a": 255
    },
    "_spriteFrame": {
      "__uuid__": "6fb3214e-9efc-4ca5-97c5-ac6998099fd7@f9941",
      "__expectedType__": "cc.SpriteFrame"
    },
    "_type": 0,
    "_fillType": 0,
    "_sizeMode": 0,
    "_fillCenter": {
      "__type__": "cc.Vec2",
      "x": 0,
      "y": 0
    },
    "_fillStart": 0,
    "_fillRange": 0,
    "_isTrimmedMode": true,
    "_useGrayscale": false,
    "_atlas": null,
    "_id": "det9S5f0RJXYL7/IVwo2mF"
  },
  {
    "__type__": "5718dl6wT1E0b4LHTzlkYMC",
    "_name": "",
    "_objFlags": 0,
    "__editorExtras__": {},
    "node": {
      "__id__": 102
    },
    "_enabled": true,
    "__prefab": null,
    "replaceby": "bg2",
    "_id": "9fGAcWURZHMol/d/t7s1Gm"
  },
  {
    "__type__": "cc.UITransform",
    "_name": "",
    "_objFlags": 0,
    "__editorExtras__": {},
    "node": {
      "__id__": 2
    },
    "_enabled": true,
    "__prefab": null,
    "_contentSize": {
      "__type__": "cc.Size",
      "width": 640,
      "height": 960
    },
    "_anchorPoint": {
      "__type__": "cc.Vec2",
      "x": 0.5,
      "y": 0.5
    },
    "_id": "d6rUX5yfhMlKoWX2bSbawx"
  },
  {
    "__type__": "cc.Canvas",
    "_name": "",
    "_objFlags": 0,
    "__editorExtras__": {},
    "node": {
      "__id__": 2
    },
    "_enabled": true,
    "__prefab": null,
    "_cameraComponent": {
      "__id__": 4
    },
    "_alignCanvasWithScreen": true,
    "_id": "12O/ljcVlEqLmVm3U2gEOQ"
  },
  {
    "__type__": "cc.Widget",
    "_name": "",
    "_objFlags": 0,
    "__editorExtras__": {},
    "node": {
      "__id__": 2
    },
    "_enabled": true,
    "__prefab": null,
    "_alignFlags": 45,
    "_target": null,
    "_left": 0,
    "_right": 0,
    "_top": 5.684341886080802e-14,
    "_bottom": 5.684341886080802e-14,
    "_horizontalCenter": 0,
    "_verticalCenter": 0,
    "_isAbsLeft": true,
    "_isAbsRight": true,
    "_isAbsTop": true,
    "_isAbsBottom": true,
    "_isAbsHorizontalCenter": true,
    "_isAbsVerticalCenter": true,
    "_originalWidth": 0,
    "_originalHeight": 0,
    "_alignMode": 2,
    "_lockFlags": 0,
    "_id": "c5V1EV8IpMtrIvY1OE9t2u"
  },
  {
    "__type__": "cc.SceneGlobals",
    "ambient": {
      "__id__": 110
    },
    "shadows": {
      "__id__": 111
    },
    "_skybox": {
      "__id__": 112
    },
    "fog": {
      "__id__": 113
    },
    "octree": {
      "__id__": 114
    },
    "skin": {
      "__id__": 115
    },
    "lightProbeInfo": {
      "__id__": 116
    },
    "postSettings": {
      "__id__": 117
    },
    "bakedWithStationaryMainLight": false,
    "bakedWithHighpLightmap": false
  },
  {
    "__type__": "cc.AmbientInfo",
    "_skyColorHDR": {
      "__type__": "cc.Vec4",
      "x": 0,
      "y": 0,
      "z": 0,
      "w": 0.520833125
    },
    "_skyColor": {
      "__type__": "cc.Vec4",
      "x": 0,
      "y": 0,
      "z": 0,
      "w": 0.520833125
    },
    "_skyIllumHDR": 20000,
    "_skyIllum": 20000,
    "_groundAlbedoHDR": {
      "__type__": "cc.Vec4",
      "x": 0,
      "y": 0,
      "z": 0,
      "w": 0
    },
    "_groundAlbedo": {
      "__type__": "cc.Vec4",
      "x": 0,
      "y": 0,
      "z": 0,
      "w": 0
    },
    "_skyColorLDR": {
      "__type__": "cc.Vec4",
      "x": 0.2,
      "y": 0.5,
      "z": 0.8,
      "w": 1
    },
    "_skyIllumLDR": 20000,
    "_groundAlbedoLDR": {
      "__type__": "cc.Vec4",
      "x": 0.2,
      "y": 0.2,
      "z": 0.2,
      "w": 1
    }
  },
  {
    "__type__": "cc.ShadowsInfo",
    "_enabled": false,
    "_type": 0,
    "_normal": {
      "__type__": "cc.Vec3",
      "x": 0,
      "y": 1,
      "z": 0
    },
    "_distance": 0,
    "_planeBias": 1,
    "_shadowColor": {
      "__type__": "cc.Color",
      "r": 76,
      "g": 76,
      "b": 76,
      "a": 255
    },
    "_maxReceived": 4,
    "_size": {
      "__type__": "cc.Vec2",
      "x": 512,
      "y": 512
    }
  },
  {
    "__type__": "cc.SkyboxInfo",
    "_envLightingType": 0,
    "_envmapHDR": null,
    "_envmap": null,
    "_envmapLDR": null,
    "_diffuseMapHDR": null,
    "_diffuseMapLDR": null,
    "_enabled": false,
    "_useHDR": true,
    "_editableMaterial": null,
    "_reflectionHDR": null,
    "_reflectionLDR": null,
    "_rotationAngle": 0
  },
  {
    "__type__": "cc.FogInfo",
    "_type": 0,
    "_fogColor": {
      "__type__": "cc.Color",
      "r": 200,
      "g": 200,
      "b": 200,
      "a": 255
    },
    "_enabled": false,
    "_fogDensity": 0.3,
    "_fogStart": 0.5,
    "_fogEnd": 300,
    "_fogAtten": 5,
    "_fogTop": 1.5,
    "_fogRange": 1.2,
    "_accurate": false
  },
  {
    "__type__": "cc.OctreeInfo",
    "_enabled": false,
    "_minPos": {
      "__type__": "cc.Vec3",
      "x": -1024,
      "y": -1024,
      "z": -1024
    },
    "_maxPos": {
      "__type__": "cc.Vec3",
      "x": 1024,
      "y": 1024,
      "z": 1024
    },
    "_depth": 8
  },
  {
    "__type__": "cc.SkinInfo",
    "_enabled": false,
    "_blurRadius": 0.01,
    "_sssIntensity": 3
  },
  {
    "__type__": "cc.LightProbeInfo",
    "_giScale": 1,
    "_giSamples": 1024,
    "_bounces": 2,
    "_reduceRinging": 0,
    "_showProbe": true,
    "_showWireframe": true,
    "_showConvex": false,
    "_data": null,
    "_lightProbeSphereVolume": 1
  },
  {
    "__type__": "cc.PostSettingsInfo",
    "_toneMappingType": 0
  }
]