{
  "__type__": "cc.SpriteFrame",
  "content": {
    "name": "cursor01@4x",
    "atlas": "",
    "rect": {
      "x": 0,
      "y": 0,
      "width": 148,
      "height": 148
    },
    "offset": {
      "x": 0,
      "y": 0
    },
    "originalSize": {
      "width": 148,
      "height": 148
    },
    "rotated": false,
    "capInsets": [
      0,
      0,
      0,
      0
    ],
    "vertices": {
      "rawPosition": [
        -74,
        -74,
        0,
        74,
        -74,
        0,
        -74,
        74,
        0,
        74,
        74,
        0
      ],
      "indexes": [
        0,
        1,
        2,
        2,
        1,
        3
      ],
      "uv": [
        0,
        148,
        148,
        148,
        0,
        0,
        148,
        0
      ],
      "nuv": [
        0,
        0,
        1,
        0,
        0,
        1,
        1,
        1
      ],
      "minPos": {
        "x": -74,
        "y": -74,
        "z": 0
      },
      "maxPos": {
        "x": 74,
        "y": 74,
        "z": 0
      }
    },
    "texture": "7a4fb193-25dc-4a72-b8df-272a475d3982@6c48a",
    "packable": true,
    "pixelsToUnit": 100,
    "pivot": {
      "x": 0.5,
      "y": 0.5
    },
    "meshType": 0
  }
}