[
  {
    "__type__": "cc.Prefab",
    "_name": "moneda-1",
    "_objFlags": 0,
    "__editorExtras__": {},
    "_native": "",
    "data": {
      "__id__": 1
    },
    "optimizationPolicy": 0,
    "persistent": false
  },
  {
    "__type__": "cc.Node",
    "_name": "moneda-1",
    "_objFlags": 0,
    "__editorExtras__": {},
    "_parent": null,
    "_children": [
      {
        "__id__": 2
      }
    ],
    "_active": true,
    "_components": [
      {
        "__id__": 11
      }
    ],
    "_prefab": {
      "__id__": 13
    },
    "_lpos": {
      "__type__": "cc.Vec3",
      "x": 0,
      "y": 0,
      "z": 0
    },
    "_lrot": {
      "__type__": "cc.Quat",
      "x": 0,
      "y": 0,
      "z": 0,
      "w": 1
    },
    "_lscale": {
      "__type__": "cc.Vec3",
      "x": 1,
      "y": 1,
      "z": 1
    },
    "_mobility": 0,
    "_layer": 1073741824,
    "_euler": {
      "__type__": "cc.Vec3",
      "x": 0,
      "y": 0,
      "z": 0
    },
    "_id": ""
  },
  {
    "__type__": "cc.Node",
    "_name": "Cylinder",
    "_objFlags": 0,
    "__editorExtras__": {},
    "_parent": {
      "__id__": 1
    },
    "_children": [],
    "_active": true,
    "_components": [
      {
        "__id__": 3
      },
      {
        "__id__": 6
      },
      {
        "__id__": 8
      }
    ],
    "_prefab": {
      "__id__": 10
    },
    "_lpos": {
      "__type__": "cc.Vec3",
      "x": 1.5,
      "y": 0,
      "z": 0
    },
    "_lrot": {
      "__type__": "cc.Quat",
      "x": 0,
      "y": 0,
      "z": 0,
      "w": 1
    },
    "_lscale": {
      "__type__": "cc.Vec3",
      "x": 0.8,
      "y": 0.8,
      "z": 0.8
    },
    "_mobility": 0,
    "_layer": 1073741824,
    "_euler": {
      "__type__": "cc.Vec3",
      "x": 0,
      "y": 0,
      "z": 0
    },
    "_id": ""
  },
  {
    "__type__": "cc.MeshRenderer",
    "_name": "",
    "_objFlags": 0,
    "__editorExtras__": {},
    "node": {
      "__id__": 2
    },
    "_enabled": true,
    "__prefab": {
      "__id__": 4
    },
    "_materials": [
      {
        "__uuid__": "fede395e-c94c-492b-81b1-4a5e9173a1c7@99380",
        "__expectedType__": "cc.Material"
      }
    ],
    "_visFlags": 0,
    "bakeSettings": {
      "__id__": 5
    },
    "_mesh": {
      "__uuid__": "fede395e-c94c-492b-81b1-4a5e9173a1c7@0b568",
      "__expectedType__": "cc.Mesh"
    },
    "_shadowCastingMode": 1,
    "_shadowReceivingMode": 1,
    "_shadowBias": 0,
    "_shadowNormalBias": 0,
    "_reflectionProbeId": -1,
    "_reflectionProbeBlendId": -1,
    "_reflectionProbeBlendWeight": 0,
    "_enabledGlobalStandardSkinObject": false,
    "_enableMorph": true,
    "_id": ""
  },
  {
    "__type__": "cc.CompPrefabInfo",
    "fileId": "577M76JCtQqb6fWgx+JxnT"
  },
  {
    "__type__": "cc.ModelBakeSettings",
    "texture": null,
    "uvParam": {
      "__type__": "cc.Vec4",
      "x": 0,
      "y": 0,
      "z": 0,
      "w": 0
    },
    "_bakeable": false,
    "_castShadow": true,
    "_receiveShadow": true,
    "_recieveShadow": true,
    "_lightmapSize": 64,
    "_useLightProbe": false,
    "_bakeToLightProbe": true,
    "_reflectionProbeType": 0,
    "_bakeToReflectionProbe": true
  },
  {
    "__type__": "cc.RigidBody",
    "_name": "",
    "_objFlags": 0,
    "__editorExtras__": {},
    "node": {
      "__id__": 2
    },
    "_enabled": true,
    "__prefab": {
      "__id__": 7
    },
    "_group": 64,
    "_type": 4,
    "_mass": 1,
    "_allowSleep": true,
    "_linearDamping": 0.1,
    "_angularDamping": 0.1,
    "_useGravity": true,
    "_linearFactor": {
      "__type__": "cc.Vec3",
      "x": 1,
      "y": 1,
      "z": 1
    },
    "_angularFactor": {
      "__type__": "cc.Vec3",
      "x": 1,
      "y": 1,
      "z": 1
    },
    "_id": ""
  },
  {
    "__type__": "cc.CompPrefabInfo",
    "fileId": "7atpyGczBAh46lqkmoZbvo"
  },
  {
    "__type__": "cc.BoxCollider",
    "_name": "",
    "_objFlags": 0,
    "__editorExtras__": {},
    "node": {
      "__id__": 2
    },
    "_enabled": true,
    "__prefab": {
      "__id__": 9
    },
    "_material": null,
    "_isTrigger": true,
    "_center": {
      "__type__": "cc.Vec3",
      "x": 0,
      "y": 0,
      "z": 0
    },
    "_size": {
      "__type__": "cc.Vec3",
      "x": 2,
      "y": 2,
      "z": 0.2
    },
    "_id": ""
  },
  {
    "__type__": "cc.CompPrefabInfo",
    "fileId": "36msvkJrZKkoAbvjgI4DUz"
  },
  {
    "__type__": "cc.PrefabInfo",
    "root": {
      "__id__": 1
    },
    "asset": {
      "__id__": 0
    },
    "fileId": "1a4/pWO81XjYIJnduGt88z",
    "instance": null,
    "targetOverrides": null,
    "nestedPrefabInstanceRoots": null
  },
  {
    "__type__": "78e3fRz6c1Ada7HNiLw+lnU",
    "_name": "",
    "_objFlags": 0,
    "__editorExtras__": {},
    "node": {
      "__id__": 1
    },
    "_enabled": true,
    "__prefab": {
      "__id__": 12
    },
    "speed": 15,
    "destroyZ": -500,
    "_id": ""
  },
  {
    "__type__": "cc.CompPrefabInfo",
    "fileId": "fbJUq93LZNGK8v7FUtVl97"
  },
  {
    "__type__": "cc.PrefabInfo",
    "root": {
      "__id__": 1
    },
    "asset": {
      "__id__": 0
    },
    "fileId": "62b8nQvxpXuLvSahza9IGc",
    "instance": null,
    "targetOverrides": null
  }
]