{
  "__type__": "cc.SpriteFrame",
  "content": {
    "name": "Logo",
    "atlas": "",
    "rect": {
      "x": 0,
      "y": 0,
      "width": 348,
      "height": 73
    },
    "offset": {
      "x": 0,
      "y": 0
    },
    "originalSize": {
      "width": 348,
      "height": 73
    },
    "rotated": false,
    "capInsets": [
      0,
      0,
      0,
      0
    ],
    "vertices": {
      "rawPosition": [
        -174,
        -36.5,
        0,
        174,
        -36.5,
        0,
        -174,
        36.5,
        0,
        174,
        36.5,
        0
      ],
      "indexes": [
        0,
        1,
        2,
        2,
        1,
        3
      ],
      "uv": [
        0,
        73,
        348,
        73,
        0,
        0,
        348,
        0
      ],
      "nuv": [
        0,
        0,
        1,
        0,
        0,
        1,
        1,
        1
      ],
      "minPos": {
        "x": -174,
        "y": -36.5,
        "z": 0
      },
      "maxPos": {
        "x": 174,
        "y": 36.5,
        "z": 0
      }
    },
    "texture": "58d63926-14c3-4db3-b125-c0949f27dcfb@6c48a",
    "packable": true,
    "pixelsToUnit": 100,
    "pivot": {
      "x": 0.5,
      "y": 0.5
    },
    "meshType": 0
  }
}