{
  "uuid": {
    "C:\\Users\\Mau\\NewProject_1\\assets\\Sprites\\porteria.mtl": [
      "c8f66d17-351a-48da-a12c-0212d28575c4",
      "a7612b54-35e3-4238-a1a9-4a7b54635839",
      "9b20a514-6cc3-49de-b216-b6b863046249"
    ],
    "C:\\Users\\Mau\\NewProject_1\\assets\\Materials\\piso.mtl": [
      "c8f66d17-351a-48da-a12c-0212d28575c4",
      "9b20a514-6cc3-49de-b216-b6b863046249"
    ],
    "C:\\Users\\mau_9\\Documents\\Penaltis\\assets\\Materials\\piso.mtl": [
      "9b20a514-6cc3-49de-b216-b6b863046249"
    ],
    "C:\\Users\\mau_9\\Documents\\Penaltis\\assets\\Models\\Materials_highpolybalon\\BLANCO.mtl": [
      "f648964e-8d32-41fc-9ac9-7a1e714dd17b"
    ],
    "C:\\Users\\mau_9\\Documents\\Penaltis\\assets\\Models\\Materials_highpolybalon\\MORADA.mtl": [
      "f648964e-8d32-41fc-9ac9-7a1e714dd17b"
    ],
    "E:\\cañon\\assets\\Materials\\piso.mtl": [
      "9b20a514-6cc3-49de-b216-b6b863046249"
    ],
    "E:\\cañon\\assets\\Models\\Materials_highpolybalon\\BLANCO.mtl": [
      "f648964e-8d32-41fc-9ac9-7a1e714dd17b"
    ],
    "E:\\cañon\\assets\\Models\\Materials_highpolybalon\\MORADA.mtl": [
      "f648964e-8d32-41fc-9ac9-7a1e714dd17b"
    ],
    "E:\\cañon\\assets\\Materials\\skybox.mtl": [
      "c8f66d17-351a-48da-a12c-0212d28575c4"
    ],
    "E:\\cañon\\assets\\Materials\\sky.mtl": [
      "c8f66d17-351a-48da-a12c-0212d28575c4",
      "6308c013-7d49-4160-9516-562dd205b480",
      "511d2633-09a7-4bdd-ac42-f778032124b3"
    ],
    "X:\\Escritorio\\BLUE\\Cocos\\PuntosFutbol_Canon\\assets\\Materials\\sky.mtl": [
      "511d2633-09a7-4bdd-ac42-f778032124b3"
    ],
    "X:\\Escritorio\\BLUE\\Cocos\\PuntosFutbol_Canon\\assets\\Materials\\piso.mtl": [
      "9b20a514-6cc3-49de-b216-b6b863046249"
    ],
    "X:\\Escritorio\\BLUE\\Cocos\\PuntosFutbol_Canon\\assets\\Models\\Materials_highpolybalon\\BLANCO.mtl": [
      "f648964e-8d32-41fc-9ac9-7a1e714dd17b"
    ],
    "X:\\Escritorio\\BLUE\\Cocos\\PuntosFutbol_Canon\\assets\\Models\\Materials_highpolybalon\\MORADA.mtl": [
      "f648964e-8d32-41fc-9ac9-7a1e714dd17b"
    ]
  },
  "path": {}
}
