{
  "version": "1.0.0",
  "map": {
    "C:\\Users\\Mau\\NewProject_1\\assets\\Sprites.meta": {
      "time": 1719516568409.6052
    },
    "C:\\Users\\Mau\\NewProject_1\\assets\\Sprites": {
      "time": 1720486130539.8745,
      "uuid": "44ed2900-c82c-42c5-9568-208beb87d7d7"
    },
    "C:\\Users\\Mau\\NewProject_1\\assets\\Sprites\\Recurso 1.png.meta": {
      "time": 1719517863482.9412
    },
    "C:\\Users\\Mau\\NewProject_1\\assets\\Sprites\\Recurso 1.png": {
      "time": 1719516555186.597,
      "uuid": "cc87345f-abfe-45b2-af90-4ceb1e86f224"
    },
    "C:\\Users\\Mau\\NewProject_1\\assets\\Scripts.meta": {
      "time": 1719516575845.265
    },
    "C:\\Users\\Mau\\NewProject_1\\assets\\Scripts": {
      "time": 1720486899782.662,
      "uuid": "2a4d9490-8594-4c70-a5ff-dc323aab9407"
    },
    "C:\\Users\\Mau\\NewProject_1\\assets\\Prefab.meta": {
      "time": 1719516584729.8235
    },
    "C:\\Users\\Mau\\NewProject_1\\assets\\Prefab": {
      "time": 1719516584722.8247,
      "uuid": "571b52fe-461a-4728-a54b-646944425ad4"
    },
    "C:\\Users\\Mau\\NewProject_1\\assets\\Scenes.meta": {
      "time": 1719517958706.8108
    },
    "C:\\Users\\Mau\\NewProject_1\\assets\\Scenes\\Juego.scene.meta": {
      "time": 1719517958710.8103
    },
    "C:\\Users\\Mau\\NewProject_1\\assets\\Scenes": {
      "time": 1719517958702.2744,
      "uuid": "c9564037-582a-4cd9-b89c-590541ae6d76"
    },
    "C:\\Users\\Mau\\NewProject_1\\assets\\Scenes\\Juego.scene": {
      "time": 1720490358334.606,
      "uuid": "aae2f741-089b-476c-b0dd-4f49eadbaeb9"
    },
    "C:\\Users\\Mau\\NewProject_1\\assets\\Sprites\\Recurso 2.png.meta": {
      "time": 1719518719557.9153
    },
    "C:\\Users\\Mau\\NewProject_1\\assets\\Sprites\\Recurso 2.png": {
      "time": 1719518703301.5725,
      "uuid": "55038107-66b8-4d82-9ae0-d2743bc44d39"
    },
    "C:\\Users\\Mau\\NewProject_1\\assets\\Sprites\\Recurso 3.png.meta": {
      "time": 1719525689376.143
    },
    "C:\\Users\\Mau\\NewProject_1\\assets\\Sprites\\Recurso 3.png": {
      "time": 1719518777727.3274,
      "uuid": "d0e90002-f693-4785-8fe7-0ddbf897507f"
    },
    "C:\\Users\\Mau\\NewProject_1\\assets\\Models.meta": {
      "time": 1719522591795.0776
    },
    "C:\\Users\\Mau\\NewProject_1\\assets\\Models": {
      "time": 1719523147519.7312,
      "uuid": "5b111cb6-a47d-4981-864b-73057fe2a4c9"
    },
    "C:\\Users\\Mau\\NewProject_1\\assets\\Models\\highpolybalon.fbx.meta": {
      "time": 1720152233636.757
    },
    "C:\\Users\\Mau\\NewProject_1\\assets\\Models\\highpolybalon.fbx": {
      "time": 1719523122418.5654,
      "uuid": "36a37326-d267-49d9-be1f-952a6db213af"
    },
    "C:\\Users\\Mau\\NewProject_1\\assets\\Materials.meta": {
      "time": 1719524851128.7668
    },
    "C:\\Users\\Mau\\NewProject_1\\assets\\Materials": {
      "time": 1719525655818.8384,
      "uuid": "b47d2733-8f2c-448e-a5d5-e8beaa500db7"
    },
    "C:\\Users\\Mau\\NewProject_1\\assets\\Materials\\bouce.pmtl.meta": {
      "time": 1719524861314.3486
    },
    "C:\\Users\\Mau\\NewProject_1\\assets\\Materials\\bouce.pmtl": {
      "time": 1720488070898.1497,
      "uuid": "3b06fad9-1a7f-4c60-b653-adb05b281494"
    },
    "C:\\Users\\Mau\\NewProject_1\\assets\\Materials\\piso.mtl.meta": {
      "time": 1719525655829.9058
    },
    "C:\\Users\\Mau\\NewProject_1\\assets\\Materials\\piso.mtl": {
      "time": 1719525782815.3904,
      "uuid": "999fad15-eb55-4bdc-bda6-d9c18135ff79"
    },
    "C:\\Users\\Mau\\NewProject_1\\assets\\Scripts\\arrastrededo.ts.meta": {
      "time": 1720471348566.9385
    },
    "C:\\Users\\Mau\\NewProject_1\\assets\\Sprites\\portero.png.meta": {
      "time": 1720480563928.0928
    },
    "C:\\Users\\Mau\\NewProject_1\\assets\\Sprites\\portero.png": {
      "time": 1719597473539.2488,
      "uuid": "c75412bd-5c79-4de7-a5bc-5e315f54463f"
    },
    "C:\\Users\\Mau\\NewProject_1\\assets\\Animation.meta": {
      "time": 1720484343003.0076
    },
    "C:\\Users\\Mau\\NewProject_1\\assets\\Animation\\Idle.anim.meta": {
      "time": 1720484343022.032
    },
    "C:\\Users\\Mau\\NewProject_1\\assets\\Animation": {
      "time": 1720485962344.0608,
      "uuid": "eebaf3f0-32b6-4f17-8768-7da7f3576f16"
    },
    "C:\\Users\\Mau\\NewProject_1\\assets\\Animation\\IZQ.anim.meta": {
      "time": 1720484356919.9402
    },
    "C:\\Users\\Mau\\NewProject_1\\assets\\Sprites\\portero01.png.meta": {
      "time": 1720485777443.2363
    },
    "C:\\Users\\Mau\\NewProject_1\\assets\\Sprites\\portero01.png": {
      "time": 1720485720697.807,
      "uuid": "087c7299-31b3-43e8-b222-bee0158a65ff"
    },
    "C:\\Users\\Mau\\NewProject_1\\assets\\Animation\\DER.anim.meta": {
      "time": 1720485962355.5754
    },
    "C:\\Users\\Mau\\NewProject_1\\assets\\Sprites\\portero02.png.meta": {
      "time": 1720486264528.118
    },
    "C:\\Users\\Mau\\NewProject_1\\assets\\Sprites\\portero02.png": {
      "time": 1720486103870.1218,
      "uuid": "327eb160-9126-4e23-99e2-e3e907d7dfcf"
    },
    "C:\\Users\\Mau\\NewProject_1\\assets\\Scripts\\Portero.ts.meta": {
      "time": 1720486899788.1719
    },
    "C:\\Users\\mau_9\\Documents\\Penaltis\\assets\\Animation": {
      "time": 1720722976511.181,
      "uuid": "eebaf3f0-32b6-4f17-8768-7da7f3576f16"
    },
    "C:\\Users\\mau_9\\Documents\\Penaltis\\assets\\Materials": {
      "time": 1720500260607.934,
      "uuid": "b47d2733-8f2c-448e-a5d5-e8beaa500db7"
    },
    "C:\\Users\\mau_9\\Documents\\Penaltis\\assets\\Models": {
      "time": 1720721471364.2117,
      "uuid": "5b111cb6-a47d-4981-864b-73057fe2a4c9"
    },
    "C:\\Users\\mau_9\\Documents\\Penaltis\\assets\\Prefab": {
      "time": 1719516586000,
      "uuid": "571b52fe-461a-4728-a54b-646944425ad4"
    },
    "C:\\Users\\mau_9\\Documents\\Penaltis\\assets\\Scenes": {
      "time": 1720515650475.8186,
      "uuid": "c9564037-582a-4cd9-b89c-590541ae6d76"
    },
    "C:\\Users\\mau_9\\Documents\\Penaltis\\assets\\Scripts": {
      "time": 1720522165794.861,
      "uuid": "2a4d9490-8594-4c70-a5ff-dc323aab9407"
    },
    "C:\\Users\\mau_9\\Documents\\Penaltis\\assets\\Sprites": {
      "time": 1720635977554.0515,
      "uuid": "44ed2900-c82c-42c5-9568-208beb87d7d7"
    },
    "C:\\Users\\mau_9\\Documents\\Penaltis\\assets\\Animation.meta": {
      "time": 1720484344000
    },
    "C:\\Users\\mau_9\\Documents\\Penaltis\\assets\\Materials.meta": {
      "time": 1719524852000
    },
    "C:\\Users\\mau_9\\Documents\\Penaltis\\assets\\Models.meta": {
      "time": 1719522592000
    },
    "C:\\Users\\mau_9\\Documents\\Penaltis\\assets\\Prefab.meta": {
      "time": 1719516586000
    },
    "C:\\Users\\mau_9\\Documents\\Penaltis\\assets\\Scenes.meta": {
      "time": 1719517960000
    },
    "C:\\Users\\mau_9\\Documents\\Penaltis\\assets\\Scripts.meta": {
      "time": 1719516576000
    },
    "C:\\Users\\mau_9\\Documents\\Penaltis\\assets\\Sprites.meta": {
      "time": 1719516570000
    },
    "C:\\Users\\mau_9\\Documents\\Penaltis\\assets\\Scripts\\arrastrededo.ts.meta": {
      "time": 1720471350000
    },
    "C:\\Users\\mau_9\\Documents\\Penaltis\\assets\\Scripts\\Portero.ts.meta": {
      "time": 1720486900000
    },
    "C:\\Users\\mau_9\\Documents\\Penaltis\\assets\\Materials\\bouce.pmtl": {
      "time": 1720718701039.0261,
      "uuid": "3b06fad9-1a7f-4c60-b653-adb05b281494"
    },
    "C:\\Users\\mau_9\\Documents\\Penaltis\\assets\\Materials\\piso.mtl": {
      "time": 1719525784000,
      "uuid": "999fad15-eb55-4bdc-bda6-d9c18135ff79"
    },
    "C:\\Users\\mau_9\\Documents\\Penaltis\\assets\\Models\\highpolybalon.fbx": {
      "time": 1719523124000,
      "uuid": "36a37326-d267-49d9-be1f-952a6db213af"
    },
    "C:\\Users\\mau_9\\Documents\\Penaltis\\assets\\Scenes\\Juego.scene": {
      "time": 1737053986224.374,
      "uuid": "aae2f741-089b-476c-b0dd-4f49eadbaeb9"
    },
    "C:\\Users\\mau_9\\Documents\\Penaltis\\assets\\Sprites\\portero.png": {
      "time": 1719597474000,
      "uuid": "c75412bd-5c79-4de7-a5bc-5e315f54463f"
    },
    "C:\\Users\\mau_9\\Documents\\Penaltis\\assets\\Sprites\\portero01.png": {
      "time": 1720485722000,
      "uuid": "087c7299-31b3-43e8-b222-bee0158a65ff"
    },
    "C:\\Users\\mau_9\\Documents\\Penaltis\\assets\\Sprites\\portero02.png": {
      "time": 1720486104000,
      "uuid": "327eb160-9126-4e23-99e2-e3e907d7dfcf"
    },
    "C:\\Users\\mau_9\\Documents\\Penaltis\\assets\\Sprites\\Recurso 1.png": {
      "time": 1719516556000,
      "uuid": "cc87345f-abfe-45b2-af90-4ceb1e86f224"
    },
    "C:\\Users\\mau_9\\Documents\\Penaltis\\assets\\Sprites\\Recurso 2.png": {
      "time": 1720513123570.4597,
      "uuid": "55038107-66b8-4d82-9ae0-d2743bc44d39"
    },
    "C:\\Users\\mau_9\\Documents\\Penaltis\\assets\\Sprites\\Recurso 3.png": {
      "time": 1720546906485.1248,
      "uuid": "d0e90002-f693-4785-8fe7-0ddbf897507f"
    },
    "C:\\Users\\mau_9\\Documents\\Penaltis\\assets\\Materials\\piso.mtl.meta": {
      "time": 1719525656000
    },
    "C:\\Users\\mau_9\\Documents\\Penaltis\\assets\\Materials\\bouce.pmtl.meta": {
      "time": 1719524862000
    },
    "C:\\Users\\mau_9\\Documents\\Penaltis\\assets\\Animation\\Idle.anim.meta": {
      "time": 1720484344000
    },
    "C:\\Users\\mau_9\\Documents\\Penaltis\\assets\\Animation\\DER.anim.meta": {
      "time": 1720485964000
    },
    "C:\\Users\\mau_9\\Documents\\Penaltis\\assets\\Animation\\IZQ.anim.meta": {
      "time": 1720484358000
    },
    "C:\\Users\\mau_9\\Documents\\Penaltis\\assets\\Scenes\\Juego.scene.meta": {
      "time": 1719517960000
    },
    "C:\\Users\\mau_9\\Documents\\Penaltis\\assets\\Sprites\\portero.png.meta": {
      "time": 1720480564000
    },
    "C:\\Users\\mau_9\\Documents\\Penaltis\\assets\\Sprites\\portero02.png.meta": {
      "time": 1720486266000
    },
    "C:\\Users\\mau_9\\Documents\\Penaltis\\assets\\Sprites\\portero01.png.meta": {
      "time": 1720485778000
    },
    "C:\\Users\\mau_9\\Documents\\Penaltis\\assets\\Sprites\\Recurso 1.png.meta": {
      "time": 1719517864000
    },
    "C:\\Users\\mau_9\\Documents\\Penaltis\\assets\\Sprites\\Recurso 3.png.meta": {
      "time": 1720547208883.7258
    },
    "C:\\Users\\mau_9\\Documents\\Penaltis\\assets\\Sprites\\Recurso 2.png.meta": {
      "time": 1719518720000
    },
    "C:\\Users\\mau_9\\Documents\\Penaltis\\assets\\Models\\highpolybalon.fbx.meta": {
      "time": 1720722080531.0293
    },
    "C:\\Users\\mau_9\\Documents\\Penaltis\\assets\\Animation\\GOL.anim.meta": {
      "time": 1720508925397.8013
    },
    "C:\\Users\\mau_9\\Documents\\Penaltis\\assets\\Sprites\\red.png.meta": {
      "time": 1720513196337.1885
    },
    "C:\\Users\\mau_9\\Documents\\Penaltis\\assets\\Sprites\\red.png": {
      "time": 1720513133529.768,
      "uuid": "b0beef13-bb71-4af0-a30a-9460d6aa1b1b"
    },
    "C:\\Users\\mau_9\\Documents\\Penaltis\\assets\\Sprites\\pasto.png.meta": {
      "time": 1720523179549.2817
    },
    "C:\\Users\\mau_9\\Documents\\Penaltis\\assets\\Sprites\\pasto.png": {
      "time": 1720513509385.7356,
      "uuid": "774b6212-9bd5-416e-9101-2fcb642a039a"
    },
    "C:\\Users\\mau_9\\Documents\\Penaltis\\assets\\Sprites\\fondo-penalti.jpg.meta": {
      "time": 1720515616343.5896
    },
    "C:\\Users\\mau_9\\Documents\\Penaltis\\assets\\Sprites\\gameover-penalti.jpg.meta": {
      "time": 1720515608554.6655
    },
    "C:\\Users\\mau_9\\Documents\\Penaltis\\assets\\Scenes\\Inicio.scene.meta": {
      "time": 1720515650486.5596
    },
    "C:\\Users\\mau_9\\Documents\\Penaltis\\assets\\Scenes\\Inicio.scene": {
      "time": 1720657004316.33,
      "uuid": "964ada2a-33bd-406d-8fb0-18bef0893af5"
    },
    "C:\\Users\\mau_9\\Documents\\Penaltis\\assets\\Scripts\\CambioEscena.ts.meta": {
      "time": 1710973514000
    },
    "C:\\Users\\mau_9\\Documents\\Penaltis\\assets\\Scripts\\CambioEscena.ts": {
      "time": 1710973514000,
      "uuid": "a48ba88b-3c96-47d1-9b93-39739e84b177"
    },
    "C:\\Users\\mau_9\\Documents\\Penaltis\\assets\\Scripts\\Golazo.ts.meta": {
      "time": 1720522165818.0894
    },
    "C:\\Users\\mau_9\\Documents\\Penaltis\\assets\\Sprites\\P_boton_jugar.png.meta": {
      "time": 1720547208834.7664
    },
    "C:\\Users\\mau_9\\Documents\\Penaltis\\assets\\Sprites\\P_boton_salir.png.meta": {
      "time": 1720547208826.756
    },
    "C:\\Users\\mau_9\\Documents\\Penaltis\\assets\\Sprites\\P_boton_jugar_h.png.meta": {
      "time": 1720547208826.756
    },
    "C:\\Users\\mau_9\\Documents\\Penaltis\\assets\\Sprites\\P_boton_salir_h.png.meta": {
      "time": 1720547208826.756
    },
    "C:\\Users\\mau_9\\Documents\\Penaltis\\assets\\Sprites\\Juego01.png.meta": {
      "time": 1720546713049.089
    },
    "C:\\Users\\mau_9\\Documents\\Penaltis\\assets\\Sprites\\Juego02.png.meta": {
      "time": 1720546757415.6902
    },
    "C:\\Users\\mau_9\\Documents\\Penaltis\\assets\\Sprites\\P_logo_america.png.meta": {
      "time": 1720547155796.7314
    },
    "C:\\Users\\mau_9\\Documents\\Penaltis\\assets\\Sprites\\P_personajed.png.meta": {
      "time": 1720547208866.7756
    },
    "C:\\Users\\mau_9\\Documents\\Penaltis\\assets\\Sprites\\Fondo.png.meta": {
      "time": 1720547519788.1326
    },
    "C:\\Users\\mau_9\\Documents\\Penaltis\\assets\\Sprites\\P_felicidades.png.meta": {
      "time": 1720547208818.7473
    },
    "C:\\Users\\mau_9\\Documents\\Penaltis\\assets\\Sprites\\P_golesMexico_gameOver.png.meta": {
      "time": 1720547208858.7632
    },
    "C:\\Users\\mau_9\\Documents\\Penaltis\\assets\\Sprites\\P_instText.png.meta": {
      "time": 1720547208851.9934
    },
    "C:\\Users\\mau_9\\Documents\\Penaltis\\assets\\Sprites\\P_logo_gnp.png.meta": {
      "time": 1720547208858.7632
    },
    "C:\\Users\\mau_9\\Documents\\Penaltis\\assets\\Sprites\\P_gnp_cancha.png.meta": {
      "time": 1720547208858.7632
    },
    "C:\\Users\\mau_9\\Documents\\Penaltis\\assets\\Sprites\\P_logoJuego.png.meta": {
      "time": 1720547076055.6797
    },
    "C:\\Users\\mau_9\\Documents\\Penaltis\\assets\\Sprites\\Instrucciones.png.meta": {
      "time": 1720546713488.372
    },
    "C:\\Users\\mau_9\\Documents\\Penaltis\\assets\\Sprites\\P_personajed.png": {
      "time": 1720546615199.5972,
      "uuid": "c05f3a3f-c22f-4a4e-832c-292d8f411476"
    },
    "C:\\Users\\mau_9\\Documents\\Penaltis\\assets\\Animation\\IDLJUGADOR.anim.meta": {
      "time": 1720550794352.2593
    },
    "C:\\Users\\mau_9\\Documents\\Penaltis\\assets\\Animation\\DERJUGADOR.anim.meta": {
      "time": 1720550846547.0203
    },
    "C:\\Users\\mau_9\\Documents\\Penaltis\\assets\\Animation\\IZQJUGADOR.anim.meta": {
      "time": 1720550866173.8472
    },
    "C:\\Users\\mau_9\\Documents\\Penaltis\\assets\\Particulas.meta": {
      "time": 1720552348991.8633
    },
    "C:\\Users\\mau_9\\Documents\\Penaltis\\assets\\Particulas": {
      "time": 1720553170129.0881,
      "uuid": "d8164244-9a3f-4648-ae2a-c5787b9752d1"
    },
    "C:\\Users\\mau_9\\Documents\\Penaltis\\assets\\Particulas\\confeti.prefab.meta": {
      "time": 1719859630000
    },
    "C:\\Users\\mau_9\\Documents\\Penaltis\\assets\\Sprites\\confeti2.png.meta": {
      "time": 1720553239355.885
    },
    "C:\\Users\\mau_9\\Documents\\Penaltis\\assets\\Sprites\\conffeti.png.meta": {
      "time": 1720553231067.8354
    },
    "C:\\Users\\mau_9\\Documents\\Penaltis\\assets\\Particulas\\confeti.prefab": {
      "time": 1720553742150.4053,
      "uuid": "9be08b8a-9a57-4ccf-944d-bf0fc7905194"
    },
    "C:\\Users\\mau_9\\Documents\\Penaltis\\assets\\Sprites\\confeti2.png": {
      "time": 1720468094000,
      "uuid": "aa7e216a-6a5f-4946-9562-26af7caa6566"
    },
    "C:\\Users\\mau_9\\Documents\\Penaltis\\assets\\Sprites\\conffeti.png": {
      "time": 1720467888000,
      "uuid": "6c6e9535-d083-4bec-aa2c-2a00d6510232"
    },
    "C:\\Users\\mau_9\\Documents\\Penaltis\\assets\\Sprites\\puntosfutbolsmexico 2.png": {
      "time": 1720628035489.9417,
      "uuid": "569c2b58-3a66-43a6-9cae-62dd8b5925a1"
    },
    "C:\\Users\\mau_9\\Documents\\Penaltis\\assets\\Sprites\\puntosfutbolsmexico 2.png.meta": {
      "time": 1720633693017.467
    },
    "C:\\Users\\mau_9\\Documents\\Penaltis\\assets\\Sprites\\Titulo.png.meta": {
      "time": 1720633100225.9094
    },
    "C:\\Users\\mau_9\\Documents\\Penaltis\\assets\\Sprites\\America.png.meta": {
      "time": 1720635977591.8347
    },
    "C:\\Users\\mau_9\\Documents\\Penaltis\\assets\\Models\\Materials_highpolybalon.meta": {
      "time": 1720721471386.2437
    },
    "C:\\Users\\mau_9\\Documents\\Penaltis\\assets\\Models\\Materials_highpolybalon\\BLANCO.mtl.meta": {
      "time": 1720721471408.8867
    },
    "C:\\Users\\mau_9\\Documents\\Penaltis\\assets\\Models\\Materials_highpolybalon\\MORADA.mtl.meta": {
      "time": 1720721471393.76
    },
    "C:\\Users\\mau_9\\Documents\\Penaltis\\assets\\Models\\Materials_highpolybalon": {
      "time": 1720721471367.7224,
      "uuid": "74cf3d56-8457-4315-9b3c-537eb03bc3e0"
    },
    "C:\\Users\\mau_9\\Documents\\Penaltis\\assets\\Models\\Materials_highpolybalon\\MORADA.mtl": {
      "time": 1720721471366.2097,
      "uuid": "0e85434e-a95d-4486-a7d5-ed50500ddde6"
    },
    "C:\\Users\\mau_9\\Documents\\Penaltis\\assets\\Models\\Materials_highpolybalon\\BLANCO.mtl": {
      "time": 1720721471363.2112,
      "uuid": "e57e8967-1d05-4478-ad17-f1eb26da0f9c"
    },
    "C:\\Users\\mau_9\\Documents\\Penaltis\\assets\\Animation\\SALTO.anim.meta": {
      "time": 1720722976534.5596
    },
    "E:\\cañon\\assets\\Animation": {
      "time": 1743626129425.6147,
      "uuid": "eebaf3f0-32b6-4f17-8768-7da7f3576f16"
    },
    "E:\\cañon\\assets\\Materials": {
      "time": 1743629785434.492,
      "uuid": "b47d2733-8f2c-448e-a5d5-e8beaa500db7"
    },
    "E:\\cañon\\assets\\Models": {
      "time": 1744309825895.4211,
      "uuid": "5b111cb6-a47d-4981-864b-73057fe2a4c9"
    },
    "E:\\cañon\\assets\\Particulas": {
      "time": 1743626034114.269,
      "uuid": "d8164244-9a3f-4648-ae2a-c5787b9752d1"
    },
    "E:\\cañon\\assets\\Prefab": {
      "time": 1744329745880.6438,
      "uuid": "571b52fe-461a-4728-a54b-646944425ad4"
    },
    "E:\\cañon\\assets\\Scenes": {
      "time": 1743713495540.8179,
      "uuid": "c9564037-582a-4cd9-b89c-590541ae6d76"
    },
    "E:\\cañon\\assets\\Scripts": {
      "time": 1747859031111.9795,
      "uuid": "2a4d9490-8594-4c70-a5ff-dc323aab9407"
    },
    "E:\\cañon\\assets\\Sprites": {
      "time": 1747859745491.5005,
      "uuid": "44ed2900-c82c-42c5-9568-208beb87d7d7"
    },
    "E:\\cañon\\assets\\Models\\Materials_highpolybalon": {
      "time": 1743626034105.27,
      "uuid": "74cf3d56-8457-4315-9b3c-537eb03bc3e0"
    },
    "E:\\cañon\\assets\\Scripts\\CambioEscena.ts": {
      "time": 1743625870061.8142,
      "uuid": "a48ba88b-3c96-47d1-9b93-39739e84b177"
    },
    "E:\\cañon\\assets\\Animation.meta": {
      "time": 1743625868856.7063
    },
    "E:\\cañon\\assets\\Materials.meta": {
      "time": 1743625868887.211
    },
    "E:\\cañon\\assets\\Models.meta": {
      "time": 1743625868911.2627
    },
    "E:\\cañon\\assets\\Particulas.meta": {
      "time": 1743625868942.0413
    },
    "E:\\cañon\\assets\\Prefab.meta": {
      "time": 1743625868967.047
    },
    "E:\\cañon\\assets\\Scenes.meta": {
      "time": 1743625868991.6
    },
    "E:\\cañon\\assets\\Scripts.meta": {
      "time": 1743625869015.104
    },
    "E:\\cañon\\assets\\Sprites.meta": {
      "time": 1743625869040.6206
    },
    "E:\\cañon\\assets\\Models\\Materials_highpolybalon.meta": {
      "time": 1743625869666.277
    },
    "E:\\cañon\\assets\\Scripts\\CambioEscena.ts.meta": {
      "time": 1743625870168.4734
    },
    "E:\\cañon\\assets\\Materials\\bouce.pmtl": {
      "time": 1743625869488.7615,
      "uuid": "3b06fad9-1a7f-4c60-b653-adb05b281494"
    },
    "E:\\cañon\\assets\\Materials\\piso.mtl": {
      "time": 1743625869547.7427,
      "uuid": "999fad15-eb55-4bdc-bda6-d9c18135ff79"
    },
    "E:\\cañon\\assets\\Models\\highpolybalon.fbx": {
      "time": 1743625869613.7673,
      "uuid": "36a37326-d267-49d9-be1f-952a6db213af"
    },
    "E:\\cañon\\assets\\Particulas\\confeti.prefab": {
      "time": 1743625869809.5242,
      "uuid": "9be08b8a-9a57-4ccf-944d-bf0fc7905194"
    },
    "E:\\cañon\\assets\\Scenes\\Inicio.scene": {
      "time": 1747861528213.5078,
      "uuid": "964ada2a-33bd-406d-8fb0-18bef0893af5"
    },
    "E:\\cañon\\assets\\Scenes\\Juego.scene": {
      "time": 1748367327755.6123,
      "uuid": "aae2f741-089b-476c-b0dd-4f49eadbaeb9"
    },
    "E:\\cañon\\assets\\Sprites\\confeti2.png": {
      "time": 1743625870381.5874,
      "uuid": "aa7e216a-6a5f-4946-9562-26af7caa6566"
    },
    "E:\\cañon\\assets\\Sprites\\conffeti.png": {
      "time": 1743625870428.6465,
      "uuid": "6c6e9535-d083-4bec-aa2c-2a00d6510232"
    },
    "E:\\cañon\\assets\\Sprites\\pasto.png": {
      "time": 1743625870762.8809,
      "uuid": "774b6212-9bd5-416e-9101-2fcb642a039a"
    },
    "E:\\cañon\\assets\\Sprites\\portero.png": {
      "time": 1743625870807.903,
      "uuid": "c75412bd-5c79-4de7-a5bc-5e315f54463f"
    },
    "E:\\cañon\\assets\\Sprites\\portero01.png": {
      "time": 1743625870852.413,
      "uuid": "087c7299-31b3-43e8-b222-bee0158a65ff"
    },
    "E:\\cañon\\assets\\Sprites\\portero02.png": {
      "time": 1743625870896.271,
      "uuid": "327eb160-9126-4e23-99e2-e3e907d7dfcf"
    },
    "E:\\cañon\\assets\\Sprites\\puntosfutbolsmexico 2.png": {
      "time": 1743625870942.327,
      "uuid": "569c2b58-3a66-43a6-9cae-62dd8b5925a1"
    },
    "E:\\cañon\\assets\\Sprites\\P_personajed.png": {
      "time": 1743625871692.356,
      "uuid": "c05f3a3f-c22f-4a4e-832c-292d8f411476"
    },
    "E:\\cañon\\assets\\Sprites\\Recurso 1.png": {
      "time": 1743625871771.5515,
      "uuid": "cc87345f-abfe-45b2-af90-4ceb1e86f224"
    },
    "E:\\cañon\\assets\\Sprites\\Recurso 2.png": {
      "time": 1743625871819.1875,
      "uuid": "55038107-66b8-4d82-9ae0-d2743bc44d39"
    },
    "E:\\cañon\\assets\\Sprites\\Recurso 3.png": {
      "time": 1743625871866.6997,
      "uuid": "d0e90002-f693-4785-8fe7-0ddbf897507f"
    },
    "E:\\cañon\\assets\\Sprites\\red.png": {
      "time": 1743625871912.4866,
      "uuid": "b0beef13-bb71-4af0-a30a-9460d6aa1b1b"
    },
    "E:\\cañon\\assets\\Models\\Materials_highpolybalon\\BLANCO.mtl": {
      "time": 1743625869698.8203,
      "uuid": "e57e8967-1d05-4478-ad17-f1eb26da0f9c"
    },
    "E:\\cañon\\assets\\Models\\Materials_highpolybalon\\MORADA.mtl": {
      "time": 1743625869751.5186,
      "uuid": "0e85434e-a95d-4486-a7d5-ed50500ddde6"
    },
    "E:\\cañon\\assets\\Materials\\bouce.pmtl.meta": {
      "time": 1743625869518.2288
    },
    "E:\\cañon\\assets\\Materials\\piso.mtl.meta": {
      "time": 1743625869576.7405
    },
    "E:\\cañon\\assets\\Scenes\\Inicio.scene.meta": {
      "time": 1743625869906.6826
    },
    "E:\\cañon\\assets\\Particulas\\confeti.prefab.meta": {
      "time": 1743625869836.3418
    },
    "E:\\cañon\\assets\\Scenes\\Juego.scene.meta": {
      "time": 1743625869993.7747
    },
    "E:\\cañon\\assets\\Sprites\\conffeti.png.meta": {
      "time": 1743625870455.6443
    },
    "E:\\cañon\\assets\\Sprites\\confeti2.png.meta": {
      "time": 1743625870408.1074
    },
    "E:\\cañon\\assets\\Sprites\\pasto.png.meta": {
      "time": 1743625870788.3943
    },
    "E:\\cañon\\assets\\Sprites\\portero.png.meta": {
      "time": 1743625870833.4153
    },
    "E:\\cañon\\assets\\Sprites\\portero01.png.meta": {
      "time": 1743625870877.419
    },
    "E:\\cañon\\assets\\Sprites\\portero02.png.meta": {
      "time": 1743625870921.8154
    },
    "E:\\cañon\\assets\\Sprites\\puntosfutbolsmexico 2.png.meta": {
      "time": 1743625870966.3252
    },
    "E:\\cañon\\assets\\Sprites\\P_personajed.png.meta": {
      "time": 1743625871750.5527
    },
    "E:\\cañon\\assets\\Sprites\\Recurso 2.png.meta": {
      "time": 1743625871845.7014
    },
    "E:\\cañon\\assets\\Sprites\\Recurso 1.png.meta": {
      "time": 1743625871799.066
    },
    "E:\\cañon\\assets\\Models\\Materials_highpolybalon\\BLANCO.mtl.meta": {
      "time": 1743625869724.006
    },
    "E:\\cañon\\assets\\Models\\Materials_highpolybalon\\MORADA.mtl.meta": {
      "time": 1743625869776.52
    },
    "E:\\cañon\\assets\\Sprites\\red.png.meta": {
      "time": 1743625871938.9934
    },
    "E:\\cañon\\assets\\Sprites\\Recurso 3.png.meta": {
      "time": 1743625871893.2139
    },
    "E:\\cañon\\assets\\Models\\highpolybalon.fbx.meta": {
      "time": 1743625869640.2761
    },
    "E:\\cañon\\assets\\Materials\\skybox.cubemap.meta": {
      "time": 1743629564130.715
    },
    "E:\\cañon\\assets\\Materials\\skybox.cubemap": {
      "time": 1743628332089.8076,
      "uuid": "0b4c0ea2-5e92-45f1-844c-da8dcc2eddd4"
    },
    "E:\\cañon\\assets\\Materials\\sky.mtl.meta": {
      "time": 1743628611212.7454
    },
    "E:\\cañon\\assets\\Materials\\sky.mtl": {
      "time": 1743629359106.754,
      "uuid": "f5b137df-76a5-4f1d-90eb-60c247d0cd18"
    },
    "E:\\cañon\\assets\\Sprites\\nx.png.meta": {
      "time": 1743629465446.037
    },
    "E:\\cañon\\assets\\Sprites\\ny.png.meta": {
      "time": 1743629465457.037
    },
    "E:\\cañon\\assets\\Sprites\\py.png.meta": {
      "time": 1743629465467.0361
    },
    "E:\\cañon\\assets\\Sprites\\nz.png.meta": {
      "time": 1743629465478.5466
    },
    "E:\\cañon\\assets\\Sprites\\px.png.meta": {
      "time": 1743629465493.5544
    },
    "E:\\cañon\\assets\\Sprites\\pz.png.meta": {
      "time": 1743629465505.554
    },
    "E:\\cañon\\assets\\Sprites\\nx.png": {
      "time": 1743629457175.5806,
      "uuid": "6795a376-4f77-4a8c-af42-6fb82f3cb341"
    },
    "E:\\cañon\\assets\\Sprites\\ny.png": {
      "time": 1743629457222.0896,
      "uuid": "bd3c1ccf-2f9d-4c5f-8a7a-e2c46d6db127"
    },
    "E:\\cañon\\assets\\Sprites\\py.png": {
      "time": 1743629457198.0852,
      "uuid": "151f0d5a-15b3-4e1b-a4a3-db4d509a18b2"
    },
    "E:\\cañon\\assets\\Sprites\\nz.png": {
      "time": 1743629457266.784,
      "uuid": "846ea249-31b3-4d78-84a7-de9e2b5a0e73"
    },
    "E:\\cañon\\assets\\Sprites\\px.png": {
      "time": 1743629457152.5774,
      "uuid": "6256fcec-eea0-472f-8722-8c0df0369660"
    },
    "E:\\cañon\\assets\\Sprites\\pz.png": {
      "time": 1743629457244.7834,
      "uuid": "e52ac426-849a-405f-8262-d329719d3b7d"
    },
    "E:\\cañon\\assets\\Scripts\\CameraFollow.ts.meta": {
      "time": 1743630524809.8213
    },
    "E:\\cañon\\assets\\Scripts\\CameraFollow.ts": {
      "time": 1744319521100.945,
      "uuid": "4e93ad77-cb2c-4423-a2a4-1829731083a7"
    },
    "E:\\cañon\\assets\\Scripts\\BulletControl.ts.meta": {
      "time": 1743630554682.1243
    },
    "E:\\cañon\\assets\\Scripts\\BulletControl.ts": {
      "time": 1744329435928.3152,
      "uuid": "68116954-82ed-44cc-bcc0-759ab2143508"
    },
    "E:\\cañon\\assets\\Scripts\\Cannon.ts.meta": {
      "time": 1743630622825.882
    },
    "E:\\cañon\\assets\\Scripts\\Cannon.ts": {
      "time": 1744328534669.005,
      "uuid": "411e883b-04ae-4ed3-bca6-fc9301db0dac"
    },
    "E:\\cañon\\assets\\Sprites\\Cannon_Body.png.meta": {
      "time": 1743637521546.5403
    },
    "E:\\cañon\\assets\\Sprites\\Cannon_Body.png": {
      "time": 1743637918055.959,
      "uuid": "1c0ccb74-73c8-451a-96be-40c1a0296bd2"
    },
    "E:\\cañon\\assets\\Models\\Cannon.fbx.meta": {
      "time": 1743638333487.9937
    },
    "E:\\cañon\\assets\\Models\\Cannon.fbx": {
      "time": 1743633179945.2075,
      "uuid": "11636859-ab4c-4038-ac8e-6b8ca26905ff"
    },
    "E:\\cañon\\assets\\Models\\montaña.fbx.meta": {
      "time": 1743641619740.1133
    },
    "E:\\cañon\\assets\\Models\\montaña.fbx": {
      "time": 1743634966196.1206,
      "uuid": "f360dd41-2c4f-451e-a132-656bbb3e5d4d"
    },
    "E:\\cañon\\assets\\Scenes\\Instrucciones.scene.meta": {
      "time": 1743713495553.3308
    },
    "E:\\cañon\\assets\\Scenes\\Instrucciones.scene": {
      "time": 1747860069913.9968,
      "uuid": "b3223a59-f798-4e91-bd19-dd0c517c3027"
    },
    "E:\\cañon\\assets\\Sprites\\Salir_Btn_p.png.meta": {
      "time": 1743713575071.541
    },
    "E:\\cañon\\assets\\Sprites\\Salir_Btn.png.meta": {
      "time": 1743713575070.541
    },
    "E:\\cañon\\assets\\Sprites\\Salir_Btn_h.png.meta": {
      "time": 1743713575072.5447
    },
    "E:\\cañon\\assets\\Sprites\\Salir_Btn_p.png": {
      "time": 1743702841763.1409,
      "uuid": "06b8eff0-f014-449f-89a2-12a417dcbba6"
    },
    "E:\\cañon\\assets\\Sprites\\Salir_Btn.png": {
      "time": 1743702841724.0422,
      "uuid": "f47b3252-44d3-4ef1-80b5-65a7a0250ccb"
    },
    "E:\\cañon\\assets\\Sprites\\Salir_Btn_h.png": {
      "time": 1743702841744.087,
      "uuid": "7bfdbdad-9407-45ba-93df-b276b19c61d8"
    },
    "E:\\cañon\\assets\\Sprites\\Inicio_Btn.png.meta": {
      "time": 1743713568357.8433
    },
    "E:\\cañon\\assets\\Sprites\\Inicio_Btn_h.png.meta": {
      "time": 1743713568358.8423
    },
    "E:\\cañon\\assets\\Sprites\\Inicio_Btn_p.png.meta": {
      "time": 1743713568363.3618
    },
    "E:\\cañon\\assets\\Sprites\\Jugar_Btn.png.meta": {
      "time": 1743713568361.352
    },
    "E:\\cañon\\assets\\Sprites\\Jugar_Btn_p.png.meta": {
      "time": 1743713568383.1426
    },
    "E:\\cañon\\assets\\Sprites\\Jugar_Btn_h.png.meta": {
      "time": 1743713568365.3584
    },
    "E:\\cañon\\assets\\Sprites\\Inicio_Btn.png": {
      "time": 1743702841563.1455,
      "uuid": "21b810e2-8021-4f20-9445-4b6b5b6af869"
    },
    "E:\\cañon\\assets\\Sprites\\Inicio_Btn_h.png": {
      "time": 1743702841583.2007,
      "uuid": "986dfe16-2ca4-4de0-abdb-e03d2e3addd5"
    },
    "E:\\cañon\\assets\\Sprites\\Inicio_Btn_p.png": {
      "time": 1743702841603.3472,
      "uuid": "a8a1b0e0-d00f-4ff4-ba02-a6a90bed5e73"
    },
    "E:\\cañon\\assets\\Sprites\\Jugar_Btn.png": {
      "time": 1743702841623.395,
      "uuid": "59b1658d-55b7-4a4c-976b-ec49bfc60aee"
    },
    "E:\\cañon\\assets\\Sprites\\Jugar_Btn_p.png": {
      "time": 1743702841661.485,
      "uuid": "8f814ebb-2665-44cb-9bb2-23a001d8e8bf"
    },
    "E:\\cañon\\assets\\Sprites\\Jugar_Btn_h.png": {
      "time": 1743702841642.453,
      "uuid": "6f3c2ec0-1b01-4e86-bf5c-140848428042"
    },
    "E:\\cañon\\assets\\Sprites\\Logo_C.png.meta": {
      "time": 1743713568385.1453
    },
    "E:\\cañon\\assets\\Sprites\\Logo_C.png": {
      "time": 1743702841704.4805,
      "uuid": "f5c53e60-5156-4cdb-a30a-80a2095aed81"
    },
    "E:\\cañon\\assets\\font.meta": {
      "time": 1743713589543.4224
    },
    "E:\\cañon\\assets\\font": {
      "time": 1743713593679.5276,
      "uuid": "c88de532-238c-420a-825f-ebfb8428a04a"
    },
    "E:\\cañon\\assets\\font\\BlackHanSans-Regular.ttf.meta": {
      "time": 1743713593693.0442
    },
    "E:\\cañon\\assets\\font\\BlackHanSans-Regular.ttf": {
      "time": 1743703364039.99,
      "uuid": "84e1814d-a51f-4408-a47f-dee8ba9fd43a"
    },
    "E:\\cañon\\assets\\Sprites\\Can_marco.png.meta": {
      "time": 1743713692969.4512
    },
    "E:\\cañon\\assets\\Sprites\\Can_marco.png": {
      "time": 1743702841501.642,
      "uuid": "c2a43bcd-1555-43be-855f-e2070cf6ce05"
    },
    "E:\\cañon\\assets\\Sprites\\Can_04_gameover.png.meta": {
      "time": 1743713754828.4592
    },
    "E:\\cañon\\assets\\Sprites\\Can_01_portada.png.meta": {
      "time": 1743713754836.4941
    },
    "E:\\cañon\\assets\\Sprites\\Can_04_gameover.png": {
      "time": 1744824358321.2258,
      "uuid": "837a5bde-0a22-441e-b1be-b9da8fe7d997"
    },
    "E:\\cañon\\assets\\Sprites\\Can_01_portada.png": {
      "time": 1744824698867.441,
      "uuid": "5f161622-e792-4b36-8213-b25b0afd89bd"
    },
    "E:\\cañon\\assets\\Models\\moneda.fbx.meta": {
      "time": 1744263435199.1052
    },
    "E:\\cañon\\assets\\Models\\moneda.fbx": {
      "time": 1744263350258.0942,
      "uuid": "fede395e-c94c-492b-81b1-4a5e9173a1c7"
    },
    "E:\\cañon\\assets\\Sprites\\moneda.png.meta": {
      "time": 1744263262023.012
    },
    "E:\\cañon\\assets\\Sprites\\moneda.png": {
      "time": 1744262285871.7976,
      "uuid": "f7fb69a7-37e6-4c29-a5b4-86afcf17f989"
    },
    "E:\\cañon\\assets\\Prefab\\moneda.prefab.meta": {
      "time": 1744263511081.4846
    },
    "E:\\cañon\\assets\\Prefab\\moneda.prefab": {
      "time": 1744329950083.6206,
      "uuid": "1e418ab9-4de5-490a-85c7-0a0fd9ec4c76"
    },
    "E:\\cañon\\assets\\Models\\alto.fbx.meta": {
      "time": 1744309741354.0496
    },
    "E:\\cañon\\assets\\Models\\alto.fbx": {
      "time": 1744309815877.7112,
      "uuid": "3822a170-59a7-4929-add7-78b2d39ea088"
    },
    "E:\\cañon\\assets\\Sprites\\alto-text.png.meta": {
      "time": 1744309746845.921
    },
    "E:\\cañon\\assets\\Sprites\\alto-text.png": {
      "time": 1744309551044.683,
      "uuid": "67c9c2f5-61e2-4a7e-829f-8d087c7c441d"
    },
    "E:\\cañon\\assets\\Prefab\\alto1.prefab.meta": {
      "time": 1744310023814.1133
    },
    "E:\\cañon\\assets\\Prefab\\alto1.prefab": {
      "time": 1744329472879.0256,
      "uuid": "2690e016-5fec-41c4-af42-fa133d7218e3"
    },
    "E:\\cañon\\assets\\Prefab\\alto2.prefab.meta": {
      "time": 1744310023887.3123
    },
    "E:\\cañon\\assets\\Prefab\\alto2.prefab": {
      "time": 1744329475884.78,
      "uuid": "de4a5f7b-8f55-4582-9608-ef8ce25b89a9"
    },
    "E:\\cañon\\assets\\Prefab\\alto3.prefab.meta": {
      "time": 1744310023968.968
    },
    "E:\\cañon\\assets\\Prefab\\alto3.prefab": {
      "time": 1744329481265.6245,
      "uuid": "0ccf69c4-5d8f-4cfc-8bd5-0b70343bb178"
    },
    "E:\\cañon\\assets\\Scripts\\spawn.ts.meta": {
      "time": 1744310239010.4243
    },
    "E:\\cañon\\assets\\Scripts\\spawn.ts": {
      "time": 1744330641939.3677,
      "uuid": "d13f88ba-b239-44fb-8f0b-6898b520d569"
    },
    "E:\\cañon\\assets\\Scripts\\moveObjects.ts.meta": {
      "time": 1744318038337.5305
    },
    "E:\\cañon\\assets\\Scripts\\moveObjects.ts": {
      "time": 1744318609992.741,
      "uuid": "78e3f473-e9cd-4075-aec7-3622f0fa59d4"
    },
    "E:\\cañon\\assets\\Scripts\\collision.ts.meta": {
      "time": 1744321760252.9128
    },
    "E:\\cañon\\assets\\Scripts\\collision.ts": {
      "time": 1748369397699.2585,
      "uuid": "cac7604b-9ba7-47f1-bad7-6c753c5732a7"
    },
    "E:\\cañon\\assets\\Prefab\\alto4.prefab.meta": {
      "time": 1744329484519.2163
    },
    "E:\\cañon\\assets\\Prefab\\alto4.prefab": {
      "time": 1744329507475.5762,
      "uuid": "5330b83f-4a52-43c5-92d7-71b3bfd6cc7d"
    },
    "E:\\cañon\\assets\\Prefab\\alto5.prefab.meta": {
      "time": 1744329513288.1472
    },
    "E:\\cañon\\assets\\Prefab\\alto5.prefab": {
      "time": 1744329528150.8235,
      "uuid": "31c49c05-8061-4aec-8832-3760be48b0f6"
    },
    "E:\\cañon\\assets\\Prefab\\alto6.prefab.meta": {
      "time": 1744329531779.2664
    },
    "E:\\cañon\\assets\\Prefab\\alto6.prefab": {
      "time": 1744329538748.6926,
      "uuid": "9e0ae252-1da8-4130-8030-4eeab1633cda"
    },
    "E:\\cañon\\assets\\Prefab\\alto7.prefab.meta": {
      "time": 1744329542107.1895
    },
    "E:\\cañon\\assets\\Prefab\\alto7.prefab": {
      "time": 1744329562446.4116,
      "uuid": "a725e10f-e8e8-4e60-89f7-47b832915322"
    },
    "E:\\cañon\\assets\\Prefab\\alto8.prefab.meta": {
      "time": 1744329570843.5579
    },
    "E:\\cañon\\assets\\Prefab\\alto8.prefab": {
      "time": 1744329580468.7092,
      "uuid": "6dbcec09-a66d-4e52-876b-ba2fdb052045"
    },
    "E:\\cañon\\assets\\Prefab\\alto9.prefab.meta": {
      "time": 1744329582406.151
    },
    "E:\\cañon\\assets\\Prefab\\alto9.prefab": {
      "time": 1744329588963.6177,
      "uuid": "ed81a84a-8ae6-4446-a5a5-1dcfa8fbe06d"
    },
    "E:\\cañon\\assets\\Prefab\\alto10.prefab.meta": {
      "time": 1744329595190.7717
    },
    "E:\\cañon\\assets\\Prefab\\alto10.prefab": {
      "time": 1744329600620.5986,
      "uuid": "0b863b5c-fe87-4b62-8d3d-a0d703da4116"
    },
    "E:\\cañon\\assets\\Prefab\\alto11.prefab.meta": {
      "time": 1744329604089.8074
    },
    "E:\\cañon\\assets\\Prefab\\alto11.prefab": {
      "time": 1744329611087.9807,
      "uuid": "90b88a80-e325-48da-a3da-94a0792dd6aa"
    },
    "E:\\cañon\\assets\\Prefab\\moneda-1.prefab.meta": {
      "time": 1744329621168.9653
    },
    "E:\\cañon\\assets\\Prefab\\moneda-1.prefab": {
      "time": 1744330151547.9663,
      "uuid": "9f8db0e2-688b-4c06-a697-28e8d3b433e7"
    },
    "E:\\cañon\\assets\\Prefab\\moneda-2.prefab.meta": {
      "time": 1744329622648.058
    },
    "E:\\cañon\\assets\\Prefab\\moneda-2.prefab": {
      "time": 1744330652786.407,
      "uuid": "fa72d14f-0429-464a-a318-fa2596bdaa61"
    },
    "E:\\cañon\\assets\\Prefab\\moneda-3.prefab.meta": {
      "time": 1744329623307.8315
    },
    "E:\\cañon\\assets\\Prefab\\moneda-3.prefab": {
      "time": 1744330131600.0398,
      "uuid": "a2c601b6-e104-4e5e-a25b-21f60bee3c70"
    },
    "E:\\cañon\\assets\\Prefab\\moneda-4.prefab.meta": {
      "time": 1744329652196.2864
    },
    "E:\\cañon\\assets\\Prefab\\moneda-4.prefab": {
      "time": 1744330665759.401,
      "uuid": "cf45b600-1267-43d3-81c8-c92966047447"
    },
    "E:\\cañon\\assets\\Prefab\\moneda-5.prefab.meta": {
      "time": 1744329662516.2483
    },
    "E:\\cañon\\assets\\Prefab\\moneda-5.prefab": {
      "time": 1744330395665.396,
      "uuid": "4709a322-dbf1-4a21-8fca-6389d1bf5451"
    },
    "E:\\cañon\\assets\\Prefab\\moneda-6.prefab.meta": {
      "time": 1744329745908.2793
    },
    "E:\\cañon\\assets\\Prefab\\moneda-6.prefab": {
      "time": 1744330389757.0315,
      "uuid": "c311d80d-3243-4c3f-8415-891d13cbedc4"
    },
    "E:\\cañon\\assets\\Sprites\\fan-canoneros-normal.png.meta": {
      "time": 1745345888256.2185
    },
    "E:\\cañon\\assets\\Sprites\\fan-canoneros-invertido.png.meta": {
      "time": 1745345888256.2185
    },
    "E:\\cañon\\assets\\Sprites\\fan-canoneros-normal.png": {
      "time": 1744822621157.2075,
      "uuid": "b8d223db-08c1-4d7d-858a-6cf9a7e16ab7"
    },
    "E:\\cañon\\assets\\Sprites\\fan-canoneros-invertido.png": {
      "time": 1744822621246.8257,
      "uuid": "7e79e3a2-d0c8-46fc-8809-965a5eceebc5"
    },
    "E:\\cañon\\assets\\Scripts\\ButtonMessage.ts.meta": {
      "time": 1744315293919.6772
    },
    "E:\\cañon\\assets\\Scripts\\ButtonMessage.ts": {
      "time": 1745520594647.021,
      "uuid": "4040ac00-113f-4c70-b702-dabd16e934ba"
    },
    "E:\\cañon\\assets\\Sprites\\volver.png.meta": {
      "time": 1745520335381.869
    },
    "E:\\cañon\\assets\\Sprites\\volver_p.png.meta": {
      "time": 1745520335379.866
    },
    "E:\\cañon\\assets\\Sprites\\volver_h.png.meta": {
      "time": 1745520335382.8657
    },
    "E:\\cañon\\assets\\Sprites\\volver.png": {
      "time": 1745520310339.173,
      "uuid": "2d0c8b52-a337-4a9e-bb04-b4cc7ec211be"
    },
    "E:\\cañon\\assets\\Sprites\\volver_p.png": {
      "time": 1745520310414.4695,
      "uuid": "dc9b062b-263c-4622-a445-eb1e439274c8"
    },
    "E:\\cañon\\assets\\Sprites\\volver_h.png": {
      "time": 1745520310345.1736,
      "uuid": "7a5d7120-9663-4186-9e60-af67cd3e6379"
    },
    "E:\\cañon\\assets\\Sprites\\back-Cañoneros.png.meta": {
      "time": 1747856458609.2493
    },
    "E:\\cañon\\assets\\Sprites\\01InstLMB.png.meta": {
      "time": 1747856395080.094
    },
    "E:\\cañon\\assets\\Sprites\\Next-Cañoneros.png.meta": {
      "time": 1747856326189.0833
    },
    "E:\\cañon\\assets\\Sprites\\Can_04_inst01.png.meta": {
      "time": 1747856350304.2725
    },
    "E:\\cañon\\assets\\Sprites\\03InstLMB.png.meta": {
      "time": 1747856395081.095
    },
    "E:\\cañon\\assets\\Sprites\\02InstLMB.png.meta": {
      "time": 1747856395081.095
    },
    "E:\\cañon\\assets\\Sprites\\back-Cañoneros.png": {
      "time": 1747856253119.1975,
      "uuid": "b275d44b-155a-4480-bd6d-dde765f552d2"
    },
    "E:\\cañon\\assets\\Sprites\\01InstLMB.png": {
      "time": 1747855532572.195,
      "uuid": "d4291d44-19b6-46cf-b646-04bf304ff80d"
    },
    "E:\\cañon\\assets\\Sprites\\Next-Cañoneros.png": {
      "time": 1747855520124.7937,
      "uuid": "cfb5d078-66e8-40ff-ad6b-76fe0ee1014f"
    },
    "E:\\cañon\\assets\\Sprites\\Can_04_inst01.png": {
      "time": 1747855505088.5056,
      "uuid": "1bc19d0e-cfb9-4af4-900e-fdcbdee29b12"
    },
    "E:\\cañon\\assets\\Sprites\\03InstLMB.png": {
      "time": 1747856250092.5012,
      "uuid": "b08e3b75-0fa9-4e4a-af18-ebc3363a9588"
    },
    "E:\\cañon\\assets\\Sprites\\02InstLMB.png": {
      "time": 1747856248256.213,
      "uuid": "32f7d361-6c0a-42e5-a81b-702c40cb935e"
    },
    "E:\\cañon\\assets\\Scripts\\Instrucciones.ts.meta": {
      "time": 1736992123827.2595
    },
    "E:\\cañon\\assets\\Scripts\\Instrucciones.ts": {
      "time": 1736992123804.069,
      "uuid": "e852f05d-a3d3-4fe1-80b9-6fb7aeab6204"
    },
    "E:\\cañon\\assets\\Sprites\\Siguiente_Btn_p.png.meta": {
      "time": 1747859720384.0754
    },
    "E:\\cañon\\assets\\Sprites\\Siguiente_Btn.png.meta": {
      "time": 1747859720383.0698
    },
    "E:\\cañon\\assets\\Sprites\\Siguiente_Btn_h.png.meta": {
      "time": 1747859720383.0698
    },
    "E:\\cañon\\assets\\Sprites\\Siguiente_Btn_p.png": {
      "time": 1747859468690.227,
      "uuid": "b50b8373-d0dd-46c4-8b3e-3b1a7e7bc66b"
    },
    "E:\\cañon\\assets\\Sprites\\Siguiente_Btn.png": {
      "time": 1747859413832.4683,
      "uuid": "62dae8bb-9a9e-4b37-ba27-d08881886e6f"
    },
    "E:\\cañon\\assets\\Sprites\\Siguiente_Btn_h.png": {
      "time": 1747859502291.137,
      "uuid": "75756ef8-71d9-47c1-b34a-01d1e1485b8e"
    },
    "E:\\cañon\\assets\\Sprites\\Can_04_inst.png.meta": {
      "time": 1747859754853.5059
    },
    "E:\\cañon\\assets\\Sprites\\Can_04_inst.png": {
      "time": 1747859736177.066,
      "uuid": "d1d3e11f-f111-4503-83a0-2032893d7121"
    },
    "X:\\Escritorio\\BLUE\\Cocos\\PuntosFutbol_Canon\\assets\\Animation": {
      "time": 1743626129000,
      "uuid": "eebaf3f0-32b6-4f17-8768-7da7f3576f16"
    },
    "X:\\Escritorio\\BLUE\\Cocos\\PuntosFutbol_Canon\\assets\\font": {
      "time": 1750375395289.9695,
      "uuid": "c88de532-238c-420a-825f-ebfb8428a04a"
    },
    "X:\\Escritorio\\BLUE\\Cocos\\PuntosFutbol_Canon\\assets\\Materials": {
      "time": 1750375395308.919,
      "uuid": "b47d2733-8f2c-448e-a5d5-e8beaa500db7"
    },
    "X:\\Escritorio\\BLUE\\Cocos\\PuntosFutbol_Canon\\assets\\Models": {
      "time": 1750375395331.8857,
      "uuid": "5b111cb6-a47d-4981-864b-73057fe2a4c9"
    },
    "X:\\Escritorio\\BLUE\\Cocos\\PuntosFutbol_Canon\\assets\\Particulas": {
      "time": 1750375395344.823,
      "uuid": "d8164244-9a3f-4648-ae2a-c5787b9752d1"
    },
    "X:\\Escritorio\\BLUE\\Cocos\\PuntosFutbol_Canon\\assets\\Prefab": {
      "time": 1750375395413.0022,
      "uuid": "571b52fe-461a-4728-a54b-646944425ad4"
    },
    "X:\\Escritorio\\BLUE\\Cocos\\PuntosFutbol_Canon\\assets\\Scenes": {
      "time": 1750375395425.9473,
      "uuid": "c9564037-582a-4cd9-b89c-590541ae6d76"
    },
    "X:\\Escritorio\\BLUE\\Cocos\\PuntosFutbol_Canon\\assets\\Scripts": {
      "time": 1750375395460.011,
      "uuid": "2a4d9490-8594-4c70-a5ff-dc323aab9407"
    },
    "X:\\Escritorio\\BLUE\\Cocos\\PuntosFutbol_Canon\\assets\\Sprites": {
      "time": 1758138524013.4856,
      "uuid": "44ed2900-c82c-42c5-9568-208beb87d7d7"
    },
    "X:\\Escritorio\\BLUE\\Cocos\\PuntosFutbol_Canon\\assets\\Models\\Materials_highpolybalon": {
      "time": 1750375395339.8374,
      "uuid": "74cf3d56-8457-4315-9b3c-537eb03bc3e0"
    },
    "X:\\Escritorio\\BLUE\\Cocos\\PuntosFutbol_Canon\\assets\\Scripts\\BulletControl.ts": {
      "time": 1744329435000,
      "uuid": "68116954-82ed-44cc-bcc0-759ab2143508"
    },
    "X:\\Escritorio\\BLUE\\Cocos\\PuntosFutbol_Canon\\assets\\Scripts\\ButtonMessage.ts": {
      "time": 1745520594000,
      "uuid": "4040ac00-113f-4c70-b702-dabd16e934ba"
    },
    "X:\\Escritorio\\BLUE\\Cocos\\PuntosFutbol_Canon\\assets\\Scripts\\CambioEscena.ts": {
      "time": 1743625870000,
      "uuid": "a48ba88b-3c96-47d1-9b93-39739e84b177"
    },
    "X:\\Escritorio\\BLUE\\Cocos\\PuntosFutbol_Canon\\assets\\Scripts\\CameraFollow.ts": {
      "time": 1744319521000,
      "uuid": "4e93ad77-cb2c-4423-a2a4-1829731083a7"
    },
    "X:\\Escritorio\\BLUE\\Cocos\\PuntosFutbol_Canon\\assets\\Scripts\\Cannon.ts": {
      "time": 1744328534000,
      "uuid": "411e883b-04ae-4ed3-bca6-fc9301db0dac"
    },
    "X:\\Escritorio\\BLUE\\Cocos\\PuntosFutbol_Canon\\assets\\Scripts\\collision.ts": {
      "time": 1748369397000,
      "uuid": "cac7604b-9ba7-47f1-bad7-6c753c5732a7"
    },
    "X:\\Escritorio\\BLUE\\Cocos\\PuntosFutbol_Canon\\assets\\Scripts\\Instrucciones.ts": {
      "time": 1736992123000,
      "uuid": "e852f05d-a3d3-4fe1-80b9-6fb7aeab6204"
    },
    "X:\\Escritorio\\BLUE\\Cocos\\PuntosFutbol_Canon\\assets\\Scripts\\moveObjects.ts": {
      "time": 1744318609000,
      "uuid": "78e3f473-e9cd-4075-aec7-3622f0fa59d4"
    },
    "X:\\Escritorio\\BLUE\\Cocos\\PuntosFutbol_Canon\\assets\\Scripts\\spawn.ts": {
      "time": 1744330641000,
      "uuid": "d13f88ba-b239-44fb-8f0b-6898b520d569"
    },
    "X:\\Escritorio\\BLUE\\Cocos\\PuntosFutbol_Canon\\assets\\Animation.meta": {
      "time": 1743625868000
    },
    "X:\\Escritorio\\BLUE\\Cocos\\PuntosFutbol_Canon\\assets\\font.meta": {
      "time": 1743713589000
    },
    "X:\\Escritorio\\BLUE\\Cocos\\PuntosFutbol_Canon\\assets\\Materials.meta": {
      "time": 1743625868000
    },
    "X:\\Escritorio\\BLUE\\Cocos\\PuntosFutbol_Canon\\assets\\Models.meta": {
      "time": 1743625868000
    },
    "X:\\Escritorio\\BLUE\\Cocos\\PuntosFutbol_Canon\\assets\\Particulas.meta": {
      "time": 1743625868000
    },
    "X:\\Escritorio\\BLUE\\Cocos\\PuntosFutbol_Canon\\assets\\Prefab.meta": {
      "time": 1743625868000
    },
    "X:\\Escritorio\\BLUE\\Cocos\\PuntosFutbol_Canon\\assets\\Scenes.meta": {
      "time": 1743625868000
    },
    "X:\\Escritorio\\BLUE\\Cocos\\PuntosFutbol_Canon\\assets\\Scripts.meta": {
      "time": 1743625869000
    },
    "X:\\Escritorio\\BLUE\\Cocos\\PuntosFutbol_Canon\\assets\\Sprites.meta": {
      "time": 1743625869000
    },
    "X:\\Escritorio\\BLUE\\Cocos\\PuntosFutbol_Canon\\assets\\Models\\Materials_highpolybalon.meta": {
      "time": 1743625869000
    },
    "X:\\Escritorio\\BLUE\\Cocos\\PuntosFutbol_Canon\\assets\\Scripts\\BulletControl.ts.meta": {
      "time": 1743630554000
    },
    "X:\\Escritorio\\BLUE\\Cocos\\PuntosFutbol_Canon\\assets\\Scripts\\ButtonMessage.ts.meta": {
      "time": 1744315293000
    },
    "X:\\Escritorio\\BLUE\\Cocos\\PuntosFutbol_Canon\\assets\\Scripts\\CambioEscena.ts.meta": {
      "time": 1743625870000
    },
    "X:\\Escritorio\\BLUE\\Cocos\\PuntosFutbol_Canon\\assets\\Scripts\\CameraFollow.ts.meta": {
      "time": 1743630524000
    },
    "X:\\Escritorio\\BLUE\\Cocos\\PuntosFutbol_Canon\\assets\\Scripts\\Cannon.ts.meta": {
      "time": 1743630622000
    },
    "X:\\Escritorio\\BLUE\\Cocos\\PuntosFutbol_Canon\\assets\\Scripts\\collision.ts.meta": {
      "time": 1744321760000
    },
    "X:\\Escritorio\\BLUE\\Cocos\\PuntosFutbol_Canon\\assets\\Scripts\\Instrucciones.ts.meta": {
      "time": 1736992123000
    },
    "X:\\Escritorio\\BLUE\\Cocos\\PuntosFutbol_Canon\\assets\\Scripts\\moveObjects.ts.meta": {
      "time": 1744318038000
    },
    "X:\\Escritorio\\BLUE\\Cocos\\PuntosFutbol_Canon\\assets\\Scripts\\spawn.ts.meta": {
      "time": 1744310239000
    },
    "X:\\Escritorio\\BLUE\\Cocos\\PuntosFutbol_Canon\\assets\\font\\BlackHanSans-Regular.ttf": {
      "time": 1743703364000,
      "uuid": "84e1814d-a51f-4408-a47f-dee8ba9fd43a"
    },
    "X:\\Escritorio\\BLUE\\Cocos\\PuntosFutbol_Canon\\assets\\Materials\\bouce.pmtl": {
      "time": 1743625869000,
      "uuid": "3b06fad9-1a7f-4c60-b653-adb05b281494"
    },
    "X:\\Escritorio\\BLUE\\Cocos\\PuntosFutbol_Canon\\assets\\Materials\\piso.mtl": {
      "time": 1743625869000,
      "uuid": "999fad15-eb55-4bdc-bda6-d9c18135ff79"
    },
    "X:\\Escritorio\\BLUE\\Cocos\\PuntosFutbol_Canon\\assets\\Materials\\sky.mtl": {
      "time": 1743629359000,
      "uuid": "f5b137df-76a5-4f1d-90eb-60c247d0cd18"
    },
    "X:\\Escritorio\\BLUE\\Cocos\\PuntosFutbol_Canon\\assets\\Materials\\skybox.cubemap": {
      "time": 1743628332000,
      "uuid": "0b4c0ea2-5e92-45f1-844c-da8dcc2eddd4"
    },
    "X:\\Escritorio\\BLUE\\Cocos\\PuntosFutbol_Canon\\assets\\Models\\alto.fbx": {
      "time": 1744309815000,
      "uuid": "3822a170-59a7-4929-add7-78b2d39ea088"
    },
    "X:\\Escritorio\\BLUE\\Cocos\\PuntosFutbol_Canon\\assets\\Models\\Cannon.fbx": {
      "time": 1743633179000,
      "uuid": "11636859-ab4c-4038-ac8e-6b8ca26905ff"
    },
    "X:\\Escritorio\\BLUE\\Cocos\\PuntosFutbol_Canon\\assets\\Models\\highpolybalon.fbx": {
      "time": 1743625869000,
      "uuid": "36a37326-d267-49d9-be1f-952a6db213af"
    },
    "X:\\Escritorio\\BLUE\\Cocos\\PuntosFutbol_Canon\\assets\\Models\\moneda.fbx": {
      "time": 1744263350000,
      "uuid": "fede395e-c94c-492b-81b1-4a5e9173a1c7"
    },
    "X:\\Escritorio\\BLUE\\Cocos\\PuntosFutbol_Canon\\assets\\Models\\montaña.fbx": {
      "time": 1743634966000,
      "uuid": "f360dd41-2c4f-451e-a132-656bbb3e5d4d"
    },
    "X:\\Escritorio\\BLUE\\Cocos\\PuntosFutbol_Canon\\assets\\Particulas\\confeti.prefab": {
      "time": 1743625869000,
      "uuid": "9be08b8a-9a57-4ccf-944d-bf0fc7905194"
    },
    "X:\\Escritorio\\BLUE\\Cocos\\PuntosFutbol_Canon\\assets\\Prefab\\alto1.prefab": {
      "time": 1744329472000,
      "uuid": "2690e016-5fec-41c4-af42-fa133d7218e3"
    },
    "X:\\Escritorio\\BLUE\\Cocos\\PuntosFutbol_Canon\\assets\\Prefab\\alto10.prefab": {
      "time": 1744329600000,
      "uuid": "0b863b5c-fe87-4b62-8d3d-a0d703da4116"
    },
    "X:\\Escritorio\\BLUE\\Cocos\\PuntosFutbol_Canon\\assets\\Prefab\\alto11.prefab": {
      "time": 1744329611000,
      "uuid": "90b88a80-e325-48da-a3da-94a0792dd6aa"
    },
    "X:\\Escritorio\\BLUE\\Cocos\\PuntosFutbol_Canon\\assets\\Prefab\\alto2.prefab": {
      "time": 1744329475000,
      "uuid": "de4a5f7b-8f55-4582-9608-ef8ce25b89a9"
    },
    "X:\\Escritorio\\BLUE\\Cocos\\PuntosFutbol_Canon\\assets\\Prefab\\alto3.prefab": {
      "time": 1744329481000,
      "uuid": "0ccf69c4-5d8f-4cfc-8bd5-0b70343bb178"
    },
    "X:\\Escritorio\\BLUE\\Cocos\\PuntosFutbol_Canon\\assets\\Prefab\\alto4.prefab": {
      "time": 1744329507000,
      "uuid": "5330b83f-4a52-43c5-92d7-71b3bfd6cc7d"
    },
    "X:\\Escritorio\\BLUE\\Cocos\\PuntosFutbol_Canon\\assets\\Prefab\\alto5.prefab": {
      "time": 1744329528000,
      "uuid": "31c49c05-8061-4aec-8832-3760be48b0f6"
    },
    "X:\\Escritorio\\BLUE\\Cocos\\PuntosFutbol_Canon\\assets\\Prefab\\alto6.prefab": {
      "time": 1744329538000,
      "uuid": "9e0ae252-1da8-4130-8030-4eeab1633cda"
    },
    "X:\\Escritorio\\BLUE\\Cocos\\PuntosFutbol_Canon\\assets\\Prefab\\alto7.prefab": {
      "time": 1744329562000,
      "uuid": "a725e10f-e8e8-4e60-89f7-47b832915322"
    },
    "X:\\Escritorio\\BLUE\\Cocos\\PuntosFutbol_Canon\\assets\\Prefab\\alto8.prefab": {
      "time": 1744329580000,
      "uuid": "6dbcec09-a66d-4e52-876b-ba2fdb052045"
    },
    "X:\\Escritorio\\BLUE\\Cocos\\PuntosFutbol_Canon\\assets\\Prefab\\alto9.prefab": {
      "time": 1744329588000,
      "uuid": "ed81a84a-8ae6-4446-a5a5-1dcfa8fbe06d"
    },
    "X:\\Escritorio\\BLUE\\Cocos\\PuntosFutbol_Canon\\assets\\Prefab\\moneda-1.prefab": {
      "time": 1744330151000,
      "uuid": "9f8db0e2-688b-4c06-a697-28e8d3b433e7"
    },
    "X:\\Escritorio\\BLUE\\Cocos\\PuntosFutbol_Canon\\assets\\Prefab\\moneda-2.prefab": {
      "time": 1744330652000,
      "uuid": "fa72d14f-0429-464a-a318-fa2596bdaa61"
    },
    "X:\\Escritorio\\BLUE\\Cocos\\PuntosFutbol_Canon\\assets\\Prefab\\moneda-3.prefab": {
      "time": 1744330131000,
      "uuid": "a2c601b6-e104-4e5e-a25b-21f60bee3c70"
    },
    "X:\\Escritorio\\BLUE\\Cocos\\PuntosFutbol_Canon\\assets\\Prefab\\moneda-4.prefab": {
      "time": 1744330665000,
      "uuid": "cf45b600-1267-43d3-81c8-c92966047447"
    },
    "X:\\Escritorio\\BLUE\\Cocos\\PuntosFutbol_Canon\\assets\\Prefab\\moneda-5.prefab": {
      "time": 1744330395000,
      "uuid": "4709a322-dbf1-4a21-8fca-6389d1bf5451"
    },
    "X:\\Escritorio\\BLUE\\Cocos\\PuntosFutbol_Canon\\assets\\Prefab\\moneda-6.prefab": {
      "time": 1744330389000,
      "uuid": "c311d80d-3243-4c3f-8415-891d13cbedc4"
    },
    "X:\\Escritorio\\BLUE\\Cocos\\PuntosFutbol_Canon\\assets\\Prefab\\moneda.prefab": {
      "time": 1744329950000,
      "uuid": "1e418ab9-4de5-490a-85c7-0a0fd9ec4c76"
    },
    "X:\\Escritorio\\BLUE\\Cocos\\PuntosFutbol_Canon\\assets\\Scenes\\Inicio.scene": {
      "time": 1758138858841.7202,
      "uuid": "964ada2a-33bd-406d-8fb0-18bef0893af5"
    },
    "X:\\Escritorio\\BLUE\\Cocos\\PuntosFutbol_Canon\\assets\\Scenes\\Instrucciones.scene": {
      "time": 1750377585289.6482,
      "uuid": "b3223a59-f798-4e91-bd19-dd0c517c3027"
    },
    "X:\\Escritorio\\BLUE\\Cocos\\PuntosFutbol_Canon\\assets\\Scenes\\Juego.scene": {
      "time": 1750377612538.6694,
      "uuid": "aae2f741-089b-476c-b0dd-4f49eadbaeb9"
    },
    "X:\\Escritorio\\BLUE\\Cocos\\PuntosFutbol_Canon\\assets\\Sprites\\01InstLMB.png": {
      "time": 1750376322000,
      "uuid": "d4291d44-19b6-46cf-b646-04bf304ff80d"
    },
    "X:\\Escritorio\\BLUE\\Cocos\\PuntosFutbol_Canon\\assets\\Sprites\\02InstLMB.png": {
      "time": 1750376322000,
      "uuid": "32f7d361-6c0a-42e5-a81b-702c40cb935e"
    },
    "X:\\Escritorio\\BLUE\\Cocos\\PuntosFutbol_Canon\\assets\\Sprites\\03InstLMB.png": {
      "time": 1750376322000,
      "uuid": "b08e3b75-0fa9-4e4a-af18-ebc3363a9588"
    },
    "X:\\Escritorio\\BLUE\\Cocos\\PuntosFutbol_Canon\\assets\\Sprites\\alto-text.png": {
      "time": 1744309551000,
      "uuid": "67c9c2f5-61e2-4a7e-829f-8d087c7c441d"
    },
    "X:\\Escritorio\\BLUE\\Cocos\\PuntosFutbol_Canon\\assets\\Sprites\\back-Cañoneros.png": {
      "time": 1747856253000,
      "uuid": "b275d44b-155a-4480-bd6d-dde765f552d2"
    },
    "X:\\Escritorio\\BLUE\\Cocos\\PuntosFutbol_Canon\\assets\\Sprites\\Cannon_Body.png": {
      "time": 1750376835734.0286,
      "uuid": "1c0ccb74-73c8-451a-96be-40c1a0296bd2"
    },
    "X:\\Escritorio\\BLUE\\Cocos\\PuntosFutbol_Canon\\assets\\Sprites\\Can_04_gameover.png": {
      "time": 1750374220187.0823,
      "uuid": "837a5bde-0a22-441e-b1be-b9da8fe7d997"
    },
    "X:\\Escritorio\\BLUE\\Cocos\\PuntosFutbol_Canon\\assets\\Sprites\\Can_04_inst.png": {
      "time": 1750379168523.0715,
      "uuid": "d1d3e11f-f111-4503-83a0-2032893d7121"
    },
    "X:\\Escritorio\\BLUE\\Cocos\\PuntosFutbol_Canon\\assets\\Sprites\\Can_04_inst01.png": {
      "time": 1750375845020.1272,
      "uuid": "1bc19d0e-cfb9-4af4-900e-fdcbdee29b12"
    },
    "X:\\Escritorio\\BLUE\\Cocos\\PuntosFutbol_Canon\\assets\\Sprites\\Can_marco.png": {
      "time": 1750375762391.2776,
      "uuid": "c2a43bcd-1555-43be-855f-e2070cf6ce05"
    },
    "X:\\Escritorio\\BLUE\\Cocos\\PuntosFutbol_Canon\\assets\\Sprites\\confeti2.png": {
      "time": 1743625870000,
      "uuid": "aa7e216a-6a5f-4946-9562-26af7caa6566"
    },
    "X:\\Escritorio\\BLUE\\Cocos\\PuntosFutbol_Canon\\assets\\Sprites\\conffeti.png": {
      "time": 1743625870000,
      "uuid": "6c6e9535-d083-4bec-aa2c-2a00d6510232"
    },
    "X:\\Escritorio\\BLUE\\Cocos\\PuntosFutbol_Canon\\assets\\Sprites\\fan-canoneros-invertido.png": {
      "time": 1744822621000,
      "uuid": "7e79e3a2-d0c8-46fc-8809-965a5eceebc5"
    },
    "X:\\Escritorio\\BLUE\\Cocos\\PuntosFutbol_Canon\\assets\\Sprites\\fan-canoneros-normal.png": {
      "time": 1750376601132.0515,
      "uuid": "b8d223db-08c1-4d7d-858a-6cf9a7e16ab7"
    },
    "X:\\Escritorio\\BLUE\\Cocos\\PuntosFutbol_Canon\\assets\\Sprites\\Inicio_Btn.png": {
      "time": 1750373252000,
      "uuid": "21b810e2-8021-4f20-9445-4b6b5b6af869"
    },
    "X:\\Escritorio\\BLUE\\Cocos\\PuntosFutbol_Canon\\assets\\Sprites\\Inicio_Btn_h.png": {
      "time": 1750373252000,
      "uuid": "986dfe16-2ca4-4de0-abdb-e03d2e3addd5"
    },
    "X:\\Escritorio\\BLUE\\Cocos\\PuntosFutbol_Canon\\assets\\Sprites\\Inicio_Btn_p.png": {
      "time": 1750373252000,
      "uuid": "a8a1b0e0-d00f-4ff4-ba02-a6a90bed5e73"
    },
    "X:\\Escritorio\\BLUE\\Cocos\\PuntosFutbol_Canon\\assets\\Sprites\\Jugar_Btn.png": {
      "time": 1750373252000,
      "uuid": "59b1658d-55b7-4a4c-976b-ec49bfc60aee"
    },
    "X:\\Escritorio\\BLUE\\Cocos\\PuntosFutbol_Canon\\assets\\Sprites\\Jugar_Btn_h.png": {
      "time": 1750373252000,
      "uuid": "6f3c2ec0-1b01-4e86-bf5c-140848428042"
    },
    "X:\\Escritorio\\BLUE\\Cocos\\PuntosFutbol_Canon\\assets\\Sprites\\Jugar_Btn_p.png": {
      "time": 1750373252000,
      "uuid": "8f814ebb-2665-44cb-9bb2-23a001d8e8bf"
    },
    "X:\\Escritorio\\BLUE\\Cocos\\PuntosFutbol_Canon\\assets\\Sprites\\Logo_C.png": {
      "time": 1743702841000,
      "uuid": "f5c53e60-5156-4cdb-a30a-80a2095aed81"
    },
    "X:\\Escritorio\\BLUE\\Cocos\\PuntosFutbol_Canon\\assets\\Sprites\\moneda.png": {
      "time": 1750377227291.2668,
      "uuid": "f7fb69a7-37e6-4c29-a5b4-86afcf17f989"
    },
    "X:\\Escritorio\\BLUE\\Cocos\\PuntosFutbol_Canon\\assets\\Sprites\\Next-Cañoneros.png": {
      "time": 1747855520000,
      "uuid": "cfb5d078-66e8-40ff-ad6b-76fe0ee1014f"
    },
    "X:\\Escritorio\\BLUE\\Cocos\\PuntosFutbol_Canon\\assets\\Sprites\\nx.png": {
      "time": 1743629457000,
      "uuid": "6795a376-4f77-4a8c-af42-6fb82f3cb341"
    },
    "X:\\Escritorio\\BLUE\\Cocos\\PuntosFutbol_Canon\\assets\\Sprites\\ny.png": {
      "time": 1743629457000,
      "uuid": "bd3c1ccf-2f9d-4c5f-8a7a-e2c46d6db127"
    },
    "X:\\Escritorio\\BLUE\\Cocos\\PuntosFutbol_Canon\\assets\\Sprites\\nz.png": {
      "time": 1743629457000,
      "uuid": "846ea249-31b3-4d78-84a7-de9e2b5a0e73"
    },
    "X:\\Escritorio\\BLUE\\Cocos\\PuntosFutbol_Canon\\assets\\Sprites\\pasto.png": {
      "time": 1743625870000,
      "uuid": "774b6212-9bd5-416e-9101-2fcb642a039a"
    },
    "X:\\Escritorio\\BLUE\\Cocos\\PuntosFutbol_Canon\\assets\\Sprites\\portero.png": {
      "time": 1743625870000,
      "uuid": "c75412bd-5c79-4de7-a5bc-5e315f54463f"
    },
    "X:\\Escritorio\\BLUE\\Cocos\\PuntosFutbol_Canon\\assets\\Sprites\\portero01.png": {
      "time": 1743625870000,
      "uuid": "087c7299-31b3-43e8-b222-bee0158a65ff"
    },
    "X:\\Escritorio\\BLUE\\Cocos\\PuntosFutbol_Canon\\assets\\Sprites\\portero02.png": {
      "time": 1743625870000,
      "uuid": "327eb160-9126-4e23-99e2-e3e907d7dfcf"
    },
    "X:\\Escritorio\\BLUE\\Cocos\\PuntosFutbol_Canon\\assets\\Sprites\\puntosfutbolsmexico 2.png": {
      "time": 1743625870000,
      "uuid": "569c2b58-3a66-43a6-9cae-62dd8b5925a1"
    },
    "X:\\Escritorio\\BLUE\\Cocos\\PuntosFutbol_Canon\\assets\\Sprites\\px.png": {
      "time": 1743629457000,
      "uuid": "6256fcec-eea0-472f-8722-8c0df0369660"
    },
    "X:\\Escritorio\\BLUE\\Cocos\\PuntosFutbol_Canon\\assets\\Sprites\\py.png": {
      "time": 1743629457000,
      "uuid": "151f0d5a-15b3-4e1b-a4a3-db4d509a18b2"
    },
    "X:\\Escritorio\\BLUE\\Cocos\\PuntosFutbol_Canon\\assets\\Sprites\\pz.png": {
      "time": 1743629457000,
      "uuid": "e52ac426-849a-405f-8262-d329719d3b7d"
    },
    "X:\\Escritorio\\BLUE\\Cocos\\PuntosFutbol_Canon\\assets\\Sprites\\P_personajed.png": {
      "time": 1743625871000,
      "uuid": "c05f3a3f-c22f-4a4e-832c-292d8f411476"
    },
    "X:\\Escritorio\\BLUE\\Cocos\\PuntosFutbol_Canon\\assets\\Sprites\\Recurso 1.png": {
      "time": 1743625871000,
      "uuid": "cc87345f-abfe-45b2-af90-4ceb1e86f224"
    },
    "X:\\Escritorio\\BLUE\\Cocos\\PuntosFutbol_Canon\\assets\\Sprites\\Recurso 2.png": {
      "time": 1743625871000,
      "uuid": "55038107-66b8-4d82-9ae0-d2743bc44d39"
    },
    "X:\\Escritorio\\BLUE\\Cocos\\PuntosFutbol_Canon\\assets\\Sprites\\Recurso 3.png": {
      "time": 1743625871000,
      "uuid": "d0e90002-f693-4785-8fe7-0ddbf897507f"
    },
    "X:\\Escritorio\\BLUE\\Cocos\\PuntosFutbol_Canon\\assets\\Sprites\\red.png": {
      "time": 1743625871000,
      "uuid": "b0beef13-bb71-4af0-a30a-9460d6aa1b1b"
    },
    "X:\\Escritorio\\BLUE\\Cocos\\PuntosFutbol_Canon\\assets\\Sprites\\Salir_Btn.png": {
      "time": 1750373806000,
      "uuid": "f47b3252-44d3-4ef1-80b5-65a7a0250ccb"
    },
    "X:\\Escritorio\\BLUE\\Cocos\\PuntosFutbol_Canon\\assets\\Sprites\\Salir_Btn_h.png": {
      "time": 1750373806000,
      "uuid": "7bfdbdad-9407-45ba-93df-b276b19c61d8"
    },
    "X:\\Escritorio\\BLUE\\Cocos\\PuntosFutbol_Canon\\assets\\Sprites\\Salir_Btn_p.png": {
      "time": 1750373806000,
      "uuid": "06b8eff0-f014-449f-89a2-12a417dcbba6"
    },
    "X:\\Escritorio\\BLUE\\Cocos\\PuntosFutbol_Canon\\assets\\Sprites\\Siguiente_Btn.png": {
      "time": 1750373252000,
      "uuid": "62dae8bb-9a9e-4b37-ba27-d08881886e6f"
    },
    "X:\\Escritorio\\BLUE\\Cocos\\PuntosFutbol_Canon\\assets\\Sprites\\Siguiente_Btn_h.png": {
      "time": 1750373252000,
      "uuid": "75756ef8-71d9-47c1-b34a-01d1e1485b8e"
    },
    "X:\\Escritorio\\BLUE\\Cocos\\PuntosFutbol_Canon\\assets\\Sprites\\Siguiente_Btn_p.png": {
      "time": 1750373252000,
      "uuid": "b50b8373-d0dd-46c4-8b3e-3b1a7e7bc66b"
    },
    "X:\\Escritorio\\BLUE\\Cocos\\PuntosFutbol_Canon\\assets\\Sprites\\volver.png": {
      "time": 1750373252000,
      "uuid": "2d0c8b52-a337-4a9e-bb04-b4cc7ec211be"
    },
    "X:\\Escritorio\\BLUE\\Cocos\\PuntosFutbol_Canon\\assets\\Sprites\\volver_h.png": {
      "time": 1750373252000,
      "uuid": "7a5d7120-9663-4186-9e60-af67cd3e6379"
    },
    "X:\\Escritorio\\BLUE\\Cocos\\PuntosFutbol_Canon\\assets\\Sprites\\volver_p.png": {
      "time": 1750373252000,
      "uuid": "dc9b062b-263c-4622-a445-eb1e439274c8"
    },
    "X:\\Escritorio\\BLUE\\Cocos\\PuntosFutbol_Canon\\assets\\Models\\Materials_highpolybalon\\BLANCO.mtl": {
      "time": 1743625869000,
      "uuid": "e57e8967-1d05-4478-ad17-f1eb26da0f9c"
    },
    "X:\\Escritorio\\BLUE\\Cocos\\PuntosFutbol_Canon\\assets\\Models\\Materials_highpolybalon\\MORADA.mtl": {
      "time": 1743625869000,
      "uuid": "0e85434e-a95d-4486-a7d5-ed50500ddde6"
    },
    "X:\\Escritorio\\BLUE\\Cocos\\PuntosFutbol_Canon\\assets\\Materials\\sky.mtl.meta": {
      "time": 1743628611000
    },
    "X:\\Escritorio\\BLUE\\Cocos\\PuntosFutbol_Canon\\assets\\Materials\\skybox.cubemap.meta": {
      "time": 1743629564000
    },
    "X:\\Escritorio\\BLUE\\Cocos\\PuntosFutbol_Canon\\assets\\Materials\\piso.mtl.meta": {
      "time": 1743625869000
    },
    "X:\\Escritorio\\BLUE\\Cocos\\PuntosFutbol_Canon\\assets\\Materials\\bouce.pmtl.meta": {
      "time": 1743625869000
    },
    "X:\\Escritorio\\BLUE\\Cocos\\PuntosFutbol_Canon\\assets\\font\\BlackHanSans-Regular.ttf.meta": {
      "time": 1743713593000
    },
    "X:\\Escritorio\\BLUE\\Cocos\\PuntosFutbol_Canon\\assets\\Models\\alto.fbx.meta": {
      "time": 1750377073764.7134
    },
    "X:\\Escritorio\\BLUE\\Cocos\\PuntosFutbol_Canon\\assets\\Particulas\\confeti.prefab.meta": {
      "time": 1743625869000
    },
    "X:\\Escritorio\\BLUE\\Cocos\\PuntosFutbol_Canon\\assets\\Models\\moneda.fbx.meta": {
      "time": 1744263435000
    },
    "X:\\Escritorio\\BLUE\\Cocos\\PuntosFutbol_Canon\\assets\\Prefab\\alto1.prefab.meta": {
      "time": 1744310023000
    },
    "X:\\Escritorio\\BLUE\\Cocos\\PuntosFutbol_Canon\\assets\\Prefab\\alto10.prefab.meta": {
      "time": 1744329595000
    },
    "X:\\Escritorio\\BLUE\\Cocos\\PuntosFutbol_Canon\\assets\\Models\\montaña.fbx.meta": {
      "time": 1750377498473.4136
    },
    "X:\\Escritorio\\BLUE\\Cocos\\PuntosFutbol_Canon\\assets\\Prefab\\alto11.prefab.meta": {
      "time": 1744329604000
    },
    "X:\\Escritorio\\BLUE\\Cocos\\PuntosFutbol_Canon\\assets\\Prefab\\alto2.prefab.meta": {
      "time": 1744310023000
    },
    "X:\\Escritorio\\BLUE\\Cocos\\PuntosFutbol_Canon\\assets\\Prefab\\alto3.prefab.meta": {
      "time": 1744310023000
    },
    "X:\\Escritorio\\BLUE\\Cocos\\PuntosFutbol_Canon\\assets\\Prefab\\alto4.prefab.meta": {
      "time": 1744329484000
    },
    "X:\\Escritorio\\BLUE\\Cocos\\PuntosFutbol_Canon\\assets\\Prefab\\alto6.prefab.meta": {
      "time": 1744329531000
    },
    "X:\\Escritorio\\BLUE\\Cocos\\PuntosFutbol_Canon\\assets\\Prefab\\alto5.prefab.meta": {
      "time": 1744329513000
    },
    "X:\\Escritorio\\BLUE\\Cocos\\PuntosFutbol_Canon\\assets\\Prefab\\alto7.prefab.meta": {
      "time": 1744329542000
    },
    "X:\\Escritorio\\BLUE\\Cocos\\PuntosFutbol_Canon\\assets\\Prefab\\alto9.prefab.meta": {
      "time": 1744329582000
    },
    "X:\\Escritorio\\BLUE\\Cocos\\PuntosFutbol_Canon\\assets\\Prefab\\alto8.prefab.meta": {
      "time": 1744329570000
    },
    "X:\\Escritorio\\BLUE\\Cocos\\PuntosFutbol_Canon\\assets\\Prefab\\moneda-1.prefab.meta": {
      "time": 1744329621000
    },
    "X:\\Escritorio\\BLUE\\Cocos\\PuntosFutbol_Canon\\assets\\Prefab\\moneda-2.prefab.meta": {
      "time": 1744329622000
    },
    "X:\\Escritorio\\BLUE\\Cocos\\PuntosFutbol_Canon\\assets\\Prefab\\moneda-3.prefab.meta": {
      "time": 1744329623000
    },
    "X:\\Escritorio\\BLUE\\Cocos\\PuntosFutbol_Canon\\assets\\Prefab\\moneda-4.prefab.meta": {
      "time": 1744329652000
    },
    "X:\\Escritorio\\BLUE\\Cocos\\PuntosFutbol_Canon\\assets\\Prefab\\moneda-5.prefab.meta": {
      "time": 1744329662000
    },
    "X:\\Escritorio\\BLUE\\Cocos\\PuntosFutbol_Canon\\assets\\Prefab\\moneda-6.prefab.meta": {
      "time": 1744329745000
    },
    "X:\\Escritorio\\BLUE\\Cocos\\PuntosFutbol_Canon\\assets\\Prefab\\moneda.prefab.meta": {
      "time": 1744263511000
    },
    "X:\\Escritorio\\BLUE\\Cocos\\PuntosFutbol_Canon\\assets\\Scenes\\Inicio.scene.meta": {
      "time": 1743625869000
    },
    "X:\\Escritorio\\BLUE\\Cocos\\PuntosFutbol_Canon\\assets\\Scenes\\Instrucciones.scene.meta": {
      "time": 1743713495000
    },
    "X:\\Escritorio\\BLUE\\Cocos\\PuntosFutbol_Canon\\assets\\Scenes\\Juego.scene.meta": {
      "time": 1743625869000
    },
    "X:\\Escritorio\\BLUE\\Cocos\\PuntosFutbol_Canon\\assets\\Sprites\\01InstLMB.png.meta": {
      "time": 1747856395000
    },
    "X:\\Escritorio\\BLUE\\Cocos\\PuntosFutbol_Canon\\assets\\Sprites\\02InstLMB.png.meta": {
      "time": 1747856395000
    },
    "X:\\Escritorio\\BLUE\\Cocos\\PuntosFutbol_Canon\\assets\\Sprites\\03InstLMB.png.meta": {
      "time": 1747856395000
    },
    "X:\\Escritorio\\BLUE\\Cocos\\PuntosFutbol_Canon\\assets\\Models\\Cannon.fbx.meta": {
      "time": 1743638333000
    },
    "X:\\Escritorio\\BLUE\\Cocos\\PuntosFutbol_Canon\\assets\\Sprites\\alto-text.png.meta": {
      "time": 1744309746000
    },
    "X:\\Escritorio\\BLUE\\Cocos\\PuntosFutbol_Canon\\assets\\Sprites\\back-Cañoneros.png.meta": {
      "time": 1747856458000
    },
    "X:\\Escritorio\\BLUE\\Cocos\\PuntosFutbol_Canon\\assets\\Sprites\\Cannon_Body.png.meta": {
      "time": 1743637521000
    },
    "X:\\Escritorio\\BLUE\\Cocos\\PuntosFutbol_Canon\\assets\\Sprites\\Can_04_gameover.png.meta": {
      "time": 1743713754000
    },
    "X:\\Escritorio\\BLUE\\Cocos\\PuntosFutbol_Canon\\assets\\Sprites\\Can_04_inst.png.meta": {
      "time": 1747859754000
    },
    "X:\\Escritorio\\BLUE\\Cocos\\PuntosFutbol_Canon\\assets\\Sprites\\Can_04_inst01.png.meta": {
      "time": 1747856350000
    },
    "X:\\Escritorio\\BLUE\\Cocos\\PuntosFutbol_Canon\\assets\\Sprites\\confeti2.png.meta": {
      "time": 1743625870000
    },
    "X:\\Escritorio\\BLUE\\Cocos\\PuntosFutbol_Canon\\assets\\Sprites\\conffeti.png.meta": {
      "time": 1743625870000
    },
    "X:\\Escritorio\\BLUE\\Cocos\\PuntosFutbol_Canon\\assets\\Sprites\\Can_marco.png.meta": {
      "time": 1743713692000
    },
    "X:\\Escritorio\\BLUE\\Cocos\\PuntosFutbol_Canon\\assets\\Sprites\\fan-canoneros-invertido.png.meta": {
      "time": 1745345888000
    },
    "X:\\Escritorio\\BLUE\\Cocos\\PuntosFutbol_Canon\\assets\\Sprites\\Inicio_Btn.png.meta": {
      "time": 1743713568000
    },
    "X:\\Escritorio\\BLUE\\Cocos\\PuntosFutbol_Canon\\assets\\Sprites\\fan-canoneros-normal.png.meta": {
      "time": 1750376665566.3474
    },
    "X:\\Escritorio\\BLUE\\Cocos\\PuntosFutbol_Canon\\assets\\Sprites\\Inicio_Btn_p.png.meta": {
      "time": 1743713568000
    },
    "X:\\Escritorio\\BLUE\\Cocos\\PuntosFutbol_Canon\\assets\\Sprites\\Inicio_Btn_h.png.meta": {
      "time": 1743713568000
    },
    "X:\\Escritorio\\BLUE\\Cocos\\PuntosFutbol_Canon\\assets\\Sprites\\Jugar_Btn_h.png.meta": {
      "time": 1743713568000
    },
    "X:\\Escritorio\\BLUE\\Cocos\\PuntosFutbol_Canon\\assets\\Sprites\\Jugar_Btn.png.meta": {
      "time": 1743713568000
    },
    "X:\\Escritorio\\BLUE\\Cocos\\PuntosFutbol_Canon\\assets\\Sprites\\Jugar_Btn_p.png.meta": {
      "time": 1743713568000
    },
    "X:\\Escritorio\\BLUE\\Cocos\\PuntosFutbol_Canon\\assets\\Sprites\\Logo_C.png.meta": {
      "time": 1743713568000
    },
    "X:\\Escritorio\\BLUE\\Cocos\\PuntosFutbol_Canon\\assets\\Sprites\\moneda.png.meta": {
      "time": 1744263262000
    },
    "X:\\Escritorio\\BLUE\\Cocos\\PuntosFutbol_Canon\\assets\\Sprites\\nx.png.meta": {
      "time": 1743629465000
    },
    "X:\\Escritorio\\BLUE\\Cocos\\PuntosFutbol_Canon\\assets\\Sprites\\Next-Cañoneros.png.meta": {
      "time": 1747856326000
    },
    "X:\\Escritorio\\BLUE\\Cocos\\PuntosFutbol_Canon\\assets\\Sprites\\nz.png.meta": {
      "time": 1743629465000
    },
    "X:\\Escritorio\\BLUE\\Cocos\\PuntosFutbol_Canon\\assets\\Sprites\\ny.png.meta": {
      "time": 1743629465000
    },
    "X:\\Escritorio\\BLUE\\Cocos\\PuntosFutbol_Canon\\assets\\Sprites\\pasto.png.meta": {
      "time": 1743625870000
    },
    "X:\\Escritorio\\BLUE\\Cocos\\PuntosFutbol_Canon\\assets\\Sprites\\portero.png.meta": {
      "time": 1743625870000
    },
    "X:\\Escritorio\\BLUE\\Cocos\\PuntosFutbol_Canon\\assets\\Sprites\\portero02.png.meta": {
      "time": 1743625870000
    },
    "X:\\Escritorio\\BLUE\\Cocos\\PuntosFutbol_Canon\\assets\\Sprites\\portero01.png.meta": {
      "time": 1743625870000
    },
    "X:\\Escritorio\\BLUE\\Cocos\\PuntosFutbol_Canon\\assets\\Models\\highpolybalon.fbx.meta": {
      "time": 1743625869000
    },
    "X:\\Escritorio\\BLUE\\Cocos\\PuntosFutbol_Canon\\assets\\Sprites\\px.png.meta": {
      "time": 1743629465000
    },
    "X:\\Escritorio\\BLUE\\Cocos\\PuntosFutbol_Canon\\assets\\Sprites\\py.png.meta": {
      "time": 1743629465000
    },
    "X:\\Escritorio\\BLUE\\Cocos\\PuntosFutbol_Canon\\assets\\Sprites\\puntosfutbolsmexico 2.png.meta": {
      "time": 1743625870000
    },
    "X:\\Escritorio\\BLUE\\Cocos\\PuntosFutbol_Canon\\assets\\Sprites\\pz.png.meta": {
      "time": 1743629465000
    },
    "X:\\Escritorio\\BLUE\\Cocos\\PuntosFutbol_Canon\\assets\\Sprites\\P_personajed.png.meta": {
      "time": 1743625871000
    },
    "X:\\Escritorio\\BLUE\\Cocos\\PuntosFutbol_Canon\\assets\\Sprites\\Recurso 1.png.meta": {
      "time": 1743625871000
    },
    "X:\\Escritorio\\BLUE\\Cocos\\PuntosFutbol_Canon\\assets\\Sprites\\Recurso 2.png.meta": {
      "time": 1743625871000
    },
    "X:\\Escritorio\\BLUE\\Cocos\\PuntosFutbol_Canon\\assets\\Sprites\\Recurso 3.png.meta": {
      "time": 1743625871000
    },
    "X:\\Escritorio\\BLUE\\Cocos\\PuntosFutbol_Canon\\assets\\Sprites\\red.png.meta": {
      "time": 1743625871000
    },
    "X:\\Escritorio\\BLUE\\Cocos\\PuntosFutbol_Canon\\assets\\Sprites\\Salir_Btn.png.meta": {
      "time": 1743713575000
    },
    "X:\\Escritorio\\BLUE\\Cocos\\PuntosFutbol_Canon\\assets\\Sprites\\Salir_Btn_p.png.meta": {
      "time": 1743713575000
    },
    "X:\\Escritorio\\BLUE\\Cocos\\PuntosFutbol_Canon\\assets\\Sprites\\Salir_Btn_h.png.meta": {
      "time": 1743713575000
    },
    "X:\\Escritorio\\BLUE\\Cocos\\PuntosFutbol_Canon\\assets\\Sprites\\Siguiente_Btn.png.meta": {
      "time": 1750376553377.6763
    },
    "X:\\Escritorio\\BLUE\\Cocos\\PuntosFutbol_Canon\\assets\\Sprites\\Siguiente_Btn_h.png.meta": {
      "time": 1747859720000
    },
    "X:\\Escritorio\\BLUE\\Cocos\\PuntosFutbol_Canon\\assets\\Models\\Materials_highpolybalon\\BLANCO.mtl.meta": {
      "time": 1743625869000
    },
    "X:\\Escritorio\\BLUE\\Cocos\\PuntosFutbol_Canon\\assets\\Sprites\\Siguiente_Btn_p.png.meta": {
      "time": 1747859720000
    },
    "X:\\Escritorio\\BLUE\\Cocos\\PuntosFutbol_Canon\\assets\\Models\\Materials_highpolybalon\\MORADA.mtl.meta": {
      "time": 1743625869000
    },
    "X:\\Escritorio\\BLUE\\Cocos\\PuntosFutbol_Canon\\assets\\Sprites\\volver_h.png.meta": {
      "time": 1745520335000
    },
    "X:\\Escritorio\\BLUE\\Cocos\\PuntosFutbol_Canon\\assets\\Sprites\\volver.png.meta": {
      "time": 1745520335000
    },
    "X:\\Escritorio\\BLUE\\Cocos\\PuntosFutbol_Canon\\assets\\Sprites\\volver_p.png.meta": {
      "time": 1745520335000
    },
    "X:\\Escritorio\\BLUE\\Cocos\\PuntosFutbol_Canon\\assets\\Sprites\\Canon Puntos Portada.png.meta": {
      "time": 1758138496779.04
    },
    "X:\\Escritorio\\BLUE\\Cocos\\PuntosFutbol_Canon\\assets\\Sprites\\Canon Puntos Portada.png": {
      "time": 1758137396150.2754,
      "uuid": "6f9e542d-43bf-4e97-9551-517b38d30028"
    }
  },
  "missing": {
    "cc87345f-abfe-45b2-af90-4ceb1e86f224": {
      "path": "C:\\Users\\Mau\\NewProject_1\\assets\\Recurso 1.png",
      "time": 1719516555186.597,
      "removeTime": 1719516570922
    },
    "4329cfb7-1102-4365-ab5f-6bb5f3efdecf": {
      "path": "C:\\Users\\Mau\\NewProject_1\\assets\\Sprites\\porteria.mtl",
      "time": 1719517547619.9727,
      "removeTime": 1719517769591
    },
    "2b3d4bf5-03b3-422b-8d7b-003d9ebf4c82": {
      "path": "C:\\Users\\Mau\\NewProject_1\\assets\\Models\\lowpolybalon.fbx",
      "time": 1719522451997.5598,
      "removeTime": 1719522713085
    },
    "315580f9-4d9a-4cf5-ab29-51e5f3468f3d": {
      "path": "C:\\Users\\Mau\\NewProject_1\\assets\\Models\\highpolybalon.fbx",
      "time": 1719522564999.3254,
      "removeTime": 1719522715084
    },
    "2f114e22-25c2-4826-92b0-1e5505b50578": {
      "path": "C:\\Users\\Mau\\NewProject_1\\assets\\Models\\highpolybalon.fbx",
      "time": 1719522564999.3254,
      "removeTime": 1719522955309
    },
    "d6ed301b-5613-4fd7-9211-83f1d0a0bd55": {
      "path": "C:\\Users\\Mau\\NewProject_1\\assets\\Models\\lowpolybalon.fbx",
      "time": 1719522968122.2366,
      "removeTime": 1719523092914
    },
    "3f6503b5-2323-4591-9c45-6e7e29ea5aee": {
      "path": "C:\\Users\\Mau\\NewProject_1\\assets\\Models\\highpolybalon.fbx",
      "time": 1719522564999.3254,
      "removeTime": 1719523094870
    },
    "ae07fe94-8f0f-499e-b467-47158b649837": {
      "path": "C:\\Users\\Mau\\NewProject_1\\assets\\Sprites\\normals.png",
      "time": 1719522485479.2888,
      "removeTime": 1719523097108
    },
    "0d2934ac-f883-40f0-b5d5-207640754f12": {
      "path": "C:\\Users\\Mau\\NewProject_1\\assets\\Sprites\\portero1.png",
      "time": 1719597656379.2212,
      "removeTime": 1720485758721
    },
    "9478c970-318d-483c-9613-4f2ef0c649d9": {
      "path": "C:\\Users\\mau_9\\Documents\\Penaltis\\assets\\Sprites\\Capa 1.png",
      "time": 1720635708067.5383,
      "removeTime": 1720635977553
    },
    "1f814596-5eea-47fa-8adb-83caf9ff70a0": {
      "path": "C:\\Users\\mau_9\\Documents\\Penaltis\\assets\\Sprites\\Capa 2.png",
      "time": 1720635707908.9043,
      "removeTime": 1720635977553
    },
    "4317a6d3-4cd2-4a41-b41d-5588e1786550": {
      "path": "C:\\Users\\mau_9\\Documents\\Penaltis\\assets\\Animation\\DERJUGADOR.anim",
      "time": 1720551099922.4785,
      "removeTime": 1743626484219
    },
    "35607d76-e5a0-44b7-a7e3-6058f8181ba8": {
      "path": "C:\\Users\\mau_9\\Documents\\Penaltis\\assets\\Animation\\IDLJUGADOR.anim",
      "time": 1720552423759.2727,
      "removeTime": 1743626484219
    },
    "7670ca65-9f85-40bb-80a6-4f6fcbc929ad": {
      "path": "C:\\Users\\mau_9\\Documents\\Penaltis\\assets\\Animation\\GOL.anim",
      "time": 1720512737210.7617,
      "removeTime": 1743626484219
    },
    "bac705bb-7f8d-4be6-91af-9ee250afafb3": {
      "path": "C:\\Users\\mau_9\\Documents\\Penaltis\\assets\\Animation\\IZQJUGADOR.anim",
      "time": 1720551173116.9932,
      "removeTime": 1743626484220
    },
    "7029b072-026c-4eda-b4e3-d45e493c544b": {
      "path": "C:\\Users\\mau_9\\Documents\\Penaltis\\assets\\Animation\\SALTO.anim",
      "time": 1720723037909.287,
      "removeTime": 1743626484220
    },
    "69e0463d-02c4-440b-8272-466dbf8ef54f": {
      "path": "C:\\Users\\mau_9\\Documents\\Penaltis\\assets\\Animation\\IZQ.anim",
      "time": 1720724308364.297,
      "removeTime": 1743626484218
    },
    "a05da812-6928-4f41-a97a-5e40c5a62818": {
      "path": "C:\\Users\\mau_9\\Documents\\Penaltis\\assets\\Animation\\DER.anim",
      "time": 1720724277883.2634,
      "removeTime": 1743626484217
    },
    "abb07ca5-82f0-4088-b4a7-0c3accfd0782": {
      "path": "C:\\Users\\mau_9\\Documents\\Penaltis\\assets\\Animation\\Idle.anim",
      "time": 1721071875909.5642,
      "removeTime": 1743626484218
    },
    "a5652530-d99f-4226-99b7-33f7edf75551": {
      "path": "C:\\Users\\mau_9\\Documents\\Penaltis\\assets\\Scripts\\arrastrededo.ts",
      "time": 1720724480976.329,
      "removeTime": 1743634856687
    },
    "71ce8a6c-372e-4db8-a252-51a9336bd66b": {
      "path": "C:\\Users\\mau_9\\Documents\\Penaltis\\assets\\Scripts\\Portero.ts",
      "time": 1720723685945.0935,
      "removeTime": 1743634856687
    },
    "55e431de-1a0b-4623-8349-efc7fd5d4a24": {
      "path": "C:\\Users\\mau_9\\Documents\\Penaltis\\assets\\Scripts\\Golazo.ts",
      "time": 1720553811703.3733,
      "removeTime": 1743634856688
    },
    "7550116a-c8bb-4ee1-9496-e7ca8357d1bb": {
      "path": "E:\\cañon\\assets\\Materials\\skybox.mtl",
      "time": 1743628307798.5884,
      "removeTime": 1743628324780
    },
    "69b540f7-6e62-49e7-96bf-960ac7fbfe83": {
      "path": "E:\\cañon\\assets\\Sprites\\px.hdr",
      "time": 1743628432165.238,
      "removeTime": 1743628787986
    },
    "934be16d-2f3e-4735-97c2-c1c9ab9caba2": {
      "path": "E:\\cañon\\assets\\Sprites\\py.hdr",
      "time": 1743628432310.913,
      "removeTime": 1743628789743
    },
    "f4d43047-987b-47c5-b894-01cf64251fb5": {
      "path": "E:\\cañon\\assets\\Sprites\\pz.hdr",
      "time": 1743628432264.8237,
      "removeTime": 1743628791481
    },
    "cfb4dbc0-d8ff-4a56-99d2-1e393ecd6bee": {
      "path": "E:\\cañon\\assets\\Sprites\\nz.hdr",
      "time": 1743628432353.4636,
      "removeTime": 1743628796710
    },
    "51c1f7ff-02f3-44f8-9f68-cf677bb4ae7b": {
      "path": "E:\\cañon\\assets\\Sprites\\ny.hdr",
      "time": 1743628432414.7114,
      "removeTime": 1743628797971
    },
    "43185c8c-8920-43d5-ac0d-eb6c0ec2dd43": {
      "path": "E:\\cañon\\assets\\Sprites\\nx.hdr",
      "time": 1743628432219.309,
      "removeTime": 1743628799199
    },
    "ce562fa7-b7a3-4000-91db-da036fa130b5": {
      "path": "E:\\cañon\\assets\\Sprites\\nx.png",
      "time": 1743628758297.9565,
      "removeTime": 1743629372814
    },
    "30fc25a3-5b6b-47f3-ac65-da3e6772137a": {
      "path": "E:\\cañon\\assets\\Sprites\\ny.png",
      "time": 1743628758343.718,
      "removeTime": 1743629374436
    },
    "dc5b4143-31ce-48f8-a74e-2d2ee9b5ff09": {
      "path": "E:\\cañon\\assets\\Sprites\\nz.png",
      "time": 1743628758387.423,
      "removeTime": 1743629376144
    },
    "c19788ab-766e-4141-ba86-a5ec6f04d0d3": {
      "path": "E:\\cañon\\assets\\Sprites\\px.png",
      "time": 1743628758268.907,
      "removeTime": 1743629380917
    },
    "085604fd-f5a3-4d38-8744-ec4ce9435438": {
      "path": "E:\\cañon\\assets\\Sprites\\py.png",
      "time": 1743628758320.203,
      "removeTime": 1743629382307
    },
    "563edb31-6c86-4de9-b125-b20c04c784ba": {
      "path": "E:\\cañon\\assets\\Sprites\\pz.png",
      "time": 1743628758365.748,
      "removeTime": 1743629383699
    },
    "d6167974-e14a-4873-8185-2dcde1f3dbc7": {
      "path": "E:\\cañon\\assets\\Sprites\\py.hdr",
      "time": 1743629328369.4321,
      "removeTime": 1743629390324
    },
    "1dab3699-eaf0-41ea-ab4e-66ae64ba1b9d": {
      "path": "E:\\cañon\\assets\\Sprites\\px.hdr",
      "time": 1743629328306.4075,
      "removeTime": 1743629393116
    },
    "3cf7be43-29bb-4d35-8a84-7c66d3411d92": {
      "path": "E:\\cañon\\assets\\Sprites\\pz.hdr",
      "time": 1743629328481.4355,
      "removeTime": 1743629394491
    },
    "f0759db5-f649-4f4e-938f-65644d76fd0d": {
      "path": "E:\\cañon\\assets\\Sprites\\nz.hdr",
      "time": 1743629328428.4873,
      "removeTime": 1743629397019
    },
    "e24482f0-c662-402c-b32e-9baab9207fc1": {
      "path": "E:\\cañon\\assets\\Sprites\\ny.hdr",
      "time": 1743629328567.4575,
      "removeTime": 1743629398281
    },
    "75de78d5-16f5-48df-ac9a-74e04ef41d9e": {
      "path": "E:\\cañon\\assets\\Sprites\\+.hdr",
      "time": 1743629328247.871,
      "removeTime": 1743713475759
    },
    "997e3485-3574-4460-9058-af0e4a5f0d28": {
      "path": "E:\\cañon\\assets\\Models\\Cannon Mazatlan.fbx",
      "time": 1743632570201.2747,
      "removeTime": 1743632662555
    },
    "fe4c69c2-a4aa-4efe-9498-7237d9e0f292": {
      "path": "E:\\cañon\\assets\\Models\\Cannon Mazatlan.fbx",
      "time": 1743632652952.4897,
      "removeTime": 1743632872605
    },
    "3135ad54-1d01-4441-8c90-0df5b409b585": {
      "path": "E:\\cañon\\assets\\Models\\Cannon.fbx",
      "time": 1743632862289.6167,
      "removeTime": 1743632943901
    },
    "b245f4c4-a283-4a33-8679-b46945148774": {
      "path": "E:\\cañon\\assets\\Models\\mountain.obj",
      "time": 1509597970207.8,
      "removeTime": 1743633704712
    },
    "20c1326f-d3eb-4371-9741-5ed4db7267c3": {
      "path": "E:\\cañon\\assets\\Models\\montaña.fbx",
      "time": 1743634379432.4187,
      "removeTime": 1743634399628
    },
    "24080972-4291-40c1-9915-d4c31f731f07": {
      "path": "E:\\cañon\\assets\\Models\\montaña.fbx",
      "time": 1743634410377.586,
      "removeTime": 1743634428739
    },
    "3985ed69-ce72-4103-8977-b75c64a5f01b": {
      "path": "E:\\cañon\\assets\\Scripts\\montaña.fbx",
      "time": 1743634436050.5242,
      "removeTime": 1743634919279
    },
    "060dde72-8e5b-4643-9a97-f1ab54503e85": {
      "path": "E:\\cañon\\assets\\Scripts\\montaña.fbx",
      "time": 1743634937177.0305,
      "removeTime": 1743634957671
    },
    "75a4a452-5b32-49b7-a141-d3dfba323dca": {
      "path": "E:\\cañon\\assets\\Sprites\\Cannon_Body2.png",
      "time": 1743632445887.4507,
      "removeTime": 1743637525536
    },
    "b50c3733-9822-44c4-9f5d-b9d745b04ac9": {
      "path": "E:\\cañon\\assets\\Scripts\\Cannon.fbx",
      "time": 1743633179945.2075,
      "removeTime": 1743638170892
    },
    "30ce5290-e2f2-4ed9-9894-a19551d9c1ad": {
      "path": "E:\\cañon\\assets\\Scripts\\montaña.fbx",
      "time": 1743634966196.1206,
      "removeTime": 1743638175432
    },
    "20865d22-5ae3-4007-bbec-f9abd655e789": {
      "path": "E:\\cañon\\assets\\Models\\Cannon.fbx",
      "time": 1743632936179.7285,
      "removeTime": 1743638272409
    },
    "11636859-ab4c-4038-ac8e-6b8ca26905ff": {
      "path": "E:\\cañon\\assets\\Scripts\\Cannon.fbx",
      "time": 1743633179945.2075,
      "removeTime": 1743638272425
    },
    "a1294b29-557f-4f51-a85c-24e925d2bc7e": {
      "path": "E:\\cañon\\assets\\Models\\montaña.fbx",
      "time": 1743634436050.5242,
      "removeTime": 1743638278780
    },
    "f360dd41-2c4f-451e-a132-656bbb3e5d4d": {
      "path": "E:\\cañon\\assets\\Scripts\\montaña.fbx",
      "time": 1743634966196.1206,
      "removeTime": 1743638278792
    },
    "9af7ff9d-6280-4252-8369-2334105ba343": {
      "path": "E:\\cañon\\assets\\Scripts\\NewComponent.ts",
      "time": 1743646924178.6887,
      "removeTime": 1743646938295
    },
    "920851f8-9ff7-4e81-b7a3-22e32ec5f7db": {
      "path": "C:\\Users\\mau_9\\Documents\\Penaltis\\assets\\Sprites\\P_logoJuego.png",
      "time": 1720546619760.5327,
      "removeTime": 1744214328173
    },
    "738f28e2-720c-426e-8dd9-dec9d9e12e72": {
      "path": "C:\\Users\\mau_9\\Documents\\Penaltis\\assets\\Sprites\\P_golesMexico_gameOver.png",
      "time": 1720546619747.537,
      "removeTime": 1744214328172
    },
    "f244bcd1-0254-4217-bcca-689ca04ad564": {
      "path": "C:\\Users\\mau_9\\Documents\\Penaltis\\assets\\Sprites\\P_boton_jugar.png",
      "time": 1720546619748.537,
      "removeTime": 1744214328169
    },
    "b5090fcf-362c-4818-be8e-dfa55e56e782": {
      "path": "C:\\Users\\mau_9\\Documents\\Penaltis\\assets\\Sprites\\P_logo_america.png",
      "time": 1720546664885.1035,
      "removeTime": 1744214328171
    },
    "7d90b022-c27b-48d4-96e4-7566996022d2": {
      "path": "C:\\Users\\mau_9\\Documents\\Penaltis\\assets\\Sprites\\P_felicidades.png",
      "time": 1720546619899.73,
      "removeTime": 1744214328171
    },
    "bfd43dc1-5c45-4c28-a1e6-e3caf8bab9e7": {
      "path": "C:\\Users\\mau_9\\Documents\\Penaltis\\assets\\Sprites\\P_logo_gnp.png",
      "time": 1720546619759.5386,
      "removeTime": 1744214328173
    },
    "4e8a3722-d0f0-480f-b65c-07e06c19ddd8": {
      "path": "C:\\Users\\mau_9\\Documents\\Penaltis\\assets\\Sprites\\P_instText.png",
      "time": 1720546619752.5374,
      "removeTime": 1744214328172
    },
    "d70cd463-5343-4ed9-abb5-de9f5cf55807": {
      "path": "C:\\Users\\mau_9\\Documents\\Penaltis\\assets\\Sprites\\P_boton_jugar_h.png",
      "time": 1720546619744.584,
      "removeTime": 1744214328170
    },
    "0e02fd81-ad5c-4cb3-89b4-245a94e58190": {
      "path": "C:\\Users\\mau_9\\Documents\\Penaltis\\assets\\Sprites\\P_gnp_cancha.png",
      "time": 1720546619756.5315,
      "removeTime": 1744214328173
    },
    "3fd03d44-47a9-4a24-9d64-6b8e31be839b": {
      "path": "C:\\Users\\mau_9\\Documents\\Penaltis\\assets\\Sprites\\P_boton_salir.png",
      "time": 1720546619754.538,
      "removeTime": 1744214328169
    },
    "5e77b339-83f2-4bb9-8d91-d22d270dd764": {
      "path": "C:\\Users\\mau_9\\Documents\\Penaltis\\assets\\Sprites\\P_boton_salir_h.png",
      "time": 1720546619750.5366,
      "removeTime": 1744214328170
    },
    "1ca2a4bd-2a2b-416f-abf0-9a45db9d445e": {
      "path": "E:\\cañon\\assets\\Sprites\\StandardCubeMap.hdr",
      "time": 1743627996548.9065,
      "removeTime": 1743713462204
    },
    "90cd7265-fb83-4405-bdb2-9be00735e97c": {
      "path": "C:\\Users\\mau_9\\Documents\\Penaltis\\assets\\Sprites\\Titulo.png",
      "time": 1720633073592.7073,
      "removeTime": 1744214328173
    },
    "a735b384-832f-4730-8e03-eba1ff45f2f2": {
      "path": "C:\\Users\\mau_9\\Documents\\Penaltis\\assets\\Sprites\\Instrucciones.png",
      "time": 1720546615331.02,
      "removeTime": 1744214328173
    },
    "9218d76f-1ad5-4c7b-99b0-72ebe3ef0379": {
      "path": "C:\\Users\\mau_9\\Documents\\Penaltis\\assets\\Sprites\\fondo-penalti.jpg",
      "time": 1720515551725.3184,
      "removeTime": 1744214328169
    },
    "2c2a1e4d-82b8-4f55-b9eb-37ba6e19985b": {
      "path": "C:\\Users\\mau_9\\Documents\\Penaltis\\assets\\Sprites\\gameover-penalti.jpg",
      "time": 1720515573783.4028,
      "removeTime": 1744214328168
    },
    "f56baf03-92eb-4d3b-9289-3f892c883d62": {
      "path": "C:\\Users\\mau_9\\Documents\\Penaltis\\assets\\Sprites\\Fondo.png",
      "time": 1720546619516.6592,
      "removeTime": 1744214328172
    },
    "aa287cb3-9481-4609-9e99-15bc893ccc9c": {
      "path": "C:\\Users\\mau_9\\Documents\\Penaltis\\assets\\Sprites\\America.png",
      "time": 1720635974125.552,
      "removeTime": 1744214328174
    },
    "c361d22b-9063-4347-a5f6-2421630002bb": {
      "path": "C:\\Users\\mau_9\\Documents\\Penaltis\\assets\\Sprites\\Juego01.png",
      "time": 1720546615240.697,
      "removeTime": 1744214328171
    },
    "aae78fc9-fb41-42d7-b60e-779817f6961f": {
      "path": "C:\\Users\\mau_9\\Documents\\Penaltis\\assets\\Sprites\\Juego02.png",
      "time": 1720546615317.6863,
      "removeTime": 1744214328171
    },
    "adfe2670-0151-4c1f-9fa5-2dfe3db86b60": {
      "path": "E:\\cañon\\assets\\Scripts\\MoveTarget.ts",
      "time": 1744240421627.1807,
      "removeTime": 1744244505947
    },
    "f7fb69a7-37e6-4c29-a5b4-86afcf17f989": {
      "path": "E:\\cañon\\assets\\Scripts\\moneda.png",
      "time": 1744262285871.7976,
      "removeTime": 1744263270266
    },
    "d5bfbfb1-b408-4d52-9633-1c74b95f0acb": {
      "path": "E:\\cañon\\assets\\Prefab\\moneda.prefab",
      "time": 1744263433110.3423,
      "removeTime": 1744263487536
    },
    "65506300-3dd8-482a-8a3a-63692e9001fd": {
      "path": "E:\\cañon\\assets\\Sprites\\Can_01_portada (1).png",
      "time": 1744320774253.4175,
      "removeTime": 1744320789393
    },
    "3c5c3e4b-ed01-4608-aba2-6583fafa0852": {
      "path": "E:\\cañon\\assets\\Scripts\\Manager.ts",
      "time": 1744321731958.5188,
      "removeTime": 1744321807807
    },
    "9f8db0e2-688b-4c06-a697-28e8d3b433e7": {
      "path": "E:\\cañon\\assets\\Prefab\\moneda-001.prefab",
      "time": 1744329614042.9385,
      "removeTime": 1744329621165
    },
    "9a9ee771-439a-48ac-a4e4-3a7facf2ac68": {
      "path": "E:\\cañon\\assets\\Sprites\\Can_01_inst.png",
      "time": 1744824324478.2341,
      "removeTime": 1744824625797
    },
    "2d8ead75-1f0c-4942-8f00-413e9c883285": {
      "path": "E:\\cañon\\assets\\Sprites\\Can_01_gameover.png",
      "time": 1744824321018.35,
      "removeTime": 1744824630748
    },
    "abbe2314-89f6-4c24-a2e4-73348f53eb89": {
      "path": "E:\\cañon\\assets\\Sprites\\fan-canoneros-invertido@2x.png",
      "time": 1744822621267.8784,
      "removeTime": 1745345882717
    },
    "3bb499b6-8c8f-425e-805b-628af2275106": {
      "path": "E:\\cañon\\assets\\Sprites\\fan-canoneros-normal@2x.png",
      "time": 1744822621289.4888,
      "removeTime": 1745345882720
    },
    "bcba5bcc-a116-4ba3-89e4-fb3a0ececac8": {
      "path": "E:\\cañon\\assets\\Sprites\\Can_04_inst.png",
      "time": 1744824350370.3108,
      "removeTime": 1747856337871
    },
    "3be6aef3-8741-48c7-b530-0152c715f2b7": {
      "path": "E:\\cañon\\assets\\Scripts\\Next_Back.ts",
      "time": 1747858870114.3494,
      "removeTime": 1747858905095
    },
    "5f161622-e792-4b36-8213-b25b0afd89bd": {
      "path": "X:\\Escritorio\\BLUE\\Cocos\\PuntosFutbol_Canon\\assets\\Sprites\\Can_01_portada.png",
      "time": 1750376007609.2673,
      "removeTime": 1758138524023
    }
  }
}
