{
  "__type__": "cc.SpriteFrame",
  "content": {
    "name": "P_personajed",
    "atlas": "",
    "rect": {
      "x": 0,
      "y": 0,
      "width": 411,
      "height": 638
    },
    "offset": {
      "x": 0,
      "y": 0
    },
    "originalSize": {
      "width": 411,
      "height": 638
    },
    "rotated": false,
    "capInsets": [
      0,
      0,
      0,
      0
    ],
    "vertices": {
      "rawPosition": [
        -205.5,
        -319,
        0,
        205.5,
        -319,
        0,
        -205.5,
        319,
        0,
        205.5,
        319,
        0
      ],
      "indexes": [
        0,
        1,
        2,
        2,
        1,
        3
      ],
      "uv": [
        0,
        638,
        411,
        638,
        0,
        0,
        411,
        0
      ],
      "nuv": [
        0,
        0,
        1,
        0,
        0,
        1,
        1,
        1
      ],
      "minPos": {
        "x": -205.5,
        "y": -319,
        "z": 0
      },
      "maxPos": {
        "x": 205.5,
        "y": 319,
        "z": 0
      }
    },
    "texture": "c05f3a3f-c22f-4a4e-832c-292d8f411476@6c48a",
    "packable": true,
    "pixelsToUnit": 100,
    "pivot": {
      "x": 0.5,
      "y": 0.5
    },
    "meshType": 0
  }
}