{
  "__type__": "cc.SpriteFrame",
  "content": {
    "name": "1137 1",
    "atlas": "",
    "rect": {
      "x": 0,
      "y": 0,
      "width": 510,
      "height": 820
    },
    "offset": {
      "x": 0,
      "y": 0
    },
    "originalSize": {
      "width": 510,
      "height": 820
    },
    "rotated": false,
    "capInsets": [
      0,
      0,
      0,
      0
    ],
    "vertices": {
      "rawPosition": [
        -255,
        -410,
        0,
        255,
        -410,
        0,
        -255,
        410,
        0,
        255,
        410,
        0
      ],
      "indexes": [
        0,
        1,
        2,
        2,
        1,
        3
      ],
      "uv": [
        0,
        820,
        510,
        820,
        0,
        0,
        510,
        0
      ],
      "nuv": [
        0,
        0,
        1,
        0,
        0,
        1,
        1,
        1
      ],
      "minPos": {
        "x": -255,
        "y": -410,
        "z": 0
      },
      "maxPos": {
        "x": 255,
        "y": 410,
        "z": 0
      }
    },
    "texture": "a68b81d9-d317-41bb-aa75-e4972720606e@6c48a",
    "packable": true,
    "pixelsToUnit": 100,
    "pivot": {
      "x": 0.5,
      "y": 0.5
    },
    "meshType": 0
  }
}