{
  "__type__": "cc.SpriteFrame",
  "content": {
    "name": "Player-Holanda",
    "atlas": "",
    "rect": {
      "x": 0,
      "y": 0,
      "width": 122,
      "height": 99
    },
    "offset": {
      "x": 0,
      "y": 0
    },
    "originalSize": {
      "width": 122,
      "height": 99
    },
    "rotated": false,
    "capInsets": [
      0,
      0,
      0,
      0
    ],
    "vertices": {
      "rawPosition": [
        -61,
        -49.5,
        0,
        61,
        -49.5,
        0,
        -61,
        49.5,
        0,
        61,
        49.5,
        0
      ],
      "indexes": [
        0,
        1,
        2,
        2,
        1,
        3
      ],
      "uv": [
        0,
        99,
        122,
        99,
        0,
        0,
        122,
        0
      ],
      "nuv": [
        0,
        0,
        1,
        0,
        0,
        1,
        1,
        1
      ],
      "minPos": {
        "x": -61,
        "y": -49.5,
        "z": 0
      },
      "maxPos": {
        "x": 61,
        "y": 49.5,
        "z": 0
      }
    },
    "texture": "74d4eaf6-aadb-4f66-b69d-91f7e55f5573@6c48a",
    "packable": true,
    "pixelsToUnit": 100,
    "pivot": {
      "x": 0.5,
      "y": 0.5
    },
    "meshType": 0
  }
}