{
  "__type__": "cc.SpriteFrame",
  "content": {
    "name": "instruccion_texto",
    "atlas": "",
    "rect": {
      "x": 0,
      "y": 0,
      "width": 396,
      "height": 175
    },
    "offset": {
      "x": 0,
      "y": 0
    },
    "originalSize": {
      "width": 396,
      "height": 175
    },
    "rotated": false,
    "capInsets": [
      0,
      0,
      0,
      0
    ],
    "vertices": {
      "rawPosition": [
        -198,
        -87.5,
        0,
        198,
        -87.5,
        0,
        -198,
        87.5,
        0,
        198,
        87.5,
        0
      ],
      "indexes": [
        0,
        1,
        2,
        2,
        1,
        3
      ],
      "uv": [
        0,
        175,
        396,
        175,
        0,
        0,
        396,
        0
      ],
      "nuv": [
        0,
        0,
        1,
        0,
        0,
        1,
        1,
        1
      ],
      "minPos": {
        "x": -198,
        "y": -87.5,
        "z": 0
      },
      "maxPos": {
        "x": 198,
        "y": 87.5,
        "z": 0
      }
    },
    "texture": "e2ce8252-6dcb-4d8e-a777-56fb467f61a2@6c48a",
    "packable": true,
    "pixelsToUnit": 100,
    "pivot": {
      "x": 0.5,
      "y": 0.5
    },
    "meshType": 0
  }
}