[1,0,0,["cc.ImageAsset","cc.TextureCube"],0,[[[{"base":"2,2,0,0,0,0","rgbe":false,"mipmaps":[{"front":"e5KsQmhJpAX4Ji0ylxnTt9","back":"84bqJJMbNNeISn3p4rWg5z","left":"67laN2T3dKjK9Cb7gvPLNB","right":"62Vvzs7qBHL4cijA3wNpZg","top":"15Hw1aFbNOG6Sj201Qmhiy","bottom":"bdPBzPL51MX4p64sRtbbEn"}]}],[1],0,[],[],[]],[[{"fmt":"0","w":0,"h":0},-1],[0],0,[],[],[]],[[{"fmt":"0","w":0,"h":0},-1],[0],0,[],[],[]],[[{"fmt":"0","w":0,"h":0},-1],[0],0,[],[],[]],[[{"fmt":"0","w":0,"h":0},-1],[0],0,[],[],[]],[[{"fmt":"0","w":0,"h":0},-1],[0],0,[],[],[]],[[{"fmt":"0","w":0,"h":0},-1],[0],0,[],[],[]]]]
