{
  "__version__": "1.3.7",
  "log": {
    "level": 4
  },
  "common": {
    "polyfills": {
      "asyncFunctions": true
    },
    "buildPath": "project://build",
    "outputName": "Strike-Zone",
    "mainBundleCompressionType": "merge_all_json",
    "platform": "web-mobile"
  },
  "BuildTaskManager": {
    "taskMap": {
      "1760417935116": {
        "type": "build",
        "id": "1760417935116",
        "progress": 1,
        "state": "success",
        "stage": "build",
        "message": "16-10-2025 18:08:27 build success in 10 s!",
        "options": {
          "name": "Strike-Zone",
          "server": "",
          "platform": "web-mobile",
          "buildPath": "project://build",
          "debug": false,
          "md5Cache": false,
          "skipCompressTexture": false,
          "sourceMaps": false,
          "polyfills": {
            "asyncFunctions": true
          },
          "experimentalEraseModules": false,
          "startSceneAssetBundle": false,
          "bundleConfigs": [],
          "useBuiltinServer": false,
          "mainBundleIsRemote": false,
          "mainBundleCompressionType": "merge_all_json",
          "useSplashScreen": true,
          "bundleCommonChunk": false,
          "packAutoAtlas": true,
          "startScene": "4bdcf820-482b-46cf-806b-1851d20ac600",
          "outputName": "Strike-Zone",
          "taskName": "web-mobile",
          "scenes": [
            {
              "url": "db://assets/Scenes/Inicio.scene",
              "uuid": "4bdcf820-482b-46cf-806b-1851d20ac600"
            },
            {
              "url": "db://assets/Scenes/Instrucciones.scene",
              "uuid": "ef4862a3-95b0-466f-8d43-da505588c566"
            },
            {
              "url": "db://assets/Scenes/Juego.scene",
              "uuid": "2dcf818e-0c77-4dd3-a7cf-46bd310eea18"
            }
          ],
          "packages": {},
          "__version__": "1.3.7",
          "buildMode": "normal",
          "logDest": "project://temp/builder/log/web-mobile13-10-2025 23-58.log"
        },
        "time": "16-10-2025 18:08:16",
        "dirty": false
      }
    }
  }
}
