{
  "__version__": "1.0.3",
  "builder": {
    "taskOptionsMap": {},
    "__version__": "1.3.9"
  },
  "gizmos-infos": {
    "is2D": true,
    "is3DIcon": false,
    "iconSize": 2,
    "gridVisible": true,
    "originAxis2D": {
      "x_visible": true,
      "y_visible": true,
      "z_visible": false
    },
    "originAxis3D": {
      "x_visible": true,
      "y_visible": false,
      "z_visible": true
    },
    "gridColor": [
      166,
      166,
      166,
      255
    ],
    "transformToolName": "position",
    "pivot": "pivot",
    "coordinate": "global",
    "toolsVisibility3d": true
  },
  "": {
    "sculpt_brush_rotate": 0
  },
  "snap-configs": {
    "position": {
      "x": 1,
      "y": 1,
      "z": 1
    },
    "rotation": 1,
    "scale": 1,
    "isPositionSnapEnabled": false,
    "isRotationSnapEnabled": false,
    "isScaleSnapEnabled": false
  },
  "rect-snap-configs": {
    "enableSnapping": true,
    "snapThreshold": 4
  },
  "camera-infos": {
    "287056b4-9be8-401b-b539-b2005880f3ec": {
      "position": {
        "x": 406.3184082949254,
        "y": 1218.1657155828002,
        "z": -587.8456917440611
      },
      "rotation": {
        "x": 0.02123906354414594,
        "y": 0.9787469900828876,
        "z": 0.14684414653035746,
        "w": -0.141562806602676
      },
      "viewCenter": {
        "x": 580,
        "y": 1030,
        "z": 0
      },
      "contentRect": {
        "x": 0.25691506606254044,
        "y": 0.6361949798428597,
        "width": 0,
        "height": 0
      },
      "scale": 114.5632090787803
    },
    "ff1e79ad-8958-493e-a03a-6a1bc6dfbd3e": {
      "position": {
        "x": -103.68159170397684,
        "y": 1218.1657155816108,
        "z": -587.8456917403455
      },
      "rotation": {
        "x": 0.02123906354414594,
        "y": 0.9787469900828876,
        "z": 0.14684414653035746,
        "w": -0.141562806602676
      },
      "viewCenter": {
        "x": 70,
        "y": 1030,
        "z": 0
      },
      "contentRect": {
        "x": 0.25691506606254044,
        "y": 0.6361949798428597,
        "width": 0,
        "height": 0
      },
      "scale": 114.5632090787803
    },
    "a61ca411-30fa-4090-baaa-909d74f979ac": {
      "position": {
        "x": 0.256915066062561,
        "y": 0.6361949798429123,
        "z": 5000
      },
      "rotation": {
        "x": 0,
        "y": 0,
        "z": 0,
        "w": 1
      },
      "viewCenter": {
        "x": 0,
        "y": 0,
        "z": 0
      },
      "contentRect": {
        "x": 0.25691506606254044,
        "y": 0.6361949798428597,
        "width": 0,
        "height": 0
      },
      "scale": 114.5632090787803
    },
    "f46876e4-e81b-4931-b493-6d367be385e7": {
      "position": {
        "x": 72.40333333333331,
        "y": 48.42999999999995,
        "z": 5000
      },
      "rotation": {
        "x": 0,
        "y": 0,
        "z": 0,
        "w": 1
      },
      "viewCenter": {
        "x": 0,
        "y": 0,
        "z": 0
      },
      "contentRect": {
        "x": 750,
        "y": 500,
        "width": 1485,
        "height": 990
      },
      "scale": 0.99
    },
    "3bded6ef-1138-425a-8eff-81882ea31645": {
      "position": {
        "x": 0,
        "y": 0,
        "z": 5000
      },
      "rotation": {
        "x": 0,
        "y": 0,
        "z": 0,
        "w": 1
      },
      "viewCenter": {
        "x": 0,
        "y": 0,
        "z": 0
      },
      "contentRect": {
        "x": 0,
        "y": 0,
        "width": 0,
        "height": 0
      },
      "scale": 1
    },
    "ef4862a3-95b0-466f-8d43-da505588c566": {
      "position": {
        "x": 320,
        "y": 480,
        "z": 5000
      },
      "rotation": {
        "x": 0,
        "y": 0,
        "z": 0,
        "w": 1
      },
      "viewCenter": {
        "x": 0,
        "y": 0,
        "z": 0
      },
      "contentRect": {
        "x": 0,
        "y": 0,
        "width": 288.4,
        "height": 432.6
      },
      "scale": 0.450625
    },
    "4bdcf820-482b-46cf-806b-1851d20ac600": {
      "position": {
        "x": 480.88180323707303,
        "y": 638.4286430313496,
        "z": 5000
      },
      "rotation": {
        "x": 0,
        "y": 0,
        "z": 0,
        "w": 1
      },
      "viewCenter": {
        "x": 0,
        "y": 0,
        "z": 0
      },
      "contentRect": {
        "x": -118.23414473056506,
        "y": 57.18271548974771,
        "width": 637,
        "height": 618
      },
      "scale": 0.5316166279339373
    },
    "2dcf818e-0c77-4dd3-a7cf-46bd310eea18": {
      "position": {
        "x": 503.21645196786153,
        "y": 910.3647867638443,
        "z": 5000
      },
      "rotation": {
        "x": 0,
        "y": 0,
        "z": 0,
        "w": 1
      },
      "viewCenter": {
        "x": 0,
        "y": 0,
        "z": 0
      },
      "contentRect": {
        "x": -163.7172584423197,
        "y": 263.32391857939854,
        "width": 375,
        "height": 187
      },
      "scale": 0.4775587064029413
    }
  },
  "camera-uuids": [
    "287056b4-9be8-401b-b539-b2005880f3ec",
    "ff1e79ad-8958-493e-a03a-6a1bc6dfbd3e",
    "a61ca411-30fa-4090-baaa-909d74f979ac",
    "f46876e4-e81b-4931-b493-6d367be385e7",
    "3bded6ef-1138-425a-8eff-81882ea31645",
    "ef4862a3-95b0-466f-8d43-da505588c566",
    "4bdcf820-482b-46cf-806b-1851d20ac600",
    "2dcf818e-0c77-4dd3-a7cf-46bd310eea18"
  ],
  "camera": {
    "color": [
      48,
      48,
      48,
      255
    ],
    "fov": 45,
    "far": 10000,
    "near": 0.01,
    "wheelSpeed": 0.01,
    "wanderSpeed": 10,
    "enableAcceleration": true,
    "size": "__default_design__",
    "far2D": 10000,
    "near2D": 1,
    "wheelSpeed2D": 6,
    "iso": 0,
    "aperture": 19,
    "shutter": 7,
    "size_rotate": false
  },
  "float-window": {
    "position": {
      "cc": {
        "Camera": {
          "dock": false,
          "top": null,
          "bottom": 10,
          "left": null,
          "right": 10
        }
      }
    }
  },
  "scene_view": {
    "isSceneLightOn": true,
    "output_device": "__default_design__"
  },
  "game-view": {
    "scaleValue": 64,
    "sliderValue": 30
  }
}
