{
  "__type__": "cc.SpriteFrame",
  "content": {
    "name": "Play-H",
    "atlas": "",
    "rect": {
      "x": 0,
      "y": 0,
      "width": 327,
      "height": 139
    },
    "offset": {
      "x": 0,
      "y": 0
    },
    "originalSize": {
      "width": 327,
      "height": 139
    },
    "rotated": false,
    "capInsets": [
      0,
      0,
      0,
      0
    ],
    "vertices": {
      "rawPosition": [
        -163.5,
        -69.5,
        0,
        163.5,
        -69.5,
        0,
        -163.5,
        69.5,
        0,
        163.5,
        69.5,
        0
      ],
      "indexes": [
        0,
        1,
        2,
        2,
        1,
        3
      ],
      "uv": [
        0,
        139,
        327,
        139,
        0,
        0,
        327,
        0
      ],
      "nuv": [
        0,
        0,
        1,
        0,
        0,
        1,
        1,
        1
      ],
      "minPos": {
        "x": -163.5,
        "y": -69.5,
        "z": 0
      },
      "maxPos": {
        "x": 163.5,
        "y": 69.5,
        "z": 0
      }
    },
    "texture": "f6ad4cd4-3d9b-44d4-8141-2eaecc095e75@6c48a",
    "packable": true,
    "pixelsToUnit": 100,
    "pivot": {
      "x": 0.5,
      "y": 0.5
    },
    "meshType": 0
  }
}