{
  "__type__": "cc.SpriteFrame",
  "content": {
    "name": "Argentina-Portero",
    "atlas": "",
    "rect": {
      "x": 179,
      "y": 37,
      "width": 120,
      "height": 434
    },
    "offset": {
      "x": 7,
      "y": -17
    },
    "originalSize": {
      "width": 464,
      "height": 474
    },
    "rotated": false,
    "capInsets": [
      0,
      0,
      0,
      0
    ],
    "vertices": {
      "rawPosition": [
        -60,
        -217,
        0,
        60,
        -217,
        0,
        -60,
        217,
        0,
        60,
        217,
        0
      ],
      "indexes": [
        0,
        1,
        2,
        2,
        1,
        3
      ],
      "uv": [
        179,
        437,
        299,
        437,
        179,
        3,
        299,
        3
      ],
      "nuv": [
        0.3857758620689655,
        0.006329113924050633,
        0.6443965517241379,
        0.006329113924050633,
        0.3857758620689655,
        0.9219409282700421,
        0.6443965517241379,
        0.9219409282700421
      ],
      "minPos": {
        "x": -60,
        "y": -217,
        "z": 0
      },
      "maxPos": {
        "x": 60,
        "y": 217,
        "z": 0
      }
    },
    "texture": "94db5a28-5871-43ce-97be-dfb51a24bbcd@6c48a",
    "packable": true,
    "pixelsToUnit": 100,
    "pivot": {
      "x": 0.5,
      "y": 0.5
    },
    "meshType": 0
  }
}