{
  "__type__": "cc.SpriteFrame",
  "content": {
    "name": "Inst_03",
    "atlas": "",
    "rect": {
      "x": 0,
      "y": 0,
      "width": 370,
      "height": 370
    },
    "offset": {
      "x": 0,
      "y": 0
    },
    "originalSize": {
      "width": 370,
      "height": 370
    },
    "rotated": false,
    "capInsets": [
      0,
      0,
      0,
      0
    ],
    "vertices": {
      "rawPosition": [
        -185,
        -185,
        0,
        185,
        -185,
        0,
        -185,
        185,
        0,
        185,
        185,
        0
      ],
      "indexes": [
        0,
        1,
        2,
        2,
        1,
        3
      ],
      "uv": [
        0,
        370,
        370,
        370,
        0,
        0,
        370,
        0
      ],
      "nuv": [
        0,
        0,
        1,
        0,
        0,
        1,
        1,
        1
      ],
      "minPos": {
        "x": -185,
        "y": -185,
        "z": 0
      },
      "maxPos": {
        "x": 185,
        "y": 185,
        "z": 0
      }
    },
    "texture": "dada3e1a-a140-484d-87f9-80a7e3faea9b@6c48a",
    "packable": true,
    "pixelsToUnit": 100,
    "pivot": {
      "x": 0.5,
      "y": 0.5
    },
    "meshType": 0
  }
}