{
  "__type__": "cc.SpriteFrame",
  "content": {
    "name": "Pelota",
    "atlas": "",
    "rect": {
      "x": 0,
      "y": 0,
      "width": 40,
      "height": 40
    },
    "offset": {
      "x": 0,
      "y": 0
    },
    "originalSize": {
      "width": 40,
      "height": 40
    },
    "rotated": false,
    "capInsets": [
      0,
      0,
      0,
      0
    ],
    "vertices": {
      "rawPosition": [
        -20,
        -20,
        0,
        20,
        -20,
        0,
        -20,
        20,
        0,
        20,
        20,
        0
      ],
      "indexes": [
        0,
        1,
        2,
        2,
        1,
        3
      ],
      "uv": [
        0,
        40,
        40,
        40,
        0,
        0,
        40,
        0
      ],
      "nuv": [
        0,
        0,
        1,
        0,
        0,
        1,
        1,
        1
      ],
      "minPos": {
        "x": -20,
        "y": -20,
        "z": 0
      },
      "maxPos": {
        "x": 20,
        "y": 20,
        "z": 0
      }
    },
    "texture": "8e52fd91-e7a3-497b-ae57-7fe5097144fe@6c48a",
    "packable": true,
    "pixelsToUnit": 100,
    "pivot": {
      "x": 0.5,
      "y": 0.5
    },
    "meshType": 0
  }
}