[1,["6eamAnvrdAIrj+CCM1haQE@f9941","6eamAnvrdAIrj+CCM1haQE@6c48a"],["node","root","data","_spriteFrame","_textureSource"],["cc.SpriteFrame",["cc.Prefab",["_name"],2],["cc.Node",["_name","_layer","_components","_prefab"],1,9,4],["cc.UITransform",["node","__prefab","_contentSize"],3,1,4,5],["cc.CompPrefabInfo",["fileId"],2],["cc.Sprite",["node","__prefab","_spriteFrame"],3,1,4,6],["cc.RigidBody2D",["_group","_allowSleep","node","__prefab"],1,1,4],["cc.BoxCollider2D",["_group","node","__prefab","_offset","_size"],2,1,4,5,5],["cc.PrefabInfo",["fileId","instance","targetOverrides","nestedPrefabInstanceRoots","root","asset"],-1,1,1]],[[4,0,2],[1,0,2],[2,0,1,2,3,3],[3,0,1,2,1],[5,0,1,2,1],[6,0,1,2,3,3],[7,0,1,2,3,4,2],[8,0,1,2,3,4,5,5]],[[[[1,"coche05"],[2,"coche05",33554432,[[3,-2,[0,"62rS7H7btHiqNtYwqPWrh3"],[5,93,165]],[4,-3,[0,"d9qlni+XpI07DrJBzJpBSs"],0],[5,4,false,-4,[0,"d49KBLKCZJLZr0TzNpHmhp"]],[6,4,-5,[0,"2ayFZCTm1IfK1/42DOJhYs"],[0,-5.1,-5.4],[5,64.5,135.2]]],[7,"9fl1QeFUtMr6IkjF2CmeBr",null,null,null,-1,0]]],0,[0,1,1,0,0,1,0,0,1,0,0,1,0,0,1,0,2,1,5],[0],[3],[0]],[[{"name":"coche05","rect":{"x":0,"y":0,"width":93,"height":165},"offset":{"x":0,"y":0},"originalSize":{"width":93,"height":165},"rotated":false,"capInsets":[0,0,0,0],"vertices":{"rawPosition":[-46.5,-82.5,0,46.5,-82.5,0,-46.5,82.5,0,46.5,82.5,0],"indexes":[0,1,2,2,1,3],"uv":[0,165,93,165,0,0,93,0],"nuv":[0,0,1,0,0,1,1,1],"minPos":{"x":-46.5,"y":-82.5,"z":0},"maxPos":{"x":46.5,"y":82.5,"z":0}},"packable":true,"pixelsToUnit":100,"pivot":{"x":0.5,"y":0.5},"meshType":0}],[0],0,[0],[4],[1]]]]
