{
  "__type__": "cc.SpriteFrame",
  "content": {
    "name": "Guante",
    "atlas": "",
    "rect": {
      "x": 0,
      "y": 0,
      "width": 250,
      "height": 221
    },
    "offset": {
      "x": 0,
      "y": 0
    },
    "originalSize": {
      "width": 250,
      "height": 221
    },
    "rotated": false,
    "capInsets": [
      0,
      0,
      0,
      0
    ],
    "vertices": {
      "rawPosition": [
        -125,
        -110.5,
        0,
        125,
        -110.5,
        0,
        -125,
        110.5,
        0,
        125,
        110.5,
        0
      ],
      "indexes": [
        0,
        1,
        2,
        2,
        1,
        3
      ],
      "uv": [
        0,
        221,
        250,
        221,
        0,
        0,
        250,
        0
      ],
      "nuv": [
        0,
        0,
        1,
        0,
        0,
        1,
        1,
        1
      ],
      "minPos": {
        "x": -125,
        "y": -110.5,
        "z": 0
      },
      "maxPos": {
        "x": 125,
        "y": 110.5,
        "z": 0
      }
    },
    "texture": "25813984-a2bd-422b-bc60-f86a58178079@6c48a",
    "packable": true,
    "pixelsToUnit": 100,
    "pivot": {
      "x": 0.5,
      "y": 0.5
    },
    "meshType": 0
  }
}