{
  "__type__": "cc.Mesh",
  "_name": "",
  "_objFlags": 0,
  "__editorExtras__": {},
  "_native": ".bin",
  "_struct": {
    "primitives": [
      {
        "primitiveMode": 7,
        "vertexBundelIndices": [
          0
        ],
        "indexView": {
          "offset": 85104,
          "length": 7356,
          "count": 3678,
          "stride": 2
        }
      },
      {
        "primitiveMode": 7,
        "vertexBundelIndices": [
          1
        ],
        "indexView": {
          "offset": 115980,
          "length": 2652,
          "count": 1326,
          "stride": 2
        }
      },
      {
        "primitiveMode": 7,
        "vertexBundelIndices": [
          2
        ],
        "indexView": {
          "offset": 224664,
          "length": 9396,
          "count": 4698,
          "stride": 2
        }
      },
      {
        "primitiveMode": 7,
        "vertexBundelIndices": [
          3
        ],
        "indexView": {
          "offset": 388668,
          "length": 12348,
          "count": 6174,
          "stride": 2
        }
      },
      {
        "primitiveMode": 7,
        "vertexBundelIndices": [
          4
        ],
        "indexView": {
          "offset": 420024,
          "length": 2280,
          "count": 1140,
          "stride": 2
        }
      }
    ],
    "vertexBundles": [
      {
        "view": {
          "offset": 0,
          "length": 85104,
          "count": 1773,
          "stride": 48
        },
        "attributes": [
          {
            "name": "a_position",
            "format": 32,
            "isNormalized": false
          },
          {
            "name": "a_normal",
            "format": 32,
            "isNormalized": false
          },
          {
            "name": "a_texCoord",
            "format": 21,
            "isNormalized": false
          },
          {
            "name": "a_tangent",
            "format": 44,
            "isNormalized": false
          }
        ]
      },
      {
        "view": {
          "offset": 92460,
          "length": 23520,
          "count": 490,
          "stride": 48
        },
        "attributes": [
          {
            "name": "a_position",
            "format": 32,
            "isNormalized": false
          },
          {
            "name": "a_normal",
            "format": 32,
            "isNormalized": false
          },
          {
            "name": "a_texCoord",
            "format": 21,
            "isNormalized": false
          },
          {
            "name": "a_tangent",
            "format": 44,
            "isNormalized": false
          }
        ]
      },
      {
        "view": {
          "offset": 118632,
          "length": 106032,
          "count": 2209,
          "stride": 48
        },
        "attributes": [
          {
            "name": "a_position",
            "format": 32,
            "isNormalized": false
          },
          {
            "name": "a_normal",
            "format": 32,
            "isNormalized": false
          },
          {
            "name": "a_texCoord",
            "format": 21,
            "isNormalized": false
          },
          {
            "name": "a_tangent",
            "format": 44,
            "isNormalized": false
          }
        ]
      },
      {
        "view": {
          "offset": 234060,
          "length": 154608,
          "count": 3221,
          "stride": 48
        },
        "attributes": [
          {
            "name": "a_position",
            "format": 32,
            "isNormalized": false
          },
          {
            "name": "a_normal",
            "format": 32,
            "isNormalized": false
          },
          {
            "name": "a_texCoord",
            "format": 21,
            "isNormalized": false
          },
          {
            "name": "a_tangent",
            "format": 44,
            "isNormalized": false
          }
        ]
      },
      {
        "view": {
          "offset": 401016,
          "length": 19008,
          "count": 396,
          "stride": 48
        },
        "attributes": [
          {
            "name": "a_position",
            "format": 32,
            "isNormalized": false
          },
          {
            "name": "a_normal",
            "format": 32,
            "isNormalized": false
          },
          {
            "name": "a_texCoord",
            "format": 21,
            "isNormalized": false
          },
          {
            "name": "a_tangent",
            "format": 44,
            "isNormalized": false
          }
        ]
      }
    ],
    "minPosition": {
      "__type__": "cc.Vec3",
      "x": -5.465933799743652,
      "y": -1.3224738836288452,
      "z": -1.6230400800704956
    },
    "maxPosition": {
      "__type__": "cc.Vec3",
      "x": 0.8138868808746338,
      "y": 1.4173072576522827,
      "z": 2.301466941833496
    }
  },
  "_hash": 1849048771,
  "_allowDataAccess": true
}