{"__type__":"cc.Material","_name":"","_objFlags":0,"__editorExtras__":{},"_native":"","_effectAsset":{"__uuid__":"f648964e-8d32-41fc-9ac9-7a1e714dd17b","__expectedType__":"cc.EffectAsset"},"_techIdx":0,"_defines":[{"DCC_APP_NAME":2,"USE_ALBEDO_MAP":true,"HAS_EXPORTED_METALLIC":true},{},{},{}],"_states":[{"rasterizerState":{},"depthStencilState":{},"blendState":{"targets":[{}]}},{"rasterizerState":{},"depthStencilState":{},"blendState":{"targets":[{}]}},{"rasterizerState":{},"depthStencilState":{},"blendState":{"targets":[{}]}},{"rasterizerState":{},"depthStencilState":{},"blendState":{"targets":[{}]}}],"_props":[{"mainTexture":{"__uuid__":"1c0ccb74-73c8-451a-96be-40c1a0296bd2@6c48a","__expectedType__":"cc.Texture2D"},"mainColor":{"__type__":"cc.Color","r":81,"g":81,"b":81,"a":255},"emissive":{"__type__":"cc.Color","r":255,"g":255,"b":255,"a":255},"emissiveScale":0,"shininessExponent":25,"specularFactor":0.25,"transparencyFactor":0},{},{},{}]}