{
  "__type__": "cc.SpriteFrame",
  "content": {
    "name": "Venezuela",
    "atlas": "",
    "rect": {
      "x": 0,
      "y": 16,
      "width": 100,
      "height": 101
    },
    "offset": {
      "x": -8,
      "y": 0
    },
    "originalSize": {
      "width": 116,
      "height": 133
    },
    "rotated": false,
    "capInsets": [
      0,
      0,
      0,
      0
    ],
    "vertices": {
      "rawPosition": [
        -50,
        -50.5,
        0,
        50,
        -50.5,
        0,
        -50,
        50.5,
        0,
        50,
        50.5,
        0
      ],
      "indexes": [
        0,
        1,
        2,
        2,
        1,
        3
      ],
      "uv": [
        0,
        117,
        100,
        117,
        0,
        16,
        100,
        16
      ],
      "nuv": [
        0,
        0.12030075187969924,
        0.8620689655172413,
        0.12030075187969924,
        0,
        0.8796992481203008,
        0.8620689655172413,
        0.8796992481203008
      ],
      "minPos": {
        "x": -50,
        "y": -50.5,
        "z": 0
      },
      "maxPos": {
        "x": 50,
        "y": 50.5,
        "z": 0
      }
    },
    "texture": "80e40b0d-cdf0-4a2e-892f-d5c9e1c2e480@6c48a",
    "packable": true,
    "pixelsToUnit": 100,
    "pivot": {
      "x": 0.5,
      "y": 0.5
    },
    "meshType": 0
  }
}