{
  "__type__": "cc.SpriteFrame",
  "content": {
    "name": "Jugador-Francia",
    "atlas": "",
    "rect": {
      "x": 0,
      "y": 0,
      "width": 126,
      "height": 107
    },
    "offset": {
      "x": 0,
      "y": 0
    },
    "originalSize": {
      "width": 126,
      "height": 107
    },
    "rotated": false,
    "capInsets": [
      0,
      0,
      0,
      0
    ],
    "vertices": {
      "rawPosition": [
        -63,
        -53.5,
        0,
        63,
        -53.5,
        0,
        -63,
        53.5,
        0,
        63,
        53.5,
        0
      ],
      "indexes": [
        0,
        1,
        2,
        2,
        1,
        3
      ],
      "uv": [
        0,
        107,
        126,
        107,
        0,
        0,
        126,
        0
      ],
      "nuv": [
        0,
        0,
        1,
        0,
        0,
        1,
        1,
        1
      ],
      "minPos": {
        "x": -63,
        "y": -53.5,
        "z": 0
      },
      "maxPos": {
        "x": 63,
        "y": 53.5,
        "z": 0
      }
    },
    "texture": "9d22022e-a0cb-4d39-9282-331e33b0fcfe@6c48a",
    "packable": true,
    "pixelsToUnit": 100,
    "pivot": {
      "x": 0.5,
      "y": 0.5
    },
    "meshType": 0
  }
}