{
  "85f456bc-63ad-408b-8c06-8bb9852d3d16": {
    "url": "db://assets/Scenes",
    "value": {},
    "versionCode": 1
  },
  "de9d4a6d-63c9-433a-b232-956fbd89e3a3": {
    "url": "db://assets/Scenes/Inicio.scene",
    "value": {
      "depends": [
        "cd1d54d7-796f-4b40-9c6c-8d6fde83df72@f9941",
        "dca55c14-c304-46b4-9d77-728bd67b55df@f9941",
        "214813f3-accd-4f4f-8613-f400fbb4fd6a@f9941",
        "badcb2c2-7f5a-4915-ae3e-b0164622d771@f9941",
        "96d75ff2-bf50-4ddb-9da2-2fd939326a04@f9941",
        "c9d682ae-9f1e-4c20-9c65-dbd442fb38b2@f9941",
        "8fe440cd-1cf1-4818-9918-64c6af59391a@f9941",
        "091081e2-2d06-4dfe-97a7-896cd338f6ab@f9941",
        "571f1dbd-5f11-41d1-90be-6ff685b47b04@f9941"
      ],
      "dependScripts": [
        "7c6e5e3f-674c-4eaf-893c-25668288d7db",
        "142a78ef-3211-4cb7-a709-a9c167e6da85"
      ]
    },
    "versionCode": 2
  },
  "6b9458d8-6b45-48de-840c-ed0efc0472f2": {
    "url": "db://assets/Imagenes",
    "value": {},
    "versionCode": 1
  },
  "7724b8cb-4649-49da-a0c4-b08012b75618": {
    "url": "db://assets/Imagenes/PortadaCatch.png",
    "value": {
      "depends": []
    },
    "versionCode": 1
  },
  "7724b8cb-4649-49da-a0c4-b08012b75618@6c48a": {
    "url": "db://assets/Imagenes/PortadaCatch.png@6c48a",
    "value": {
      "depends": [
        "7724b8cb-4649-49da-a0c4-b08012b75618"
      ]
    },
    "versionCode": 1
  },
  "7724b8cb-4649-49da-a0c4-b08012b75618@f9941": {
    "url": "db://assets/Imagenes/PortadaCatch.png@f9941",
    "value": {
      "depends": [
        "7724b8cb-4649-49da-a0c4-b08012b75618@6c48a"
      ]
    },
    "versionCode": 1
  },
  "44423441-1d1e-4469-8332-661fdb722f0f": {
    "url": "db://assets/Sprites",
    "value": {},
    "versionCode": 1
  },
  "70ec8fad-741a-4551-83cb-a7204dea5449": {
    "url": "db://assets/Sprites/Botones",
    "value": {},
    "versionCode": 1
  },
  "0fbadf60-bf2e-4fe8-8fed-e1ef94861d4f": {
    "url": "db://assets/Sprites/Botones/Inicio",
    "value": {},
    "versionCode": 1
  },
  "173e2e24-83ac-4150-a0fd-af808546aabe": {
    "url": "db://assets/Sprites/Botones/Jugar",
    "value": {},
    "versionCode": 1
  },
  "8f6839f4-befd-40ea-8151-58fa1b132d98": {
    "url": "db://assets/Sprites/Botones/Salir",
    "value": {},
    "versionCode": 1
  },
  "0461c0ca-52b2-4fd6-bad4-899b977db422": {
    "url": "db://assets/Sprites/Botones/Siguiente",
    "value": {},
    "versionCode": 1
  },
  "c3195ebe-7f5c-4098-a468-a155f4122efc": {
    "url": "db://assets/Sprites/Botones/Volver",
    "value": {},
    "versionCode": 1
  },
  "214813f3-accd-4f4f-8613-f400fbb4fd6a": {
    "url": "db://assets/Sprites/Botones/Inicio/Hover.png",
    "value": {
      "depends": []
    },
    "versionCode": 1
  },
  "dca55c14-c304-46b4-9d77-728bd67b55df": {
    "url": "db://assets/Sprites/Botones/Inicio/Normal.png",
    "value": {
      "depends": []
    },
    "versionCode": 1
  },
  "badcb2c2-7f5a-4915-ae3e-b0164622d771": {
    "url": "db://assets/Sprites/Botones/Inicio/Press.png",
    "value": {
      "depends": []
    },
    "versionCode": 1
  },
  "7aa5fef3-f874-4d5a-bea1-c3de1bd3d424": {
    "url": "db://assets/Sprites/Botones/Jugar/Hover.png",
    "value": {
      "depends": []
    },
    "versionCode": 1
  },
  "228ffe7f-3fb0-460c-9aa7-34b467c48160": {
    "url": "db://assets/Sprites/Botones/Jugar/Normal.png",
    "value": {
      "depends": []
    },
    "versionCode": 1
  },
  "214813f3-accd-4f4f-8613-f400fbb4fd6a@6c48a": {
    "url": "db://assets/Sprites/Botones/Inicio/Hover.png@6c48a",
    "value": {
      "depends": [
        "214813f3-accd-4f4f-8613-f400fbb4fd6a"
      ]
    },
    "versionCode": 1
  },
  "dca55c14-c304-46b4-9d77-728bd67b55df@6c48a": {
    "url": "db://assets/Sprites/Botones/Inicio/Normal.png@6c48a",
    "value": {
      "depends": [
        "dca55c14-c304-46b4-9d77-728bd67b55df"
      ]
    },
    "versionCode": 1
  },
  "badcb2c2-7f5a-4915-ae3e-b0164622d771@6c48a": {
    "url": "db://assets/Sprites/Botones/Inicio/Press.png@6c48a",
    "value": {
      "depends": [
        "badcb2c2-7f5a-4915-ae3e-b0164622d771"
      ]
    },
    "versionCode": 1
  },
  "7aa5fef3-f874-4d5a-bea1-c3de1bd3d424@6c48a": {
    "url": "db://assets/Sprites/Botones/Jugar/Hover.png@6c48a",
    "value": {
      "depends": [
        "7aa5fef3-f874-4d5a-bea1-c3de1bd3d424"
      ]
    },
    "versionCode": 1
  },
  "dca55c14-c304-46b4-9d77-728bd67b55df@f9941": {
    "url": "db://assets/Sprites/Botones/Inicio/Normal.png@f9941",
    "value": {
      "depends": [
        "dca55c14-c304-46b4-9d77-728bd67b55df@6c48a"
      ]
    },
    "versionCode": 1
  },
  "214813f3-accd-4f4f-8613-f400fbb4fd6a@f9941": {
    "url": "db://assets/Sprites/Botones/Inicio/Hover.png@f9941",
    "value": {
      "depends": [
        "214813f3-accd-4f4f-8613-f400fbb4fd6a@6c48a"
      ]
    },
    "versionCode": 1
  },
  "00e73063-3146-48f0-94e2-3af417d479d8": {
    "url": "db://assets/Sprites/Botones/Jugar/Press.png",
    "value": {
      "depends": []
    },
    "versionCode": 1
  },
  "c9d682ae-9f1e-4c20-9c65-dbd442fb38b2": {
    "url": "db://assets/Sprites/Botones/Salir/Hover.png",
    "value": {
      "depends": []
    },
    "versionCode": 1
  },
  "badcb2c2-7f5a-4915-ae3e-b0164622d771@f9941": {
    "url": "db://assets/Sprites/Botones/Inicio/Press.png@f9941",
    "value": {
      "depends": [
        "badcb2c2-7f5a-4915-ae3e-b0164622d771@6c48a"
      ]
    },
    "versionCode": 1
  },
  "96d75ff2-bf50-4ddb-9da2-2fd939326a04": {
    "url": "db://assets/Sprites/Botones/Salir/Normal.png",
    "value": {
      "depends": []
    },
    "versionCode": 1
  },
  "228ffe7f-3fb0-460c-9aa7-34b467c48160@6c48a": {
    "url": "db://assets/Sprites/Botones/Jugar/Normal.png@6c48a",
    "value": {
      "depends": [
        "228ffe7f-3fb0-460c-9aa7-34b467c48160"
      ]
    },
    "versionCode": 1
  },
  "7aa5fef3-f874-4d5a-bea1-c3de1bd3d424@f9941": {
    "url": "db://assets/Sprites/Botones/Jugar/Hover.png@f9941",
    "value": {
      "depends": [
        "7aa5fef3-f874-4d5a-bea1-c3de1bd3d424@6c48a"
      ]
    },
    "versionCode": 1
  },
  "8fe440cd-1cf1-4818-9918-64c6af59391a": {
    "url": "db://assets/Sprites/Botones/Salir/Press.png",
    "value": {
      "depends": []
    },
    "versionCode": 1
  },
  "228ffe7f-3fb0-460c-9aa7-34b467c48160@f9941": {
    "url": "db://assets/Sprites/Botones/Jugar/Normal.png@f9941",
    "value": {
      "depends": [
        "228ffe7f-3fb0-460c-9aa7-34b467c48160@6c48a"
      ]
    },
    "versionCode": 1
  },
  "50b0f2bd-2162-4853-80ba-42c73b4c8864": {
    "url": "db://assets/Sprites/Botones/Siguiente/Hover.png",
    "value": {
      "depends": []
    },
    "versionCode": 1
  },
  "c9d682ae-9f1e-4c20-9c65-dbd442fb38b2@6c48a": {
    "url": "db://assets/Sprites/Botones/Salir/Hover.png@6c48a",
    "value": {
      "depends": [
        "c9d682ae-9f1e-4c20-9c65-dbd442fb38b2"
      ]
    },
    "versionCode": 1
  },
  "00e73063-3146-48f0-94e2-3af417d479d8@6c48a": {
    "url": "db://assets/Sprites/Botones/Jugar/Press.png@6c48a",
    "value": {
      "depends": [
        "00e73063-3146-48f0-94e2-3af417d479d8"
      ]
    },
    "versionCode": 1
  },
  "96d75ff2-bf50-4ddb-9da2-2fd939326a04@6c48a": {
    "url": "db://assets/Sprites/Botones/Salir/Normal.png@6c48a",
    "value": {
      "depends": [
        "96d75ff2-bf50-4ddb-9da2-2fd939326a04"
      ]
    },
    "versionCode": 1
  },
  "8fe440cd-1cf1-4818-9918-64c6af59391a@6c48a": {
    "url": "db://assets/Sprites/Botones/Salir/Press.png@6c48a",
    "value": {
      "depends": [
        "8fe440cd-1cf1-4818-9918-64c6af59391a"
      ]
    },
    "versionCode": 1
  },
  "c9d682ae-9f1e-4c20-9c65-dbd442fb38b2@f9941": {
    "url": "db://assets/Sprites/Botones/Salir/Hover.png@f9941",
    "value": {
      "depends": [
        "c9d682ae-9f1e-4c20-9c65-dbd442fb38b2@6c48a"
      ]
    },
    "versionCode": 1
  },
  "d5783e10-ec1f-40f5-b32d-29c4bc16ec39": {
    "url": "db://assets/Sprites/Botones/Siguiente/Normal.png",
    "value": {
      "depends": []
    },
    "versionCode": 1
  },
  "00e73063-3146-48f0-94e2-3af417d479d8@f9941": {
    "url": "db://assets/Sprites/Botones/Jugar/Press.png@f9941",
    "value": {
      "depends": [
        "00e73063-3146-48f0-94e2-3af417d479d8@6c48a"
      ]
    },
    "versionCode": 1
  },
  "ef2c9802-9b3e-4ee3-9936-35274e272261": {
    "url": "db://assets/Sprites/Botones/Siguiente/Press.png",
    "value": {
      "depends": []
    },
    "versionCode": 1
  },
  "96d75ff2-bf50-4ddb-9da2-2fd939326a04@f9941": {
    "url": "db://assets/Sprites/Botones/Salir/Normal.png@f9941",
    "value": {
      "depends": [
        "96d75ff2-bf50-4ddb-9da2-2fd939326a04@6c48a"
      ]
    },
    "versionCode": 1
  },
  "8fe440cd-1cf1-4818-9918-64c6af59391a@f9941": {
    "url": "db://assets/Sprites/Botones/Salir/Press.png@f9941",
    "value": {
      "depends": [
        "8fe440cd-1cf1-4818-9918-64c6af59391a@6c48a"
      ]
    },
    "versionCode": 1
  },
  "fc74bccb-d42a-4e94-8aa9-eab8afdbb8ef": {
    "url": "db://assets/Sprites/Botones/Volver/Hover.png",
    "value": {
      "depends": []
    },
    "versionCode": 1
  },
  "148419c5-1157-4e27-8a45-e47658f4c11f": {
    "url": "db://assets/Sprites/Botones/Volver/Normal.png",
    "value": {
      "depends": []
    },
    "versionCode": 1
  },
  "50b0f2bd-2162-4853-80ba-42c73b4c8864@6c48a": {
    "url": "db://assets/Sprites/Botones/Siguiente/Hover.png@6c48a",
    "value": {
      "depends": [
        "50b0f2bd-2162-4853-80ba-42c73b4c8864"
      ]
    },
    "versionCode": 1
  },
  "50b0f2bd-2162-4853-80ba-42c73b4c8864@f9941": {
    "url": "db://assets/Sprites/Botones/Siguiente/Hover.png@f9941",
    "value": {
      "depends": [
        "50b0f2bd-2162-4853-80ba-42c73b4c8864@6c48a"
      ]
    },
    "versionCode": 1
  },
  "9163b5cc-1cee-4c5b-bac3-92e5a651c6a7": {
    "url": "db://assets/Sprites/Botones/Volver/Press.png",
    "value": {
      "depends": []
    },
    "versionCode": 1
  },
  "ef2c9802-9b3e-4ee3-9936-35274e272261@6c48a": {
    "url": "db://assets/Sprites/Botones/Siguiente/Press.png@6c48a",
    "value": {
      "depends": [
        "ef2c9802-9b3e-4ee3-9936-35274e272261"
      ]
    },
    "versionCode": 1
  },
  "fc74bccb-d42a-4e94-8aa9-eab8afdbb8ef@6c48a": {
    "url": "db://assets/Sprites/Botones/Volver/Hover.png@6c48a",
    "value": {
      "depends": [
        "fc74bccb-d42a-4e94-8aa9-eab8afdbb8ef"
      ]
    },
    "versionCode": 1
  },
  "d5783e10-ec1f-40f5-b32d-29c4bc16ec39@6c48a": {
    "url": "db://assets/Sprites/Botones/Siguiente/Normal.png@6c48a",
    "value": {
      "depends": [
        "d5783e10-ec1f-40f5-b32d-29c4bc16ec39"
      ]
    },
    "versionCode": 1
  },
  "ef2c9802-9b3e-4ee3-9936-35274e272261@f9941": {
    "url": "db://assets/Sprites/Botones/Siguiente/Press.png@f9941",
    "value": {
      "depends": [
        "ef2c9802-9b3e-4ee3-9936-35274e272261@6c48a"
      ]
    },
    "versionCode": 1
  },
  "d5783e10-ec1f-40f5-b32d-29c4bc16ec39@f9941": {
    "url": "db://assets/Sprites/Botones/Siguiente/Normal.png@f9941",
    "value": {
      "depends": [
        "d5783e10-ec1f-40f5-b32d-29c4bc16ec39@6c48a"
      ]
    },
    "versionCode": 1
  },
  "fc74bccb-d42a-4e94-8aa9-eab8afdbb8ef@f9941": {
    "url": "db://assets/Sprites/Botones/Volver/Hover.png@f9941",
    "value": {
      "depends": [
        "fc74bccb-d42a-4e94-8aa9-eab8afdbb8ef@6c48a"
      ]
    },
    "versionCode": 1
  },
  "148419c5-1157-4e27-8a45-e47658f4c11f@6c48a": {
    "url": "db://assets/Sprites/Botones/Volver/Normal.png@6c48a",
    "value": {
      "depends": [
        "148419c5-1157-4e27-8a45-e47658f4c11f"
      ]
    },
    "versionCode": 1
  },
  "148419c5-1157-4e27-8a45-e47658f4c11f@f9941": {
    "url": "db://assets/Sprites/Botones/Volver/Normal.png@f9941",
    "value": {
      "depends": [
        "148419c5-1157-4e27-8a45-e47658f4c11f@6c48a"
      ]
    },
    "versionCode": 1
  },
  "9163b5cc-1cee-4c5b-bac3-92e5a651c6a7@6c48a": {
    "url": "db://assets/Sprites/Botones/Volver/Press.png@6c48a",
    "value": {
      "depends": [
        "9163b5cc-1cee-4c5b-bac3-92e5a651c6a7"
      ]
    },
    "versionCode": 1
  },
  "9163b5cc-1cee-4c5b-bac3-92e5a651c6a7@f9941": {
    "url": "db://assets/Sprites/Botones/Volver/Press.png@f9941",
    "value": {
      "depends": [
        "9163b5cc-1cee-4c5b-bac3-92e5a651c6a7@6c48a"
      ]
    },
    "versionCode": 1
  },
  "cd1d54d7-796f-4b40-9c6c-8d6fde83df72": {
    "url": "db://assets/Imagenes/PortadaCatch-Venados.png",
    "value": {
      "depends": []
    },
    "versionCode": 1
  },
  "cd1d54d7-796f-4b40-9c6c-8d6fde83df72@6c48a": {
    "url": "db://assets/Imagenes/PortadaCatch-Venados.png@6c48a",
    "value": {
      "depends": [
        "cd1d54d7-796f-4b40-9c6c-8d6fde83df72"
      ]
    },
    "versionCode": 1
  },
  "cd1d54d7-796f-4b40-9c6c-8d6fde83df72@f9941": {
    "url": "db://assets/Imagenes/PortadaCatch-Venados.png@f9941",
    "value": {
      "depends": [
        "cd1d54d7-796f-4b40-9c6c-8d6fde83df72@6c48a"
      ]
    },
    "versionCode": 1
  },
  "6ce953f8-d2a1-4c4e-82c6-a28df9f819e1": {
    "url": "db://assets/Sprites/Botones/Botones Flechas",
    "value": {},
    "versionCode": 1
  },
  "9fc3705d-d6ad-4f9b-a9a0-66875aed2aaf": {
    "url": "db://assets/Sprites/Botones/Botones Flechas/Back.png",
    "value": {
      "depends": []
    },
    "versionCode": 1
  },
  "9fc3705d-d6ad-4f9b-a9a0-66875aed2aaf@6c48a": {
    "url": "db://assets/Sprites/Botones/Botones Flechas/Back.png@6c48a",
    "value": {
      "depends": [
        "9fc3705d-d6ad-4f9b-a9a0-66875aed2aaf"
      ]
    },
    "versionCode": 1
  },
  "9fc3705d-d6ad-4f9b-a9a0-66875aed2aaf@f9941": {
    "url": "db://assets/Sprites/Botones/Botones Flechas/Back.png@f9941",
    "value": {
      "depends": [
        "9fc3705d-d6ad-4f9b-a9a0-66875aed2aaf@6c48a"
      ]
    },
    "versionCode": 1
  },
  "ccdb25e2-e6ed-4a92-a7a1-f9cd148df9c6": {
    "url": "db://assets/Sprites/Botones/CatchBall",
    "value": {}
  },
  "09dfae50-761a-4e2c-8626-5c9845b1225b": {
    "url": "db://assets/Sprites/Botones/Instruccion",
    "value": {},
    "versionCode": 1
  },
  "13b094f3-1ed8-4fdc-84ff-a0bf1eb73868": {
    "url": "db://assets/Sprites/Botones/Instruccion/01.png",
    "value": {
      "depends": []
    },
    "versionCode": 1
  },
  "13b094f3-1ed8-4fdc-84ff-a0bf1eb73868@6c48a": {
    "url": "db://assets/Sprites/Botones/Instruccion/01.png@6c48a",
    "value": {
      "depends": [
        "13b094f3-1ed8-4fdc-84ff-a0bf1eb73868"
      ]
    },
    "versionCode": 1
  },
  "13b094f3-1ed8-4fdc-84ff-a0bf1eb73868@f9941": {
    "url": "db://assets/Sprites/Botones/Instruccion/01.png@f9941",
    "value": {
      "depends": [
        "13b094f3-1ed8-4fdc-84ff-a0bf1eb73868@6c48a"
      ]
    },
    "versionCode": 1
  },
  "10c9d270-afda-4688-b18e-6b7e0abae80b": {
    "url": "db://assets/Sprites/Botones/Instruccion/02.png",
    "value": {
      "depends": []
    },
    "versionCode": 1
  },
  "10c9d270-afda-4688-b18e-6b7e0abae80b@6c48a": {
    "url": "db://assets/Sprites/Botones/Instruccion/02.png@6c48a",
    "value": {
      "depends": [
        "10c9d270-afda-4688-b18e-6b7e0abae80b"
      ]
    },
    "versionCode": 1
  },
  "10c9d270-afda-4688-b18e-6b7e0abae80b@f9941": {
    "url": "db://assets/Sprites/Botones/Instruccion/02.png@f9941",
    "value": {
      "depends": [
        "10c9d270-afda-4688-b18e-6b7e0abae80b@6c48a"
      ]
    },
    "versionCode": 1
  },
  "c6876213-38b4-4b9c-b68e-5f063f8a43dc": {
    "url": "db://assets/Sprites/Botones/Instruccion/03.png",
    "value": {
      "depends": []
    },
    "versionCode": 1
  },
  "c6876213-38b4-4b9c-b68e-5f063f8a43dc@6c48a": {
    "url": "db://assets/Sprites/Botones/Instruccion/03.png@6c48a",
    "value": {
      "depends": [
        "c6876213-38b4-4b9c-b68e-5f063f8a43dc"
      ]
    },
    "versionCode": 1
  },
  "c6876213-38b4-4b9c-b68e-5f063f8a43dc@f9941": {
    "url": "db://assets/Sprites/Botones/Instruccion/03.png@f9941",
    "value": {
      "depends": [
        "c6876213-38b4-4b9c-b68e-5f063f8a43dc@6c48a"
      ]
    },
    "versionCode": 1
  },
  "4431e105-0cab-4fcb-9f02-44e4571e7f41": {
    "url": "db://assets/Sprites/Botones/Botones Flechas/Next.png",
    "value": {
      "depends": []
    },
    "versionCode": 1
  },
  "4431e105-0cab-4fcb-9f02-44e4571e7f41@6c48a": {
    "url": "db://assets/Sprites/Botones/Botones Flechas/Next.png@6c48a",
    "value": {
      "depends": [
        "4431e105-0cab-4fcb-9f02-44e4571e7f41"
      ]
    },
    "versionCode": 1
  },
  "4431e105-0cab-4fcb-9f02-44e4571e7f41@f9941": {
    "url": "db://assets/Sprites/Botones/Botones Flechas/Next.png@f9941",
    "value": {
      "depends": [
        "4431e105-0cab-4fcb-9f02-44e4571e7f41@6c48a"
      ]
    },
    "versionCode": 1
  },
  "b247c6e3-80b4-4cea-8ab4-004c4bba687e": {
    "url": "db://assets/Imagenes/Instruccion.png",
    "value": {
      "depends": []
    },
    "versionCode": 1
  },
  "b247c6e3-80b4-4cea-8ab4-004c4bba687e@6c48a": {
    "url": "db://assets/Imagenes/Instruccion.png@6c48a",
    "value": {
      "depends": [
        "b247c6e3-80b4-4cea-8ab4-004c4bba687e"
      ]
    },
    "versionCode": 1
  },
  "b247c6e3-80b4-4cea-8ab4-004c4bba687e@f9941": {
    "url": "db://assets/Imagenes/Instruccion.png@f9941",
    "value": {
      "depends": [
        "b247c6e3-80b4-4cea-8ab4-004c4bba687e@6c48a"
      ]
    },
    "versionCode": 1
  },
  "6ad35dae-ac54-4a95-b73c-ae628f29939c": {
    "url": "db://assets/Sprites/Props",
    "value": {},
    "versionCode": 1
  },
  "0b35572a-f7ac-40e8-b79b-4a903be6db6c": {
    "url": "db://assets/Sprites/Props/Gorra.png",
    "value": {
      "depends": []
    },
    "versionCode": 1
  },
  "b68d0f90-cd47-4aa7-9006-a75605e15e6a": {
    "url": "db://assets/Sprites/Props/Guante.png",
    "value": {
      "depends": []
    },
    "versionCode": 1
  },
  "b0871ed3-c15f-443e-b9d1-0f61eedc6ef5": {
    "url": "db://assets/Sprites/Props/Jersey.png",
    "value": {
      "depends": []
    },
    "versionCode": 1
  },
  "529b3053-03c5-4fae-94f9-e90a91fbad66": {
    "url": "db://assets/Sprites/Props/Pelota.png",
    "value": {
      "depends": []
    },
    "versionCode": 1
  },
  "2dc16161-a529-4511-b737-c2374b5fc3ec": {
    "url": "db://assets/Sprites/Props/Silbato.png",
    "value": {
      "depends": []
    },
    "versionCode": 1
  },
  "b68d0f90-cd47-4aa7-9006-a75605e15e6a@6c48a": {
    "url": "db://assets/Sprites/Props/Guante.png@6c48a",
    "value": {
      "depends": [
        "b68d0f90-cd47-4aa7-9006-a75605e15e6a"
      ]
    },
    "versionCode": 1
  },
  "0b35572a-f7ac-40e8-b79b-4a903be6db6c@6c48a": {
    "url": "db://assets/Sprites/Props/Gorra.png@6c48a",
    "value": {
      "depends": [
        "0b35572a-f7ac-40e8-b79b-4a903be6db6c"
      ]
    },
    "versionCode": 1
  },
  "529b3053-03c5-4fae-94f9-e90a91fbad66@6c48a": {
    "url": "db://assets/Sprites/Props/Pelota.png@6c48a",
    "value": {
      "depends": [
        "529b3053-03c5-4fae-94f9-e90a91fbad66"
      ]
    },
    "versionCode": 1
  },
  "b0871ed3-c15f-443e-b9d1-0f61eedc6ef5@6c48a": {
    "url": "db://assets/Sprites/Props/Jersey.png@6c48a",
    "value": {
      "depends": [
        "b0871ed3-c15f-443e-b9d1-0f61eedc6ef5"
      ]
    },
    "versionCode": 1
  },
  "2dc16161-a529-4511-b737-c2374b5fc3ec@6c48a": {
    "url": "db://assets/Sprites/Props/Silbato.png@6c48a",
    "value": {
      "depends": [
        "2dc16161-a529-4511-b737-c2374b5fc3ec"
      ]
    },
    "versionCode": 1
  },
  "0b35572a-f7ac-40e8-b79b-4a903be6db6c@f9941": {
    "url": "db://assets/Sprites/Props/Gorra.png@f9941",
    "value": {
      "depends": [
        "0b35572a-f7ac-40e8-b79b-4a903be6db6c@6c48a"
      ]
    },
    "versionCode": 1
  },
  "b68d0f90-cd47-4aa7-9006-a75605e15e6a@f9941": {
    "url": "db://assets/Sprites/Props/Guante.png@f9941",
    "value": {
      "depends": [
        "b68d0f90-cd47-4aa7-9006-a75605e15e6a@6c48a"
      ]
    },
    "versionCode": 1
  },
  "529b3053-03c5-4fae-94f9-e90a91fbad66@f9941": {
    "url": "db://assets/Sprites/Props/Pelota.png@f9941",
    "value": {
      "depends": [
        "529b3053-03c5-4fae-94f9-e90a91fbad66@6c48a"
      ]
    },
    "versionCode": 1
  },
  "1e6d3a80-e531-4956-9fd5-8488ee43a846": {
    "url": "db://assets/Sprites/Props/Tenis.png",
    "value": {
      "depends": []
    },
    "versionCode": 1
  },
  "8f83a234-7998-47fe-b321-85e4a784b4c3": {
    "url": "db://assets/Sprites/Props/Termo.png",
    "value": {
      "depends": []
    },
    "versionCode": 1
  },
  "af3924cb-21b4-42ef-b7ce-a54f601e4dd4": {
    "url": "db://assets/Sprites/Props/Trofeo.png",
    "value": {
      "depends": []
    },
    "versionCode": 1
  },
  "b0871ed3-c15f-443e-b9d1-0f61eedc6ef5@f9941": {
    "url": "db://assets/Sprites/Props/Jersey.png@f9941",
    "value": {
      "depends": [
        "b0871ed3-c15f-443e-b9d1-0f61eedc6ef5@6c48a"
      ]
    },
    "versionCode": 1
  },
  "2dc16161-a529-4511-b737-c2374b5fc3ec@f9941": {
    "url": "db://assets/Sprites/Props/Silbato.png@f9941",
    "value": {
      "depends": [
        "2dc16161-a529-4511-b737-c2374b5fc3ec@6c48a"
      ]
    },
    "versionCode": 1
  },
  "1e6d3a80-e531-4956-9fd5-8488ee43a846@6c48a": {
    "url": "db://assets/Sprites/Props/Tenis.png@6c48a",
    "value": {
      "depends": [
        "1e6d3a80-e531-4956-9fd5-8488ee43a846"
      ]
    },
    "versionCode": 1
  },
  "8f83a234-7998-47fe-b321-85e4a784b4c3@6c48a": {
    "url": "db://assets/Sprites/Props/Termo.png@6c48a",
    "value": {
      "depends": [
        "8f83a234-7998-47fe-b321-85e4a784b4c3"
      ]
    },
    "versionCode": 1
  },
  "8f83a234-7998-47fe-b321-85e4a784b4c3@f9941": {
    "url": "db://assets/Sprites/Props/Termo.png@f9941",
    "value": {
      "depends": [
        "8f83a234-7998-47fe-b321-85e4a784b4c3@6c48a"
      ]
    },
    "versionCode": 1
  },
  "1e6d3a80-e531-4956-9fd5-8488ee43a846@f9941": {
    "url": "db://assets/Sprites/Props/Tenis.png@f9941",
    "value": {
      "depends": [
        "1e6d3a80-e531-4956-9fd5-8488ee43a846@6c48a"
      ]
    },
    "versionCode": 1
  },
  "af3924cb-21b4-42ef-b7ce-a54f601e4dd4@6c48a": {
    "url": "db://assets/Sprites/Props/Trofeo.png@6c48a",
    "value": {
      "depends": [
        "af3924cb-21b4-42ef-b7ce-a54f601e4dd4"
      ]
    },
    "versionCode": 1
  },
  "af3924cb-21b4-42ef-b7ce-a54f601e4dd4@f9941": {
    "url": "db://assets/Sprites/Props/Trofeo.png@f9941",
    "value": {
      "depends": [
        "af3924cb-21b4-42ef-b7ce-a54f601e4dd4@6c48a"
      ]
    },
    "versionCode": 1
  },
  "8eab724b-6836-4a69-b2df-8a09a3f2dad6": {
    "url": "db://assets/Imagenes/02.png",
    "value": {
      "depends": []
    },
    "versionCode": 1
  },
  "8eab724b-6836-4a69-b2df-8a09a3f2dad6@6c48a": {
    "url": "db://assets/Imagenes/02.png@6c48a",
    "value": {
      "depends": [
        "8eab724b-6836-4a69-b2df-8a09a3f2dad6"
      ]
    },
    "versionCode": 1
  },
  "8eab724b-6836-4a69-b2df-8a09a3f2dad6@f9941": {
    "url": "db://assets/Imagenes/02.png@f9941",
    "value": {
      "depends": [
        "8eab724b-6836-4a69-b2df-8a09a3f2dad6@6c48a"
      ]
    },
    "versionCode": 1
  },
  "58d63926-14c3-4db3-b125-c0949f27dcfb": {
    "url": "db://assets/Imagenes/Logo.png",
    "value": {},
    "versionCode": 1
  },
  "58d63926-14c3-4db3-b125-c0949f27dcfb@6c48a": {
    "url": "db://assets/Imagenes/Logo.png@6c48a",
    "value": {
      "depends": [
        "58d63926-14c3-4db3-b125-c0949f27dcfb"
      ]
    },
    "versionCode": 1
  },
  "58d63926-14c3-4db3-b125-c0949f27dcfb@f9941": {
    "url": "db://assets/Imagenes/Logo.png@f9941",
    "value": {
      "depends": [
        "58d63926-14c3-4db3-b125-c0949f27dcfb@6c48a"
      ]
    },
    "versionCode": 1
  },
  "d7e9d58e-93d3-40b8-8933-1632c95ae2f0": {
    "url": "db://assets/Scenes/Instrucciones.scene",
    "value": {
      "depends": [
        "b247c6e3-80b4-4cea-8ab4-004c4bba687e@f9941",
        "13b094f3-1ed8-4fdc-84ff-a0bf1eb73868@f9941",
        "10c9d270-afda-4688-b18e-6b7e0abae80b@f9941",
        "c6876213-38b4-4b9c-b68e-5f063f8a43dc@f9941",
        "4431e105-0cab-4fcb-9f02-44e4571e7f41@f9941",
        "9fc3705d-d6ad-4f9b-a9a0-66875aed2aaf@f9941",
        "228ffe7f-3fb0-460c-9aa7-34b467c48160@f9941",
        "7aa5fef3-f874-4d5a-bea1-c3de1bd3d424@f9941",
        "00e73063-3146-48f0-94e2-3af417d479d8@f9941"
      ],
      "dependScripts": [
        "85995453-0fce-4d38-a78d-3e4a7011d7fd",
        "142a78ef-3211-4cb7-a709-a9c167e6da85"
      ]
    },
    "versionCode": 2
  },
  "11ed2b9d-13cf-42ae-9e55-9b4a299ae1fd": {
    "url": "db://assets/Imagenes/Juego01.png",
    "value": {
      "depends": []
    },
    "versionCode": 1
  },
  "11ed2b9d-13cf-42ae-9e55-9b4a299ae1fd@6c48a": {
    "url": "db://assets/Imagenes/Juego01.png@6c48a",
    "value": {
      "depends": [
        "11ed2b9d-13cf-42ae-9e55-9b4a299ae1fd"
      ]
    },
    "versionCode": 1
  },
  "11ed2b9d-13cf-42ae-9e55-9b4a299ae1fd@f9941": {
    "url": "db://assets/Imagenes/Juego01.png@f9941",
    "value": {
      "depends": [
        "11ed2b9d-13cf-42ae-9e55-9b4a299ae1fd@6c48a"
      ]
    },
    "versionCode": 1
  },
  "bacf38b3-d23e-4c8a-b279-667f1994d1b8": {
    "url": "db://assets/Scenes/Juego.scene",
    "value": {}
  },
  "fd9d12b2-6422-4cac-811f-b40d2445bc8d": {
    "url": "db://assets/Scenes/Juego.scene",
    "value": {
      "depends": [
        "f3c7f5d8-1728-4db5-bcc4-e81f6c14ba66",
        "8eab724b-6836-4a69-b2df-8a09a3f2dad6@f9941",
        "b68d0f90-cd47-4aa7-9006-a75605e15e6a@f9941",
        "d09d9b91-7f11-4068-88d6-aac9995e625e",
        "96b9a8d6-a589-4326-bafa-d19567f2579e",
        "53da5c74-56cb-404d-98b7-7fffe3eee689",
        "0dbdeb14-9b90-4071-a6f9-85439cf3c4eb",
        "1ca7c39c-d25d-419b-a640-24a8356b983c",
        "3a6d4d05-fd75-41d8-b3ac-db5206be81db",
        "64709f4d-b6a6-48b4-9d0d-410816511752",
        "261b280f-8a0a-4556-9def-a2f598adc76e",
        "b11ebac0-03aa-44ce-9e64-414e7613a83f",
        "44e27f97-79c6-4c5a-9ba9-81a9359c31f7@f9941",
        "886470c4-9eda-4353-aa6a-cee93055b2cd@f9941",
        "148419c5-1157-4e27-8a45-e47658f4c11f@f9941",
        "fc74bccb-d42a-4e94-8aa9-eab8afdbb8ef@f9941",
        "9163b5cc-1cee-4c5b-bac3-92e5a651c6a7@f9941",
        "96d75ff2-bf50-4ddb-9da2-2fd939326a04@f9941",
        "c9d682ae-9f1e-4c20-9c65-dbd442fb38b2@f9941",
        "8fe440cd-1cf1-4818-9918-64c6af59391a@f9941",
        "091081e2-2d06-4dfe-97a7-896cd338f6ab@f9941",
        "571f1dbd-5f11-41d1-90be-6ff685b47b04@f9941"
      ],
      "dependScripts": [
        "1486f7c4-22ed-47c6-9ed5-0caea059106d",
        "f9471b58-4bf4-45be-a423-85d98391370f",
        "5a8a49c3-a97a-4971-9465-37c386ffb44b",
        "ad89eb9e-99e5-4cdf-bd0a-d3900c2bfdb1",
        "142a78ef-3211-4cb7-a709-a9c167e6da85",
        "7c6e5e3f-674c-4eaf-893c-25668288d7db"
      ]
    },
    "versionCode": 2
  },
  "886470c4-9eda-4353-aa6a-cee93055b2cd": {
    "url": "db://assets/Imagenes/GameOver.png",
    "value": {
      "depends": []
    },
    "versionCode": 1
  },
  "886470c4-9eda-4353-aa6a-cee93055b2cd@6c48a": {
    "url": "db://assets/Imagenes/GameOver.png@6c48a",
    "value": {
      "depends": [
        "886470c4-9eda-4353-aa6a-cee93055b2cd"
      ]
    },
    "versionCode": 1
  },
  "886470c4-9eda-4353-aa6a-cee93055b2cd@f9941": {
    "url": "db://assets/Imagenes/GameOver.png@f9941",
    "value": {
      "depends": [
        "886470c4-9eda-4353-aa6a-cee93055b2cd@6c48a"
      ]
    },
    "versionCode": 1
  },
  "84ae23b4-d4a9-4f5c-bc8e-97c684c47ab7": {
    "url": "db://assets/Imagenes/Juego.png",
    "value": {
      "depends": []
    },
    "versionCode": 1
  },
  "84ae23b4-d4a9-4f5c-bc8e-97c684c47ab7@6c48a": {
    "url": "db://assets/Imagenes/Juego.png@6c48a",
    "value": {
      "depends": [
        "84ae23b4-d4a9-4f5c-bc8e-97c684c47ab7"
      ]
    },
    "versionCode": 1
  },
  "84ae23b4-d4a9-4f5c-bc8e-97c684c47ab7@f9941": {
    "url": "db://assets/Imagenes/Juego.png@f9941",
    "value": {
      "depends": [
        "84ae23b4-d4a9-4f5c-bc8e-97c684c47ab7@6c48a"
      ]
    },
    "versionCode": 1
  },
  "9f662e5a-4a4c-4676-8b9d-565eb18c7d1b": {
    "url": "db://assets/ZonaMuerte",
    "value": {},
    "versionCode": 0
  },
  "f9471b58-4bf4-45be-a423-85d98391370f": {
    "url": "db://assets/Scripts/Movimiento.ts",
    "value": {},
    "versionCode": 1
  },
  "571f1dbd-5f11-41d1-90be-6ff685b47b04": {
    "url": "db://assets/Imagenes/Marco.png",
    "value": {
      "depends": []
    },
    "versionCode": 1
  },
  "571f1dbd-5f11-41d1-90be-6ff685b47b04@6c48a": {
    "url": "db://assets/Imagenes/Marco.png@6c48a",
    "value": {
      "depends": [
        "571f1dbd-5f11-41d1-90be-6ff685b47b04"
      ]
    },
    "versionCode": 1
  },
  "571f1dbd-5f11-41d1-90be-6ff685b47b04@f9941": {
    "url": "db://assets/Imagenes/Marco.png@f9941",
    "value": {
      "depends": [
        "571f1dbd-5f11-41d1-90be-6ff685b47b04@6c48a"
      ]
    },
    "versionCode": 1
  },
  "5a8a49c3-a97a-4971-9465-37c386ffb44b": {
    "url": "db://assets/Scripts/Spawn.ts",
    "value": {},
    "versionCode": 1
  },
  "7a2e626c-5e0f-475c-8d57-b86e2a12fe96": {
    "url": "db://assets/Prefabs",
    "value": {},
    "versionCode": 1
  },
  "53da5c74-56cb-404d-98b7-7fffe3eee689": {
    "url": "db://assets/Prefabs/Pelota.prefab",
    "value": {
      "depends": [
        "529b3053-03c5-4fae-94f9-e90a91fbad66@f9941",
        "9831975a-e570-49eb-9f3b-5ed33c2e8b7e"
      ],
      "dependScripts": []
    },
    "versionCode": 2
  },
  "0dbdeb14-9b90-4071-a6f9-85439cf3c4eb": {
    "url": "db://assets/Prefabs/Gorra.prefab",
    "value": {
      "depends": [
        "0b35572a-f7ac-40e8-b79b-4a903be6db6c@f9941",
        "9831975a-e570-49eb-9f3b-5ed33c2e8b7e"
      ],
      "dependScripts": []
    },
    "versionCode": 2
  },
  "1ca7c39c-d25d-419b-a640-24a8356b983c": {
    "url": "db://assets/Prefabs/Jersey.prefab",
    "value": {
      "depends": [
        "b0871ed3-c15f-443e-b9d1-0f61eedc6ef5@f9941",
        "9831975a-e570-49eb-9f3b-5ed33c2e8b7e"
      ],
      "dependScripts": []
    },
    "versionCode": 2
  },
  "3a6d4d05-fd75-41d8-b3ac-db5206be81db": {
    "url": "db://assets/Prefabs/Silbato.prefab",
    "value": {
      "depends": [
        "2dc16161-a529-4511-b737-c2374b5fc3ec@f9941",
        "9831975a-e570-49eb-9f3b-5ed33c2e8b7e"
      ],
      "dependScripts": []
    },
    "versionCode": 2
  },
  "64709f4d-b6a6-48b4-9d0d-410816511752": {
    "url": "db://assets/Prefabs/Tenis.prefab",
    "value": {
      "depends": [
        "1e6d3a80-e531-4956-9fd5-8488ee43a846@f9941",
        "9831975a-e570-49eb-9f3b-5ed33c2e8b7e"
      ],
      "dependScripts": []
    },
    "versionCode": 2
  },
  "261b280f-8a0a-4556-9def-a2f598adc76e": {
    "url": "db://assets/Prefabs/Termo.prefab",
    "value": {
      "depends": [
        "8f83a234-7998-47fe-b321-85e4a784b4c3@f9941",
        "9831975a-e570-49eb-9f3b-5ed33c2e8b7e"
      ],
      "dependScripts": []
    },
    "versionCode": 2
  },
  "b11ebac0-03aa-44ce-9e64-414e7613a83f": {
    "url": "db://assets/Prefabs/Trofeo.prefab",
    "value": {
      "depends": [
        "af3924cb-21b4-42ef-b7ce-a54f601e4dd4@f9941",
        "9831975a-e570-49eb-9f3b-5ed33c2e8b7e"
      ],
      "dependScripts": []
    },
    "versionCode": 2
  },
  "1486f7c4-22ed-47c6-9ed5-0caea059106d": {
    "url": "db://assets/Scripts/Manager.ts",
    "value": {},
    "versionCode": 1
  },
  "142a78ef-3211-4cb7-a709-a9c167e6da85": {
    "url": "db://assets/Scripts/CambioEscena.ts",
    "value": {},
    "versionCode": 1
  },
  "7c6e5e3f-674c-4eaf-893c-25668288d7db": {
    "url": "db://assets/Scripts/ButtonMessage.ts",
    "value": {},
    "versionCode": 1
  },
  "85995453-0fce-4d38-a78d-3e4a7011d7fd": {
    "url": "db://assets/Scripts/Instrucciones.ts",
    "value": {},
    "versionCode": 1
  },
  "51022643-7d09-44a6-bcb1-4ede99d0891c": {
    "url": "db://assets/Animaciones",
    "value": {},
    "versionCode": 1
  },
  "d09d9b91-7f11-4068-88d6-aac9995e625e": {
    "url": "db://assets/Animaciones/Player/glow.anim",
    "value": {
      "depends": [
        "b68d0f90-cd47-4aa7-9006-a75605e15e6a@f9941",
        "8b94c1d6-1146-4f9b-9574-8e19873385a5@f9941",
        "893fc430-7e75-4254-9eb6-f5929bc1c35b@f9941"
      ]
    },
    "versionCode": 2
  },
  "893fc430-7e75-4254-9eb6-f5929bc1c35b": {
    "url": "db://assets/Sprites/Props/Guante_glow.png",
    "value": {
      "depends": []
    },
    "versionCode": 1
  },
  "893fc430-7e75-4254-9eb6-f5929bc1c35b@6c48a": {
    "url": "db://assets/Sprites/Props/Guante_glow.png@6c48a",
    "value": {
      "depends": [
        "893fc430-7e75-4254-9eb6-f5929bc1c35b"
      ]
    },
    "versionCode": 1
  },
  "893fc430-7e75-4254-9eb6-f5929bc1c35b@f9941": {
    "url": "db://assets/Sprites/Props/Guante_glow.png@f9941",
    "value": {
      "depends": [
        "893fc430-7e75-4254-9eb6-f5929bc1c35b@6c48a"
      ]
    },
    "versionCode": 1
  },
  "8b94c1d6-1146-4f9b-9574-8e19873385a5": {
    "url": "db://assets/Sprites/Props/Guante_glow_inter.png",
    "value": {
      "depends": []
    },
    "versionCode": 1
  },
  "8b94c1d6-1146-4f9b-9574-8e19873385a5@6c48a": {
    "url": "db://assets/Sprites/Props/Guante_glow_inter.png@6c48a",
    "value": {
      "depends": [
        "8b94c1d6-1146-4f9b-9574-8e19873385a5"
      ]
    },
    "versionCode": 1
  },
  "8b94c1d6-1146-4f9b-9574-8e19873385a5@f9941": {
    "url": "db://assets/Sprites/Props/Guante_glow_inter.png@f9941",
    "value": {
      "depends": [
        "8b94c1d6-1146-4f9b-9574-8e19873385a5@6c48a"
      ]
    },
    "versionCode": 1
  },
  "89e93707-8f3e-440c-b454-66dd51158e3e": {
    "url": "db://assets/Animaciones/mala.anim",
    "value": {},
    "versionCode": 0
  },
  "96b9a8d6-a589-4326-bafa-d19567f2579e": {
    "url": "db://assets/Animaciones/Player/mala.anim",
    "value": {
      "depends": [
        "b68d0f90-cd47-4aa7-9006-a75605e15e6a@f9941",
        "94d97a31-d477-44b3-aada-4d2e2f67bb2e@f9941",
        "adffdafb-d937-4062-a623-231f62ed72db@f9941"
      ]
    },
    "versionCode": 2
  },
  "94d97a31-d477-44b3-aada-4d2e2f67bb2e": {
    "url": "db://assets/Sprites/Props/Guante_mala_inter.png",
    "value": {
      "depends": []
    },
    "versionCode": 1
  },
  "94d97a31-d477-44b3-aada-4d2e2f67bb2e@6c48a": {
    "url": "db://assets/Sprites/Props/Guante_mala_inter.png@6c48a",
    "value": {
      "depends": [
        "94d97a31-d477-44b3-aada-4d2e2f67bb2e"
      ]
    },
    "versionCode": 1
  },
  "94d97a31-d477-44b3-aada-4d2e2f67bb2e@f9941": {
    "url": "db://assets/Sprites/Props/Guante_mala_inter.png@f9941",
    "value": {
      "depends": [
        "94d97a31-d477-44b3-aada-4d2e2f67bb2e@6c48a"
      ]
    },
    "versionCode": 1
  },
  "adffdafb-d937-4062-a623-231f62ed72db": {
    "url": "db://assets/Sprites/Props/Guante_mala.png",
    "value": {
      "depends": []
    },
    "versionCode": 1
  },
  "adffdafb-d937-4062-a623-231f62ed72db@6c48a": {
    "url": "db://assets/Sprites/Props/Guante_mala.png@6c48a",
    "value": {
      "depends": [
        "adffdafb-d937-4062-a623-231f62ed72db"
      ]
    },
    "versionCode": 1
  },
  "adffdafb-d937-4062-a623-231f62ed72db@f9941": {
    "url": "db://assets/Sprites/Props/Guante_mala.png@f9941",
    "value": {
      "depends": [
        "adffdafb-d937-4062-a623-231f62ed72db@6c48a"
      ]
    },
    "versionCode": 1
  },
  "8839e201-4a4b-4c92-bf1c-2788c3425f14": {
    "url": "db://assets/Animaciones/Player",
    "value": {},
    "versionCode": 1
  },
  "482fef7d-55bc-4c3c-a221-00be1deaee22": {
    "url": "db://assets/Animaciones/Objetos",
    "value": {},
    "versionCode": 1
  },
  "4f860da0-4641-4b25-b152-4a376f10f513": {
    "url": "db://assets/Animaciones/Objetos/Pelota",
    "value": {},
    "versionCode": 0
  },
  "9831975a-e570-49eb-9f3b-5ed33c2e8b7e": {
    "url": "db://assets/Animaciones/Objetos/desaparece.anim",
    "value": {
      "depends": []
    },
    "versionCode": 2
  },
  "bdaf86a8-650f-453e-a606-beeeae4ba292": {
    "url": "db://assets/Scripts",
    "value": {},
    "versionCode": 1
  },
  "0c10aa36-f266-4428-8ae5-233e27d7625c": {
    "url": "db://assets/Scripts/NewComponent.ts",
    "value": {},
    "versionCode": 0
  },
  "ad89eb9e-99e5-4cdf-bd0a-d3900c2bfdb1": {
    "url": "db://assets/Scripts/ZonaMuerte.ts",
    "value": {},
    "versionCode": 1
  },
  "02ac7129-b7b3-4abc-a203-c65778a143f1": {
    "url": "db://assets/Imagenes/FanVenados_Blanco.png",
    "value": {},
    "versionCode": 1
  },
  "02ac7129-b7b3-4abc-a203-c65778a143f1@6c48a": {
    "url": "db://assets/Imagenes/FanVenados_Blanco.png@6c48a",
    "value": {
      "depends": [
        "02ac7129-b7b3-4abc-a203-c65778a143f1"
      ]
    },
    "versionCode": 1
  },
  "02ac7129-b7b3-4abc-a203-c65778a143f1@f9941": {
    "url": "db://assets/Imagenes/FanVenados_Blanco.png@f9941",
    "value": {
      "depends": [
        "02ac7129-b7b3-4abc-a203-c65778a143f1@6c48a"
      ]
    },
    "versionCode": 1
  },
  "f08d94e9-3959-4624-a325-f523ea6723ef": {
    "url": "db://assets/Font",
    "value": {},
    "versionCode": 1
  },
  "f3c7f5d8-1728-4db5-bcc4-e81f6c14ba66": {
    "url": "db://assets/Font/BlackHanSans-Regular.ttf",
    "value": {
      "depends": []
    },
    "versionCode": 1
  },
  "44e27f97-79c6-4c5a-9ba9-81a9359c31f7": {
    "url": "db://assets/Imagenes/VenadosLoyalty.png",
    "value": {
      "depends": []
    },
    "versionCode": 1
  },
  "44e27f97-79c6-4c5a-9ba9-81a9359c31f7@6c48a": {
    "url": "db://assets/Imagenes/VenadosLoyalty.png@6c48a",
    "value": {
      "depends": [
        "44e27f97-79c6-4c5a-9ba9-81a9359c31f7"
      ]
    },
    "versionCode": 1
  },
  "44e27f97-79c6-4c5a-9ba9-81a9359c31f7@f9941": {
    "url": "db://assets/Imagenes/VenadosLoyalty.png@f9941",
    "value": {
      "depends": [
        "44e27f97-79c6-4c5a-9ba9-81a9359c31f7@6c48a"
      ]
    },
    "versionCode": 1
  },
  "091081e2-2d06-4dfe-97a7-896cd338f6ab": {
    "url": "db://assets/Imagenes/VenadosLoyalty-bg.jpg",
    "value": {
      "depends": []
    },
    "versionCode": 1
  },
  "091081e2-2d06-4dfe-97a7-896cd338f6ab@6c48a": {
    "url": "db://assets/Imagenes/VenadosLoyalty-bg.jpg@6c48a",
    "value": {
      "depends": [
        "091081e2-2d06-4dfe-97a7-896cd338f6ab"
      ]
    },
    "versionCode": 1
  },
  "091081e2-2d06-4dfe-97a7-896cd338f6ab@f9941": {
    "url": "db://assets/Imagenes/VenadosLoyalty-bg.jpg@f9941",
    "value": {
      "depends": [
        "091081e2-2d06-4dfe-97a7-896cd338f6ab@6c48a"
      ]
    },
    "versionCode": 1
  }
}
