{
  "version": "1.0.1",
  "map": {
    "Animaciones": {
      "time": 1770321453667.596,
      "uuid": "51022643-7d09-44a6-bcb1-4ede99d0891c"
    },
    "Font": {
      "time": 1770321453693.6963,
      "uuid": "f08d94e9-3959-4624-a325-f523ea6723ef"
    },
    "Imagenes": {
      "time": 1770321706231.8062,
      "uuid": "6b9458d8-6b45-48de-840c-ed0efc0472f2"
    },
    "Prefabs": {
      "time": 1770321453776.785,
      "uuid": "7a2e626c-5e0f-475c-8d57-b86e2a12fe96"
    },
    "Scenes": {
      "time": 1770321453790.1714,
      "uuid": "85f456bc-63ad-408b-8c06-8bb9852d3d16"
    },
    "Scripts": {
      "time": 1770321453813.9253,
      "uuid": "bdaf86a8-650f-453e-a606-beeeae4ba292"
    },
    "Sprites": {
      "time": 1770321453923.6726,
      "uuid": "44423441-1d1e-4469-8332-661fdb722f0f"
    },
    "Animaciones\\Objetos": {
      "time": 1770321453664.5762,
      "uuid": "482fef7d-55bc-4c3c-a221-00be1deaee22"
    },
    "Animaciones\\Player": {
      "time": 1770321453678.2617,
      "uuid": "8839e201-4a4b-4c92-bf1c-2788c3425f14"
    },
    "Sprites\\Botones": {
      "time": 1770321453910.981,
      "uuid": "70ec8fad-741a-4551-83cb-a7204dea5449"
    },
    "Sprites\\Props": {
      "time": 1770321453957.1313,
      "uuid": "6ad35dae-ac54-4a95-b73c-ae628f29939c"
    },
    "Sprites\\Botones\\Botones Flechas": {
      "time": 1770321453843.2964,
      "uuid": "6ce953f8-d2a1-4c4e-82c6-a28df9f819e1"
    },
    "Sprites\\Botones\\Inicio": {
      "time": 1770321453857.41,
      "uuid": "0fbadf60-bf2e-4fe8-8fed-e1ef94861d4f"
    },
    "Sprites\\Botones\\Instruccion": {
      "time": 1770321453871.1538,
      "uuid": "09dfae50-761a-4e2c-8626-5c9845b1225b"
    },
    "Sprites\\Botones\\Jugar": {
      "time": 1770321453882.889,
      "uuid": "173e2e24-83ac-4150-a0fd-af808546aabe"
    },
    "Sprites\\Botones\\Salir": {
      "time": 1770321453895.5464,
      "uuid": "8f6839f4-befd-40ea-8151-58fa1b132d98"
    },
    "Sprites\\Botones\\Siguiente": {
      "time": 1770321453908.4397,
      "uuid": "0461c0ca-52b2-4fd6-bad4-899b977db422"
    },
    "Sprites\\Botones\\Volver": {
      "time": 1770321453920.017,
      "uuid": "c3195ebe-7f5c-4098-a468-a155f4122efc"
    },
    "Scripts\\ButtonMessage.ts": {
      "time": 1760636532000,
      "uuid": "7c6e5e3f-674c-4eaf-893c-25668288d7db"
    },
    "Scripts\\CambioEscena.ts": {
      "time": 1759959486000,
      "uuid": "142a78ef-3211-4cb7-a709-a9c167e6da85"
    },
    "Scripts\\Instrucciones.ts": {
      "time": 1759776858000,
      "uuid": "85995453-0fce-4d38-a78d-3e4a7011d7fd"
    },
    "Scripts\\Manager.ts": {
      "time": 1760656206000,
      "uuid": "1486f7c4-22ed-47c6-9ed5-0caea059106d"
    },
    "Scripts\\Movimiento.ts": {
      "time": 1759959188000,
      "uuid": "f9471b58-4bf4-45be-a423-85d98391370f"
    },
    "Scripts\\Spawn.ts": {
      "time": 1759959012000,
      "uuid": "5a8a49c3-a97a-4971-9465-37c386ffb44b"
    },
    "Scripts\\ZonaMuerte.ts": {
      "time": 1759958944000,
      "uuid": "ad89eb9e-99e5-4cdf-bd0a-d3900c2bfdb1"
    },
    "Animaciones.meta": {
      "time": 1759952944000
    },
    "Font.meta": {
      "time": 1760417444000
    },
    "Imagenes.meta": {
      "time": 1759341794000
    },
    "Prefabs.meta": {
      "time": 1759434458000
    },
    "Scenes.meta": {
      "time": 1759340512000
    },
    "Scripts.meta": {
      "time": 1759958606000
    },
    "Sprites.meta": {
      "time": 1759342628000
    },
    "Animaciones\\Objetos.meta": {
      "time": 1759954912000
    },
    "Animaciones\\Player.meta": {
      "time": 1759954898000
    },
    "Sprites\\Botones.meta": {
      "time": 1759342646000
    },
    "Sprites\\Props.meta": {
      "time": 1759426606000
    },
    "Sprites\\Botones\\Botones Flechas.meta": {
      "time": 1759357930000
    },
    "Sprites\\Botones\\Inicio.meta": {
      "time": 1759342646000
    },
    "Sprites\\Botones\\Instruccion.meta": {
      "time": 1759357930000
    },
    "Sprites\\Botones\\Jugar.meta": {
      "time": 1759342646000
    },
    "Sprites\\Botones\\Salir.meta": {
      "time": 1759342646000
    },
    "Sprites\\Botones\\Siguiente.meta": {
      "time": 1759342646000
    },
    "Sprites\\Botones\\Volver.meta": {
      "time": 1759342646000
    },
    "Scripts\\ButtonMessage.ts.meta": {
      "time": 1770321512860.5503
    },
    "Scripts\\CambioEscena.ts.meta": {
      "time": 1770321512862.085
    },
    "Scripts\\Instrucciones.ts.meta": {
      "time": 1770321512863.6028
    },
    "Scripts\\Manager.ts.meta": {
      "time": 1770321512864.6128
    },
    "Scripts\\Movimiento.ts.meta": {
      "time": 1770321512866.1255
    },
    "Scripts\\Spawn.ts.meta": {
      "time": 1770321512871.246
    },
    "Scripts\\ZonaMuerte.ts.meta": {
      "time": 1770321512871.246
    },
    "Font\\BlackHanSans-Regular.ttf": {
      "time": 1737687674000,
      "uuid": "f3c7f5d8-1728-4db5-bcc4-e81f6c14ba66"
    },
    "Imagenes\\02.png": {
      "time": 1759426882000,
      "uuid": "8eab724b-6836-4a69-b2df-8a09a3f2dad6"
    },
    "Imagenes\\GameOver.png": {
      "time": 1759428012000,
      "uuid": "886470c4-9eda-4353-aa6a-cee93055b2cd"
    },
    "Imagenes\\Instruccion.png": {
      "time": 1759358104000,
      "uuid": "b247c6e3-80b4-4cea-8ab4-004c4bba687e"
    },
    "Imagenes\\Juego.png": {
      "time": 1759251896000,
      "uuid": "84ae23b4-d4a9-4f5c-bc8e-97c684c47ab7"
    },
    "Imagenes\\Juego01.png": {
      "time": 1759251896000,
      "uuid": "11ed2b9d-13cf-42ae-9e55-9b4a299ae1fd"
    },
    "Imagenes\\Marco.png": {
      "time": 1759433034000,
      "uuid": "571f1dbd-5f11-41d1-90be-6ff685b47b04"
    },
    "Imagenes\\PortadaCatch-Venados.png": {
      "time": 1759343160000,
      "uuid": "cd1d54d7-796f-4b40-9c6c-8d6fde83df72"
    },
    "Imagenes\\PortadaCatch.png": {
      "time": 1759341710000,
      "uuid": "7724b8cb-4649-49da-a0c4-b08012b75618"
    },
    "Prefabs\\Gorra.prefab": {
      "time": 1759958300000,
      "uuid": "0dbdeb14-9b90-4071-a6f9-85439cf3c4eb"
    },
    "Prefabs\\Jersey.prefab": {
      "time": 1759955268000,
      "uuid": "1ca7c39c-d25d-419b-a640-24a8356b983c"
    },
    "Prefabs\\Pelota.prefab": {
      "time": 1759955272000,
      "uuid": "53da5c74-56cb-404d-98b7-7fffe3eee689"
    },
    "Prefabs\\Silbato.prefab": {
      "time": 1759955276000,
      "uuid": "3a6d4d05-fd75-41d8-b3ac-db5206be81db"
    },
    "Prefabs\\Tenis.prefab": {
      "time": 1759955282000,
      "uuid": "64709f4d-b6a6-48b4-9d0d-410816511752"
    },
    "Prefabs\\Termo.prefab": {
      "time": 1759955286000,
      "uuid": "261b280f-8a0a-4556-9def-a2f598adc76e"
    },
    "Prefabs\\Trofeo.prefab": {
      "time": 1759955290000,
      "uuid": "b11ebac0-03aa-44ce-9e64-414e7613a83f"
    },
    "Scenes\\Inicio.scene": {
      "time": 1770322341718.844,
      "uuid": "de9d4a6d-63c9-433a-b232-956fbd89e3a3"
    },
    "Scenes\\Instrucciones.scene": {
      "time": 1759959540000,
      "uuid": "d7e9d58e-93d3-40b8-8933-1632c95ae2f0"
    },
    "Scenes\\Juego.scene": {
      "time": 1770322490280.7979,
      "uuid": "fd9d12b2-6422-4cac-811f-b40d2445bc8d"
    },
    "Animaciones\\Objetos\\desaparece.anim": {
      "time": 1759957438000,
      "uuid": "9831975a-e570-49eb-9f3b-5ed33c2e8b7e"
    },
    "Animaciones\\Player\\glow.anim": {
      "time": 1759954006000,
      "uuid": "d09d9b91-7f11-4068-88d6-aac9995e625e"
    },
    "Animaciones\\Player\\mala.anim": {
      "time": 1759953944000,
      "uuid": "96b9a8d6-a589-4326-bafa-d19567f2579e"
    },
    "Sprites\\Props\\Gorra.png": {
      "time": 1759434812000,
      "uuid": "0b35572a-f7ac-40e8-b79b-4a903be6db6c"
    },
    "Sprites\\Props\\Guante.png": {
      "time": 1759426558000,
      "uuid": "b68d0f90-cd47-4aa7-9006-a75605e15e6a"
    },
    "Sprites\\Props\\Guante_glow.png": {
      "time": 1759952840000,
      "uuid": "893fc430-7e75-4254-9eb6-f5929bc1c35b"
    },
    "Sprites\\Props\\Guante_glow_inter.png": {
      "time": 1759953080000,
      "uuid": "8b94c1d6-1146-4f9b-9574-8e19873385a5"
    },
    "Sprites\\Props\\Guante_mala.png": {
      "time": 1759953708000,
      "uuid": "adffdafb-d937-4062-a623-231f62ed72db"
    },
    "Sprites\\Props\\Guante_mala_inter.png": {
      "time": 1759953720000,
      "uuid": "94d97a31-d477-44b3-aada-4d2e2f67bb2e"
    },
    "Sprites\\Props\\Jersey.png": {
      "time": 1759434812000,
      "uuid": "b0871ed3-c15f-443e-b9d1-0f61eedc6ef5"
    },
    "Sprites\\Props\\Pelota.png": {
      "time": 1759434812000,
      "uuid": "529b3053-03c5-4fae-94f9-e90a91fbad66"
    },
    "Sprites\\Props\\Silbato.png": {
      "time": 1759434812000,
      "uuid": "2dc16161-a529-4511-b737-c2374b5fc3ec"
    },
    "Sprites\\Props\\Tenis.png": {
      "time": 1759434812000,
      "uuid": "1e6d3a80-e531-4956-9fd5-8488ee43a846"
    },
    "Sprites\\Props\\Termo.png": {
      "time": 1759434812000,
      "uuid": "8f83a234-7998-47fe-b321-85e4a784b4c3"
    },
    "Sprites\\Props\\Trofeo.png": {
      "time": 1759434812000,
      "uuid": "af3924cb-21b4-42ef-b7ce-a54f601e4dd4"
    },
    "Sprites\\Botones\\Botones Flechas\\Back.png": {
      "time": 1759358000000,
      "uuid": "9fc3705d-d6ad-4f9b-a9a0-66875aed2aaf"
    },
    "Sprites\\Botones\\Botones Flechas\\Next.png": {
      "time": 1759358000000,
      "uuid": "4431e105-0cab-4fcb-9f02-44e4571e7f41"
    },
    "Sprites\\Botones\\Inicio\\Hover.png": {
      "time": 1759342524000,
      "uuid": "214813f3-accd-4f4f-8613-f400fbb4fd6a"
    },
    "Sprites\\Botones\\Inicio\\Normal.png": {
      "time": 1759342524000,
      "uuid": "dca55c14-c304-46b4-9d77-728bd67b55df"
    },
    "Sprites\\Botones\\Inicio\\Press.png": {
      "time": 1759342524000,
      "uuid": "badcb2c2-7f5a-4915-ae3e-b0164622d771"
    },
    "Sprites\\Botones\\Instruccion\\01.png": {
      "time": 1759357830000,
      "uuid": "13b094f3-1ed8-4fdc-84ff-a0bf1eb73868"
    },
    "Sprites\\Botones\\Instruccion\\02.png": {
      "time": 1759357830000,
      "uuid": "10c9d270-afda-4688-b18e-6b7e0abae80b"
    },
    "Sprites\\Botones\\Instruccion\\03.png": {
      "time": 1759357830000,
      "uuid": "c6876213-38b4-4b9c-b68e-5f063f8a43dc"
    },
    "Sprites\\Botones\\Jugar\\Hover.png": {
      "time": 1759342524000,
      "uuid": "7aa5fef3-f874-4d5a-bea1-c3de1bd3d424"
    },
    "Sprites\\Botones\\Jugar\\Normal.png": {
      "time": 1759342524000,
      "uuid": "228ffe7f-3fb0-460c-9aa7-34b467c48160"
    },
    "Sprites\\Botones\\Jugar\\Press.png": {
      "time": 1759342524000,
      "uuid": "00e73063-3146-48f0-94e2-3af417d479d8"
    },
    "Sprites\\Botones\\Salir\\Hover.png": {
      "time": 1759342524000,
      "uuid": "c9d682ae-9f1e-4c20-9c65-dbd442fb38b2"
    },
    "Sprites\\Botones\\Salir\\Normal.png": {
      "time": 1759342524000,
      "uuid": "96d75ff2-bf50-4ddb-9da2-2fd939326a04"
    },
    "Sprites\\Botones\\Salir\\Press.png": {
      "time": 1759342524000,
      "uuid": "8fe440cd-1cf1-4818-9918-64c6af59391a"
    },
    "Sprites\\Botones\\Siguiente\\Hover.png": {
      "time": 1759342524000,
      "uuid": "50b0f2bd-2162-4853-80ba-42c73b4c8864"
    },
    "Sprites\\Botones\\Siguiente\\Normal.png": {
      "time": 1759342524000,
      "uuid": "d5783e10-ec1f-40f5-b32d-29c4bc16ec39"
    },
    "Sprites\\Botones\\Siguiente\\Press.png": {
      "time": 1759342524000,
      "uuid": "ef2c9802-9b3e-4ee3-9936-35274e272261"
    },
    "Sprites\\Botones\\Volver\\Hover.png": {
      "time": 1759342524000,
      "uuid": "fc74bccb-d42a-4e94-8aa9-eab8afdbb8ef"
    },
    "Sprites\\Botones\\Volver\\Normal.png": {
      "time": 1759342524000,
      "uuid": "148419c5-1157-4e27-8a45-e47658f4c11f"
    },
    "Sprites\\Botones\\Volver\\Press.png": {
      "time": 1759342524000,
      "uuid": "9163b5cc-1cee-4c5b-bac3-92e5a651c6a7"
    },
    "Font\\BlackHanSans-Regular.ttf.meta": {
      "time": 1737687674000
    },
    "Imagenes\\GameOver.png.meta": {
      "time": 1770321520180.8499
    },
    "Imagenes\\02.png.meta": {
      "time": 1770321520188.4497
    },
    "Imagenes\\Instruccion.png.meta": {
      "time": 1770321520192.4775
    },
    "Imagenes\\Juego.png.meta": {
      "time": 1770321520257.5469
    },
    "Imagenes\\Juego01.png.meta": {
      "time": 1770321520279.824
    },
    "Imagenes\\Marco.png.meta": {
      "time": 1770321520282.8567
    },
    "Imagenes\\PortadaCatch-Venados.png.meta": {
      "time": 1770321520295.029
    },
    "Prefabs\\Gorra.prefab.meta": {
      "time": 1759435716000
    },
    "Prefabs\\Jersey.prefab.meta": {
      "time": 1759435716000
    },
    "Prefabs\\Pelota.prefab.meta": {
      "time": 1759435716000
    },
    "Prefabs\\Silbato.prefab.meta": {
      "time": 1759435716000
    },
    "Prefabs\\Tenis.prefab.meta": {
      "time": 1759435716000
    },
    "Prefabs\\Termo.prefab.meta": {
      "time": 1759435716000
    },
    "Prefabs\\Trofeo.prefab.meta": {
      "time": 1759435718000
    },
    "Scenes\\Inicio.scene.meta": {
      "time": 1759428718000
    },
    "Scenes\\Instrucciones.scene.meta": {
      "time": 1759428718000
    },
    "Scenes\\Juego.scene.meta": {
      "time": 1759428718000
    },
    "Animaciones\\Objetos\\desaparece.anim.meta": {
      "time": 1770321520343.766
    },
    "Imagenes\\PortadaCatch.png.meta": {
      "time": 1770321520347.2983
    },
    "Animaciones\\Player\\glow.anim.meta": {
      "time": 1770321520361.4768
    },
    "Animaciones\\Player\\mala.anim.meta": {
      "time": 1770321520378.645
    },
    "Sprites\\Props\\Gorra.png.meta": {
      "time": 1770321520382.819
    },
    "Sprites\\Props\\Guante.png.meta": {
      "time": 1770321520407.6035
    },
    "Sprites\\Props\\Guante_glow.png.meta": {
      "time": 1770321520414.1753
    },
    "Sprites\\Props\\Guante_glow_inter.png.meta": {
      "time": 1770321520424.264
    },
    "Sprites\\Props\\Guante_mala.png.meta": {
      "time": 1770321520447.4065
    },
    "Sprites\\Props\\Guante_mala_inter.png.meta": {
      "time": 1770321520451.4617
    },
    "Sprites\\Props\\Jersey.png.meta": {
      "time": 1770321520479.5166
    },
    "Sprites\\Props\\Pelota.png.meta": {
      "time": 1770321520493.7383
    },
    "Sprites\\Props\\Silbato.png.meta": {
      "time": 1770321520503.309
    },
    "Sprites\\Props\\Tenis.png.meta": {
      "time": 1770321520519.7285
    },
    "Sprites\\Props\\Termo.png.meta": {
      "time": 1770321520523.767
    },
    "Sprites\\Props\\Trofeo.png.meta": {
      "time": 1770321520545.344
    },
    "Sprites\\Botones\\Botones Flechas\\Back.png.meta": {
      "time": 1770321520551.375
    },
    "Sprites\\Botones\\Botones Flechas\\Next.png.meta": {
      "time": 1770321520560.8467
    },
    "Sprites\\Botones\\Inicio\\Normal.png.meta": {
      "time": 1770321520586.724
    },
    "Sprites\\Botones\\Inicio\\Hover.png.meta": {
      "time": 1770321520592.358
    },
    "Sprites\\Botones\\Inicio\\Press.png.meta": {
      "time": 1770321520609.4958
    },
    "Sprites\\Botones\\Instruccion\\02.png.meta": {
      "time": 1770321520619.7053
    },
    "Sprites\\Botones\\Instruccion\\01.png.meta": {
      "time": 1770321520622.2432
    },
    "Sprites\\Botones\\Instruccion\\03.png.meta": {
      "time": 1770321520649.8313
    },
    "Sprites\\Botones\\Jugar\\Hover.png.meta": {
      "time": 1770321520662.118
    },
    "Sprites\\Botones\\Jugar\\Normal.png.meta": {
      "time": 1770321520685.0073
    },
    "Sprites\\Botones\\Jugar\\Press.png.meta": {
      "time": 1770321520696.7964
    },
    "Sprites\\Botones\\Salir\\Hover.png.meta": {
      "time": 1770321520698.3044
    },
    "Sprites\\Botones\\Salir\\Normal.png.meta": {
      "time": 1770321520731.7637
    },
    "Sprites\\Botones\\Salir\\Press.png.meta": {
      "time": 1770321520742.7014
    },
    "Sprites\\Botones\\Siguiente\\Hover.png.meta": {
      "time": 1770321520768.059
    },
    "Sprites\\Botones\\Siguiente\\Normal.png.meta": {
      "time": 1770321520771.5754
    },
    "Sprites\\Botones\\Siguiente\\Press.png.meta": {
      "time": 1770321520772.0842
    },
    "Sprites\\Botones\\Volver\\Hover.png.meta": {
      "time": 1770321520789.7612
    },
    "Sprites\\Botones\\Volver\\Normal.png.meta": {
      "time": 1770321520797.4727
    },
    "Sprites\\Botones\\Volver\\Press.png.meta": {
      "time": 1770321520807.4128
    },
    "Imagenes\\VenadosLoyalty.png.meta": {
      "time": 1770321701799.4602
    },
    "Imagenes\\VenadosLoyalty.png": {
      "time": 1770320534887.5442,
      "uuid": "44e27f97-79c6-4c5a-9ba9-81a9359c31f7"
    },
    "Imagenes\\VenadosLoyalty-bg.jpg.meta": {
      "time": 1770321706257.6477
    },
    "Imagenes\\VenadosLoyalty-bg.jpg": {
      "time": 1770320534884.5393,
      "uuid": "091081e2-2d06-4dfe-97a7-896cd338f6ab"
    }
  },
  "missing": {}
}
