{
  "version": "1.0.0",
  "map": {
    "X:\\Escritorio\\BLUE\\Fan Venados\\Juegos Cocos\\Catch_the_Ball\\assets\\Scenes.meta": {
      "time": 1759340512777.4204
    },
    "X:\\Escritorio\\BLUE\\Fan Venados\\Juegos Cocos\\Catch_the_Ball\\assets\\Scenes\\Inicio.scene.meta": {
      "time": 1759428719055.7058
    },
    "X:\\Escritorio\\BLUE\\Fan Venados\\Juegos Cocos\\Catch_the_Ball\\assets\\Scenes": {
      "time": 1759427928434.3843,
      "uuid": "85f456bc-63ad-408b-8c06-8bb9852d3d16"
    },
    "X:\\Escritorio\\BLUE\\Fan Venados\\Juegos Cocos\\Catch_the_Ball\\assets\\Scenes\\Inicio.scene": {
      "time": 1760475936029.1523,
      "uuid": "de9d4a6d-63c9-433a-b232-956fbd89e3a3"
    },
    "X:\\Escritorio\\BLUE\\Fan Venados\\Juegos Cocos\\Catch_the_Ball\\assets\\Imagenes.meta": {
      "time": 1759341794484.6465
    },
    "X:\\Escritorio\\BLUE\\Fan Venados\\Juegos Cocos\\Catch_the_Ball\\assets\\Imagenes": {
      "time": 1760550610957.007,
      "uuid": "6b9458d8-6b45-48de-840c-ed0efc0472f2"
    },
    "X:\\Escritorio\\BLUE\\Fan Venados\\Juegos Cocos\\Catch_the_Ball\\assets\\Imagenes\\PortadaCatch.png.meta": {
      "time": 1759341798506.705
    },
    "X:\\Escritorio\\BLUE\\Fan Venados\\Juegos Cocos\\Catch_the_Ball\\assets\\Imagenes\\PortadaCatch.png": {
      "time": 1759341710482.6204,
      "uuid": "7724b8cb-4649-49da-a0c4-b08012b75618"
    },
    "X:\\Escritorio\\BLUE\\Fan Venados\\Juegos Cocos\\Catch_the_Ball\\assets\\Sprites.meta": {
      "time": 1759342629737.0188
    },
    "X:\\Escritorio\\BLUE\\Fan Venados\\Juegos Cocos\\Catch_the_Ball\\assets\\Sprites": {
      "time": 1759426621387.2966,
      "uuid": "44423441-1d1e-4469-8332-661fdb722f0f"
    },
    "X:\\Escritorio\\BLUE\\Fan Venados\\Juegos Cocos\\Catch_the_Ball\\assets\\Sprites\\Botones.meta": {
      "time": 1759342647772.0747
    },
    "X:\\Escritorio\\BLUE\\Fan Venados\\Juegos Cocos\\Catch_the_Ball\\assets\\Sprites\\Botones\\Inicio.meta": {
      "time": 1759342647772.0747
    },
    "X:\\Escritorio\\BLUE\\Fan Venados\\Juegos Cocos\\Catch_the_Ball\\assets\\Sprites\\Botones\\Jugar.meta": {
      "time": 1759342647772.0747
    },
    "X:\\Escritorio\\BLUE\\Fan Venados\\Juegos Cocos\\Catch_the_Ball\\assets\\Sprites\\Botones\\Salir.meta": {
      "time": 1759342647772.0747
    },
    "X:\\Escritorio\\BLUE\\Fan Venados\\Juegos Cocos\\Catch_the_Ball\\assets\\Sprites\\Botones\\Siguiente.meta": {
      "time": 1759342647773.0713
    },
    "X:\\Escritorio\\BLUE\\Fan Venados\\Juegos Cocos\\Catch_the_Ball\\assets\\Sprites\\Botones": {
      "time": 1759357960103.8755,
      "uuid": "70ec8fad-741a-4551-83cb-a7204dea5449"
    },
    "X:\\Escritorio\\BLUE\\Fan Venados\\Juegos Cocos\\Catch_the_Ball\\assets\\Sprites\\Botones\\Inicio": {
      "time": 1759357940927.3618,
      "uuid": "0fbadf60-bf2e-4fe8-8fed-e1ef94861d4f"
    },
    "X:\\Escritorio\\BLUE\\Fan Venados\\Juegos Cocos\\Catch_the_Ball\\assets\\Sprites\\Botones\\Jugar": {
      "time": 1759342647756.1165,
      "uuid": "173e2e24-83ac-4150-a0fd-af808546aabe"
    },
    "X:\\Escritorio\\BLUE\\Fan Venados\\Juegos Cocos\\Catch_the_Ball\\assets\\Sprites\\Botones\\Salir": {
      "time": 1759342647757.1135,
      "uuid": "8f6839f4-befd-40ea-8151-58fa1b132d98"
    },
    "X:\\Escritorio\\BLUE\\Fan Venados\\Juegos Cocos\\Catch_the_Ball\\assets\\Sprites\\Botones\\Siguiente": {
      "time": 1759342647766.0896,
      "uuid": "0461c0ca-52b2-4fd6-bad4-899b977db422"
    },
    "X:\\Escritorio\\BLUE\\Fan Venados\\Juegos Cocos\\Catch_the_Ball\\assets\\Sprites\\Botones\\Volver.meta": {
      "time": 1759342647779.0554
    },
    "X:\\Escritorio\\BLUE\\Fan Venados\\Juegos Cocos\\Catch_the_Ball\\assets\\Sprites\\Botones\\Volver": {
      "time": 1759342647769.0818,
      "uuid": "c3195ebe-7f5c-4098-a468-a155f4122efc"
    },
    "X:\\Escritorio\\BLUE\\Fan Venados\\Juegos Cocos\\Catch_the_Ball\\assets\\Sprites\\Botones\\Inicio\\Normal.png.meta": {
      "time": 1759342647827.9243
    },
    "X:\\Escritorio\\BLUE\\Fan Venados\\Juegos Cocos\\Catch_the_Ball\\assets\\Sprites\\Botones\\Inicio\\Normal.png": {
      "time": 1759342524000,
      "uuid": "dca55c14-c304-46b4-9d77-728bd67b55df"
    },
    "X:\\Escritorio\\BLUE\\Fan Venados\\Juegos Cocos\\Catch_the_Ball\\assets\\Sprites\\Botones\\Inicio\\Hover.png.meta": {
      "time": 1759342647828.9214
    },
    "X:\\Escritorio\\BLUE\\Fan Venados\\Juegos Cocos\\Catch_the_Ball\\assets\\Sprites\\Botones\\Inicio\\Hover.png": {
      "time": 1759342524000,
      "uuid": "214813f3-accd-4f4f-8613-f400fbb4fd6a"
    },
    "X:\\Escritorio\\BLUE\\Fan Venados\\Juegos Cocos\\Catch_the_Ball\\assets\\Sprites\\Botones\\Inicio\\Press.png.meta": {
      "time": 1759342647836.9011
    },
    "X:\\Escritorio\\BLUE\\Fan Venados\\Juegos Cocos\\Catch_the_Ball\\assets\\Sprites\\Botones\\Inicio\\Press.png": {
      "time": 1759342524000,
      "uuid": "badcb2c2-7f5a-4915-ae3e-b0164622d771"
    },
    "X:\\Escritorio\\BLUE\\Fan Venados\\Juegos Cocos\\Catch_the_Ball\\assets\\Sprites\\Botones\\Jugar\\Hover.png.meta": {
      "time": 1759342647846.874
    },
    "X:\\Escritorio\\BLUE\\Fan Venados\\Juegos Cocos\\Catch_the_Ball\\assets\\Sprites\\Botones\\Jugar\\Hover.png": {
      "time": 1759342524000,
      "uuid": "7aa5fef3-f874-4d5a-bea1-c3de1bd3d424"
    },
    "X:\\Escritorio\\BLUE\\Fan Venados\\Juegos Cocos\\Catch_the_Ball\\assets\\Sprites\\Botones\\Jugar\\Normal.png.meta": {
      "time": 1759342647857.8445
    },
    "X:\\Escritorio\\BLUE\\Fan Venados\\Juegos Cocos\\Catch_the_Ball\\assets\\Sprites\\Botones\\Jugar\\Normal.png": {
      "time": 1759342524000,
      "uuid": "228ffe7f-3fb0-460c-9aa7-34b467c48160"
    },
    "X:\\Escritorio\\BLUE\\Fan Venados\\Juegos Cocos\\Catch_the_Ball\\assets\\Sprites\\Botones\\Jugar\\Press.png.meta": {
      "time": 1759342647886.767
    },
    "X:\\Escritorio\\BLUE\\Fan Venados\\Juegos Cocos\\Catch_the_Ball\\assets\\Sprites\\Botones\\Jugar\\Press.png": {
      "time": 1759342524000,
      "uuid": "00e73063-3146-48f0-94e2-3af417d479d8"
    },
    "X:\\Escritorio\\BLUE\\Fan Venados\\Juegos Cocos\\Catch_the_Ball\\assets\\Sprites\\Botones\\Salir\\Press.png.meta": {
      "time": 1759342647892.7524
    },
    "X:\\Escritorio\\BLUE\\Fan Venados\\Juegos Cocos\\Catch_the_Ball\\assets\\Sprites\\Botones\\Salir\\Press.png": {
      "time": 1759342524000,
      "uuid": "8fe440cd-1cf1-4818-9918-64c6af59391a"
    },
    "X:\\Escritorio\\BLUE\\Fan Venados\\Juegos Cocos\\Catch_the_Ball\\assets\\Sprites\\Botones\\Salir\\Hover.png.meta": {
      "time": 1759342647882.7776
    },
    "X:\\Escritorio\\BLUE\\Fan Venados\\Juegos Cocos\\Catch_the_Ball\\assets\\Sprites\\Botones\\Salir\\Hover.png": {
      "time": 1759342524000,
      "uuid": "c9d682ae-9f1e-4c20-9c65-dbd442fb38b2"
    },
    "X:\\Escritorio\\BLUE\\Fan Venados\\Juegos Cocos\\Catch_the_Ball\\assets\\Sprites\\Botones\\Salir\\Normal.png.meta": {
      "time": 1759342647891.7542
    },
    "X:\\Escritorio\\BLUE\\Fan Venados\\Juegos Cocos\\Catch_the_Ball\\assets\\Sprites\\Botones\\Salir\\Normal.png": {
      "time": 1759342524000,
      "uuid": "96d75ff2-bf50-4ddb-9da2-2fd939326a04"
    },
    "X:\\Escritorio\\BLUE\\Fan Venados\\Juegos Cocos\\Catch_the_Ball\\assets\\Sprites\\Botones\\Siguiente\\Hover.png.meta": {
      "time": 1759342647913.6953
    },
    "X:\\Escritorio\\BLUE\\Fan Venados\\Juegos Cocos\\Catch_the_Ball\\assets\\Sprites\\Botones\\Siguiente\\Hover.png": {
      "time": 1759342524000,
      "uuid": "50b0f2bd-2162-4853-80ba-42c73b4c8864"
    },
    "X:\\Escritorio\\BLUE\\Fan Venados\\Juegos Cocos\\Catch_the_Ball\\assets\\Sprites\\Botones\\Siguiente\\Normal.png.meta": {
      "time": 1759342647936.6338
    },
    "X:\\Escritorio\\BLUE\\Fan Venados\\Juegos Cocos\\Catch_the_Ball\\assets\\Sprites\\Botones\\Siguiente\\Normal.png": {
      "time": 1759342524000,
      "uuid": "d5783e10-ec1f-40f5-b32d-29c4bc16ec39"
    },
    "X:\\Escritorio\\BLUE\\Fan Venados\\Juegos Cocos\\Catch_the_Ball\\assets\\Sprites\\Botones\\Siguiente\\Press.png.meta": {
      "time": 1759342647932.6448
    },
    "X:\\Escritorio\\BLUE\\Fan Venados\\Juegos Cocos\\Catch_the_Ball\\assets\\Sprites\\Botones\\Siguiente\\Press.png": {
      "time": 1759342524000,
      "uuid": "ef2c9802-9b3e-4ee3-9936-35274e272261"
    },
    "X:\\Escritorio\\BLUE\\Fan Venados\\Juegos Cocos\\Catch_the_Ball\\assets\\Sprites\\Botones\\Volver\\Normal.png.meta": {
      "time": 1759342647951.5942
    },
    "X:\\Escritorio\\BLUE\\Fan Venados\\Juegos Cocos\\Catch_the_Ball\\assets\\Sprites\\Botones\\Volver\\Normal.png": {
      "time": 1759342524000,
      "uuid": "148419c5-1157-4e27-8a45-e47658f4c11f"
    },
    "X:\\Escritorio\\BLUE\\Fan Venados\\Juegos Cocos\\Catch_the_Ball\\assets\\Sprites\\Botones\\Volver\\Hover.png.meta": {
      "time": 1759342647937.6326
    },
    "X:\\Escritorio\\BLUE\\Fan Venados\\Juegos Cocos\\Catch_the_Ball\\assets\\Sprites\\Botones\\Volver\\Hover.png": {
      "time": 1759342524000,
      "uuid": "fc74bccb-d42a-4e94-8aa9-eab8afdbb8ef"
    },
    "X:\\Escritorio\\BLUE\\Fan Venados\\Juegos Cocos\\Catch_the_Ball\\assets\\Sprites\\Botones\\Volver\\Press.png.meta": {
      "time": 1759342647957.5776
    },
    "X:\\Escritorio\\BLUE\\Fan Venados\\Juegos Cocos\\Catch_the_Ball\\assets\\Sprites\\Botones\\Volver\\Press.png": {
      "time": 1759342524000,
      "uuid": "9163b5cc-1cee-4c5b-bac3-92e5a651c6a7"
    },
    "X:\\Escritorio\\BLUE\\Fan Venados\\Juegos Cocos\\Catch_the_Ball\\assets\\Imagenes\\PortadaCatch-Venados.png.meta": {
      "time": 1759342931390.316
    },
    "X:\\Escritorio\\BLUE\\Fan Venados\\Juegos Cocos\\Catch_the_Ball\\assets\\Imagenes\\PortadaCatch-Venados.png": {
      "time": 1759343160043.889,
      "uuid": "cd1d54d7-796f-4b40-9c6c-8d6fde83df72"
    },
    "X:\\Escritorio\\BLUE\\Fan Venados\\Juegos Cocos\\Catch_the_Ball\\assets\\Sprites\\Botones\\Botones Flechas.meta": {
      "time": 1759357930309.7983
    },
    "X:\\Escritorio\\BLUE\\Fan Venados\\Juegos Cocos\\Catch_the_Ball\\assets\\Sprites\\Botones\\Botones Flechas": {
      "time": 1759358052613.306,
      "uuid": "6ce953f8-d2a1-4c4e-82c6-a28df9f819e1"
    },
    "X:\\Escritorio\\BLUE\\Fan Venados\\Juegos Cocos\\Catch_the_Ball\\assets\\Sprites\\Botones\\Botones Flechas\\Back.png.meta": {
      "time": 1759357930343.712
    },
    "X:\\Escritorio\\BLUE\\Fan Venados\\Juegos Cocos\\Catch_the_Ball\\assets\\Sprites\\Botones\\Botones Flechas\\Back.png": {
      "time": 1759358000000,
      "uuid": "9fc3705d-d6ad-4f9b-a9a0-66875aed2aaf"
    },
    "X:\\Escritorio\\BLUE\\Fan Venados\\Juegos Cocos\\Catch_the_Ball\\assets\\Sprites\\Botones\\Instruccion.meta": {
      "time": 1759357930345.7063
    },
    "X:\\Escritorio\\BLUE\\Fan Venados\\Juegos Cocos\\Catch_the_Ball\\assets\\Sprites\\Botones\\Instruccion": {
      "time": 1759357930313.787,
      "uuid": "09dfae50-761a-4e2c-8626-5c9845b1225b"
    },
    "X:\\Escritorio\\BLUE\\Fan Venados\\Juegos Cocos\\Catch_the_Ball\\assets\\Sprites\\Botones\\Instruccion\\03.png.meta": {
      "time": 1759357930423.4978
    },
    "X:\\Escritorio\\BLUE\\Fan Venados\\Juegos Cocos\\Catch_the_Ball\\assets\\Sprites\\Botones\\Instruccion\\03.png": {
      "time": 1759357830000,
      "uuid": "c6876213-38b4-4b9c-b68e-5f063f8a43dc"
    },
    "X:\\Escritorio\\BLUE\\Fan Venados\\Juegos Cocos\\Catch_the_Ball\\assets\\Sprites\\Botones\\Instruccion\\02.png.meta": {
      "time": 1759357930399.562
    },
    "X:\\Escritorio\\BLUE\\Fan Venados\\Juegos Cocos\\Catch_the_Ball\\assets\\Sprites\\Botones\\Instruccion\\02.png": {
      "time": 1759357830000,
      "uuid": "10c9d270-afda-4688-b18e-6b7e0abae80b"
    },
    "X:\\Escritorio\\BLUE\\Fan Venados\\Juegos Cocos\\Catch_the_Ball\\assets\\Sprites\\Botones\\Instruccion\\01.png.meta": {
      "time": 1759357930375.626
    },
    "X:\\Escritorio\\BLUE\\Fan Venados\\Juegos Cocos\\Catch_the_Ball\\assets\\Sprites\\Botones\\Instruccion\\01.png": {
      "time": 1759357830000,
      "uuid": "13b094f3-1ed8-4fdc-84ff-a0bf1eb73868"
    },
    "X:\\Escritorio\\BLUE\\Fan Venados\\Juegos Cocos\\Catch_the_Ball\\assets\\Sprites\\Botones\\Botones Flechas\\Next.png.meta": {
      "time": 1759358052633.252
    },
    "X:\\Escritorio\\BLUE\\Fan Venados\\Juegos Cocos\\Catch_the_Ball\\assets\\Sprites\\Botones\\Botones Flechas\\Next.png": {
      "time": 1759358000000,
      "uuid": "4431e105-0cab-4fcb-9f02-44e4571e7f41"
    },
    "X:\\Escritorio\\BLUE\\Fan Venados\\Juegos Cocos\\Catch_the_Ball\\assets\\Imagenes\\Instruccion.png.meta": {
      "time": 1759358144205.7327
    },
    "X:\\Escritorio\\BLUE\\Fan Venados\\Juegos Cocos\\Catch_the_Ball\\assets\\Imagenes\\Instruccion.png": {
      "time": 1759358104000,
      "uuid": "b247c6e3-80b4-4cea-8ab4-004c4bba687e"
    },
    "X:\\Escritorio\\BLUE\\Fan Venados\\Juegos Cocos\\Catch_the_Ball\\assets\\Sprites\\Props.meta": {
      "time": 1759426607427.8384
    },
    "X:\\Escritorio\\BLUE\\Fan Venados\\Juegos Cocos\\Catch_the_Ball\\assets\\Sprites\\Props": {
      "time": 1759953784577.0344,
      "uuid": "6ad35dae-ac54-4a95-b73c-ae628f29939c"
    },
    "X:\\Escritorio\\BLUE\\Fan Venados\\Juegos Cocos\\Catch_the_Ball\\assets\\Sprites\\Props\\Gorra.png.meta": {
      "time": 1759434867336.7156
    },
    "X:\\Escritorio\\BLUE\\Fan Venados\\Juegos Cocos\\Catch_the_Ball\\assets\\Sprites\\Props\\Gorra.png": {
      "time": 1759434812000,
      "uuid": "0b35572a-f7ac-40e8-b79b-4a903be6db6c"
    },
    "X:\\Escritorio\\BLUE\\Fan Venados\\Juegos Cocos\\Catch_the_Ball\\assets\\Sprites\\Props\\Pelota.png.meta": {
      "time": 1759434867240.4478
    },
    "X:\\Escritorio\\BLUE\\Fan Venados\\Juegos Cocos\\Catch_the_Ball\\assets\\Sprites\\Props\\Pelota.png": {
      "time": 1759434812000,
      "uuid": "529b3053-03c5-4fae-94f9-e90a91fbad66"
    },
    "X:\\Escritorio\\BLUE\\Fan Venados\\Juegos Cocos\\Catch_the_Ball\\assets\\Sprites\\Props\\Jersey.png.meta": {
      "time": 1759434867220.501
    },
    "X:\\Escritorio\\BLUE\\Fan Venados\\Juegos Cocos\\Catch_the_Ball\\assets\\Sprites\\Props\\Jersey.png": {
      "time": 1759434812000,
      "uuid": "b0871ed3-c15f-443e-b9d1-0f61eedc6ef5"
    },
    "X:\\Escritorio\\BLUE\\Fan Venados\\Juegos Cocos\\Catch_the_Ball\\assets\\Sprites\\Props\\Silbato.png.meta": {
      "time": 1759434867259.9211
    },
    "X:\\Escritorio\\BLUE\\Fan Venados\\Juegos Cocos\\Catch_the_Ball\\assets\\Sprites\\Props\\Silbato.png": {
      "time": 1759434812000,
      "uuid": "2dc16161-a529-4511-b737-c2374b5fc3ec"
    },
    "X:\\Escritorio\\BLUE\\Fan Venados\\Juegos Cocos\\Catch_the_Ball\\assets\\Sprites\\Props\\Guante.png.meta": {
      "time": 1759426607478.7024
    },
    "X:\\Escritorio\\BLUE\\Fan Venados\\Juegos Cocos\\Catch_the_Ball\\assets\\Sprites\\Props\\Guante.png": {
      "time": 1759426558000,
      "uuid": "b68d0f90-cd47-4aa7-9006-a75605e15e6a"
    },
    "X:\\Escritorio\\BLUE\\Fan Venados\\Juegos Cocos\\Catch_the_Ball\\assets\\Sprites\\Props\\Tenis.png.meta": {
      "time": 1759434867279.8672
    },
    "X:\\Escritorio\\BLUE\\Fan Venados\\Juegos Cocos\\Catch_the_Ball\\assets\\Sprites\\Props\\Tenis.png": {
      "time": 1759434812000,
      "uuid": "1e6d3a80-e531-4956-9fd5-8488ee43a846"
    },
    "X:\\Escritorio\\BLUE\\Fan Venados\\Juegos Cocos\\Catch_the_Ball\\assets\\Sprites\\Props\\Termo.png.meta": {
      "time": 1759434867319.7612
    },
    "X:\\Escritorio\\BLUE\\Fan Venados\\Juegos Cocos\\Catch_the_Ball\\assets\\Sprites\\Props\\Termo.png": {
      "time": 1759434812000,
      "uuid": "8f83a234-7998-47fe-b321-85e4a784b4c3"
    },
    "X:\\Escritorio\\BLUE\\Fan Venados\\Juegos Cocos\\Catch_the_Ball\\assets\\Sprites\\Props\\Trofeo.png.meta": {
      "time": 1759434867300.8125
    },
    "X:\\Escritorio\\BLUE\\Fan Venados\\Juegos Cocos\\Catch_the_Ball\\assets\\Sprites\\Props\\Trofeo.png": {
      "time": 1759434812000,
      "uuid": "af3924cb-21b4-42ef-b7ce-a54f601e4dd4"
    },
    "X:\\Escritorio\\BLUE\\Fan Venados\\Juegos Cocos\\Catch_the_Ball\\assets\\Imagenes\\02.png.meta": {
      "time": 1759426932857.4236
    },
    "X:\\Escritorio\\BLUE\\Fan Venados\\Juegos Cocos\\Catch_the_Ball\\assets\\Imagenes\\02.png": {
      "time": 1759426882000,
      "uuid": "8eab724b-6836-4a69-b2df-8a09a3f2dad6"
    },
    "X:\\Escritorio\\BLUE\\Fan Venados\\Juegos Cocos\\Catch_the_Ball\\assets\\Imagenes\\Logo.png.meta": {
      "time": 1759426962660.51
    },
    "X:\\Escritorio\\BLUE\\Fan Venados\\Juegos Cocos\\Catch_the_Ball\\assets\\Imagenes\\Logo.png": {
      "time": 1759426374000,
      "uuid": "58d63926-14c3-4db3-b125-c0949f27dcfb"
    },
    "X:\\Escritorio\\BLUE\\Fan Venados\\Juegos Cocos\\Catch_the_Ball\\assets\\Scenes\\Instrucciones.scene.meta": {
      "time": 1759428719052.713
    },
    "X:\\Escritorio\\BLUE\\Fan Venados\\Juegos Cocos\\Catch_the_Ball\\assets\\Scenes\\Instrucciones.scene": {
      "time": 1759959540255.224,
      "uuid": "d7e9d58e-93d3-40b8-8933-1632c95ae2f0"
    },
    "X:\\Escritorio\\BLUE\\Fan Venados\\Juegos Cocos\\Catch_the_Ball\\assets\\Imagenes\\Juego01.png.meta": {
      "time": 1759427154158.067
    },
    "X:\\Escritorio\\BLUE\\Fan Venados\\Juegos Cocos\\Catch_the_Ball\\assets\\Imagenes\\Juego01.png": {
      "time": 1759251896000,
      "uuid": "11ed2b9d-13cf-42ae-9e55-9b4a299ae1fd"
    },
    "X:\\Escritorio\\BLUE\\Fan Venados\\Juegos Cocos\\Catch_the_Ball\\assets\\Scenes\\Juego.scene.meta": {
      "time": 1759428719052.713
    },
    "X:\\Escritorio\\BLUE\\Fan Venados\\Juegos Cocos\\Catch_the_Ball\\assets\\Scenes\\Juego.scene": {
      "time": 1760656565164.2373,
      "uuid": "fd9d12b2-6422-4cac-811f-b40d2445bc8d"
    },
    "X:\\Escritorio\\BLUE\\Fan Venados\\Juegos Cocos\\Catch_the_Ball\\assets\\Imagenes\\GameOver.png.meta": {
      "time": 1759428079277.0627
    },
    "X:\\Escritorio\\BLUE\\Fan Venados\\Juegos Cocos\\Catch_the_Ball\\assets\\Imagenes\\GameOver.png": {
      "time": 1759428012000,
      "uuid": "886470c4-9eda-4353-aa6a-cee93055b2cd"
    },
    "X:\\Escritorio\\BLUE\\Fan Venados\\Juegos Cocos\\Catch_the_Ball\\assets\\Imagenes\\Juego.png.meta": {
      "time": 1759428389526.6472
    },
    "X:\\Escritorio\\BLUE\\Fan Venados\\Juegos Cocos\\Catch_the_Ball\\assets\\Imagenes\\Juego.png": {
      "time": 1759251896000,
      "uuid": "84ae23b4-d4a9-4f5c-bc8e-97c684c47ab7"
    },
    "X:\\Escritorio\\BLUE\\Fan Venados\\Juegos Cocos\\Catch_the_Ball\\assets\\Imagenes\\Marco.png.meta": {
      "time": 1759432808964.915
    },
    "X:\\Escritorio\\BLUE\\Fan Venados\\Juegos Cocos\\Catch_the_Ball\\assets\\Imagenes\\Marco.png": {
      "time": 1759433034000,
      "uuid": "571f1dbd-5f11-41d1-90be-6ff685b47b04"
    },
    "X:\\Escritorio\\BLUE\\Fan Venados\\Juegos Cocos\\Catch_the_Ball\\assets\\Prefabs.meta": {
      "time": 1759434459404.2317
    },
    "X:\\Escritorio\\BLUE\\Fan Venados\\Juegos Cocos\\Catch_the_Ball\\assets\\Prefabs": {
      "time": 1759435718052.023,
      "uuid": "7a2e626c-5e0f-475c-8d57-b86e2a12fe96"
    },
    "X:\\Escritorio\\BLUE\\Fan Venados\\Juegos Cocos\\Catch_the_Ball\\assets\\Prefabs\\Pelota.prefab.meta": {
      "time": 1759435717713.1758
    },
    "X:\\Escritorio\\BLUE\\Fan Venados\\Juegos Cocos\\Catch_the_Ball\\assets\\Prefabs\\Pelota.prefab": {
      "time": 1759955273421.8704,
      "uuid": "53da5c74-56cb-404d-98b7-7fffe3eee689"
    },
    "X:\\Escritorio\\BLUE\\Fan Venados\\Juegos Cocos\\Catch_the_Ball\\assets\\Prefabs\\Gorra.prefab.meta": {
      "time": 1759435717758.8604
    },
    "X:\\Escritorio\\BLUE\\Fan Venados\\Juegos Cocos\\Catch_the_Ball\\assets\\Prefabs\\Gorra.prefab": {
      "time": 1759958300532.1946,
      "uuid": "0dbdeb14-9b90-4071-a6f9-85439cf3c4eb"
    },
    "X:\\Escritorio\\BLUE\\Fan Venados\\Juegos Cocos\\Catch_the_Ball\\assets\\Prefabs\\Jersey.prefab.meta": {
      "time": 1759435717801.747
    },
    "X:\\Escritorio\\BLUE\\Fan Venados\\Juegos Cocos\\Catch_the_Ball\\assets\\Prefabs\\Jersey.prefab": {
      "time": 1759955268853.2476,
      "uuid": "1ca7c39c-d25d-419b-a640-24a8356b983c"
    },
    "X:\\Escritorio\\BLUE\\Fan Venados\\Juegos Cocos\\Catch_the_Ball\\assets\\Prefabs\\Silbato.prefab.meta": {
      "time": 1759435717856.656
    },
    "X:\\Escritorio\\BLUE\\Fan Venados\\Juegos Cocos\\Catch_the_Ball\\assets\\Prefabs\\Silbato.prefab": {
      "time": 1759955277757.471,
      "uuid": "3a6d4d05-fd75-41d8-b3ac-db5206be81db"
    },
    "X:\\Escritorio\\BLUE\\Fan Venados\\Juegos Cocos\\Catch_the_Ball\\assets\\Prefabs\\Tenis.prefab.meta": {
      "time": 1759435717949.4072
    },
    "X:\\Escritorio\\BLUE\\Fan Venados\\Juegos Cocos\\Catch_the_Ball\\assets\\Prefabs\\Tenis.prefab": {
      "time": 1759955282321.395,
      "uuid": "64709f4d-b6a6-48b4-9d0d-410816511752"
    },
    "X:\\Escritorio\\BLUE\\Fan Venados\\Juegos Cocos\\Catch_the_Ball\\assets\\Prefabs\\Termo.prefab.meta": {
      "time": 1759435717999.1646
    },
    "X:\\Escritorio\\BLUE\\Fan Venados\\Juegos Cocos\\Catch_the_Ball\\assets\\Prefabs\\Termo.prefab": {
      "time": 1759955287152.1238,
      "uuid": "261b280f-8a0a-4556-9def-a2f598adc76e"
    },
    "X:\\Escritorio\\BLUE\\Fan Venados\\Juegos Cocos\\Catch_the_Ball\\assets\\Prefabs\\Trofeo.prefab.meta": {
      "time": 1759435718064.988
    },
    "X:\\Escritorio\\BLUE\\Fan Venados\\Juegos Cocos\\Catch_the_Ball\\assets\\Prefabs\\Trofeo.prefab": {
      "time": 1759955290476.8694,
      "uuid": "b11ebac0-03aa-44ce-9e64-414e7613a83f"
    },
    "X:\\Escritorio\\BLUE\\Fan Venados\\Juegos Cocos\\Catch_the_Ball\\assets\\Animaciones.meta": {
      "time": 1759952945484.7087
    },
    "X:\\Escritorio\\BLUE\\Fan Venados\\Juegos Cocos\\Catch_the_Ball\\assets\\Animaciones": {
      "time": 1759954913263.8735,
      "uuid": "51022643-7d09-44a6-bcb1-4ede99d0891c"
    },
    "X:\\Escritorio\\BLUE\\Fan Venados\\Juegos Cocos\\Catch_the_Ball\\assets\\Sprites\\Props\\Guante_glow.png.meta": {
      "time": 1759952994868.098
    },
    "X:\\Escritorio\\BLUE\\Fan Venados\\Juegos Cocos\\Catch_the_Ball\\assets\\Sprites\\Props\\Guante_glow.png": {
      "time": 1759952841631.446,
      "uuid": "893fc430-7e75-4254-9eb6-f5929bc1c35b"
    },
    "X:\\Escritorio\\BLUE\\Fan Venados\\Juegos Cocos\\Catch_the_Ball\\assets\\Sprites\\Props\\Guante_glow_inter.png.meta": {
      "time": 1759953086110.1396
    },
    "X:\\Escritorio\\BLUE\\Fan Venados\\Juegos Cocos\\Catch_the_Ball\\assets\\Sprites\\Props\\Guante_glow_inter.png": {
      "time": 1759953080969.8274,
      "uuid": "8b94c1d6-1146-4f9b-9574-8e19873385a5"
    },
    "X:\\Escritorio\\BLUE\\Fan Venados\\Juegos Cocos\\Catch_the_Ball\\assets\\Sprites\\Props\\Guante_mala_inter.png.meta": {
      "time": 1759953784600.9697
    },
    "X:\\Escritorio\\BLUE\\Fan Venados\\Juegos Cocos\\Catch_the_Ball\\assets\\Sprites\\Props\\Guante_mala.png.meta": {
      "time": 1759953784622.9126
    },
    "X:\\Escritorio\\BLUE\\Fan Venados\\Juegos Cocos\\Catch_the_Ball\\assets\\Sprites\\Props\\Guante_mala_inter.png": {
      "time": 1759953720531.4556,
      "uuid": "94d97a31-d477-44b3-aada-4d2e2f67bb2e"
    },
    "X:\\Escritorio\\BLUE\\Fan Venados\\Juegos Cocos\\Catch_the_Ball\\assets\\Sprites\\Props\\Guante_mala.png": {
      "time": 1759953708311.5012,
      "uuid": "adffdafb-d937-4062-a623-231f62ed72db"
    },
    "X:\\Escritorio\\BLUE\\Fan Venados\\Juegos Cocos\\Catch_the_Ball\\assets\\Animaciones\\Player.meta": {
      "time": 1759954898222.4346
    },
    "X:\\Escritorio\\BLUE\\Fan Venados\\Juegos Cocos\\Catch_the_Ball\\assets\\Animaciones\\Player": {
      "time": 1759954902575.1301,
      "uuid": "8839e201-4a4b-4c92-bf1c-2788c3425f14"
    },
    "X:\\Escritorio\\BLUE\\Fan Venados\\Juegos Cocos\\Catch_the_Ball\\assets\\Animaciones\\Player\\glow.anim.meta": {
      "time": 1759952945530.5862
    },
    "X:\\Escritorio\\BLUE\\Fan Venados\\Juegos Cocos\\Catch_the_Ball\\assets\\Animaciones\\Player\\glow.anim": {
      "time": 1759954006474.1523,
      "uuid": "d09d9b91-7f11-4068-88d6-aac9995e625e"
    },
    "X:\\Escritorio\\BLUE\\Fan Venados\\Juegos Cocos\\Catch_the_Ball\\assets\\Animaciones\\Player\\mala.anim.meta": {
      "time": 1759953482972.5857
    },
    "X:\\Escritorio\\BLUE\\Fan Venados\\Juegos Cocos\\Catch_the_Ball\\assets\\Animaciones\\Player\\mala.anim": {
      "time": 1759953944220.246,
      "uuid": "96b9a8d6-a589-4326-bafa-d19567f2579e"
    },
    "X:\\Escritorio\\BLUE\\Fan Venados\\Juegos Cocos\\Catch_the_Ball\\assets\\Animaciones\\Objetos.meta": {
      "time": 1759954913263.8735
    },
    "X:\\Escritorio\\BLUE\\Fan Venados\\Juegos Cocos\\Catch_the_Ball\\assets\\Animaciones\\Objetos": {
      "time": 1759955112951.4802,
      "uuid": "482fef7d-55bc-4c3c-a221-00be1deaee22"
    },
    "X:\\Escritorio\\BLUE\\Fan Venados\\Juegos Cocos\\Catch_the_Ball\\assets\\Animaciones\\Objetos\\desaparece.anim.meta": {
      "time": 1759954956299.5461
    },
    "X:\\Escritorio\\BLUE\\Fan Venados\\Juegos Cocos\\Catch_the_Ball\\assets\\Animaciones\\Objetos\\desaparece.anim": {
      "time": 1759957439538.892,
      "uuid": "9831975a-e570-49eb-9f3b-5ed33c2e8b7e"
    },
    "X:\\Escritorio\\BLUE\\Fan Venados\\Juegos Cocos\\Catch_the_Ball\\assets\\Scripts.meta": {
      "time": 1759958606002.6504
    },
    "X:\\Escritorio\\BLUE\\Fan Venados\\Juegos Cocos\\Catch_the_Ball\\assets\\Scripts": {
      "time": 1759958651587.6963,
      "uuid": "bdaf86a8-650f-453e-a606-beeeae4ba292"
    },
    "X:\\Escritorio\\BLUE\\Fan Venados\\Juegos Cocos\\Catch_the_Ball\\assets\\Scripts\\ButtonMessage.ts.meta": {
      "time": 1759772278985.265
    },
    "X:\\Escritorio\\BLUE\\Fan Venados\\Juegos Cocos\\Catch_the_Ball\\assets\\Scripts\\ButtonMessage.ts": {
      "time": 1760636533604.6953,
      "uuid": "7c6e5e3f-674c-4eaf-893c-25668288d7db"
    },
    "X:\\Escritorio\\BLUE\\Fan Venados\\Juegos Cocos\\Catch_the_Ball\\assets\\Scripts\\Movimiento.ts.meta": {
      "time": 1759430223678.2737
    },
    "X:\\Escritorio\\BLUE\\Fan Venados\\Juegos Cocos\\Catch_the_Ball\\assets\\Scripts\\Movimiento.ts": {
      "time": 1759959189114.585,
      "uuid": "f9471b58-4bf4-45be-a423-85d98391370f"
    },
    "X:\\Escritorio\\BLUE\\Fan Venados\\Juegos Cocos\\Catch_the_Ball\\assets\\Scripts\\CambioEscena.ts.meta": {
      "time": 1759771866370.4124
    },
    "X:\\Escritorio\\BLUE\\Fan Venados\\Juegos Cocos\\Catch_the_Ball\\assets\\Scripts\\CambioEscena.ts": {
      "time": 1759959486950.0046,
      "uuid": "142a78ef-3211-4cb7-a709-a9c167e6da85"
    },
    "X:\\Escritorio\\BLUE\\Fan Venados\\Juegos Cocos\\Catch_the_Ball\\assets\\Scripts\\Manager.ts.meta": {
      "time": 1759437818537.7373
    },
    "X:\\Escritorio\\BLUE\\Fan Venados\\Juegos Cocos\\Catch_the_Ball\\assets\\Scripts\\Manager.ts": {
      "time": 1760656207866.89,
      "uuid": "1486f7c4-22ed-47c6-9ed5-0caea059106d"
    },
    "X:\\Escritorio\\BLUE\\Fan Venados\\Juegos Cocos\\Catch_the_Ball\\assets\\Scripts\\Instrucciones.ts.meta": {
      "time": 1759773098660.3257
    },
    "X:\\Escritorio\\BLUE\\Fan Venados\\Juegos Cocos\\Catch_the_Ball\\assets\\Scripts\\Instrucciones.ts": {
      "time": 1759776859288.9458,
      "uuid": "85995453-0fce-4d38-a78d-3e4a7011d7fd"
    },
    "X:\\Escritorio\\BLUE\\Fan Venados\\Juegos Cocos\\Catch_the_Ball\\assets\\Scripts\\Spawn.ts.meta": {
      "time": 1759433270385.2686
    },
    "X:\\Escritorio\\BLUE\\Fan Venados\\Juegos Cocos\\Catch_the_Ball\\assets\\Scripts\\Spawn.ts": {
      "time": 1759959012407.4924,
      "uuid": "5a8a49c3-a97a-4971-9465-37c386ffb44b"
    },
    "X:\\Escritorio\\BLUE\\Fan Venados\\Juegos Cocos\\Catch_the_Ball\\assets\\Scripts\\ZonaMuerte.ts.meta": {
      "time": 1759958651605.649
    },
    "X:\\Escritorio\\BLUE\\Fan Venados\\Juegos Cocos\\Catch_the_Ball\\assets\\Scripts\\ZonaMuerte.ts": {
      "time": 1759958944496.0833,
      "uuid": "ad89eb9e-99e5-4cdf-bd0a-d3900c2bfdb1"
    },
    "X:\\Escritorio\\BLUE\\Fan Venados\\Juegos Cocos\\Catch_the_Ball\\assets\\Imagenes\\FanVenados_Blanco.png.meta": {
      "time": 1760550611135.4583
    },
    "X:\\Escritorio\\BLUE\\Fan Venados\\Juegos Cocos\\Catch_the_Ball\\assets\\Imagenes\\FanVenados_Blanco.png": {
      "time": 1760550301948.8872,
      "uuid": "02ac7129-b7b3-4abc-a203-c65778a143f1"
    },
    "X:\\Escritorio\\BLUE\\Fan Venados\\Juegos Cocos\\Catch_the_Ball\\assets\\Font.meta": {
      "time": 1760417444271.2554
    },
    "X:\\Escritorio\\BLUE\\Fan Venados\\Juegos Cocos\\Catch_the_Ball\\assets\\Font\\BlackHanSans-Regular.ttf.meta": {
      "time": 1737687674000
    },
    "X:\\Escritorio\\BLUE\\Fan Venados\\Juegos Cocos\\Catch_the_Ball\\assets\\Font": {
      "time": 1760656342011.6975,
      "uuid": "f08d94e9-3959-4624-a325-f523ea6723ef"
    },
    "X:\\Escritorio\\BLUE\\Fan Venados\\Juegos Cocos\\Catch_the_Ball\\assets\\Font\\BlackHanSans-Regular.ttf": {
      "time": 1737687674000,
      "uuid": "f3c7f5d8-1728-4db5-bcc4-e81f6c14ba66"
    }
  },
  "missing": {
    "70ec8fad-741a-4551-83cb-a7204dea5449": {
      "path": "X:\\Escritorio\\BLUE\\Fan Venados\\Juegos Cocos\\Catch_the_Ball\\assets\\Sprites\\Boton Venadados",
      "time": 1759342647753.124,
      "removeTime": 1759342658116
    },
    "0fbadf60-bf2e-4fe8-8fed-e1ef94861d4f": {
      "path": "X:\\Escritorio\\BLUE\\Fan Venados\\Juegos Cocos\\Catch_the_Ball\\assets\\Sprites\\Boton Venadados\\Inicio",
      "time": 1759342647754.1216,
      "removeTime": 1759342658116
    },
    "173e2e24-83ac-4150-a0fd-af808546aabe": {
      "path": "X:\\Escritorio\\BLUE\\Fan Venados\\Juegos Cocos\\Catch_the_Ball\\assets\\Sprites\\Boton Venadados\\Jugar",
      "time": 1759342647756.1165,
      "removeTime": 1759342658117
    },
    "8f6839f4-befd-40ea-8151-58fa1b132d98": {
      "path": "X:\\Escritorio\\BLUE\\Fan Venados\\Juegos Cocos\\Catch_the_Ball\\assets\\Sprites\\Boton Venadados\\Salir",
      "time": 1759342647757.1135,
      "removeTime": 1759342658117
    },
    "0461c0ca-52b2-4fd6-bad4-899b977db422": {
      "path": "X:\\Escritorio\\BLUE\\Fan Venados\\Juegos Cocos\\Catch_the_Ball\\assets\\Sprites\\Boton Venadados\\Siguiente",
      "time": 1759342647766.0896,
      "removeTime": 1759342658117
    },
    "c3195ebe-7f5c-4098-a468-a155f4122efc": {
      "path": "X:\\Escritorio\\BLUE\\Fan Venados\\Juegos Cocos\\Catch_the_Ball\\assets\\Sprites\\Boton Venadados\\Volver",
      "time": 1759342647769.0818,
      "removeTime": 1759342658117
    },
    "214813f3-accd-4f4f-8613-f400fbb4fd6a": {
      "path": "X:\\Escritorio\\BLUE\\Fan Venados\\Juegos Cocos\\Catch_the_Ball\\assets\\Sprites\\Boton Venadados\\Inicio\\Hover.png",
      "time": 1759342524000,
      "removeTime": 1759342658118
    },
    "dca55c14-c304-46b4-9d77-728bd67b55df": {
      "path": "X:\\Escritorio\\BLUE\\Fan Venados\\Juegos Cocos\\Catch_the_Ball\\assets\\Sprites\\Boton Venadados\\Inicio\\Normal.png",
      "time": 1759342524000,
      "removeTime": 1759342658118
    },
    "badcb2c2-7f5a-4915-ae3e-b0164622d771": {
      "path": "X:\\Escritorio\\BLUE\\Fan Venados\\Juegos Cocos\\Catch_the_Ball\\assets\\Sprites\\Boton Venadados\\Inicio\\Press.png",
      "time": 1759342524000,
      "removeTime": 1759342658118
    },
    "7aa5fef3-f874-4d5a-bea1-c3de1bd3d424": {
      "path": "X:\\Escritorio\\BLUE\\Fan Venados\\Juegos Cocos\\Catch_the_Ball\\assets\\Sprites\\Boton Venadados\\Jugar\\Hover.png",
      "time": 1759342524000,
      "removeTime": 1759342658119
    },
    "228ffe7f-3fb0-460c-9aa7-34b467c48160": {
      "path": "X:\\Escritorio\\BLUE\\Fan Venados\\Juegos Cocos\\Catch_the_Ball\\assets\\Sprites\\Boton Venadados\\Jugar\\Normal.png",
      "time": 1759342524000,
      "removeTime": 1759342658119
    },
    "00e73063-3146-48f0-94e2-3af417d479d8": {
      "path": "X:\\Escritorio\\BLUE\\Fan Venados\\Juegos Cocos\\Catch_the_Ball\\assets\\Sprites\\Boton Venadados\\Jugar\\Press.png",
      "time": 1759342524000,
      "removeTime": 1759342658119
    },
    "c9d682ae-9f1e-4c20-9c65-dbd442fb38b2": {
      "path": "X:\\Escritorio\\BLUE\\Fan Venados\\Juegos Cocos\\Catch_the_Ball\\assets\\Sprites\\Boton Venadados\\Salir\\Hover.png",
      "time": 1759342524000,
      "removeTime": 1759342658120
    },
    "96d75ff2-bf50-4ddb-9da2-2fd939326a04": {
      "path": "X:\\Escritorio\\BLUE\\Fan Venados\\Juegos Cocos\\Catch_the_Ball\\assets\\Sprites\\Boton Venadados\\Salir\\Normal.png",
      "time": 1759342524000,
      "removeTime": 1759342658120
    },
    "8fe440cd-1cf1-4818-9918-64c6af59391a": {
      "path": "X:\\Escritorio\\BLUE\\Fan Venados\\Juegos Cocos\\Catch_the_Ball\\assets\\Sprites\\Boton Venadados\\Salir\\Press.png",
      "time": 1759342524000,
      "removeTime": 1759342658120
    },
    "50b0f2bd-2162-4853-80ba-42c73b4c8864": {
      "path": "X:\\Escritorio\\BLUE\\Fan Venados\\Juegos Cocos\\Catch_the_Ball\\assets\\Sprites\\Boton Venadados\\Siguiente\\Hover.png",
      "time": 1759342524000,
      "removeTime": 1759342658121
    },
    "d5783e10-ec1f-40f5-b32d-29c4bc16ec39": {
      "path": "X:\\Escritorio\\BLUE\\Fan Venados\\Juegos Cocos\\Catch_the_Ball\\assets\\Sprites\\Boton Venadados\\Siguiente\\Normal.png",
      "time": 1759342524000,
      "removeTime": 1759342658121
    },
    "ef2c9802-9b3e-4ee3-9936-35274e272261": {
      "path": "X:\\Escritorio\\BLUE\\Fan Venados\\Juegos Cocos\\Catch_the_Ball\\assets\\Sprites\\Boton Venadados\\Siguiente\\Press.png",
      "time": 1759342524000,
      "removeTime": 1759342658121
    },
    "fc74bccb-d42a-4e94-8aa9-eab8afdbb8ef": {
      "path": "X:\\Escritorio\\BLUE\\Fan Venados\\Juegos Cocos\\Catch_the_Ball\\assets\\Sprites\\Boton Venadados\\Volver\\Hover.png",
      "time": 1759342524000,
      "removeTime": 1759342658121
    },
    "148419c5-1157-4e27-8a45-e47658f4c11f": {
      "path": "X:\\Escritorio\\BLUE\\Fan Venados\\Juegos Cocos\\Catch_the_Ball\\assets\\Sprites\\Boton Venadados\\Volver\\Normal.png",
      "time": 1759342524000,
      "removeTime": 1759342658122
    },
    "9163b5cc-1cee-4c5b-bac3-92e5a651c6a7": {
      "path": "X:\\Escritorio\\BLUE\\Fan Venados\\Juegos Cocos\\Catch_the_Ball\\assets\\Sprites\\Boton Venadados\\Volver\\Press.png",
      "time": 1759342524000,
      "removeTime": 1759342658122
    },
    "6ce953f8-d2a1-4c4e-82c6-a28df9f819e1": {
      "path": "X:\\Escritorio\\BLUE\\Fan Venados\\Juegos Cocos\\Catch_the_Ball\\assets\\Sprites\\Botones\\Inicio\\Botones Flechas",
      "time": 1759357930301.8398,
      "removeTime": 1759357940928
    },
    "9fc3705d-d6ad-4f9b-a9a0-66875aed2aaf": {
      "path": "X:\\Escritorio\\BLUE\\Fan Venados\\Juegos Cocos\\Catch_the_Ball\\assets\\Sprites\\Botones\\Inicio\\Botones Flechas\\Back.png",
      "time": 1759357830000,
      "removeTime": 1759357940928
    },
    "ccdb25e2-e6ed-4a92-a7a1-f9cd148df9c6": {
      "path": "X:\\Escritorio\\BLUE\\Fan Venados\\Juegos Cocos\\Catch_the_Ball\\assets\\Sprites\\Botones\\CatchBall",
      "time": 1759357955626.1287,
      "removeTime": 1759357960114
    },
    "09dfae50-761a-4e2c-8626-5c9845b1225b": {
      "path": "X:\\Escritorio\\BLUE\\Fan Venados\\Juegos Cocos\\Catch_the_Ball\\assets\\Sprites\\Botones\\CatchBall\\Instruccion",
      "time": 1759357930313.787,
      "removeTime": 1759357955626
    },
    "13b094f3-1ed8-4fdc-84ff-a0bf1eb73868": {
      "path": "X:\\Escritorio\\BLUE\\Fan Venados\\Juegos Cocos\\Catch_the_Ball\\assets\\Sprites\\Botones\\CatchBall\\Instruccion\\01.png",
      "time": 1759357830000,
      "removeTime": 1759357955626
    },
    "10c9d270-afda-4688-b18e-6b7e0abae80b": {
      "path": "X:\\Escritorio\\BLUE\\Fan Venados\\Juegos Cocos\\Catch_the_Ball\\assets\\Sprites\\Botones\\CatchBall\\Instruccion\\02.png",
      "time": 1759357830000,
      "removeTime": 1759357955627
    },
    "c6876213-38b4-4b9c-b68e-5f063f8a43dc": {
      "path": "X:\\Escritorio\\BLUE\\Fan Venados\\Juegos Cocos\\Catch_the_Ball\\assets\\Sprites\\Botones\\CatchBall\\Instruccion\\03.png",
      "time": 1759357830000,
      "removeTime": 1759357955627
    },
    "b247c6e3-80b4-4cea-8ab4-004c4bba687e": {
      "path": "X:\\Escritorio\\BLUE\\Fan Venados\\Juegos Cocos\\Catch_the_Ball\\assets\\Imagenes\\Juego01.png",
      "time": 1759358104000,
      "removeTime": 1759358144168
    },
    "6ad35dae-ac54-4a95-b73c-ae628f29939c": {
      "path": "X:\\Escritorio\\BLUE\\Fan Venados\\Juegos Cocos\\Catch_the_Ball\\assets\\Sprites\\Prop",
      "time": 1759426607419.8599,
      "removeTime": 1759426621388
    },
    "0b35572a-f7ac-40e8-b79b-4a903be6db6c": {
      "path": "X:\\Escritorio\\BLUE\\Fan Venados\\Juegos Cocos\\Catch_the_Ball\\assets\\Sprites\\Prop\\Gorra.png",
      "time": 1759426374000,
      "removeTime": 1759426621388
    },
    "b68d0f90-cd47-4aa7-9006-a75605e15e6a": {
      "path": "X:\\Escritorio\\BLUE\\Fan Venados\\Juegos Cocos\\Catch_the_Ball\\assets\\Sprites\\Prop\\Guante.png",
      "time": 1759426558000,
      "removeTime": 1759426621389
    },
    "b0871ed3-c15f-443e-b9d1-0f61eedc6ef5": {
      "path": "X:\\Escritorio\\BLUE\\Fan Venados\\Juegos Cocos\\Catch_the_Ball\\assets\\Sprites\\Prop\\Jersey.png",
      "time": 1759426374000,
      "removeTime": 1759426621389
    },
    "529b3053-03c5-4fae-94f9-e90a91fbad66": {
      "path": "X:\\Escritorio\\BLUE\\Fan Venados\\Juegos Cocos\\Catch_the_Ball\\assets\\Sprites\\Prop\\Pelota.png",
      "time": 1759426374000,
      "removeTime": 1759426621390
    },
    "2dc16161-a529-4511-b737-c2374b5fc3ec": {
      "path": "X:\\Escritorio\\BLUE\\Fan Venados\\Juegos Cocos\\Catch_the_Ball\\assets\\Sprites\\Prop\\Silbato.png",
      "time": 1759426374000,
      "removeTime": 1759426621390
    },
    "1e6d3a80-e531-4956-9fd5-8488ee43a846": {
      "path": "X:\\Escritorio\\BLUE\\Fan Venados\\Juegos Cocos\\Catch_the_Ball\\assets\\Sprites\\Prop\\Tenis.png",
      "time": 1759426374000,
      "removeTime": 1759426621390
    },
    "8f83a234-7998-47fe-b321-85e4a784b4c3": {
      "path": "X:\\Escritorio\\BLUE\\Fan Venados\\Juegos Cocos\\Catch_the_Ball\\assets\\Sprites\\Prop\\Termo.png",
      "time": 1759426374000,
      "removeTime": 1759426621391
    },
    "af3924cb-21b4-42ef-b7ce-a54f601e4dd4": {
      "path": "X:\\Escritorio\\BLUE\\Fan Venados\\Juegos Cocos\\Catch_the_Ball\\assets\\Sprites\\Prop\\Trofeo.png",
      "time": 1759426374000,
      "removeTime": 1759426621391
    },
    "d7e9d58e-93d3-40b8-8933-1632c95ae2f0": {
      "path": "X:\\Escritorio\\BLUE\\Fan Venados\\Juegos Cocos\\Catch_the_Ball\\assets\\Scenes\\Inicio-001.scene",
      "time": 1759427045429.0334,
      "removeTime": 1759427058937
    },
    "bacf38b3-d23e-4c8a-b279-667f1994d1b8": {
      "path": "X:\\Escritorio\\BLUE\\Fan Venados\\Juegos Cocos\\Catch_the_Ball\\assets\\Scenes\\Juego.scene",
      "time": 1759427770872.8635,
      "removeTime": 1759427917535
    },
    "fd9d12b2-6422-4cac-811f-b40d2445bc8d": {
      "path": "X:\\Escritorio\\BLUE\\Fan Venados\\Juegos Cocos\\Catch_the_Ball\\assets\\Scenes\\Inicio-001.scene",
      "time": 1759427919562.8132,
      "removeTime": 1759427928435
    },
    "89e93707-8f3e-440c-b454-66dd51158e3e": {
      "path": "X:\\Escritorio\\BLUE\\Fan Venados\\Juegos Cocos\\Catch_the_Ball\\assets\\Animaciones\\mala.anim",
      "time": 1759953311053.6438,
      "removeTime": 1759953472555
    },
    "d09d9b91-7f11-4068-88d6-aac9995e625e": {
      "path": "X:\\Escritorio\\BLUE\\Fan Venados\\Juegos Cocos\\Catch_the_Ball\\assets\\Animaciones\\glow.anim",
      "time": 1759954006474.1523,
      "removeTime": 1759954902578
    },
    "96b9a8d6-a589-4326-bafa-d19567f2579e": {
      "path": "X:\\Escritorio\\BLUE\\Fan Venados\\Juegos Cocos\\Catch_the_Ball\\assets\\Animaciones\\mala.anim",
      "time": 1759953944220.246,
      "removeTime": 1759954902582
    },
    "9831975a-e570-49eb-9f3b-5ed33c2e8b7e": {
      "path": "X:\\Escritorio\\BLUE\\Fan Venados\\Juegos Cocos\\Catch_the_Ball\\assets\\Animaciones\\Objetos\\Pelota\\desaparece.anim",
      "time": 1759955074747.3594,
      "removeTime": 1759955108546
    },
    "4f860da0-4641-4b25-b152-4a376f10f513": {
      "path": "X:\\Escritorio\\BLUE\\Fan Venados\\Juegos Cocos\\Catch_the_Ball\\assets\\Animaciones\\Objetos\\Pelota",
      "time": 1759955108545.584,
      "removeTime": 1759955112962
    },
    "9f662e5a-4a4c-4676-8b9d-565eb18c7d1b": {
      "path": "X:\\Escritorio\\BLUE\\Fan Venados\\Juegos Cocos\\Catch_the_Ball\\assets\\ZonaMuerte",
      "time": 1759958628207.8215,
      "removeTime": 1759958637398
    },
    "7c6e5e3f-674c-4eaf-893c-25668288d7db": {
      "path": "X:\\Escritorio\\BLUE\\Fan Venados\\Juegos Cocos\\Catch_the_Ball\\assets\\ZonaMuerte\\ButtonMessage.ts",
      "time": 1759948261648.3904,
      "removeTime": 1759958628199
    },
    "142a78ef-3211-4cb7-a709-a9c167e6da85": {
      "path": "X:\\Escritorio\\BLUE\\Fan Venados\\Juegos Cocos\\Catch_the_Ball\\assets\\ZonaMuerte\\CambioEscena.ts",
      "time": 1759777142981.4065,
      "removeTime": 1759958628201
    },
    "85995453-0fce-4d38-a78d-3e4a7011d7fd": {
      "path": "X:\\Escritorio\\BLUE\\Fan Venados\\Juegos Cocos\\Catch_the_Ball\\assets\\ZonaMuerte\\Instrucciones.ts",
      "time": 1759776859288.9458,
      "removeTime": 1759958628206
    },
    "1486f7c4-22ed-47c6-9ed5-0caea059106d": {
      "path": "X:\\Escritorio\\BLUE\\Fan Venados\\Juegos Cocos\\Catch_the_Ball\\assets\\ZonaMuerte\\Manager.ts",
      "time": 1759776607939.0664,
      "removeTime": 1759958628201
    },
    "f9471b58-4bf4-45be-a423-85d98391370f": {
      "path": "X:\\Escritorio\\BLUE\\Fan Venados\\Juegos Cocos\\Catch_the_Ball\\assets\\ZonaMuerte\\Movimiento.ts",
      "time": 1759958128185.3887,
      "removeTime": 1759958628200
    },
    "5a8a49c3-a97a-4971-9465-37c386ffb44b": {
      "path": "X:\\Escritorio\\BLUE\\Fan Venados\\Juegos Cocos\\Catch_the_Ball\\assets\\ZonaMuerte\\Spawn.ts",
      "time": 1759958509441.94,
      "removeTime": 1759958628208
    },
    "0c10aa36-f266-4428-8ae5-233e27d7625c": {
      "path": "X:\\Escritorio\\BLUE\\Fan Venados\\Juegos Cocos\\Catch_the_Ball\\assets\\Scripts\\NewComponent.ts",
      "time": 1759958605992.6472,
      "removeTime": 1759958641888
    }
  }
}
