{
  "__type__": "cc.SpriteFrame",
  "content": {
    "name": "nube02",
    "atlas": "",
    "rect": {
      "x": 0,
      "y": 0,
      "width": 194,
      "height": 101
    },
    "offset": {
      "x": 0,
      "y": 0
    },
    "originalSize": {
      "width": 194,
      "height": 101
    },
    "rotated": false,
    "capInsets": [
      0,
      0,
      0,
      0
    ],
    "vertices": {
      "rawPosition": [
        -97,
        -50.5,
        0,
        97,
        -50.5,
        0,
        -97,
        50.5,
        0,
        97,
        50.5,
        0
      ],
      "indexes": [
        0,
        1,
        2,
        2,
        1,
        3
      ],
      "uv": [
        0,
        101,
        194,
        101,
        0,
        0,
        194,
        0
      ],
      "nuv": [
        0,
        0,
        1,
        0,
        0,
        1,
        1,
        1
      ],
      "minPos": {
        "x": -97,
        "y": -50.5,
        "z": 0
      },
      "maxPos": {
        "x": 97,
        "y": 50.5,
        "z": 0
      }
    },
    "texture": "7a1dc456-59ad-4007-a950-d6e65e915508@6c48a",
    "packable": true,
    "pixelsToUnit": 100,
    "pivot": {
      "x": 0.5,
      "y": 0.5
    },
    "meshType": 0
  }
}