{
  "__type__": "cc.Mesh",
  "_name": "",
  "_objFlags": 0,
  "__editorExtras__": {},
  "_native": ".bin",
  "_struct": {
    "primitives": [
      {
        "primitiveMode": 7,
        "vertexBundelIndices": [
          0
        ],
        "indexView": {
          "offset": 19680,
          "length": 1080,
          "count": 540,
          "stride": 2
        }
      },
      {
        "primitiveMode": 7,
        "vertexBundelIndices": [
          1
        ],
        "indexView": {
          "offset": 25752,
          "length": 252,
          "count": 126,
          "stride": 2
        }
      }
    ],
    "vertexBundles": [
      {
        "view": {
          "offset": 0,
          "length": 19680,
          "count": 410,
          "stride": 48
        },
        "attributes": [
          {
            "name": "a_position",
            "format": 32,
            "isNormalized": false
          },
          {
            "name": "a_normal",
            "format": 32,
            "isNormalized": false
          },
          {
            "name": "a_texCoord",
            "format": 21,
            "isNormalized": false
          },
          {
            "name": "a_tangent",
            "format": 44,
            "isNormalized": false
          }
        ]
      },
      {
        "view": {
          "offset": 20760,
          "length": 4992,
          "count": 104,
          "stride": 48
        },
        "attributes": [
          {
            "name": "a_position",
            "format": 32,
            "isNormalized": false
          },
          {
            "name": "a_normal",
            "format": 32,
            "isNormalized": false
          },
          {
            "name": "a_texCoord",
            "format": 21,
            "isNormalized": false
          },
          {
            "name": "a_tangent",
            "format": 44,
            "isNormalized": false
          }
        ]
      }
    ],
    "minPosition": {
      "__type__": "cc.Vec3",
      "x": -6.858206748962402,
      "y": -8.875362396240234,
      "z": -3.7768430161122524e-7
    },
    "maxPosition": {
      "__type__": "cc.Vec3",
      "x": 7.825699806213379,
      "y": 5.841684341430664,
      "z": 10.79161262512207
    }
  },
  "_hash": 476100724,
  "_allowDataAccess": true
}