{"__type__":"cc.Material","_name":"","_objFlags":0,"__editorExtras__":{},"_native":"","_effectAsset":{"__uuid__":"f648964e-8d32-41fc-9ac9-7a1e714dd17b","__expectedType__":"cc.EffectAsset"},"_techIdx":0,"_defines":[{"DCC_APP_NAME":2,"HAS_EXPORTED_METALLIC":true},{},{},{}],"_states":[{"rasterizerState":{},"depthStencilState":{},"blendState":{"targets":[{}]}},{"rasterizerState":{},"depthStencilState":{},"blendState":{"targets":[{}]}},{"rasterizerState":{},"depthStencilState":{},"blendState":{"targets":[{}]}},{"rasterizerState":{},"depthStencilState":{},"blendState":{"targets":[{}]}}],"_props":[{"mainColor":{"__type__":"cc.Color","r":117,"g":221,"b":72,"a":255},"emissiveScale":0,"shininessExponent":9.607845799065728,"specularFactor":0.16500000655651093,"transparencyFactor":0},{},{},{}]}