[1,["2dgsXrQ/xON6maAkABJFmb@f9941","0fhKmL5h5BU6K296XspdFv@f9941","0fhKmL5h5BU6K296XspdFv@6c48a","1aPy8E9zdJbJJY1IkoKhnC@6c48a","2dgsXrQ/xON6maAkABJFmb@6c48a","3ai/Qoa0BBcph7m7KM/8hk@6c48a","49C9fJjA9O2bLRHN2/6XJK@6c48a","655rQ7H3dPF70sMREA2ztV@6c48a","6czYlPVC9ICb/h/pqmwnvE@6c48a","7eL0jG/PNNOZe3zuUtsf8h@6c48a","ecw40mpfFNPqQbVyn0ISfu@f9941","eaWSbNwKZKGLmR00p0FJ4Y@f9941","3ai/Qoa0BBcph7m7KM/8hk@f9941","7eL0jG/PNNOZe3zuUtsf8h@f9941","655rQ7H3dPF70sMREA2ztV@f9941","95EkngnxZFbYuFpsqVTaFr@f9941","dbzRGGg+tGmpUfJa2wAXzj@f9941","49C9fJjA9O2bLRHN2/6XJK@f9941","1aPy8E9zdJbJJY1IkoKhnC@f9941","6czYlPVC9ICb/h/pqmwnvE@f9941","d0MqyYBeFAkIi762QNy1/B@b47c0","6fAc9/gb9Kfr1dCvwZaWSA@b47c0","dbzRGGg+tGmpUfJa2wAXzj@6c48a","eaWSbNwKZKGLmR00p0FJ4Y@6c48a"],["node","_textureSource","_spriteFrame","_parent","_cameraComponent","_target","target","mobile","PC","scene","_normalSprite","_hoverSprite","_pressedSprite","_disabledSprite","_envmapHDR","_envmapLDR"],["cc.SpriteFrame",["cc.Node",["_name","_layer","_id","_active","_components","_parent","_lpos","_children","_lrot","_euler"],-1,9,1,5,2,5,5],["cc.Sprite",["_sizeMode","_type","node","_spriteFrame"],1,1,6],["cc.Button",["_transition","node","clickEvents","_normalColor","_target","_normalSprite","_hoverSprite","_pressedSprite","_disabledSprite"],2,1,9,5,1,6,6,6,6],["cc.Camera",["_clearFlags","_visibility","_projection","_priority","_orthoHeight","_far","node","_color"],-3,1,5],["cc.SceneAsset",["_name"],2],["cc.Node",["_name","_parent","_components","_lpos"],2,1,2,5],["cc.UITransform",["node","_contentSize"],3,1,5],["cc.Canvas",["node","_cameraComponent"],3,1,1],["cc.Widget",["_alignFlags","node"],2,1],["cc.ClickEvent",["_componentId","handler","target"],1,1],["a48baiLPJZH0ZuTOXOehLF3",["name2","node"],2,1],["1cb75qLM65NF7RktZ86MoTh",["node","PC","mobile","lista","botones"],3,1,1,1,2,2],["cc.Scene",["_name","_children","_globals"],2,2,4],["cc.SceneGlobals",["ambient","shadows","_skybox","fog","octree","skin","lightProbeInfo","postSettings"],3,4,4,4,4,4,4,4,4],["cc.AmbientInfo",["_skyIllumLDR","_skyColorHDR","_skyColorLDR","_groundAlbedoLDR"],2,5,5,5],["cc.ShadowsInfo",["_shadowColor"],3,5],["cc.SkyboxInfo",["_enabled","_envmapHDR","_envmapLDR"],2,6,6],["cc.FogInfo",[],3],["cc.OctreeInfo",[],3],["cc.SkinInfo",[],3],["cc.LightProbeInfo",[],3],["cc.PostSettingsInfo",[],3],["cc.DirectionalLight",["node","_color","_staticSettings"],3,1,5,4],["cc.StaticLightSettings",[],3]],[[7,0,1,1],[1,0,3,1,5,4,6,4],[2,0,2,3,2],[2,2,3,1],[10,0,1,2,3],[1,0,1,5,4,6,3],[3,1,2,1],[5,0,2],[1,0,1,7,4,3],[1,0,1,2,7,4,6,4],[1,0,1,5,4,3],[1,0,2,5,4,8,9,3],[1,0,2,5,4,6,8,9,3],[6,0,1,2,3,2],[2,1,0,2,3,3],[8,0,1,1],[9,0,1,2],[3,0,1,2,3,4,5,6,7,8,2],[11,0,1,2],[12,0,1,2,3,4,1],[13,0,1,2,2],[14,0,1,2,3,4,5,6,7,1],[15,0,1,2,3,2],[16,0,1],[17,0,1,2,2],[18,1],[19,1],[20,1],[21,1],[22,1],[23,0,1,2,1],[24,1],[4,0,1,6,3],[4,2,3,4,5,0,1,6,7,7]],[[[{"name":"siguientenormal","rect":{"x":0,"y":0,"width":430,"height":167},"offset":{"x":0,"y":0},"originalSize":{"width":430,"height":167},"rotated":false,"capInsets":[0,0,0,0],"vertices":{"rawPosition":[-215,-83.5,0,215,-83.5,0,-215,83.5,0,215,83.5,0],"indexes":[0,1,2,2,1,3],"uv":[0,167,430,167,0,0,430,0],"nuv":[0,0,1,0,0,1,1,1],"minPos":{"x":-215,"y":-83.5,"z":0},"maxPos":{"x":215,"y":83.5,"z":0}},"packable":true,"pixelsToUnit":100,"pivot":{"x":0.5,"y":0.5},"meshType":0}],[0],0,[0],[1],[2]],[[{"name":"Inst01_Pase (1)","rect":{"x":0,"y":0,"width":640,"height":960},"offset":{"x":0,"y":0},"originalSize":{"width":640,"height":960},"rotated":false,"capInsets":[0,0,0,0],"vertices":{"rawPosition":[-320,-480,0,320,-480,0,-320,480,0,320,480,0],"indexes":[0,1,2,2,1,3],"uv":[0,960,640,960,0,0,640,0],"nuv":[0,0,1,0,0,1,1,1],"minPos":{"x":-320,"y":-480,"z":0},"maxPos":{"x":320,"y":480,"z":0}},"packable":true,"pixelsToUnit":100,"pivot":{"x":0.5,"y":0.5},"meshType":0}],[0],0,[0],[1],[3]],[[{"name":"ins1","rect":{"x":0,"y":0,"width":380,"height":391},"offset":{"x":0,"y":0},"originalSize":{"width":380,"height":391},"rotated":false,"capInsets":[0,0,0,0],"vertices":{"rawPosition":[-190,-195.5,0,190,-195.5,0,-190,195.5,0,190,195.5,0],"indexes":[0,1,2,2,1,3],"uv":[0,391,380,391,0,0,380,0],"nuv":[0,0,1,0,0,1,1,1],"minPos":{"x":-190,"y":-195.5,"z":0},"maxPos":{"x":190,"y":195.5,"z":0}},"packable":true,"pixelsToUnit":100,"pivot":{"x":0.5,"y":0.5},"meshType":0}],[0],0,[0],[1],[4]],[[{"name":"backpase","rect":{"x":4,"y":11,"width":36,"height":50},"offset":{"x":-4.5,"y":0},"originalSize":{"width":53,"height":72},"rotated":false,"capInsets":[0,0,0,0],"vertices":{"rawPosition":[-18,-25,0,18,-25,0,-18,25,0,18,25,0],"indexes":[0,1,2,2,1,3],"uv":[4,61,40,61,4,11,40,11],"nuv":[0.07547169811320754,0.1527777777777778,0.7547169811320755,0.1527777777777778,0.07547169811320754,0.8472222222222222,0.7547169811320755,0.8472222222222222],"minPos":{"x":-18,"y":-25,"z":0},"maxPos":{"x":18,"y":25,"z":0}},"packable":true,"pixelsToUnit":100,"pivot":{"x":0.5,"y":0.5},"meshType":0}],[0],0,[0],[1],[5]],[[{"name":"ins3","rect":{"x":0,"y":0,"width":380,"height":391},"offset":{"x":0,"y":0},"originalSize":{"width":380,"height":391},"rotated":false,"capInsets":[0,0,0,0],"vertices":{"rawPosition":[-190,-195.5,0,190,-195.5,0,-190,195.5,0,190,195.5,0],"indexes":[0,1,2,2,1,3],"uv":[0,391,380,391,0,0,380,0],"nuv":[0,0,1,0,0,1,1,1],"minPos":{"x":-190,"y":-195.5,"z":0},"maxPos":{"x":190,"y":195.5,"z":0}},"packable":true,"pixelsToUnit":100,"pivot":{"x":0.5,"y":0.5},"meshType":0}],[0],0,[0],[1],[6]],[[{"name":"siguientepress","rect":{"x":0,"y":0,"width":430,"height":156},"offset":{"x":0,"y":5.5},"originalSize":{"width":430,"height":167},"rotated":false,"capInsets":[0,0,0,0],"vertices":{"rawPosition":[-215,-78,0,215,-78,0,-215,78,0,215,78,0],"indexes":[0,1,2,2,1,3],"uv":[0,167,430,167,0,11,430,11],"nuv":[0,0.0658682634730539,1,0.0658682634730539,0,1,1,1],"minPos":{"x":-215,"y":-78,"z":0},"maxPos":{"x":215,"y":78,"z":0}},"packable":true,"pixelsToUnit":100,"pivot":{"x":0.5,"y":0.5},"meshType":0}],[0],0,[0],[1],[7]],[[{"name":"inspc","rect":{"x":0,"y":0,"width":380,"height":391},"offset":{"x":0,"y":0},"originalSize":{"width":380,"height":391},"rotated":false,"capInsets":[0,0,0,0],"vertices":{"rawPosition":[-190,-195.5,0,190,-195.5,0,-190,195.5,0,190,195.5,0],"indexes":[0,1,2,2,1,3],"uv":[0,391,380,391,0,0,380,0],"nuv":[0,0,1,0,0,1,1,1],"minPos":{"x":-190,"y":-195.5,"z":0},"maxPos":{"x":190,"y":195.5,"z":0}},"packable":true,"pixelsToUnit":100,"pivot":{"x":0.5,"y":0.5},"meshType":0}],[0],0,[0],[1],[8]],[[{"name":"siguientehover","rect":{"x":0,"y":0,"width":430,"height":156},"offset":{"x":0,"y":5.5},"originalSize":{"width":430,"height":167},"rotated":false,"capInsets":[0,0,0,0],"vertices":{"rawPosition":[-215,-78,0,215,-78,0,-215,78,0,215,78,0],"indexes":[0,1,2,2,1,3],"uv":[0,167,430,167,0,11,430,11],"nuv":[0,0.0658682634730539,1,0.0658682634730539,0,1,1,1],"minPos":{"x":-215,"y":-78,"z":0},"maxPos":{"x":215,"y":78,"z":0}},"packable":true,"pixelsToUnit":100,"pivot":{"x":0.5,"y":0.5},"meshType":0}],[0],0,[0],[1],[9]],[[[7,"instrucciones"],[8,"fondo-2",33554432,[-3,-4,-5,-6,-7,-8,-9,-10],[[0,-1,[5,640,960]],[2,0,-2,12]]],[9,"instrucciones",33554432,"73syxiAnhNd6RehoU0ofMB",[-15,-16,1],[[0,-11,[5,640,959.9999999999999]],[15,-13,-12],[16,45,-14]],[1,320,479.99999999999994,0]],[5,"siguiente",33554432,1,[[0,-17,[5,430,167]],[14,1,2,-18,4],[17,2,-21,[[4,"a48baiLPJZH0ZuTOXOehLF3","cambio",-20]],[4,4292269782],-19,5,6,7,8],[18,"seleccioncoche",-22]],[1,0,-250,0]],[10,"fondo",33554432,2,[[0,-23,[5,1418,1092]],[3,-24,0],[19,-32,-31,-30,[-27,-28,-29],[-25,-26]]]],[5,"nexpase",33554432,1,[[0,-33,[5,36,50]],[3,-34,2],[6,-35,[[4,"1cb75qLM65NF7RktZ86MoTh","next",4]]]],[1,225,70,0]],[1,"backpase",false,33554432,1,[[0,-36,[5,36,50]],[3,-37,3],[6,-38,[[4,"1cb75qLM65NF7RktZ86MoTh","back",4]]]],[1,-225,70,0]],[20,"instrucciones",[-39,-40,2],[21,[22,0.8,[2,0.2,0.5,0.8,0.520833125],[2,0.452588,0.607642,0.755699,0],[2,0.618555,0.577848,0.544564,0]],[23,[4,4283190348]],[24,true,14,15],[25],[26],[27],[28],[29]]],[1,"inspc",false,33554432,1,[[0,-41,[5,380,391]],[2,2,-42,13]],[1,0,70,0]],[1,"inscel",false,33554432,1,[[0,-43,[5,380,391]],[2,2,-44,1]],[1,0,70,0]],[1,"ins02",false,33554432,1,[[0,-45,[5,380,391]],[2,2,-46,9]],[1,0,70,0]],[1,"ins03",false,33554432,1,[[0,-47,[5,380,391]],[2,2,-48,10]],[1,0,70,0]],[1,"ins04",false,33554432,1,[[0,-49,[5,380,391]],[2,2,-50,11]],[1,0,70,0]],[11,"Main Light","c0y6F5f+pAvI805TdmxIjx",7,[[30,-51,[4,4293982975],[31]]],[3,-0.06397656665577071,-0.44608233363525845,-0.8239028751062036,-0.3436591377065261],[1,-117.894,-194.909,38.562]],[12,"Main Camera","c9DMICJLFO5IeO07EPon7U",7,[[32,14,1822425087,-52]],[1,-10,10,10],[3,-0.27781593346944056,-0.36497167621709875,-0.11507512748638377,0.8811195706053617],[1,-35,-45,0]],[13,"Camera",2,[-53],[1,0,0,1000]],[33,0,1073741824,479.99999999999994,2000,6,41943040,15,[4,4278190080]]],0,[0,0,1,0,0,1,0,-1,9,0,-2,8,0,-3,5,0,-4,6,0,-5,3,0,-6,10,0,-7,11,0,-8,12,0,0,2,0,4,16,0,0,2,0,0,2,0,-1,15,0,-2,4,0,0,3,0,0,3,0,5,3,0,6,3,0,0,3,0,0,3,0,0,4,0,0,4,0,-1,5,0,-2,6,0,-1,10,0,-2,11,0,-3,12,0,7,9,0,8,8,0,0,4,0,0,5,0,0,5,0,0,5,0,0,6,0,0,6,0,0,6,0,-1,13,0,-2,14,0,0,8,0,0,8,0,0,9,0,0,9,0,0,10,0,0,10,0,0,11,0,0,11,0,0,12,0,0,12,0,0,13,0,0,14,0,-1,16,0,9,7,1,3,2,2,3,7,53],[0,0,0,0,0,0,0,0,0,0,0,0,0,0,0,0],[2,2,2,2,2,10,11,12,13,2,2,2,2,2,14,15],[10,0,11,12,1,1,13,14,15,0,16,17,18,19,20,21]],[[{"name":"ins2","rect":{"x":0,"y":0,"width":380,"height":391},"offset":{"x":0,"y":0},"originalSize":{"width":380,"height":391},"rotated":false,"capInsets":[0,0,0,0],"vertices":{"rawPosition":[-190,-195.5,0,190,-195.5,0,-190,195.5,0,190,195.5,0],"indexes":[0,1,2,2,1,3],"uv":[0,391,380,391,0,0,380,0],"nuv":[0,0,1,0,0,1,1,1],"minPos":{"x":-190,"y":-195.5,"z":0},"maxPos":{"x":190,"y":195.5,"z":0}},"packable":true,"pixelsToUnit":100,"pivot":{"x":0.5,"y":0.5},"meshType":0}],[0],0,[0],[1],[22]],[[{"name":"nextpase","rect":{"x":13,"y":11,"width":36,"height":50},"offset":{"x":4.5,"y":0},"originalSize":{"width":53,"height":72},"rotated":false,"capInsets":[0,0,0,0],"vertices":{"rawPosition":[-18,-25,0,18,-25,0,-18,25,0,18,25,0],"indexes":[0,1,2,2,1,3],"uv":[13,61,49,61,13,11,49,11],"nuv":[0.24528301886792453,0.1527777777777778,0.9245283018867925,0.1527777777777778,0.24528301886792453,0.8472222222222222,0.9245283018867925,0.8472222222222222],"minPos":{"x":-18,"y":-25,"z":0},"maxPos":{"x":18,"y":25,"z":0}},"packable":true,"pixelsToUnit":100,"pivot":{"x":0.5,"y":0.5},"meshType":0}],[0],0,[0],[1],[23]]]]
