[1,["ad6KFa3MpLPITG9kdqyHW7","f4K1C9oohKzL5JR4kjGLWD@f9941","f4K1C9oohKzL5JR4kjGLWD@6c48a"],["node","root","data","_spriteFrame","_textureSource"],["cc.SpriteFrame",["cc.Prefab",["_name"],2],["cc.Node",["_name","_components","_prefab","_lscale"],2,9,4,5],["cc.SpriteRenderer",["node","__prefab","_materials","_spriteFrame"],3,1,4,3,6],["cc.CompPrefabInfo",["fileId"],2],["cc.Sorting",["_sortingOrder","node","__prefab"],2,1,4],["cc.PrefabInfo",["fileId","instance","targetOverrides","nestedPrefabInstanceRoots","root","asset"],-1,1,1]],[[4,0,2],[1,0,2],[2,0,1,2,3,2],[3,0,1,2,3,1],[5,0,1,2,2],[6,0,1,2,3,4,5,5]],[[[[1,"carretera04"],[2,"carretera04",[[3,-2,[0,"00hcITFVRLsJln/+Eq48aK"],[0],1],[4,1,-3,[0,"93Eq+brrpJJJ5FEcX+btwz"]]],[5,"c0/AprhmVM74Cvxwh5OO6O",null,null,null,-1,0],[1,1,-1,1]]],0,[0,1,1,0,0,1,0,0,1,0,2,1,3],[0,0],[-1,3],[0,1]],[[{"name":"carretera03","rect":{"x":0,"y":0,"width":179,"height":179},"offset":{"x":0,"y":0},"originalSize":{"width":179,"height":179},"rotated":false,"capInsets":[0,0,0,0],"vertices":{"rawPosition":[-89.5,-89.5,0,89.5,-89.5,0,-89.5,89.5,0,89.5,89.5,0],"indexes":[0,1,2,2,1,3],"uv":[0,179,179,179,0,0,179,0],"nuv":[0,0,1,0,0,1,1,1],"minPos":{"x":-89.5,"y":-89.5,"z":0},"maxPos":{"x":89.5,"y":89.5,"z":0}},"packable":true,"pixelsToUnit":10,"pivot":{"x":0.5,"y":0.5},"meshType":0}],[0],0,[0],[4],[2]]]]
