{
  "__type__": "cc.SpriteFrame",
  "content": {
    "name": "Paleta-Colombia",
    "atlas": "",
    "rect": {
      "x": 0,
      "y": 0,
      "width": 166,
      "height": 99
    },
    "offset": {
      "x": 0,
      "y": 0
    },
    "originalSize": {
      "width": 166,
      "height": 99
    },
    "rotated": false,
    "capInsets": [
      0,
      0,
      0,
      0
    ],
    "vertices": {
      "rawPosition": [
        -83,
        -49.5,
        0,
        83,
        -49.5,
        0,
        -83,
        49.5,
        0,
        83,
        49.5,
        0
      ],
      "indexes": [
        0,
        1,
        2,
        2,
        1,
        3
      ],
      "uv": [
        0,
        99,
        166,
        99,
        0,
        0,
        166,
        0
      ],
      "nuv": [
        0,
        0,
        1,
        0,
        0,
        1,
        1,
        1
      ],
      "minPos": {
        "x": -83,
        "y": -49.5,
        "z": 0
      },
      "maxPos": {
        "x": 83,
        "y": 49.5,
        "z": 0
      }
    },
    "texture": "68c0f125-ade4-41a1-9124-2fb5272c750d@6c48a",
    "packable": true,
    "pixelsToUnit": 100,
    "pivot": {
      "x": 0.5,
      "y": 0.5
    },
    "meshType": 0
  }
}