{
  "__type__": "cc.SpriteFrame",
  "content": {
    "name": "Canada-Portero-Idle",
    "atlas": "",
    "rect": {
      "x": 0,
      "y": 0,
      "width": 262,
      "height": 352
    },
    "offset": {
      "x": 0,
      "y": 0
    },
    "originalSize": {
      "width": 262,
      "height": 352
    },
    "rotated": false,
    "capInsets": [
      0,
      0,
      0,
      0
    ],
    "vertices": {
      "rawPosition": [
        -131,
        -176,
        0,
        131,
        -176,
        0,
        -131,
        176,
        0,
        131,
        176,
        0
      ],
      "indexes": [
        0,
        1,
        2,
        2,
        1,
        3
      ],
      "uv": [
        0,
        352,
        262,
        352,
        0,
        0,
        262,
        0
      ],
      "nuv": [
        0,
        0,
        1,
        0,
        0,
        1,
        1,
        1
      ],
      "minPos": {
        "x": -131,
        "y": -176,
        "z": 0
      },
      "maxPos": {
        "x": 131,
        "y": 176,
        "z": 0
      }
    },
    "texture": "35582bc6-e6a7-4bcc-b20f-376f4acf4faa@6c48a",
    "packable": true,
    "pixelsToUnit": 100,
    "pivot": {
      "x": 0.5,
      "y": 0.5
    },
    "meshType": 0
  }
}