{
  "__type__": "cc.SpriteFrame",
  "content": {
    "name": "Italia-Portero-Idle",
    "atlas": "",
    "rect": {
      "x": 0,
      "y": 0,
      "width": 261,
      "height": 352
    },
    "offset": {
      "x": 0,
      "y": 0
    },
    "originalSize": {
      "width": 261,
      "height": 352
    },
    "rotated": false,
    "capInsets": [
      0,
      0,
      0,
      0
    ],
    "vertices": {
      "rawPosition": [
        -130.5,
        -176,
        0,
        130.5,
        -176,
        0,
        -130.5,
        176,
        0,
        130.5,
        176,
        0
      ],
      "indexes": [
        0,
        1,
        2,
        2,
        1,
        3
      ],
      "uv": [
        0,
        352,
        261,
        352,
        0,
        0,
        261,
        0
      ],
      "nuv": [
        0,
        0,
        1,
        0,
        0,
        1,
        1,
        1
      ],
      "minPos": {
        "x": -130.5,
        "y": -176,
        "z": 0
      },
      "maxPos": {
        "x": 130.5,
        "y": 176,
        "z": 0
      }
    },
    "texture": "3d7c4928-61d5-4ddc-a941-18d995455263@6c48a",
    "packable": true,
    "pixelsToUnit": 100,
    "pivot": {
      "x": 0.5,
      "y": 0.5
    },
    "meshType": 0
  }
}