{
  "__type__": "cc.SpriteFrame",
  "content": {
    "name": "CarlsJunior_logo",
    "atlas": "",
    "rect": {
      "x": 0,
      "y": 0,
      "width": 206,
      "height": 71
    },
    "offset": {
      "x": 0,
      "y": 0
    },
    "originalSize": {
      "width": 206,
      "height": 71
    },
    "rotated": false,
    "capInsets": [
      0,
      0,
      0,
      0
    ],
    "vertices": {
      "rawPosition": [
        -103,
        -35.5,
        0,
        103,
        -35.5,
        0,
        -103,
        35.5,
        0,
        103,
        35.5,
        0
      ],
      "indexes": [
        0,
        1,
        2,
        2,
        1,
        3
      ],
      "uv": [
        0,
        71,
        206,
        71,
        0,
        0,
        206,
        0
      ],
      "nuv": [
        0,
        0,
        1,
        0,
        0,
        1,
        1,
        1
      ],
      "minPos": {
        "x": -103,
        "y": -35.5,
        "z": 0
      },
      "maxPos": {
        "x": 103,
        "y": 35.5,
        "z": 0
      }
    },
    "texture": "60d2eb96-de10-4648-8f8f-f669a3b3bceb@6c48a",
    "packable": true,
    "pixelsToUnit": 100,
    "pivot": {
      "x": 0.5,
      "y": 0.5
    },
    "meshType": 0
  }
}