{
  "__type__": "cc.SpriteFrame",
  "content": {
    "name": "Boton_Salir _press",
    "atlas": "",
    "rect": {
      "x": 0,
      "y": 0,
      "width": 318,
      "height": 116
    },
    "offset": {
      "x": 0,
      "y": 0
    },
    "originalSize": {
      "width": 318,
      "height": 116
    },
    "rotated": false,
    "capInsets": [
      0,
      0,
      0,
      0
    ],
    "vertices": {
      "rawPosition": [
        -159,
        -58,
        0,
        159,
        -58,
        0,
        -159,
        58,
        0,
        159,
        58,
        0
      ],
      "indexes": [
        0,
        1,
        2,
        2,
        1,
        3
      ],
      "uv": [
        0,
        116,
        318,
        116,
        0,
        0,
        318,
        0
      ],
      "nuv": [
        0,
        0,
        1,
        0,
        0,
        1,
        1,
        1
      ],
      "minPos": {
        "x": -159,
        "y": -58,
        "z": 0
      },
      "maxPos": {
        "x": 159,
        "y": 58,
        "z": 0
      }
    },
    "texture": "16d0af0e-a486-4193-a592-843dafd4ede8@6c48a",
    "packable": true,
    "pixelsToUnit": 100,
    "pivot": {
      "x": 0.5,
      "y": 0.5
    },
    "meshType": 0
  }
}