{
  "__type__": "cc.SpriteFrame",
  "content": {
    "name": "Gorra",
    "atlas": "",
    "rect": {
      "x": 0,
      "y": 0,
      "width": 100,
      "height": 78
    },
    "offset": {
      "x": 0,
      "y": 0
    },
    "originalSize": {
      "width": 100,
      "height": 78
    },
    "rotated": false,
    "capInsets": [
      0,
      0,
      0,
      0
    ],
    "vertices": {
      "rawPosition": [
        -50,
        -39,
        0,
        50,
        -39,
        0,
        -50,
        39,
        0,
        50,
        39,
        0
      ],
      "indexes": [
        0,
        1,
        2,
        2,
        1,
        3
      ],
      "uv": [
        0,
        78,
        100,
        78,
        0,
        0,
        100,
        0
      ],
      "nuv": [
        0,
        0,
        1,
        0,
        0,
        1,
        1,
        1
      ],
      "minPos": {
        "x": -50,
        "y": -39,
        "z": 0
      },
      "maxPos": {
        "x": 50,
        "y": 39,
        "z": 0
      }
    },
    "texture": "76caab5c-bf5b-4909-a5c1-0722c9047525@6c48a",
    "packable": true,
    "pixelsToUnit": 100,
    "pivot": {
      "x": 0.5,
      "y": 0.5
    },
    "meshType": 0
  }
}