{
  "__type__": "cc.SpriteFrame",
  "content": {
    "name": "balon",
    "atlas": "",
    "rect": {
      "x": 0,
      "y": 0,
      "width": 87,
      "height": 87
    },
    "offset": {
      "x": 0,
      "y": 0
    },
    "originalSize": {
      "width": 87,
      "height": 87
    },
    "rotated": false,
    "capInsets": [
      0,
      0,
      0,
      0
    ],
    "vertices": {
      "rawPosition": [
        -43.5,
        -43.5,
        0,
        43.5,
        -43.5,
        0,
        -43.5,
        43.5,
        0,
        43.5,
        43.5,
        0
      ],
      "indexes": [
        0,
        1,
        2,
        2,
        1,
        3
      ],
      "uv": [
        0,
        87,
        87,
        87,
        0,
        0,
        87,
        0
      ],
      "nuv": [
        0,
        0,
        1,
        0,
        0,
        1,
        1,
        1
      ],
      "minPos": {
        "x": -43.5,
        "y": -43.5,
        "z": 0
      },
      "maxPos": {
        "x": 43.5,
        "y": 43.5,
        "z": 0
      }
    },
    "texture": "9fb8598a-46c1-44b0-a0fe-7ce516f0ed2e@6c48a",
    "packable": true,
    "pixelsToUnit": 100,
    "pivot": {
      "x": 0.5,
      "y": 0.5
    },
    "meshType": 0
  }
}