{
  "__type__": "cc.SpriteFrame",
  "content": {
    "name": "Recurso 1",
    "atlas": "",
    "rect": {
      "x": 0,
      "y": 0,
      "width": 867,
      "height": 731
    },
    "offset": {
      "x": 0,
      "y": 0
    },
    "originalSize": {
      "width": 867,
      "height": 731
    },
    "rotated": false,
    "capInsets": [
      0,
      0,
      0,
      0
    ],
    "vertices": {
      "rawPosition": [
        -433.5,
        -365.5,
        0,
        433.5,
        -365.5,
        0,
        -433.5,
        365.5,
        0,
        433.5,
        365.5,
        0
      ],
      "indexes": [
        0,
        1,
        2,
        2,
        1,
        3
      ],
      "uv": [
        0,
        731,
        867,
        731,
        0,
        0,
        867,
        0
      ],
      "nuv": [
        0,
        0,
        1,
        0,
        0,
        1,
        1,
        1
      ],
      "minPos": {
        "x": -433.5,
        "y": -365.5,
        "z": 0
      },
      "maxPos": {
        "x": 433.5,
        "y": 365.5,
        "z": 0
      }
    },
    "texture": "cc87345f-abfe-45b2-af90-4ceb1e86f224@6c48a",
    "packable": true,
    "pixelsToUnit": 100,
    "pivot": {
      "x": 0.5,
      "y": 0.5
    },
    "meshType": 0
  }
}