[1,["99TfUUKehGvqPoivq+S8DB@f9941","e8Liw3ZQRA+6AL092VTsFj","64y1qpM/dOj4pMu2PmeHw0@f9941","aezI8JEdlMqLo+Bp0W9JbY@6c48a","aezI8JEdlMqLo+Bp0W9JbY@f9941"],["node","_spriteFrame","root","data","tarjeta","_textureSource"],[["cc.Node",["_name","_layer","_components","_prefab","_lpos","_parent","_children","_lrot","_euler"],1,9,4,5,1,2,5,5],["cc.RigidBody2D",["enabledContactListener","_type","_gravityScale","awakeOnLoad","node","__prefab"],-1,1,4],["cc.UITransform",["node","__prefab","_contentSize"],3,1,4,5],["cc.BoxCollider2D",["_sensor","_group","node","__prefab","_size","_offset"],1,1,4,5,5],"cc.SpriteFrame",["cc.Prefab",["_name"],2],["cc.CompPrefabInfo",["fileId"],2],["cc.Sprite",["_sizeMode","node","__prefab","_spriteFrame"],2,1,4,6],["cc.CircleCollider2D",["_group","_density","_sensor","_friction","_radius","node","__prefab"],-2,1,4],["cc.PrefabInfo",["fileId","instance","targetOverrides","nestedPrefabInstanceRoots","root","asset"],-1,1,1],["b0fd3vh4PRDFZAPVzN74hP0",["node","__prefab","posiciones","tarjeta"],3,1,4,2,6],["d403cbOyd1CB7kVVpm3hTSj",["valor","node","__prefab"],2,1,4]],[[6,0,2],[9,0,1,2,3,4,5,5],[2,0,1,2,1],[0,0,1,5,2,3,4,3],[7,0,1,2,3,2],[5,0,2],[0,0,1,6,2,3,4,3],[0,0,1,5,6,2,3,3],[0,0,1,5,2,3,4,7,8,3],[0,0,1,2,3,3],[2,0,1,1],[8,0,1,2,3,4,5,6,6],[1,0,3,1,2,4,5,5],[1,0,1,4,5,3],[1,0,1,2,4,5,4],[10,0,1,2,3,1],[3,1,0,2,3,5,4,3],[3,0,2,3,4,2],[11,0,1,2,2]],[[[[5,"rotondaA"],[6,"rotondaA",33554432,[-6,-7],[[2,-2,[0,"c5gd2ZDi1HV5PKwqjuoI9z"],[5,200,200]],[4,0,-3,[0,"35yJLOjB9Ox5zjaEQCwArJ"],2],[11,2,0,true,0,60,-4,[0,"01b6CChhdFwbK5G61XfVYo"]],[12,true,false,1,0,-5,[0,"0aeMa8465MIriL+3SQOF80"]]],[1,"cfzUM27pxIIofitOdFbEXG",null,null,null,-1,0],[1,-220,472,0]],[7,"PosicionesTarjeta",33554432,1,[-14,-15,-16,-17],[[10,-8,[0,"7aJN8z/2NGu57okyX8zr7k"]],[15,-13,[0,"0bKZaslQlKRIeUF78srL5H"],[-9,-10,-11,-12],1]],[1,"34glHeK11JUKPiorzr5WBV",null,null,null,1,0]],[8,"caminoA",33554432,1,[[2,-18,[0,"1d4YfM6qRDC5xoRdXP7rMP"],[5,150,452]],[4,0,-19,[0,"806UuT8pBKQ7VPbYGGtijn"],0],[16,16,true,-20,[0,"c7kRj6YYJKgacuH/QyB2WI"],[0,0,-2],[5,150,340]],[13,true,0,-21,[0,"ec9V/ggS9ArbU9POosDv3f"]]],[1,"cei/TygLVL+aLwESIhOeiN",null,null,null,1,0],[1,110,-269.99999999999994,0],[3,0,0,0.19680181724739454,0.9804432899092752],[1,0,0,22.70000000000002]],[3,"Pos1",33554432,2,[[2,-22,[0,"3fwf3dYXxJC5dDCweyZ9mh"],[5,20,20]]],[1,"85KN9bbxZHopUwjeLYxPZv",null,null,null,1,0],[1,70,0,0]],[3,"Pos2",33554432,2,[[2,-23,[0,"5aMbtAt05J+49btRp3j7ei"],[5,20,2]]],[1,"e1qfO+b8RCrKAYyav5XBfD",null,null,null,1,0],[1,-70,0,0]],[3,"Pos3",33554432,2,[[2,-24,[0,"fd1iUhBk1AjqqBDn+k8zM5"],[5,20,20]]],[1,"65QYjZrYZFDrvheFfGhac0",null,null,null,1,0],[1,145,-350,0]],[3,"Pos4",33554432,2,[[2,-25,[0,"fefHuSSxRF6459qRFu78K/"],[5,20,20]]],[1,"45WGWXSj9PqqsryQSDytdW",null,null,null,1,0],[1,40,-100,0]]],0,[0,2,1,0,0,1,0,0,1,0,0,1,0,0,1,0,-1,3,0,-2,2,0,0,2,0,-1,4,0,-2,5,0,-3,6,0,-4,7,0,0,2,0,-1,4,0,-2,5,0,-3,6,0,-4,7,0,0,3,0,0,3,0,0,3,0,0,3,0,0,4,0,0,5,0,0,6,0,0,7,0,3,1,25],[0,0,0],[1,4,1],[0,1,2]],[[{"name":"tarjeta","rect":{"x":0,"y":0,"width":57,"height":38},"offset":{"x":0,"y":0},"originalSize":{"width":57,"height":38},"rotated":false,"capInsets":[0,0,0,0],"vertices":{"rawPosition":[-28.5,-19,0,28.5,-19,0,-28.5,19,0,28.5,19,0],"indexes":[0,1,2,2,1,3],"uv":[0,38,57,38,0,0,57,0],"nuv":[0,0,1,0,0,1,1,1],"minPos":{"x":-28.5,"y":-19,"z":0},"maxPos":{"x":28.5,"y":19,"z":0}},"packable":true,"pixelsToUnit":100,"pivot":{"x":0.5,"y":0.5},"meshType":0}],[4],0,[0],[5],[3]],[[[5,"TarjetaPrefab"],[9,"TarjetaPrefab",33554432,[[2,-2,[0,"c14DHBjP5D/bYi1AcPwl5h"],[5,35,26]],[18,25,-3,[0,"464R1/p9ZCQbi77/qtUnW6"]],[4,0,-4,[0,"d5O1QiZKlJs4gdL7sr9w0e"],0],[14,true,0,0,-5,[0,"86tO4V/pxIdLPcmwuooTiT"]],[17,true,-6,[0,"f5AzI5nm1OlqavLgLk4UTh"],[5,35.2,26.2]]],[1,"dd5VyGbzVBf7Nfp8az8Onj",null,null,null,-1,0]]],0,[0,2,1,0,0,1,0,0,1,0,0,1,0,0,1,0,0,1,0,3,1,6],[0],[1],[4]]]]
