[
  {
    "__type__": "cc.Prefab",
    "_name": "brillo",
    "_objFlags": 0,
    "__editorExtras__": {},
    "_native": "",
    "data": {
      "__id__": 1
    },
    "optimizationPolicy": 0,
    "persistent": false
  },
  {
    "__type__": "cc.Node",
    "_name": "brillo",
    "_objFlags": 0,
    "__editorExtras__": {},
    "_parent": null,
    "_children": [],
    "_active": true,
    "_components": [
      {
        "__id__": 2
      },
      {
        "__id__": 4
      }
    ],
    "_prefab": {
      "__id__": 6
    },
    "_lpos": {
      "__type__": "cc.Vec3",
      "x": 0,
      "y": 0,
      "z": 0
    },
    "_lrot": {
      "__type__": "cc.Quat",
      "x": 0,
      "y": 0,
      "z": 0,
      "w": 1
    },
    "_lscale": {
      "__type__": "cc.Vec3",
      "x": 1,
      "y": 1,
      "z": 1
    },
    "_mobility": 0,
    "_layer": 1073741824,
    "_euler": {
      "__type__": "cc.Vec3",
      "x": 0,
      "y": 0,
      "z": 0
    },
    "_id": ""
  },
  {
    "__type__": "cc.UITransform",
    "_name": "",
    "_objFlags": 0,
    "__editorExtras__": {},
    "node": {
      "__id__": 1
    },
    "_enabled": true,
    "__prefab": {
      "__id__": 3
    },
    "_contentSize": {
      "__type__": "cc.Size",
      "width": 150,
      "height": 150
    },
    "_anchorPoint": {
      "__type__": "cc.Vec2",
      "x": 0.5,
      "y": 0.5
    },
    "_id": ""
  },
  {
    "__type__": "cc.CompPrefabInfo",
    "fileId": "5dWb619Y9LWINhCA7yubD1"
  },
  {
    "__type__": "cc.ParticleSystem2D",
    "_name": "",
    "_objFlags": 0,
    "__editorExtras__": {},
    "node": {
      "__id__": 1
    },
    "_enabled": true,
    "__prefab": {
      "__id__": 5
    },
    "_customMaterial": null,
    "_srcBlendFactor": 2,
    "_dstBlendFactor": 1,
    "_color": {
      "__type__": "cc.Color",
      "r": 255,
      "g": 255,
      "b": 255,
      "a": 255
    },
    "duration": 0.5,
    "emissionRate": 726.199985,
    "life": 0.5,
    "lifeVar": 2,
    "angle": 140.9,
    "angleVar": 360,
    "startSize": 20,
    "startSizeVar": 25,
    "endSize": 25,
    "endSizeVar": 20,
    "startSpin": 24.6,
    "startSpinVar": 218.3,
    "endSpin": 0,
    "endSpinVar": 0,
    "sourcePos": {
      "__type__": "cc.Vec2",
      "x": 0,
      "y": 0
    },
    "posVar": {
      "__type__": "cc.Vec2",
      "x": 0,
      "y": 0
    },
    "emitterMode": 0,
    "gravity": {
      "__type__": "cc.Vec2",
      "x": 0,
      "y": -249.5
    },
    "speed": 250,
    "speedVar": 250,
    "tangentialAccel": 0,
    "tangentialAccelVar": 0,
    "radialAccel": 0,
    "radialAccelVar": 0,
    "rotationIsDir": false,
    "startRadius": 0,
    "startRadiusVar": 0,
    "endRadius": 0,
    "endRadiusVar": 0,
    "rotatePerS": 0,
    "rotatePerSVar": 0,
    "playOnLoad": true,
    "autoRemoveOnFinish": false,
    "_preview": true,
    "preview": true,
    "_custom": true,
    "_file": {
      "__uuid__": "f42a6522-25af-48f9-b506-f1c60150b7a1",
      "__expectedType__": "cc.ParticleAsset"
    },
    "_spriteFrame": {
      "__uuid__": "24c419ea-63a8-4ea1-a9d0-7fc469489bbc@f9941",
      "__expectedType__": "cc.SpriteFrame"
    },
    "_totalParticles": 500,
    "_startColor": {
      "__type__": "cc.Color",
      "r": 255,
      "g": 235,
      "b": 0,
      "a": 255
    },
    "_startColorVar": {
      "__type__": "cc.Color",
      "r": 235,
      "g": 255,
      "b": 0,
      "a": 255
    },
    "_endColor": {
      "__type__": "cc.Color",
      "r": 245,
      "g": 255,
      "b": 0,
      "a": 255
    },
    "_endColorVar": {
      "__type__": "cc.Color",
      "r": 224,
      "g": 255,
      "b": 0,
      "a": 255
    },
    "_positionType": 1,
    "_id": ""
  },
  {
    "__type__": "cc.CompPrefabInfo",
    "fileId": "6e54x/uChL34C4+Znr7mTU"
  },
  {
    "__type__": "cc.PrefabInfo",
    "root": {
      "__id__": 1
    },
    "asset": {
      "__id__": 0
    },
    "fileId": "b8cgfLQ7ZB16kBz7JKZvc2",
    "instance": null,
    "targetOverrides": null
  }
]