[1,["ad6KFa3MpLPITG9kdqyHW7","c9RZ0on2tBpp6X9km82BbL@f9941","c9RZ0on2tBpp6X9km82BbL@6c48a"],["node","root","data","_spriteFrame","_textureSource"],["cc.SpriteFrame",["cc.Prefab",["_name"],2],["cc.Node",["_name","_components","_prefab","_lpos"],2,9,4,5],["cc.SpriteRenderer",["node","__prefab","_materials","_spriteFrame"],3,1,4,3,6],["cc.CompPrefabInfo",["fileId"],2],["cc.Sorting",["_sortingOrder","node","__prefab"],2,1,4],["cc.BoxCollider",["node","__prefab","_size"],3,1,4,5],["cc.RigidBody",["_group","_type","node","__prefab"],1,1,4],["cc.PrefabInfo",["fileId","instance","targetOverrides","nestedPrefabInstanceRoots","root","asset"],-1,1,1]],[[4,0,2],[1,0,2],[2,0,1,2,3,2],[3,0,1,2,3,1],[5,0,1,2,2],[6,0,1,2,1],[7,0,1,2,3,3],[8,0,1,2,3,4,5,5]],[[[[1,"casa03"],[2,"casa03",[[3,-2,[0,"09ybz3QwFE/7tpz1+YfGNa"],[0],1],[4,20,-3,[0,"deNGNVPltAyqaO6/7j4bFt"]],[5,-4,[0,"6c9Ix+xfhGRaJAgfwbfuTC"],[1,4.5,10,10]],[6,4,2,-5,[0,"8eDHHkPN9CDbXz4MmZawpi"]]],[7,"caWyy1VqNCmrQf9s2EQsi/",null,null,null,-1,0],[1,-48.993,-7.096,0]]],0,[0,1,1,0,0,1,0,0,1,0,0,1,0,0,1,0,2,1,5],[0,0],[-1,3],[0,1]],[[{"name":"casa03","rect":{"x":0,"y":0,"width":51,"height":105},"offset":{"x":0,"y":0},"originalSize":{"width":51,"height":105},"rotated":false,"capInsets":[0,0,0,0],"vertices":{"rawPosition":[-25.5,-52.5,0,25.5,-52.5,0,-25.5,52.5,0,25.5,52.5,0],"indexes":[0,1,2,2,1,3],"uv":[0,105,51,105,0,0,51,0],"nuv":[0,0,1,0,0,1,1,1],"minPos":{"x":-25.5,"y":-52.5,"z":0},"maxPos":{"x":25.5,"y":52.5,"z":0}},"packable":true,"pixelsToUnit":10,"pivot":{"x":0.5,"y":0.5},"meshType":0}],[0],0,[0],[4],[2]]]]
