{
  "0d4640c2-5f51-4bb9-bcd5-466c6f8b8073": {
    "url": "db://assets/Sprite",
    "value": {},
    "versionCode": 0
  },
  "c95de23b-1608-4a4d-b8d0-6c697654bc47": {
    "url": "db://assets/Scene",
    "value": {},
    "versionCode": 0
  },
  "07efbe13-6120-4f13-a1db-2a26dff37f96": {
    "url": "db://assets/Script",
    "value": {},
    "versionCode": 0
  },
  "63b76f74-50df-4804-8cde-038b481ca2c2": {
    "url": "db://assets/Prefab",
    "value": {},
    "versionCode": 0
  },
  "2e1b7c0f-ac81-47bb-a713-337ac4d38f9f": {
    "url": "db://assets/Animation",
    "value": {},
    "versionCode": 0
  },
  "90ad3b98-9738-494e-a4a7-35fdeb545c4f": {
    "url": "db://assets/Script/Player.ts",
    "value": {},
    "versionCode": 0
  },
  "3cdc55a9-859d-4b4d-846c-ffb6b08bfe10": {
    "url": "db://assets/Script/Spawn-Players.ts",
    "value": {},
    "versionCode": 0
  },
  "8232e317-8752-4da1-9a27-b1354ad7d63c": {
    "url": "db://assets/Script/Balon.ts",
    "value": {},
    "versionCode": 0
  },
  "1709f00f-c497-409f-843d-05eaeca5d9fb": {
    "url": "db://assets/Sprite/Jugador-Chile.png",
    "value": {
      "depends": []
    },
    "versionCode": 0
  },
  "1709f00f-c497-409f-843d-05eaeca5d9fb@6c48a": {
    "url": "db://assets/Sprite/Jugador-Chile.png@6c48a",
    "value": {
      "depends": [
        "1709f00f-c497-409f-843d-05eaeca5d9fb"
      ]
    },
    "versionCode": 0
  },
  "1709f00f-c497-409f-843d-05eaeca5d9fb@f9941": {
    "url": "db://assets/Sprite/Jugador-Chile.png@f9941",
    "value": {
      "depends": [
        "1709f00f-c497-409f-843d-05eaeca5d9fb@6c48a"
      ]
    },
    "versionCode": 0
  },
  "3fbc8240-42af-460e-b85a-f7529d19b6a6": {
    "url": "db://assets/Sprite/Player-Brasil.png",
    "value": {
      "depends": []
    },
    "versionCode": 0
  },
  "3fbc8240-42af-460e-b85a-f7529d19b6a6@6c48a": {
    "url": "db://assets/Sprite/Player-Brasil.png@6c48a",
    "value": {
      "depends": [
        "3fbc8240-42af-460e-b85a-f7529d19b6a6"
      ]
    },
    "versionCode": 0
  },
  "3fbc8240-42af-460e-b85a-f7529d19b6a6@f9941": {
    "url": "db://assets/Sprite/Player-Brasil.png@f9941",
    "value": {
      "depends": [
        "3fbc8240-42af-460e-b85a-f7529d19b6a6@6c48a"
      ]
    },
    "versionCode": 0
  },
  "b2a4a1a4-d4f0-4c10-86da-fb9c79667c08": {
    "url": "db://assets/Sprite/RunnerFutbol_inst.png",
    "value": {
      "depends": []
    },
    "versionCode": 0
  },
  "b2a4a1a4-d4f0-4c10-86da-fb9c79667c08@6c48a": {
    "url": "db://assets/Sprite/RunnerFutbol_inst.png@6c48a",
    "value": {
      "depends": [
        "b2a4a1a4-d4f0-4c10-86da-fb9c79667c08"
      ]
    },
    "versionCode": 0
  },
  "b2a4a1a4-d4f0-4c10-86da-fb9c79667c08@f9941": {
    "url": "db://assets/Sprite/RunnerFutbol_inst.png@f9941",
    "value": {
      "depends": [
        "b2a4a1a4-d4f0-4c10-86da-fb9c79667c08@6c48a"
      ]
    },
    "versionCode": 0
  },
  "a121c4f8-f81e-4de8-95f6-91d97e86e682": {
    "url": "db://assets/Scene/folder",
    "value": {},
    "versionCode": 0
  },
  "2fd82335-50e6-4195-8a29-fa61cdb308a5": {
    "url": "db://assets/Scene/Instrucciones.scene",
    "value": {
      "depends": [
        "2fd82335-50e6-4195-8a29-fa61cdb308a5",
        "ae19dce8-3815-4cd5-8cbe-ad127ce5f6a4@f9941",
        "376ff476-9fb1-4394-b604-a37a6c109a32@f9941",
        "aa211667-3369-429c-bdab-4fb58442fe0c@f9941",
        "951249e0-9f16-456d-8b85-a6ca954da16b@f9941",
        "b2a4a1a4-d4f0-4c10-86da-fb9c79667c08@f9941"
      ],
      "dependScripts": [
        "a48ba88b-3c96-47d1-9b93-39739e84b177"
      ]
    },
    "versionCode": 0
  },
  "ecc3471e-0d73-4395-a60f-789d68b1dc22": {
    "url": "db://assets/Scene/Juego.scene",
    "value": {
      "depends": [
        "ecc3471e-0d73-4395-a60f-789d68b1dc22",
        "16b99d75-b136-445f-995b-bce6efa35f58@f9941",
        "73284348-f809-40e4-8df7-c8ed0b70e9b0",
        "88abe3a7-1b10-42f7-978e-da3168189285@f9941",
        "23e4c8ff-a14b-4e46-a742-e573cf02b964@f9941",
        "3ec6cf81-9893-4848-a201-4069eb2ad390@f9941",
        "9beab47d-548e-4b05-89fa-799d436984d3@f9941",
        "7d731884-cf8e-4fa7-a0b9-f7b96d6d478b@f9941",
        "9d22022e-a0cb-4d39-9282-331e33b0fcfe@f9941",
        "3bc86f39-bfdd-4356-9dd0-d8dcd9ca6242@f9941",
        "3e45fdd9-be36-4021-8deb-a903f2caacb6@f9941",
        "b99e759f-ea41-41e2-aa5e-507853ab9555@f9941",
        "b426f6ae-cef2-4505-ae81-d54ed00edd62@f9941",
        "4daf8189-9c86-4e11-ad73-71b573f979cf@f9941",
        "85f52b73-c439-427d-882f-7df7ca0f051b@f9941",
        "c392c096-5587-478e-961f-b6735a9cc0b5@f9941",
        "a0259a8e-9445-4bde-9a7d-ea4e7f248e21",
        "62378495-9847-475b-a8b6-6083331d76c0@f9941",
        "cfdda88b-1ee3-460f-a0cc-c3f47dc8e765@f9941",
        "03b858f2-7698-4ce4-8183-f3a2ef7de703@f9941",
        "8f34cdde-8e21-473b-8491-0d4d6f5cbbc5",
        "6689d8b0-9170-4c7f-8c25-16ffd76fab59@f9941",
        "3a30d5bc-e67a-457c-a839-a9554c9f558f@f9941",
        "5392801a-c60e-4f49-a7a5-ba1c0ba80c09@f9941",
        "951249e0-9f16-456d-8b85-a6ca954da16b@f9941",
        "b987a266-b90f-4de9-b80e-f3fad75ecc37@f9941",
        "c9c9b676-20af-4627-9167-a125c2d77938@f9941",
        "0405ca0f-3afe-4fbd-964f-fdf136f5daec@f9941",
        "7ecdec30-6b94-423d-9766-7d5d451a9612@f9941",
        "2b635d46-194f-44f8-b338-5e72fa0ddaee@f9941",
        "3b9d02c3-1a1b-49cd-a57b-c87f548bf848@f9941",
        "d6c76dd9-945a-4e76-83cf-55e847a3fa53@f9941",
        "5293c47b-df2c-47ba-b29f-11118b0b9f3d@f9941",
        "320e0ab8-6035-4526-9fb6-9bc126c50968@f9941",
        "b6a783be-54f8-4930-98ab-507fafafe24c@f9941",
        "7d598cd7-bf70-42b4-af63-3c221cca4ade@f9941",
        "7af3f171-b84f-42a5-acbb-e4592a4ba8a9@f9941",
        "9db067dd-19b0-49fe-b68f-684f1bb77d6c@f9941",
        "777da8fe-2d56-4bae-a305-13b70bf2f1a0@f9941",
        "65650466-b15e-4404-9e90-253b26cf67ee@f9941",
        "7d48476d-af29-46a0-bb21-b121d373286c@f9941",
        "b6891071-a23b-4b7e-984a-600dea3a79a6@f9941",
        "f13ac2af-02f7-4106-a952-e08ed21c9df6@f9941",
        "43f27991-d321-4153-9204-462769e6f1cb",
        "90279927-0d60-4fb4-8352-4e26f25d81ab@f9941",
        "1bc6c050-290d-400f-bcf6-a8bc2791df62@f9941"
      ],
      "dependScripts": [
        "f1f6d03b-b6a3-46d9-bfe0-5e67391f9067",
        "2d3414b1-4f8c-4c97-9dd5-f90a2582b4a7",
        "c9cbd010-e3ca-4e58-8d55-0ac416ecb4c2",
        "0d79cfbd-4759-4d3d-a5c2-98e844a86770",
        "4040ac00-113f-4c70-b702-dabd16e934ba",
        "a48ba88b-3c96-47d1-9b93-39739e84b177",
        "90ad3b98-9738-494e-a4a7-35fdeb545c4f",
        "CC3eba29-7abb-723a-f7ab-ae275e2277e8",
        "ccd5ae4b-0baa-481a-92e9-352431d2ef6e",
        "d35bebef-bf20-4d06-8242-fd1bcc826354"
      ]
    },
    "versionCode": 0
  },
  "a585033c-2fc9-4525-a876-fc69f325e55c": {
    "url": "db://assets/Scene/Seleccion-Equipo.scene",
    "value": {
      "depends": [
        "a585033c-2fc9-4525-a876-fc69f325e55c",
        "0793e2b1-b094-425c-93ea-0519595b927d@f9941",
        "25dae62d-370f-4f37-bd65-5b719a11b636@f9941",
        "19d3f327-ab6d-4138-b169-ceb57f8a872c@f9941",
        "53124248-6b30-4618-9a76-58861ec78090@f9941",
        "40a5d151-7aac-43c6-9631-0fabdf4bba8b@f9941",
        "e50f9904-6bd3-4cc3-ae17-ae67ea3a0b25@f9941",
        "bda27fc1-768e-467b-b233-dd1fa8d02f4a@f9941",
        "6235b72b-fff0-46cf-885a-bd34f8fea6e8@f9941",
        "4cb3c759-fbe6-44a1-946e-b63ea8f9e41c@f9941",
        "b6dccf29-e54d-4b0c-b02b-65a8a66a3e5d@f9941",
        "accd9cf9-dcb6-4aff-891d-f944ab22c68f@f9941",
        "fa0e5a9d-2a97-4d19-886e-21a85ed5328b@f9941",
        "5294f016-543c-4b42-9f63-f911da31a39b@f9941",
        "34759796-d931-4649-89b9-bca0428969d7@f9941",
        "3268aca1-add1-4684-93e8-794129179cd8@f9941",
        "50e2ffe9-da73-4392-9a36-01a86caa6d81@f9941",
        "b4d27d07-53de-4920-bd3e-7c36eb45da0f@f9941",
        "53faf8f8-0290-42e7-a64e-6e66dc4dfe94@f9941",
        "daddec8d-c891-4319-8507-1a4e238cb130@f9941",
        "179fe9aa-b7ae-4244-bc7e-0e70eceee8c9@f9941",
        "4c1d4766-265b-421a-9444-446875cea29d@f9941",
        "f406fa5b-cd4a-4164-973c-6c078dcc47ab@f9941",
        "c48af9b6-98a7-4267-b1e8-9197d7497334@f9941",
        "e5e61651-adee-416c-864d-f0a963acb66c@f9941",
        "ae19dce8-3815-4cd5-8cbe-ad127ce5f6a4@f9941",
        "376ff476-9fb1-4394-b604-a37a6c109a32@f9941",
        "aa211667-3369-429c-bdab-4fb58442fe0c@f9941",
        "8c2b2265-21d9-4140-94f4-df33929dd983",
        "ae184af4-e7dc-4bc3-a29d-11487bb0f44e@f9941",
        "1bc6c050-290d-400f-bcf6-a8bc2791df62@f9941"
      ],
      "dependScripts": [
        "231f3b9e-4385-4e63-ab4c-d497440fcc08",
        "c3213bd6-09ba-48f3-9092-00fb96cbe36d",
        "a48ba88b-3c96-47d1-9b93-39739e84b177",
        "fb58b77d-abd8-47a4-8081-2edf85cf3604"
      ]
    },
    "versionCode": 0
  },
  "90279927-0d60-4fb4-8352-4e26f25d81ab": {
    "url": "db://assets/Sprite/Marcos-HockeyFutbol_juego.png",
    "value": {
      "depends": []
    },
    "versionCode": 0
  },
  "90279927-0d60-4fb4-8352-4e26f25d81ab@6c48a": {
    "url": "db://assets/Sprite/Marcos-HockeyFutbol_juego.png@6c48a",
    "value": {
      "depends": [
        "90279927-0d60-4fb4-8352-4e26f25d81ab"
      ]
    },
    "versionCode": 0
  },
  "90279927-0d60-4fb4-8352-4e26f25d81ab@f9941": {
    "url": "db://assets/Sprite/Marcos-HockeyFutbol_juego.png@f9941",
    "value": {
      "depends": [
        "90279927-0d60-4fb4-8352-4e26f25d81ab@6c48a"
      ]
    },
    "versionCode": 0
  },
  "97d41214-8e7a-40b2-a6d0-1ec708cc9d49": {
    "url": "db://assets/Sprite/Banderas/Colombia2.png",
    "value": {
      "depends": []
    },
    "versionCode": 0
  },
  "97d41214-8e7a-40b2-a6d0-1ec708cc9d49@6c48a": {
    "url": "db://assets/Sprite/Banderas/Colombia2.png@6c48a",
    "value": {
      "depends": [
        "97d41214-8e7a-40b2-a6d0-1ec708cc9d49"
      ]
    },
    "versionCode": 0
  },
  "97d41214-8e7a-40b2-a6d0-1ec708cc9d49@f9941": {
    "url": "db://assets/Sprite/Banderas/Colombia2.png@f9941",
    "value": {
      "depends": [
        "97d41214-8e7a-40b2-a6d0-1ec708cc9d49@6c48a"
      ]
    },
    "versionCode": 0
  },
  "80e40b0d-cdf0-4a2e-892f-d5c9e1c2e480": {
    "url": "db://assets/Sprite/Banderas/Venezuela.png",
    "value": {
      "depends": []
    },
    "versionCode": 0
  },
  "80e40b0d-cdf0-4a2e-892f-d5c9e1c2e480@6c48a": {
    "url": "db://assets/Sprite/Banderas/Venezuela.png@6c48a",
    "value": {
      "depends": [
        "80e40b0d-cdf0-4a2e-892f-d5c9e1c2e480"
      ]
    },
    "versionCode": 0
  },
  "80e40b0d-cdf0-4a2e-892f-d5c9e1c2e480@f9941": {
    "url": "db://assets/Sprite/Banderas/Venezuela.png@f9941",
    "value": {
      "depends": [
        "80e40b0d-cdf0-4a2e-892f-d5c9e1c2e480@6c48a"
      ]
    },
    "versionCode": 0
  },
  "54eff6c9-6384-43a6-8b5e-66de2a066d8a": {
    "url": "db://assets/Sprite/Banderas/Paraguay2.png",
    "value": {
      "depends": []
    },
    "versionCode": 0
  },
  "54eff6c9-6384-43a6-8b5e-66de2a066d8a@6c48a": {
    "url": "db://assets/Sprite/Banderas/Paraguay2.png@6c48a",
    "value": {
      "depends": [
        "54eff6c9-6384-43a6-8b5e-66de2a066d8a"
      ]
    },
    "versionCode": 0
  },
  "54eff6c9-6384-43a6-8b5e-66de2a066d8a@f9941": {
    "url": "db://assets/Sprite/Banderas/Paraguay2.png@f9941",
    "value": {
      "depends": [
        "54eff6c9-6384-43a6-8b5e-66de2a066d8a@6c48a"
      ]
    },
    "versionCode": 0
  },
  "3268aca1-add1-4684-93e8-794129179cd8": {
    "url": "db://assets/Sprite/Banderas/Brasil2.png",
    "value": {
      "depends": []
    },
    "versionCode": 0
  },
  "3268aca1-add1-4684-93e8-794129179cd8@6c48a": {
    "url": "db://assets/Sprite/Banderas/Brasil2.png@6c48a",
    "value": {
      "depends": [
        "3268aca1-add1-4684-93e8-794129179cd8"
      ]
    },
    "versionCode": 0
  },
  "3268aca1-add1-4684-93e8-794129179cd8@f9941": {
    "url": "db://assets/Sprite/Banderas/Brasil2.png@f9941",
    "value": {
      "depends": [
        "3268aca1-add1-4684-93e8-794129179cd8@6c48a"
      ]
    },
    "versionCode": 0
  },
  "c253658f-c378-4c80-a721-b0cc07e2e88b": {
    "url": "db://assets/Sprite/Banderas/Bolivia2.png",
    "value": {
      "depends": []
    },
    "versionCode": 0
  },
  "c253658f-c378-4c80-a721-b0cc07e2e88b@6c48a": {
    "url": "db://assets/Sprite/Banderas/Bolivia2.png@6c48a",
    "value": {
      "depends": [
        "c253658f-c378-4c80-a721-b0cc07e2e88b"
      ]
    },
    "versionCode": 0
  },
  "c253658f-c378-4c80-a721-b0cc07e2e88b@f9941": {
    "url": "db://assets/Sprite/Banderas/Bolivia2.png@f9941",
    "value": {
      "depends": [
        "c253658f-c378-4c80-a721-b0cc07e2e88b@6c48a"
      ]
    },
    "versionCode": 0
  },
  "025b0b64-4e1a-4b08-b276-c63b37b4e95e": {
    "url": "db://assets/Sprite/Banderas/Uruguay2.png",
    "value": {
      "depends": []
    },
    "versionCode": 0
  },
  "025b0b64-4e1a-4b08-b276-c63b37b4e95e@6c48a": {
    "url": "db://assets/Sprite/Banderas/Uruguay2.png@6c48a",
    "value": {
      "depends": [
        "025b0b64-4e1a-4b08-b276-c63b37b4e95e"
      ]
    },
    "versionCode": 0
  },
  "025b0b64-4e1a-4b08-b276-c63b37b4e95e@f9941": {
    "url": "db://assets/Sprite/Banderas/Uruguay2.png@f9941",
    "value": {
      "depends": [
        "025b0b64-4e1a-4b08-b276-c63b37b4e95e@6c48a"
      ]
    },
    "versionCode": 0
  },
  "9743c8d6-baa0-4dbb-aa36-be0354586a28": {
    "url": "db://assets/Sprite/Banderas/Chile2.png",
    "value": {
      "depends": []
    },
    "versionCode": 0
  },
  "9743c8d6-baa0-4dbb-aa36-be0354586a28@6c48a": {
    "url": "db://assets/Sprite/Banderas/Chile2.png@6c48a",
    "value": {
      "depends": [
        "9743c8d6-baa0-4dbb-aa36-be0354586a28"
      ]
    },
    "versionCode": 0
  },
  "9743c8d6-baa0-4dbb-aa36-be0354586a28@f9941": {
    "url": "db://assets/Sprite/Banderas/Chile2.png@f9941",
    "value": {
      "depends": [
        "9743c8d6-baa0-4dbb-aa36-be0354586a28@6c48a"
      ]
    },
    "versionCode": 0
  },
  "d6331e85-0f7c-4aea-86d8-7467400f7f88": {
    "url": "db://assets/Sprite/Banderas/Perú2.png",
    "value": {
      "depends": []
    },
    "versionCode": 0
  },
  "d6331e85-0f7c-4aea-86d8-7467400f7f88@6c48a": {
    "url": "db://assets/Sprite/Banderas/Perú2.png@6c48a",
    "value": {
      "depends": [
        "d6331e85-0f7c-4aea-86d8-7467400f7f88"
      ]
    },
    "versionCode": 0
  },
  "d6331e85-0f7c-4aea-86d8-7467400f7f88@f9941": {
    "url": "db://assets/Sprite/Banderas/Perú2.png@f9941",
    "value": {
      "depends": [
        "d6331e85-0f7c-4aea-86d8-7467400f7f88@6c48a"
      ]
    },
    "versionCode": 0
  },
  "34759796-d931-4649-89b9-bca0428969d7": {
    "url": "db://assets/Sprite/Banderas/Argentina2.png",
    "value": {
      "depends": []
    },
    "versionCode": 0
  },
  "34759796-d931-4649-89b9-bca0428969d7@6c48a": {
    "url": "db://assets/Sprite/Banderas/Argentina2.png@6c48a",
    "value": {
      "depends": [
        "34759796-d931-4649-89b9-bca0428969d7"
      ]
    },
    "versionCode": 0
  },
  "34759796-d931-4649-89b9-bca0428969d7@f9941": {
    "url": "db://assets/Sprite/Banderas/Argentina2.png@f9941",
    "value": {
      "depends": [
        "34759796-d931-4649-89b9-bca0428969d7@6c48a"
      ]
    },
    "versionCode": 0
  },
  "4c117ac5-a440-4719-a26a-f7d1bff8ed70": {
    "url": "db://assets/Sprite/Banderas/Venezuela2.png",
    "value": {
      "depends": []
    },
    "versionCode": 0
  },
  "4c117ac5-a440-4719-a26a-f7d1bff8ed70@6c48a": {
    "url": "db://assets/Sprite/Banderas/Venezuela2.png@6c48a",
    "value": {
      "depends": [
        "4c117ac5-a440-4719-a26a-f7d1bff8ed70"
      ]
    },
    "versionCode": 0
  },
  "4c117ac5-a440-4719-a26a-f7d1bff8ed70@f9941": {
    "url": "db://assets/Sprite/Banderas/Venezuela2.png@f9941",
    "value": {
      "depends": [
        "4c117ac5-a440-4719-a26a-f7d1bff8ed70@6c48a"
      ]
    },
    "versionCode": 0
  },
  "25dae62d-370f-4f37-bd65-5b719a11b636": {
    "url": "db://assets/Sprite/Banderas/Argentina.png",
    "value": {
      "depends": []
    },
    "versionCode": 0
  },
  "25dae62d-370f-4f37-bd65-5b719a11b636@6c48a": {
    "url": "db://assets/Sprite/Banderas/Argentina.png@6c48a",
    "value": {
      "depends": [
        "25dae62d-370f-4f37-bd65-5b719a11b636"
      ]
    },
    "versionCode": 0
  },
  "25dae62d-370f-4f37-bd65-5b719a11b636@f9941": {
    "url": "db://assets/Sprite/Banderas/Argentina.png@f9941",
    "value": {
      "depends": [
        "25dae62d-370f-4f37-bd65-5b719a11b636@6c48a"
      ]
    },
    "versionCode": 0
  },
  "04fa3669-619d-44dd-9208-232b48b03bae": {
    "url": "db://assets/Sprite/Banderas/Bolivia.png",
    "value": {
      "depends": []
    },
    "versionCode": 0
  },
  "04fa3669-619d-44dd-9208-232b48b03bae@6c48a": {
    "url": "db://assets/Sprite/Banderas/Bolivia.png@6c48a",
    "value": {
      "depends": [
        "04fa3669-619d-44dd-9208-232b48b03bae"
      ]
    },
    "versionCode": 0
  },
  "04fa3669-619d-44dd-9208-232b48b03bae@f9941": {
    "url": "db://assets/Sprite/Banderas/Bolivia.png@f9941",
    "value": {
      "depends": [
        "04fa3669-619d-44dd-9208-232b48b03bae@6c48a"
      ]
    },
    "versionCode": 0
  },
  "19d3f327-ab6d-4138-b169-ceb57f8a872c": {
    "url": "db://assets/Sprite/Banderas/Brasil.png",
    "value": {
      "depends": []
    },
    "versionCode": 0
  },
  "19d3f327-ab6d-4138-b169-ceb57f8a872c@6c48a": {
    "url": "db://assets/Sprite/Banderas/Brasil.png@6c48a",
    "value": {
      "depends": [
        "19d3f327-ab6d-4138-b169-ceb57f8a872c"
      ]
    },
    "versionCode": 0
  },
  "19d3f327-ab6d-4138-b169-ceb57f8a872c@f9941": {
    "url": "db://assets/Sprite/Banderas/Brasil.png@f9941",
    "value": {
      "depends": [
        "19d3f327-ab6d-4138-b169-ceb57f8a872c@6c48a"
      ]
    },
    "versionCode": 0
  },
  "89957d1c-20bc-4b0e-bbb5-9a2843f356d7": {
    "url": "db://assets/Sprite/Banderas/Chile.png",
    "value": {
      "depends": []
    },
    "versionCode": 0
  },
  "89957d1c-20bc-4b0e-bbb5-9a2843f356d7@6c48a": {
    "url": "db://assets/Sprite/Banderas/Chile.png@6c48a",
    "value": {
      "depends": [
        "89957d1c-20bc-4b0e-bbb5-9a2843f356d7"
      ]
    },
    "versionCode": 0
  },
  "89957d1c-20bc-4b0e-bbb5-9a2843f356d7@f9941": {
    "url": "db://assets/Sprite/Banderas/Chile.png@f9941",
    "value": {
      "depends": [
        "89957d1c-20bc-4b0e-bbb5-9a2843f356d7@6c48a"
      ]
    },
    "versionCode": 0
  },
  "e90764d8-b1c3-46a1-896a-db964f7f6386": {
    "url": "db://assets/Sprite/Banderas/Colombia.png",
    "value": {
      "depends": []
    },
    "versionCode": 0
  },
  "e90764d8-b1c3-46a1-896a-db964f7f6386@6c48a": {
    "url": "db://assets/Sprite/Banderas/Colombia.png@6c48a",
    "value": {
      "depends": [
        "e90764d8-b1c3-46a1-896a-db964f7f6386"
      ]
    },
    "versionCode": 0
  },
  "e90764d8-b1c3-46a1-896a-db964f7f6386@f9941": {
    "url": "db://assets/Sprite/Banderas/Colombia.png@f9941",
    "value": {
      "depends": [
        "e90764d8-b1c3-46a1-896a-db964f7f6386@6c48a"
      ]
    },
    "versionCode": 0
  },
  "7db30073-f3c7-487d-8ad0-44fe81e64c42": {
    "url": "db://assets/Sprite/Banderas/Paraguay.png",
    "value": {
      "depends": []
    },
    "versionCode": 0
  },
  "7db30073-f3c7-487d-8ad0-44fe81e64c42@6c48a": {
    "url": "db://assets/Sprite/Banderas/Paraguay.png@6c48a",
    "value": {
      "depends": [
        "7db30073-f3c7-487d-8ad0-44fe81e64c42"
      ]
    },
    "versionCode": 0
  },
  "7db30073-f3c7-487d-8ad0-44fe81e64c42@f9941": {
    "url": "db://assets/Sprite/Banderas/Paraguay.png@f9941",
    "value": {
      "depends": [
        "7db30073-f3c7-487d-8ad0-44fe81e64c42@6c48a"
      ]
    },
    "versionCode": 0
  },
  "b6e1b9cc-0e4c-468e-ac3b-e58c406848b3": {
    "url": "db://assets/Sprite/Banderas/Uruguay.png",
    "value": {
      "depends": []
    },
    "versionCode": 0
  },
  "b6e1b9cc-0e4c-468e-ac3b-e58c406848b3@6c48a": {
    "url": "db://assets/Sprite/Banderas/Uruguay.png@6c48a",
    "value": {
      "depends": [
        "b6e1b9cc-0e4c-468e-ac3b-e58c406848b3"
      ]
    },
    "versionCode": 0
  },
  "b6e1b9cc-0e4c-468e-ac3b-e58c406848b3@f9941": {
    "url": "db://assets/Sprite/Banderas/Uruguay.png@f9941",
    "value": {
      "depends": [
        "b6e1b9cc-0e4c-468e-ac3b-e58c406848b3@6c48a"
      ]
    },
    "versionCode": 0
  },
  "341927d6-59a0-4de9-92d2-66f097ffbfb5": {
    "url": "db://assets/Sprite/Banderas/Perú.png",
    "value": {
      "depends": []
    },
    "versionCode": 0
  },
  "341927d6-59a0-4de9-92d2-66f097ffbfb5@6c48a": {
    "url": "db://assets/Sprite/Banderas/Perú.png@6c48a",
    "value": {
      "depends": [
        "341927d6-59a0-4de9-92d2-66f097ffbfb5"
      ]
    },
    "versionCode": 0
  },
  "341927d6-59a0-4de9-92d2-66f097ffbfb5@f9941": {
    "url": "db://assets/Sprite/Banderas/Perú.png@f9941",
    "value": {
      "depends": [
        "341927d6-59a0-4de9-92d2-66f097ffbfb5@6c48a"
      ]
    },
    "versionCode": 0
  },
  "0cd2c191-3471-4d5d-92f6-26abd334325b": {
    "url": "db://assets/Sprite/Banderas",
    "value": {},
    "versionCode": 0
  },
  "0972a249-45bf-4843-9dde-a48675bedd19": {
    "url": "db://assets/Font",
    "value": {},
    "versionCode": 0
  },
  "337e5a72-faf5-4091-af74-9373c85bca4f": {
    "url": "db://assets/Font/DynaPuff-VariableFont_wdth,wght.ttf",
    "value": {},
    "versionCode": 0
  },
  "60a2097a-44bb-4e1f-a78f-685d2de34dd7": {
    "url": "db://assets/Font/DynaPuff_Condensed-Bold.ttf",
    "value": {},
    "versionCode": 0
  },
  "4a52fa95-da7e-4a50-a944-209a0a36b5d6": {
    "url": "db://assets/Font/DynaPuff_Condensed-Regular.ttf",
    "value": {},
    "versionCode": 0
  },
  "8f34cdde-8e21-473b-8491-0d4d6f5cbbc5": {
    "url": "db://assets/Font/DynaPuff-Bold.ttf",
    "value": {
      "depends": []
    },
    "versionCode": 0
  },
  "3a30d5bc-e67a-457c-a839-a9554c9f558f": {
    "url": "db://assets/Sprite/btn-exitH.png",
    "value": {
      "depends": []
    },
    "versionCode": 0
  },
  "3a30d5bc-e67a-457c-a839-a9554c9f558f@6c48a": {
    "url": "db://assets/Sprite/btn-exitH.png@6c48a",
    "value": {
      "depends": [
        "3a30d5bc-e67a-457c-a839-a9554c9f558f"
      ]
    },
    "versionCode": 0
  },
  "3a30d5bc-e67a-457c-a839-a9554c9f558f@f9941": {
    "url": "db://assets/Sprite/btn-exitH.png@f9941",
    "value": {
      "depends": [
        "3a30d5bc-e67a-457c-a839-a9554c9f558f@6c48a"
      ]
    },
    "versionCode": 0
  },
  "5392801a-c60e-4f49-a7a5-ba1c0ba80c09": {
    "url": "db://assets/Sprite/btn-exitP.png",
    "value": {
      "depends": []
    },
    "versionCode": 0
  },
  "5392801a-c60e-4f49-a7a5-ba1c0ba80c09@6c48a": {
    "url": "db://assets/Sprite/btn-exitP.png@6c48a",
    "value": {
      "depends": [
        "5392801a-c60e-4f49-a7a5-ba1c0ba80c09"
      ]
    },
    "versionCode": 0
  },
  "5392801a-c60e-4f49-a7a5-ba1c0ba80c09@f9941": {
    "url": "db://assets/Sprite/btn-exitP.png@f9941",
    "value": {
      "depends": [
        "5392801a-c60e-4f49-a7a5-ba1c0ba80c09@6c48a"
      ]
    },
    "versionCode": 0
  },
  "aa211667-3369-429c-bdab-4fb58442fe0c": {
    "url": "db://assets/Sprite/btn-nextP.png",
    "value": {
      "depends": []
    },
    "versionCode": 0
  },
  "aa211667-3369-429c-bdab-4fb58442fe0c@6c48a": {
    "url": "db://assets/Sprite/btn-nextP.png@6c48a",
    "value": {
      "depends": [
        "aa211667-3369-429c-bdab-4fb58442fe0c"
      ]
    },
    "versionCode": 0
  },
  "aa211667-3369-429c-bdab-4fb58442fe0c@f9941": {
    "url": "db://assets/Sprite/btn-nextP.png@f9941",
    "value": {
      "depends": [
        "aa211667-3369-429c-bdab-4fb58442fe0c@6c48a"
      ]
    },
    "versionCode": 0
  },
  "6689d8b0-9170-4c7f-8c25-16ffd76fab59": {
    "url": "db://assets/Sprite/btn-exit.png",
    "value": {
      "depends": []
    },
    "versionCode": 0
  },
  "6689d8b0-9170-4c7f-8c25-16ffd76fab59@6c48a": {
    "url": "db://assets/Sprite/btn-exit.png@6c48a",
    "value": {
      "depends": [
        "6689d8b0-9170-4c7f-8c25-16ffd76fab59"
      ]
    },
    "versionCode": 0
  },
  "6689d8b0-9170-4c7f-8c25-16ffd76fab59@f9941": {
    "url": "db://assets/Sprite/btn-exit.png@f9941",
    "value": {
      "depends": [
        "6689d8b0-9170-4c7f-8c25-16ffd76fab59@6c48a"
      ]
    },
    "versionCode": 0
  },
  "376ff476-9fb1-4394-b604-a37a6c109a32": {
    "url": "db://assets/Sprite/btn-nextH.png",
    "value": {
      "depends": []
    },
    "versionCode": 0
  },
  "376ff476-9fb1-4394-b604-a37a6c109a32@6c48a": {
    "url": "db://assets/Sprite/btn-nextH.png@6c48a",
    "value": {
      "depends": [
        "376ff476-9fb1-4394-b604-a37a6c109a32"
      ]
    },
    "versionCode": 0
  },
  "376ff476-9fb1-4394-b604-a37a6c109a32@f9941": {
    "url": "db://assets/Sprite/btn-nextH.png@f9941",
    "value": {
      "depends": [
        "376ff476-9fb1-4394-b604-a37a6c109a32@6c48a"
      ]
    },
    "versionCode": 0
  },
  "ae19dce8-3815-4cd5-8cbe-ad127ce5f6a4": {
    "url": "db://assets/Sprite/btn-next.png",
    "value": {
      "depends": []
    },
    "versionCode": 0
  },
  "ae19dce8-3815-4cd5-8cbe-ad127ce5f6a4@6c48a": {
    "url": "db://assets/Sprite/btn-next.png@6c48a",
    "value": {
      "depends": [
        "ae19dce8-3815-4cd5-8cbe-ad127ce5f6a4"
      ]
    },
    "versionCode": 0
  },
  "ae19dce8-3815-4cd5-8cbe-ad127ce5f6a4@f9941": {
    "url": "db://assets/Sprite/btn-next.png@f9941",
    "value": {
      "depends": [
        "ae19dce8-3815-4cd5-8cbe-ad127ce5f6a4@6c48a"
      ]
    },
    "versionCode": 0
  },
  "06a3f9de-743a-42d1-9831-89f9df0986ee": {
    "url": "db://assets/Sprite/btn-playP.png",
    "value": {
      "depends": []
    },
    "versionCode": 0
  },
  "06a3f9de-743a-42d1-9831-89f9df0986ee@6c48a": {
    "url": "db://assets/Sprite/btn-playP.png@6c48a",
    "value": {
      "depends": [
        "06a3f9de-743a-42d1-9831-89f9df0986ee"
      ]
    },
    "versionCode": 0
  },
  "06a3f9de-743a-42d1-9831-89f9df0986ee@f9941": {
    "url": "db://assets/Sprite/btn-playP.png@f9941",
    "value": {
      "depends": [
        "06a3f9de-743a-42d1-9831-89f9df0986ee@6c48a"
      ]
    },
    "versionCode": 0
  },
  "2fd5d1e5-95c1-4ee8-a93e-bcadc255f960": {
    "url": "db://assets/Sprite/btn-playH.png",
    "value": {
      "depends": []
    },
    "versionCode": 0
  },
  "2fd5d1e5-95c1-4ee8-a93e-bcadc255f960@6c48a": {
    "url": "db://assets/Sprite/btn-playH.png@6c48a",
    "value": {
      "depends": [
        "2fd5d1e5-95c1-4ee8-a93e-bcadc255f960"
      ]
    },
    "versionCode": 0
  },
  "2fd5d1e5-95c1-4ee8-a93e-bcadc255f960@f9941": {
    "url": "db://assets/Sprite/btn-playH.png@f9941",
    "value": {
      "depends": [
        "2fd5d1e5-95c1-4ee8-a93e-bcadc255f960@6c48a"
      ]
    },
    "versionCode": 0
  },
  "e5b2033f-3b59-4d07-babc-6930b34fffc1": {
    "url": "db://assets/Sprite/btn-play.png",
    "value": {
      "depends": []
    },
    "versionCode": 0
  },
  "e5b2033f-3b59-4d07-babc-6930b34fffc1@6c48a": {
    "url": "db://assets/Sprite/btn-play.png@6c48a",
    "value": {
      "depends": [
        "e5b2033f-3b59-4d07-babc-6930b34fffc1"
      ]
    },
    "versionCode": 0
  },
  "e5b2033f-3b59-4d07-babc-6930b34fffc1@f9941": {
    "url": "db://assets/Sprite/btn-play.png@f9941",
    "value": {
      "depends": [
        "e5b2033f-3b59-4d07-babc-6930b34fffc1@6c48a"
      ]
    },
    "versionCode": 0
  },
  "e5255043-6001-411f-b9e4-056ee16959cd": {
    "url": "db://assets/Sprite/RunnerFutbol_inst.png",
    "value": {},
    "versionCode": 0
  },
  "e5255043-6001-411f-b9e4-056ee16959cd@6c48a": {
    "url": "db://assets/Sprite/RunnerFutbol_inst.png@6c48a",
    "value": {
      "depends": [
        "e5255043-6001-411f-b9e4-056ee16959cd"
      ]
    },
    "versionCode": 0
  },
  "e5255043-6001-411f-b9e4-056ee16959cd@f9941": {
    "url": "db://assets/Sprite/RunnerFutbol_inst.png@f9941",
    "value": {
      "depends": [
        "e5255043-6001-411f-b9e4-056ee16959cd@6c48a"
      ]
    },
    "versionCode": 0
  },
  "1bc6c050-290d-400f-bcf6-a8bc2791df62": {
    "url": "db://assets/Sprite/RunnerFutbol_seleccion.png",
    "value": {
      "depends": []
    },
    "versionCode": 0
  },
  "1bc6c050-290d-400f-bcf6-a8bc2791df62@6c48a": {
    "url": "db://assets/Sprite/RunnerFutbol_seleccion.png@6c48a",
    "value": {
      "depends": [
        "1bc6c050-290d-400f-bcf6-a8bc2791df62"
      ]
    },
    "versionCode": 0
  },
  "1bc6c050-290d-400f-bcf6-a8bc2791df62@f9941": {
    "url": "db://assets/Sprite/RunnerFutbol_seleccion.png@f9941",
    "value": {
      "depends": [
        "1bc6c050-290d-400f-bcf6-a8bc2791df62@6c48a"
      ]
    },
    "versionCode": 0
  },
  "7ecdec30-6b94-423d-9766-7d5d451a9612": {
    "url": "db://assets/Sprite/RunnerFutbol_gameover.png",
    "value": {
      "depends": []
    },
    "versionCode": 0
  },
  "7ecdec30-6b94-423d-9766-7d5d451a9612@6c48a": {
    "url": "db://assets/Sprite/RunnerFutbol_gameover.png@6c48a",
    "value": {
      "depends": [
        "7ecdec30-6b94-423d-9766-7d5d451a9612"
      ]
    },
    "versionCode": 0
  },
  "7ecdec30-6b94-423d-9766-7d5d451a9612@f9941": {
    "url": "db://assets/Sprite/RunnerFutbol_gameover.png@f9941",
    "value": {
      "depends": [
        "7ecdec30-6b94-423d-9766-7d5d451a9612@6c48a"
      ]
    },
    "versionCode": 0
  },
  "5f7da1af-c6d5-4b8a-9fd7-ab597c0cc96f": {
    "url": "db://assets/Sprite/balon.png",
    "value": {
      "depends": []
    },
    "versionCode": 0
  },
  "5f7da1af-c6d5-4b8a-9fd7-ab597c0cc96f@6c48a": {
    "url": "db://assets/Sprite/balon.png@6c48a",
    "value": {
      "depends": [
        "5f7da1af-c6d5-4b8a-9fd7-ab597c0cc96f"
      ]
    },
    "versionCode": 0
  },
  "5f7da1af-c6d5-4b8a-9fd7-ab597c0cc96f@f9941": {
    "url": "db://assets/Sprite/balon.png@f9941",
    "value": {
      "depends": [
        "5f7da1af-c6d5-4b8a-9fd7-ab597c0cc96f@6c48a"
      ]
    },
    "versionCode": 0
  },
  "43f27991-d321-4153-9204-462769e6f1cb": {
    "url": "db://assets/Prefab/Enemigo.prefab",
    "value": {
      "depends": [
        "1709f00f-c497-409f-843d-05eaeca5d9fb@f9941"
      ],
      "dependScripts": []
    },
    "versionCode": 0
  },
  "7ee3e9c8-500c-4082-a7ce-22bb7450363d": {
    "url": "db://assets/Script/Enemigo.ts",
    "value": {},
    "versionCode": 0
  },
  "ccd5ae4b-0baa-481a-92e9-352431d2ef6e": {
    "url": "db://assets/Script/Muerte.ts",
    "value": {},
    "versionCode": 0
  },
  "a48ba88b-3c96-47d1-9b93-39739e84b177": {
    "url": "db://assets/Script/CambioEscena.ts",
    "value": {},
    "versionCode": 0
  },
  "2d3414b1-4f8c-4c97-9dd5-f90a2582b4a7": {
    "url": "db://assets/Script/MovimientoCubeta.ts",
    "value": {},
    "versionCode": 0
  },
  "0d79cfbd-4759-4d3d-a5c2-98e844a86770": {
    "url": "db://assets/Script/ManagerGame.ts",
    "value": {},
    "versionCode": 0
  },
  "c3213bd6-09ba-48f3-9092-00fb96cbe36d": {
    "url": "db://assets/Script/SeleccionEquipo.ts",
    "value": {},
    "versionCode": 0
  },
  "fb58b77d-abd8-47a4-8081-2edf85cf3604": {
    "url": "db://assets/Script/PoscionBoton.ts",
    "value": {},
    "versionCode": 0
  },
  "8c2b2265-21d9-4140-94f4-df33929dd983": {
    "url": "db://assets/Animation/SeleccionPC.anim",
    "value": {
      "depends": []
    },
    "versionCode": 0
  },
  "a68b81d9-d317-41bb-aa75-e4972720606e": {
    "url": "db://assets/Sprite/1137 1.png",
    "value": {
      "depends": []
    },
    "versionCode": 0
  },
  "a68b81d9-d317-41bb-aa75-e4972720606e@6c48a": {
    "url": "db://assets/Sprite/1137 1.png@6c48a",
    "value": {
      "depends": [
        "a68b81d9-d317-41bb-aa75-e4972720606e"
      ]
    },
    "versionCode": 0
  },
  "a68b81d9-d317-41bb-aa75-e4972720606e@f9941": {
    "url": "db://assets/Sprite/1137 1.png@f9941",
    "value": {
      "depends": [
        "a68b81d9-d317-41bb-aa75-e4972720606e@6c48a"
      ]
    },
    "versionCode": 0
  },
  "16b99d75-b136-445f-995b-bce6efa35f58": {
    "url": "db://assets/Sprite/1137 2.png",
    "value": {
      "depends": []
    },
    "versionCode": 0
  },
  "16b99d75-b136-445f-995b-bce6efa35f58@6c48a": {
    "url": "db://assets/Sprite/1137 2.png@6c48a",
    "value": {
      "depends": [
        "16b99d75-b136-445f-995b-bce6efa35f58"
      ]
    },
    "versionCode": 0
  },
  "16b99d75-b136-445f-995b-bce6efa35f58@f9941": {
    "url": "db://assets/Sprite/1137 2.png@f9941",
    "value": {
      "depends": [
        "16b99d75-b136-445f-995b-bce6efa35f58@6c48a"
      ]
    },
    "versionCode": 0
  },
  "3ec6cf81-9893-4848-a201-4069eb2ad390": {
    "url": "db://assets/Sprite/Jugador-Argentina.png",
    "value": {
      "depends": []
    },
    "versionCode": 0
  },
  "3ec6cf81-9893-4848-a201-4069eb2ad390@6c48a": {
    "url": "db://assets/Sprite/Jugador-Argentina.png@6c48a",
    "value": {
      "depends": [
        "3ec6cf81-9893-4848-a201-4069eb2ad390"
      ]
    },
    "versionCode": 0
  },
  "3ec6cf81-9893-4848-a201-4069eb2ad390@f9941": {
    "url": "db://assets/Sprite/Jugador-Argentina.png@f9941",
    "value": {
      "depends": [
        "3ec6cf81-9893-4848-a201-4069eb2ad390@6c48a"
      ]
    },
    "versionCode": 0
  },
  "285af737-69ad-4bf7-a373-f96196283cf8": {
    "url": "db://assets/Sprite/Jugador-Peru.png",
    "value": {
      "depends": []
    },
    "versionCode": 0
  },
  "285af737-69ad-4bf7-a373-f96196283cf8@6c48a": {
    "url": "db://assets/Sprite/Jugador-Peru.png@6c48a",
    "value": {
      "depends": [
        "285af737-69ad-4bf7-a373-f96196283cf8"
      ]
    },
    "versionCode": 0
  },
  "285af737-69ad-4bf7-a373-f96196283cf8@f9941": {
    "url": "db://assets/Sprite/Jugador-Peru.png@f9941",
    "value": {
      "depends": [
        "285af737-69ad-4bf7-a373-f96196283cf8@6c48a"
      ]
    },
    "versionCode": 0
  },
  "2101936f-6ece-4bce-bd7f-d56f1de39368": {
    "url": "db://assets/Sprite/Jugador-Venezuela.png",
    "value": {
      "depends": []
    },
    "versionCode": 0
  },
  "2101936f-6ece-4bce-bd7f-d56f1de39368@6c48a": {
    "url": "db://assets/Sprite/Jugador-Venezuela.png@6c48a",
    "value": {
      "depends": [
        "2101936f-6ece-4bce-bd7f-d56f1de39368"
      ]
    },
    "versionCode": 0
  },
  "2101936f-6ece-4bce-bd7f-d56f1de39368@f9941": {
    "url": "db://assets/Sprite/Jugador-Venezuela.png@f9941",
    "value": {
      "depends": [
        "2101936f-6ece-4bce-bd7f-d56f1de39368@6c48a"
      ]
    },
    "versionCode": 0
  },
  "8eb8903c-32f3-4485-8859-dade7410bc2d": {
    "url": "db://assets/Sprite/Jugador-Paraguay.png",
    "value": {
      "depends": []
    },
    "versionCode": 0
  },
  "8eb8903c-32f3-4485-8859-dade7410bc2d@6c48a": {
    "url": "db://assets/Sprite/Jugador-Paraguay.png@6c48a",
    "value": {
      "depends": [
        "8eb8903c-32f3-4485-8859-dade7410bc2d"
      ]
    },
    "versionCode": 0
  },
  "8eb8903c-32f3-4485-8859-dade7410bc2d@f9941": {
    "url": "db://assets/Sprite/Jugador-Paraguay.png@f9941",
    "value": {
      "depends": [
        "8eb8903c-32f3-4485-8859-dade7410bc2d@6c48a"
      ]
    },
    "versionCode": 0
  },
  "9beab47d-548e-4b05-89fa-799d436984d3": {
    "url": "db://assets/Sprite/Jugador-Brasil.png",
    "value": {
      "depends": []
    },
    "versionCode": 0
  },
  "9beab47d-548e-4b05-89fa-799d436984d3@6c48a": {
    "url": "db://assets/Sprite/Jugador-Brasil.png@6c48a",
    "value": {
      "depends": [
        "9beab47d-548e-4b05-89fa-799d436984d3"
      ]
    },
    "versionCode": 0
  },
  "9beab47d-548e-4b05-89fa-799d436984d3@f9941": {
    "url": "db://assets/Sprite/Jugador-Brasil.png@f9941",
    "value": {
      "depends": [
        "9beab47d-548e-4b05-89fa-799d436984d3@6c48a"
      ]
    },
    "versionCode": 0
  },
  "f240c8e1-886f-4bf3-a910-644365ae8bc5": {
    "url": "db://assets/Sprite/Jugador-Uruguay.png",
    "value": {
      "depends": []
    },
    "versionCode": 0
  },
  "f240c8e1-886f-4bf3-a910-644365ae8bc5@6c48a": {
    "url": "db://assets/Sprite/Jugador-Uruguay.png@6c48a",
    "value": {
      "depends": [
        "f240c8e1-886f-4bf3-a910-644365ae8bc5"
      ]
    },
    "versionCode": 0
  },
  "f240c8e1-886f-4bf3-a910-644365ae8bc5@f9941": {
    "url": "db://assets/Sprite/Jugador-Uruguay.png@f9941",
    "value": {
      "depends": [
        "f240c8e1-886f-4bf3-a910-644365ae8bc5@6c48a"
      ]
    },
    "versionCode": 0
  },
  "10ce9251-c50d-4be1-a120-3a24a6a5071f": {
    "url": "db://assets/Sprite/Jugador-Bolivia.png",
    "value": {
      "depends": []
    },
    "versionCode": 0
  },
  "10ce9251-c50d-4be1-a120-3a24a6a5071f@6c48a": {
    "url": "db://assets/Sprite/Jugador-Bolivia.png@6c48a",
    "value": {
      "depends": [
        "10ce9251-c50d-4be1-a120-3a24a6a5071f"
      ]
    },
    "versionCode": 0
  },
  "10ce9251-c50d-4be1-a120-3a24a6a5071f@f9941": {
    "url": "db://assets/Sprite/Jugador-Bolivia.png@f9941",
    "value": {
      "depends": [
        "10ce9251-c50d-4be1-a120-3a24a6a5071f@6c48a"
      ]
    },
    "versionCode": 0
  },
  "6711eeb0-2e74-4815-8d5d-06fd5d30e536": {
    "url": "db://assets/Sprite/Jugador-Colombia.png",
    "value": {
      "depends": []
    },
    "versionCode": 0
  },
  "6711eeb0-2e74-4815-8d5d-06fd5d30e536@6c48a": {
    "url": "db://assets/Sprite/Jugador-Colombia.png@6c48a",
    "value": {
      "depends": [
        "6711eeb0-2e74-4815-8d5d-06fd5d30e536"
      ]
    },
    "versionCode": 0
  },
  "6711eeb0-2e74-4815-8d5d-06fd5d30e536@f9941": {
    "url": "db://assets/Sprite/Jugador-Colombia.png@f9941",
    "value": {
      "depends": [
        "6711eeb0-2e74-4815-8d5d-06fd5d30e536@6c48a"
      ]
    },
    "versionCode": 0
  },
  "d0381db3-9529-4f14-93cf-ca41eaa2f3b0": {
    "url": "db://assets/Sprite/Player-Chile.png",
    "value": {
      "depends": []
    },
    "versionCode": 0
  },
  "d0381db3-9529-4f14-93cf-ca41eaa2f3b0@6c48a": {
    "url": "db://assets/Sprite/Player-Chile.png@6c48a",
    "value": {
      "depends": [
        "d0381db3-9529-4f14-93cf-ca41eaa2f3b0"
      ]
    },
    "versionCode": 0
  },
  "d0381db3-9529-4f14-93cf-ca41eaa2f3b0@f9941": {
    "url": "db://assets/Sprite/Player-Chile.png@f9941",
    "value": {
      "depends": [
        "d0381db3-9529-4f14-93cf-ca41eaa2f3b0@6c48a"
      ]
    },
    "versionCode": 0
  },
  "4651515b-024b-4f19-b7e0-01088eeab427": {
    "url": "db://assets/Sprite/Player-Uruguay.png",
    "value": {
      "depends": []
    },
    "versionCode": 0
  },
  "4651515b-024b-4f19-b7e0-01088eeab427@6c48a": {
    "url": "db://assets/Sprite/Player-Uruguay.png@6c48a",
    "value": {
      "depends": [
        "4651515b-024b-4f19-b7e0-01088eeab427"
      ]
    },
    "versionCode": 0
  },
  "4651515b-024b-4f19-b7e0-01088eeab427@f9941": {
    "url": "db://assets/Sprite/Player-Uruguay.png@f9941",
    "value": {
      "depends": [
        "4651515b-024b-4f19-b7e0-01088eeab427@6c48a"
      ]
    },
    "versionCode": 0
  },
  "38161f3b-88e1-41a8-bfe3-70d7f5f8bd67": {
    "url": "db://assets/Sprite/Player-Paraguay.png",
    "value": {
      "depends": []
    },
    "versionCode": 0
  },
  "38161f3b-88e1-41a8-bfe3-70d7f5f8bd67@6c48a": {
    "url": "db://assets/Sprite/Player-Paraguay.png@6c48a",
    "value": {
      "depends": [
        "38161f3b-88e1-41a8-bfe3-70d7f5f8bd67"
      ]
    },
    "versionCode": 0
  },
  "38161f3b-88e1-41a8-bfe3-70d7f5f8bd67@f9941": {
    "url": "db://assets/Sprite/Player-Paraguay.png@f9941",
    "value": {
      "depends": [
        "38161f3b-88e1-41a8-bfe3-70d7f5f8bd67@6c48a"
      ]
    },
    "versionCode": 0
  },
  "b610d595-24ed-4bb2-8639-e435134cecc6": {
    "url": "db://assets/Sprite/Player-Peru.png",
    "value": {
      "depends": []
    },
    "versionCode": 0
  },
  "b610d595-24ed-4bb2-8639-e435134cecc6@6c48a": {
    "url": "db://assets/Sprite/Player-Peru.png@6c48a",
    "value": {
      "depends": [
        "b610d595-24ed-4bb2-8639-e435134cecc6"
      ]
    },
    "versionCode": 0
  },
  "b610d595-24ed-4bb2-8639-e435134cecc6@f9941": {
    "url": "db://assets/Sprite/Player-Peru.png@f9941",
    "value": {
      "depends": [
        "b610d595-24ed-4bb2-8639-e435134cecc6@6c48a"
      ]
    },
    "versionCode": 0
  },
  "88abe3a7-1b10-42f7-978e-da3168189285": {
    "url": "db://assets/Sprite/Player-Argentina.png",
    "value": {
      "depends": []
    },
    "versionCode": 0
  },
  "88abe3a7-1b10-42f7-978e-da3168189285@6c48a": {
    "url": "db://assets/Sprite/Player-Argentina.png@6c48a",
    "value": {
      "depends": [
        "88abe3a7-1b10-42f7-978e-da3168189285"
      ]
    },
    "versionCode": 0
  },
  "88abe3a7-1b10-42f7-978e-da3168189285@f9941": {
    "url": "db://assets/Sprite/Player-Argentina.png@f9941",
    "value": {
      "depends": [
        "88abe3a7-1b10-42f7-978e-da3168189285@6c48a"
      ]
    },
    "versionCode": 0
  },
  "7aec9a6a-3501-48e7-b841-ec98c2957206": {
    "url": "db://assets/Sprite/Player-Venezuela.png",
    "value": {
      "depends": []
    },
    "versionCode": 0
  },
  "7aec9a6a-3501-48e7-b841-ec98c2957206@6c48a": {
    "url": "db://assets/Sprite/Player-Venezuela.png@6c48a",
    "value": {
      "depends": [
        "7aec9a6a-3501-48e7-b841-ec98c2957206"
      ]
    },
    "versionCode": 0
  },
  "7aec9a6a-3501-48e7-b841-ec98c2957206@f9941": {
    "url": "db://assets/Sprite/Player-Venezuela.png@f9941",
    "value": {
      "depends": [
        "7aec9a6a-3501-48e7-b841-ec98c2957206@6c48a"
      ]
    },
    "versionCode": 0
  },
  "4732df56-90b0-4166-85c7-bef641ba36a3": {
    "url": "db://assets/Sprite/Player-Colombia.png",
    "value": {
      "depends": []
    },
    "versionCode": 0
  },
  "4732df56-90b0-4166-85c7-bef641ba36a3@6c48a": {
    "url": "db://assets/Sprite/Player-Colombia.png@6c48a",
    "value": {
      "depends": [
        "4732df56-90b0-4166-85c7-bef641ba36a3"
      ]
    },
    "versionCode": 0
  },
  "4732df56-90b0-4166-85c7-bef641ba36a3@f9941": {
    "url": "db://assets/Sprite/Player-Colombia.png@f9941",
    "value": {
      "depends": [
        "4732df56-90b0-4166-85c7-bef641ba36a3@6c48a"
      ]
    },
    "versionCode": 0
  },
  "48ef87fd-83b5-4802-83df-7627e6af61e7": {
    "url": "db://assets/Sprite/Player-Bolivia.png",
    "value": {
      "depends": []
    },
    "versionCode": 0
  },
  "48ef87fd-83b5-4802-83df-7627e6af61e7@6c48a": {
    "url": "db://assets/Sprite/Player-Bolivia.png@6c48a",
    "value": {
      "depends": [
        "48ef87fd-83b5-4802-83df-7627e6af61e7"
      ]
    },
    "versionCode": 0
  },
  "48ef87fd-83b5-4802-83df-7627e6af61e7@f9941": {
    "url": "db://assets/Sprite/Player-Bolivia.png@f9941",
    "value": {
      "depends": [
        "48ef87fd-83b5-4802-83df-7627e6af61e7@6c48a"
      ]
    },
    "versionCode": 0
  },
  "c9cbd010-e3ca-4e58-8d55-0ac416ecb4c2": {
    "url": "db://assets/Script/Score.ts",
    "value": {},
    "versionCode": 0
  },
  "3b9d02c3-1a1b-49cd-a57b-c87f548bf848": {
    "url": "db://assets/Sprite/Rectangle 84.png",
    "value": {
      "depends": []
    },
    "versionCode": 0
  },
  "3b9d02c3-1a1b-49cd-a57b-c87f548bf848@6c48a": {
    "url": "db://assets/Sprite/Rectangle 84.png@6c48a",
    "value": {
      "depends": [
        "3b9d02c3-1a1b-49cd-a57b-c87f548bf848"
      ]
    },
    "versionCode": 0
  },
  "3b9d02c3-1a1b-49cd-a57b-c87f548bf848@f9941": {
    "url": "db://assets/Sprite/Rectangle 84.png@f9941",
    "value": {
      "depends": [
        "3b9d02c3-1a1b-49cd-a57b-c87f548bf848@6c48a"
      ]
    },
    "versionCode": 0
  },
  "2b635d46-194f-44f8-b338-5e72fa0ddaee": {
    "url": "db://assets/Sprite/PuntosFutbol2026 1.png",
    "value": {
      "depends": []
    },
    "versionCode": 0
  },
  "2b635d46-194f-44f8-b338-5e72fa0ddaee@6c48a": {
    "url": "db://assets/Sprite/PuntosFutbol2026 1.png@6c48a",
    "value": {
      "depends": [
        "2b635d46-194f-44f8-b338-5e72fa0ddaee"
      ]
    },
    "versionCode": 0
  },
  "2b635d46-194f-44f8-b338-5e72fa0ddaee@f9941": {
    "url": "db://assets/Sprite/PuntosFutbol2026 1.png@f9941",
    "value": {
      "depends": [
        "2b635d46-194f-44f8-b338-5e72fa0ddaee@6c48a"
      ]
    },
    "versionCode": 0
  },
  "bdb395e8-d54e-4ec7-ae5e-8dc6a084d09a": {
    "url": "db://assets/Animation/cancha.anim",
    "value": {
      "depends": [
        "16b99d75-b136-445f-995b-bce6efa35f58@f9941"
      ]
    },
    "versionCode": 0
  },
  "73284348-f809-40e4-8df7-c8ed0b70e9b0": {
    "url": "db://assets/Animation/canchabucle.anim",
    "value": {
      "depends": []
    },
    "versionCode": 0
  },
  "cfdda88b-1ee3-460f-a0cc-c3f47dc8e765": {
    "url": "db://assets/Sprite/balon-girando.png",
    "value": {
      "depends": []
    },
    "versionCode": 0
  },
  "cfdda88b-1ee3-460f-a0cc-c3f47dc8e765@6c48a": {
    "url": "db://assets/Sprite/balon-girando.png@6c48a",
    "value": {
      "depends": [
        "cfdda88b-1ee3-460f-a0cc-c3f47dc8e765"
      ]
    },
    "versionCode": 0
  },
  "cfdda88b-1ee3-460f-a0cc-c3f47dc8e765@f9941": {
    "url": "db://assets/Sprite/balon-girando.png@f9941",
    "value": {
      "depends": [
        "cfdda88b-1ee3-460f-a0cc-c3f47dc8e765@6c48a"
      ]
    },
    "versionCode": 0
  },
  "0da89bf3-3524-4c64-a581-3df80083c594": {
    "url": "db://assets/Animation/balon-anim.anim",
    "value": {
      "depends": [
        "5f7da1af-c6d5-4b8a-9fd7-ab597c0cc96f@f9941"
      ]
    },
    "versionCode": 0
  },
  "43653f4d-e8e6-45b2-9715-61c5ec32fb8a": {
    "url": "db://assets/Animation/balon2-anim.anim",
    "value": {
      "depends": []
    },
    "versionCode": 0
  },
  "03b858f2-7698-4ce4-8183-f3a2ef7de703": {
    "url": "db://assets/Sprite/balon-girando2.png",
    "value": {
      "depends": []
    },
    "versionCode": 0
  },
  "03b858f2-7698-4ce4-8183-f3a2ef7de703@6c48a": {
    "url": "db://assets/Sprite/balon-girando2.png@6c48a",
    "value": {
      "depends": [
        "03b858f2-7698-4ce4-8183-f3a2ef7de703"
      ]
    },
    "versionCode": 0
  },
  "03b858f2-7698-4ce4-8183-f3a2ef7de703@f9941": {
    "url": "db://assets/Sprite/balon-girando2.png@f9941",
    "value": {
      "depends": [
        "03b858f2-7698-4ce4-8183-f3a2ef7de703@6c48a"
      ]
    },
    "versionCode": 0
  },
  "1bdb8398-e155-4835-83d6-8d457bc1717a": {
    "url": "db://assets/Scene/Inicio.scene",
    "value": {
      "depends": [
        "1bdb8398-e155-4835-83d6-8d457bc1717a",
        "2a8af403-ed95-4e02-a751-527edde3609b@f9941",
        "85b7c48f-4100-440b-8442-64abf957321b@f9941",
        "39da7ed7-11ce-4335-b47d-4cceb734c447@f9941",
        "951249e0-9f16-456d-8b85-a6ca954da16b@f9941",
        "6689d8b0-9170-4c7f-8c25-16ffd76fab59@f9941",
        "3a30d5bc-e67a-457c-a839-a9554c9f558f@f9941",
        "5392801a-c60e-4f49-a7a5-ba1c0ba80c09@f9941",
        "55f59ef5-6a52-4875-add1-99df723c29e6@f9941"
      ],
      "dependScripts": [
        "4040ac00-113f-4c70-b702-dabd16e934ba",
        "a48ba88b-3c96-47d1-9b93-39739e84b177"
      ]
    },
    "versionCode": 0
  },
  "30ec6df6-6126-49ae-8ba2-a85e1e2995b1": {
    "url": "db://assets/Sprite/Runner Portada.png",
    "value": {},
    "versionCode": 0
  },
  "30ec6df6-6126-49ae-8ba2-a85e1e2995b1@6c48a": {
    "url": "db://assets/Sprite/Runner Portada.png@6c48a",
    "value": {
      "depends": [
        "30ec6df6-6126-49ae-8ba2-a85e1e2995b1"
      ]
    },
    "versionCode": 0
  },
  "30ec6df6-6126-49ae-8ba2-a85e1e2995b1@f9941": {
    "url": "db://assets/Sprite/Runner Portada.png@f9941",
    "value": {
      "depends": [
        "30ec6df6-6126-49ae-8ba2-a85e1e2995b1@6c48a"
      ]
    },
    "versionCode": 0
  },
  "b6dccf29-e54d-4b0c-b02b-65a8a66a3e5d": {
    "url": "db://assets/Sprite/Banderas/Mexico.png",
    "value": {
      "depends": []
    },
    "versionCode": 0
  },
  "b6dccf29-e54d-4b0c-b02b-65a8a66a3e5d@6c48a": {
    "url": "db://assets/Sprite/Banderas/Mexico.png@6c48a",
    "value": {
      "depends": [
        "b6dccf29-e54d-4b0c-b02b-65a8a66a3e5d"
      ]
    },
    "versionCode": 0
  },
  "b6dccf29-e54d-4b0c-b02b-65a8a66a3e5d@f9941": {
    "url": "db://assets/Sprite/Banderas/Mexico.png@f9941",
    "value": {
      "depends": [
        "b6dccf29-e54d-4b0c-b02b-65a8a66a3e5d@6c48a"
      ]
    },
    "versionCode": 0
  },
  "fa0e5a9d-2a97-4d19-886e-21a85ed5328b": {
    "url": "db://assets/Sprite/Banderas/USA.png",
    "value": {
      "depends": []
    },
    "versionCode": 0
  },
  "fa0e5a9d-2a97-4d19-886e-21a85ed5328b@6c48a": {
    "url": "db://assets/Sprite/Banderas/USA.png@6c48a",
    "value": {
      "depends": [
        "fa0e5a9d-2a97-4d19-886e-21a85ed5328b"
      ]
    },
    "versionCode": 0
  },
  "fa0e5a9d-2a97-4d19-886e-21a85ed5328b@f9941": {
    "url": "db://assets/Sprite/Banderas/USA.png@f9941",
    "value": {
      "depends": [
        "fa0e5a9d-2a97-4d19-886e-21a85ed5328b@6c48a"
      ]
    },
    "versionCode": 0
  },
  "d639f39a-6113-4a09-a71e-73c1116ce0d5": {
    "url": "db://assets/Sprite/Banderas/Canada.png",
    "value": {
      "depends": []
    },
    "versionCode": 0
  },
  "d639f39a-6113-4a09-a71e-73c1116ce0d5@6c48a": {
    "url": "db://assets/Sprite/Banderas/Canada.png@6c48a",
    "value": {
      "depends": [
        "d639f39a-6113-4a09-a71e-73c1116ce0d5"
      ]
    },
    "versionCode": 0
  },
  "d639f39a-6113-4a09-a71e-73c1116ce0d5@f9941": {
    "url": "db://assets/Sprite/Banderas/Canada.png@f9941",
    "value": {
      "depends": [
        "d639f39a-6113-4a09-a71e-73c1116ce0d5@6c48a"
      ]
    },
    "versionCode": 0
  },
  "f406fa5b-cd4a-4164-973c-6c078dcc47ab": {
    "url": "db://assets/Sprite/Banderas/Mexico2.png",
    "value": {
      "depends": []
    },
    "versionCode": 0
  },
  "f406fa5b-cd4a-4164-973c-6c078dcc47ab@6c48a": {
    "url": "db://assets/Sprite/Banderas/Mexico2.png@6c48a",
    "value": {
      "depends": [
        "f406fa5b-cd4a-4164-973c-6c078dcc47ab"
      ]
    },
    "versionCode": 0
  },
  "f406fa5b-cd4a-4164-973c-6c078dcc47ab@f9941": {
    "url": "db://assets/Sprite/Banderas/Mexico2.png@f9941",
    "value": {
      "depends": [
        "f406fa5b-cd4a-4164-973c-6c078dcc47ab@6c48a"
      ]
    },
    "versionCode": 0
  },
  "4b5f4c33-1c35-4961-8487-c5e87c315143": {
    "url": "db://assets/Sprite/Banderas/Canda2.png",
    "value": {
      "depends": []
    },
    "versionCode": 0
  },
  "4b5f4c33-1c35-4961-8487-c5e87c315143@6c48a": {
    "url": "db://assets/Sprite/Banderas/Canda2.png@6c48a",
    "value": {
      "depends": [
        "4b5f4c33-1c35-4961-8487-c5e87c315143"
      ]
    },
    "versionCode": 0
  },
  "4b5f4c33-1c35-4961-8487-c5e87c315143@f9941": {
    "url": "db://assets/Sprite/Banderas/Canda2.png@f9941",
    "value": {
      "depends": [
        "4b5f4c33-1c35-4961-8487-c5e87c315143@6c48a"
      ]
    },
    "versionCode": 0
  },
  "e5e61651-adee-416c-864d-f0a963acb66c": {
    "url": "db://assets/Sprite/Banderas/USA2.png",
    "value": {
      "depends": []
    },
    "versionCode": 0
  },
  "e5e61651-adee-416c-864d-f0a963acb66c@6c48a": {
    "url": "db://assets/Sprite/Banderas/USA2.png@6c48a",
    "value": {
      "depends": [
        "e5e61651-adee-416c-864d-f0a963acb66c"
      ]
    },
    "versionCode": 0
  },
  "e5e61651-adee-416c-864d-f0a963acb66c@f9941": {
    "url": "db://assets/Sprite/Banderas/USA2.png@f9941",
    "value": {
      "depends": [
        "e5e61651-adee-416c-864d-f0a963acb66c@6c48a"
      ]
    },
    "versionCode": 0
  },
  "c392c096-5587-478e-961f-b6735a9cc0b5": {
    "url": "db://assets/Sprite/Jugador-USA.png",
    "value": {
      "depends": []
    },
    "versionCode": 0
  },
  "c392c096-5587-478e-961f-b6735a9cc0b5@6c48a": {
    "url": "db://assets/Sprite/Jugador-USA.png@6c48a",
    "value": {
      "depends": [
        "c392c096-5587-478e-961f-b6735a9cc0b5"
      ]
    },
    "versionCode": 0
  },
  "c392c096-5587-478e-961f-b6735a9cc0b5@f9941": {
    "url": "db://assets/Sprite/Jugador-USA.png@f9941",
    "value": {
      "depends": [
        "c392c096-5587-478e-961f-b6735a9cc0b5@6c48a"
      ]
    },
    "versionCode": 0
  },
  "85b89067-7e09-431b-9af1-660d9c38e02c": {
    "url": "db://assets/Sprite/Jugador-Canada.png",
    "value": {
      "depends": []
    },
    "versionCode": 0
  },
  "85b89067-7e09-431b-9af1-660d9c38e02c@6c48a": {
    "url": "db://assets/Sprite/Jugador-Canada.png@6c48a",
    "value": {
      "depends": [
        "85b89067-7e09-431b-9af1-660d9c38e02c"
      ]
    },
    "versionCode": 0
  },
  "85b89067-7e09-431b-9af1-660d9c38e02c@f9941": {
    "url": "db://assets/Sprite/Jugador-Canada.png@f9941",
    "value": {
      "depends": [
        "85b89067-7e09-431b-9af1-660d9c38e02c@6c48a"
      ]
    },
    "versionCode": 0
  },
  "2ebd5b39-f587-4618-a905-772485508cd0": {
    "url": "db://assets/Sprite/Player-USA.png",
    "value": {
      "depends": []
    },
    "versionCode": 0
  },
  "2ebd5b39-f587-4618-a905-772485508cd0@6c48a": {
    "url": "db://assets/Sprite/Player-USA.png@6c48a",
    "value": {
      "depends": [
        "2ebd5b39-f587-4618-a905-772485508cd0"
      ]
    },
    "versionCode": 0
  },
  "2ebd5b39-f587-4618-a905-772485508cd0@f9941": {
    "url": "db://assets/Sprite/Player-USA.png@f9941",
    "value": {
      "depends": [
        "2ebd5b39-f587-4618-a905-772485508cd0@6c48a"
      ]
    },
    "versionCode": 0
  },
  "0e01608f-fa44-4f32-bad8-c1a64f957be4": {
    "url": "db://assets/Sprite/Player-Mexico.png",
    "value": {
      "depends": []
    },
    "versionCode": 0
  },
  "0e01608f-fa44-4f32-bad8-c1a64f957be4@6c48a": {
    "url": "db://assets/Sprite/Player-Mexico.png@6c48a",
    "value": {
      "depends": [
        "0e01608f-fa44-4f32-bad8-c1a64f957be4"
      ]
    },
    "versionCode": 0
  },
  "0e01608f-fa44-4f32-bad8-c1a64f957be4@f9941": {
    "url": "db://assets/Sprite/Player-Mexico.png@f9941",
    "value": {
      "depends": [
        "0e01608f-fa44-4f32-bad8-c1a64f957be4@6c48a"
      ]
    },
    "versionCode": 0
  },
  "4daf8189-9c86-4e11-ad73-71b573f979cf": {
    "url": "db://assets/Sprite/Jugador-Mexico.png",
    "value": {
      "depends": []
    },
    "versionCode": 0
  },
  "4daf8189-9c86-4e11-ad73-71b573f979cf@6c48a": {
    "url": "db://assets/Sprite/Jugador-Mexico.png@6c48a",
    "value": {
      "depends": [
        "4daf8189-9c86-4e11-ad73-71b573f979cf"
      ]
    },
    "versionCode": 0
  },
  "4daf8189-9c86-4e11-ad73-71b573f979cf@f9941": {
    "url": "db://assets/Sprite/Jugador-Mexico.png@f9941",
    "value": {
      "depends": [
        "4daf8189-9c86-4e11-ad73-71b573f979cf@6c48a"
      ]
    },
    "versionCode": 0
  },
  "82ab8c1b-5bb4-42b1-b113-9410f077c8f0": {
    "url": "db://assets/Sprite/Player-Canada.png",
    "value": {
      "depends": []
    },
    "versionCode": 0
  },
  "82ab8c1b-5bb4-42b1-b113-9410f077c8f0@6c48a": {
    "url": "db://assets/Sprite/Player-Canada.png@6c48a",
    "value": {
      "depends": [
        "82ab8c1b-5bb4-42b1-b113-9410f077c8f0"
      ]
    },
    "versionCode": 0
  },
  "82ab8c1b-5bb4-42b1-b113-9410f077c8f0@f9941": {
    "url": "db://assets/Sprite/Player-Canada.png@f9941",
    "value": {
      "depends": [
        "82ab8c1b-5bb4-42b1-b113-9410f077c8f0@6c48a"
      ]
    },
    "versionCode": 0
  },
  "231f3b9e-4385-4e63-ab4c-d497440fcc08": {
    "url": "db://assets/Script/Equipos.ts",
    "value": {},
    "versionCode": 0
  },
  "c9c9b676-20af-4627-9167-a125c2d77938": {
    "url": "db://assets/Sprite/Penaltis-internacional Volver-H.png",
    "value": {
      "depends": []
    },
    "versionCode": 0
  },
  "c9c9b676-20af-4627-9167-a125c2d77938@6c48a": {
    "url": "db://assets/Sprite/Penaltis-internacional Volver-H.png@6c48a",
    "value": {
      "depends": [
        "c9c9b676-20af-4627-9167-a125c2d77938"
      ]
    },
    "versionCode": 0
  },
  "c9c9b676-20af-4627-9167-a125c2d77938@f9941": {
    "url": "db://assets/Sprite/Penaltis-internacional Volver-H.png@f9941",
    "value": {
      "depends": [
        "c9c9b676-20af-4627-9167-a125c2d77938@6c48a"
      ]
    },
    "versionCode": 0
  },
  "39da7ed7-11ce-4335-b47d-4cceb734c447": {
    "url": "db://assets/Sprite/Penaltis-internacional-inicio-P.png",
    "value": {
      "depends": []
    },
    "versionCode": 0
  },
  "39da7ed7-11ce-4335-b47d-4cceb734c447@6c48a": {
    "url": "db://assets/Sprite/Penaltis-internacional-inicio-P.png@6c48a",
    "value": {
      "depends": [
        "39da7ed7-11ce-4335-b47d-4cceb734c447"
      ]
    },
    "versionCode": 0
  },
  "39da7ed7-11ce-4335-b47d-4cceb734c447@f9941": {
    "url": "db://assets/Sprite/Penaltis-internacional-inicio-P.png@f9941",
    "value": {
      "depends": [
        "39da7ed7-11ce-4335-b47d-4cceb734c447@6c48a"
      ]
    },
    "versionCode": 0
  },
  "85b7c48f-4100-440b-8442-64abf957321b": {
    "url": "db://assets/Sprite/Penaltis-internacional-inicio-H.png",
    "value": {
      "depends": []
    },
    "versionCode": 0
  },
  "85b7c48f-4100-440b-8442-64abf957321b@6c48a": {
    "url": "db://assets/Sprite/Penaltis-internacional-inicio-H.png@6c48a",
    "value": {
      "depends": [
        "85b7c48f-4100-440b-8442-64abf957321b"
      ]
    },
    "versionCode": 0
  },
  "85b7c48f-4100-440b-8442-64abf957321b@f9941": {
    "url": "db://assets/Sprite/Penaltis-internacional-inicio-H.png@f9941",
    "value": {
      "depends": [
        "85b7c48f-4100-440b-8442-64abf957321b@6c48a"
      ]
    },
    "versionCode": 0
  },
  "2a8af403-ed95-4e02-a751-527edde3609b": {
    "url": "db://assets/Sprite/Penaltis-internacional-inicio.png",
    "value": {
      "depends": []
    },
    "versionCode": 0
  },
  "2a8af403-ed95-4e02-a751-527edde3609b@6c48a": {
    "url": "db://assets/Sprite/Penaltis-internacional-inicio.png@6c48a",
    "value": {
      "depends": [
        "2a8af403-ed95-4e02-a751-527edde3609b"
      ]
    },
    "versionCode": 0
  },
  "2a8af403-ed95-4e02-a751-527edde3609b@f9941": {
    "url": "db://assets/Sprite/Penaltis-internacional-inicio.png@f9941",
    "value": {
      "depends": [
        "2a8af403-ed95-4e02-a751-527edde3609b@6c48a"
      ]
    },
    "versionCode": 0
  },
  "0405ca0f-3afe-4fbd-964f-fdf136f5daec": {
    "url": "db://assets/Sprite/Penaltis-internacional Volver-P.png",
    "value": {
      "depends": []
    },
    "versionCode": 0
  },
  "0405ca0f-3afe-4fbd-964f-fdf136f5daec@6c48a": {
    "url": "db://assets/Sprite/Penaltis-internacional Volver-P.png@6c48a",
    "value": {
      "depends": [
        "0405ca0f-3afe-4fbd-964f-fdf136f5daec"
      ]
    },
    "versionCode": 0
  },
  "0405ca0f-3afe-4fbd-964f-fdf136f5daec@f9941": {
    "url": "db://assets/Sprite/Penaltis-internacional Volver-P.png@f9941",
    "value": {
      "depends": [
        "0405ca0f-3afe-4fbd-964f-fdf136f5daec@6c48a"
      ]
    },
    "versionCode": 0
  },
  "b987a266-b90f-4de9-b80e-f3fad75ecc37": {
    "url": "db://assets/Sprite/Penaltis-internacional Volver.png",
    "value": {
      "depends": []
    },
    "versionCode": 0
  },
  "b987a266-b90f-4de9-b80e-f3fad75ecc37@6c48a": {
    "url": "db://assets/Sprite/Penaltis-internacional Volver.png@6c48a",
    "value": {
      "depends": [
        "b987a266-b90f-4de9-b80e-f3fad75ecc37"
      ]
    },
    "versionCode": 0
  },
  "b987a266-b90f-4de9-b80e-f3fad75ecc37@f9941": {
    "url": "db://assets/Sprite/Penaltis-internacional Volver.png@f9941",
    "value": {
      "depends": [
        "b987a266-b90f-4de9-b80e-f3fad75ecc37@6c48a"
      ]
    },
    "versionCode": 0
  },
  "4040ac00-113f-4c70-b702-dabd16e934ba": {
    "url": "db://assets/Script/ButtonMessage.ts",
    "value": {},
    "versionCode": 0
  },
  "f1f6d03b-b6a3-46d9-bfe0-5e67391f9067": {
    "url": "db://assets/Script/SpawnBalon.ts",
    "value": {},
    "versionCode": 0
  },
  "a0259a8e-9445-4bde-9a7d-ea4e7f248e21": {
    "url": "db://assets/Prefab/balon.prefab",
    "value": {
      "depends": [
        "5f7da1af-c6d5-4b8a-9fd7-ab597c0cc96f@f9941"
      ],
      "dependScripts": []
    },
    "versionCode": 0
  },
  "7d48476d-af29-46a0-bb21-b121d373286c": {
    "url": "db://assets/Sprite/Portero/Mexico-Portero.png",
    "value": {
      "depends": []
    },
    "versionCode": 0
  },
  "7d48476d-af29-46a0-bb21-b121d373286c@6c48a": {
    "url": "db://assets/Sprite/Portero/Mexico-Portero.png@6c48a",
    "value": {
      "depends": [
        "7d48476d-af29-46a0-bb21-b121d373286c"
      ]
    },
    "versionCode": 0
  },
  "7d48476d-af29-46a0-bb21-b121d373286c@f9941": {
    "url": "db://assets/Sprite/Portero/Mexico-Portero.png@f9941",
    "value": {
      "depends": [
        "7d48476d-af29-46a0-bb21-b121d373286c@6c48a"
      ]
    },
    "versionCode": 0
  },
  "4038f52f-cdc2-432d-9b05-18689768c6d8": {
    "url": "db://assets/Sprite/Portero/Colombia-Portero.png",
    "value": {
      "depends": []
    },
    "versionCode": 0
  },
  "4038f52f-cdc2-432d-9b05-18689768c6d8@6c48a": {
    "url": "db://assets/Sprite/Portero/Colombia-Portero.png@6c48a",
    "value": {
      "depends": [
        "4038f52f-cdc2-432d-9b05-18689768c6d8"
      ]
    },
    "versionCode": 0
  },
  "4038f52f-cdc2-432d-9b05-18689768c6d8@f9941": {
    "url": "db://assets/Sprite/Portero/Colombia-Portero.png@f9941",
    "value": {
      "depends": [
        "4038f52f-cdc2-432d-9b05-18689768c6d8@6c48a"
      ]
    },
    "versionCode": 0
  },
  "f13ac2af-02f7-4106-a952-e08ed21c9df6": {
    "url": "db://assets/Sprite/Portero/USA-Portero.png",
    "value": {
      "depends": []
    },
    "versionCode": 0
  },
  "f13ac2af-02f7-4106-a952-e08ed21c9df6@6c48a": {
    "url": "db://assets/Sprite/Portero/USA-Portero.png@6c48a",
    "value": {
      "depends": [
        "f13ac2af-02f7-4106-a952-e08ed21c9df6"
      ]
    },
    "versionCode": 0
  },
  "f13ac2af-02f7-4106-a952-e08ed21c9df6@f9941": {
    "url": "db://assets/Sprite/Portero/USA-Portero.png@f9941",
    "value": {
      "depends": [
        "f13ac2af-02f7-4106-a952-e08ed21c9df6@6c48a"
      ]
    },
    "versionCode": 0
  },
  "62378495-9847-475b-a8b6-6083331d76c0": {
    "url": "db://assets/Sprite/Portero/Canada-Portero.png",
    "value": {
      "depends": []
    },
    "versionCode": 0
  },
  "62378495-9847-475b-a8b6-6083331d76c0@6c48a": {
    "url": "db://assets/Sprite/Portero/Canada-Portero.png@6c48a",
    "value": {
      "depends": [
        "62378495-9847-475b-a8b6-6083331d76c0"
      ]
    },
    "versionCode": 0
  },
  "62378495-9847-475b-a8b6-6083331d76c0@f9941": {
    "url": "db://assets/Sprite/Portero/Canada-Portero.png@f9941",
    "value": {
      "depends": [
        "62378495-9847-475b-a8b6-6083331d76c0@6c48a"
      ]
    },
    "versionCode": 0
  },
  "320e0ab8-6035-4526-9fb6-9bc126c50968": {
    "url": "db://assets/Sprite/Portero/Brasil-Portero.png",
    "value": {
      "depends": []
    },
    "versionCode": 0
  },
  "320e0ab8-6035-4526-9fb6-9bc126c50968@6c48a": {
    "url": "db://assets/Sprite/Portero/Brasil-Portero.png@6c48a",
    "value": {
      "depends": [
        "320e0ab8-6035-4526-9fb6-9bc126c50968"
      ]
    },
    "versionCode": 0
  },
  "320e0ab8-6035-4526-9fb6-9bc126c50968@f9941": {
    "url": "db://assets/Sprite/Portero/Brasil-Portero.png@f9941",
    "value": {
      "depends": [
        "320e0ab8-6035-4526-9fb6-9bc126c50968@6c48a"
      ]
    },
    "versionCode": 0
  },
  "5293c47b-df2c-47ba-b29f-11118b0b9f3d": {
    "url": "db://assets/Sprite/Portero/Argentina-Portero.png",
    "value": {
      "depends": []
    },
    "versionCode": 0
  },
  "5293c47b-df2c-47ba-b29f-11118b0b9f3d@6c48a": {
    "url": "db://assets/Sprite/Portero/Argentina-Portero.png@6c48a",
    "value": {
      "depends": [
        "5293c47b-df2c-47ba-b29f-11118b0b9f3d"
      ]
    },
    "versionCode": 0
  },
  "5293c47b-df2c-47ba-b29f-11118b0b9f3d@f9941": {
    "url": "db://assets/Sprite/Portero/Argentina-Portero.png@f9941",
    "value": {
      "depends": [
        "5293c47b-df2c-47ba-b29f-11118b0b9f3d@6c48a"
      ]
    },
    "versionCode": 0
  },
  "5a803218-c44f-4ec0-83b2-5124a4503633": {
    "url": "db://assets/Sprite/Portero/Chile-Portero.png",
    "value": {
      "depends": []
    },
    "versionCode": 0
  },
  "5a803218-c44f-4ec0-83b2-5124a4503633@6c48a": {
    "url": "db://assets/Sprite/Portero/Chile-Portero.png@6c48a",
    "value": {
      "depends": [
        "5a803218-c44f-4ec0-83b2-5124a4503633"
      ]
    },
    "versionCode": 0
  },
  "5a803218-c44f-4ec0-83b2-5124a4503633@f9941": {
    "url": "db://assets/Sprite/Portero/Chile-Portero.png@f9941",
    "value": {
      "depends": [
        "5a803218-c44f-4ec0-83b2-5124a4503633@6c48a"
      ]
    },
    "versionCode": 0
  },
  "f3f49957-0a11-43a7-b1a8-f4308d25170f": {
    "url": "db://assets/Sprite/Portero/Parrauay-Portero.png",
    "value": {
      "depends": []
    },
    "versionCode": 0
  },
  "f3f49957-0a11-43a7-b1a8-f4308d25170f@6c48a": {
    "url": "db://assets/Sprite/Portero/Parrauay-Portero.png@6c48a",
    "value": {
      "depends": [
        "f3f49957-0a11-43a7-b1a8-f4308d25170f"
      ]
    },
    "versionCode": 0
  },
  "f3f49957-0a11-43a7-b1a8-f4308d25170f@f9941": {
    "url": "db://assets/Sprite/Portero/Parrauay-Portero.png@f9941",
    "value": {
      "depends": [
        "f3f49957-0a11-43a7-b1a8-f4308d25170f@6c48a"
      ]
    },
    "versionCode": 0
  },
  "def71978-7a89-4857-b8a0-4b255f8d4c09": {
    "url": "db://assets/Sprite/Portero/Bolivia-Portero.png",
    "value": {
      "depends": []
    },
    "versionCode": 0
  },
  "def71978-7a89-4857-b8a0-4b255f8d4c09@6c48a": {
    "url": "db://assets/Sprite/Portero/Bolivia-Portero.png@6c48a",
    "value": {
      "depends": [
        "def71978-7a89-4857-b8a0-4b255f8d4c09"
      ]
    },
    "versionCode": 0
  },
  "def71978-7a89-4857-b8a0-4b255f8d4c09@f9941": {
    "url": "db://assets/Sprite/Portero/Bolivia-Portero.png@f9941",
    "value": {
      "depends": [
        "def71978-7a89-4857-b8a0-4b255f8d4c09@6c48a"
      ]
    },
    "versionCode": 0
  },
  "997601bf-71f0-416d-a25b-dd30be87c414": {
    "url": "db://assets/Sprite/Portero/Peru-Portero.png",
    "value": {
      "depends": []
    },
    "versionCode": 0
  },
  "997601bf-71f0-416d-a25b-dd30be87c414@6c48a": {
    "url": "db://assets/Sprite/Portero/Peru-Portero.png@6c48a",
    "value": {
      "depends": [
        "997601bf-71f0-416d-a25b-dd30be87c414"
      ]
    },
    "versionCode": 0
  },
  "997601bf-71f0-416d-a25b-dd30be87c414@f9941": {
    "url": "db://assets/Sprite/Portero/Peru-Portero.png@f9941",
    "value": {
      "depends": [
        "997601bf-71f0-416d-a25b-dd30be87c414@6c48a"
      ]
    },
    "versionCode": 0
  },
  "9804580c-df3d-40d9-aebc-9d43c2b0da58": {
    "url": "db://assets/Sprite/Portero/Venezuela-Portero.png",
    "value": {
      "depends": []
    },
    "versionCode": 0
  },
  "9804580c-df3d-40d9-aebc-9d43c2b0da58@6c48a": {
    "url": "db://assets/Sprite/Portero/Venezuela-Portero.png@6c48a",
    "value": {
      "depends": [
        "9804580c-df3d-40d9-aebc-9d43c2b0da58"
      ]
    },
    "versionCode": 0
  },
  "9804580c-df3d-40d9-aebc-9d43c2b0da58@f9941": {
    "url": "db://assets/Sprite/Portero/Venezuela-Portero.png@f9941",
    "value": {
      "depends": [
        "9804580c-df3d-40d9-aebc-9d43c2b0da58@6c48a"
      ]
    },
    "versionCode": 0
  },
  "dc4762f3-fd03-4d70-bc59-12224fe0bd41": {
    "url": "db://assets/Sprite/Portero/Urugguay-Portero.png",
    "value": {
      "depends": []
    },
    "versionCode": 0
  },
  "dc4762f3-fd03-4d70-bc59-12224fe0bd41@6c48a": {
    "url": "db://assets/Sprite/Portero/Urugguay-Portero.png@6c48a",
    "value": {
      "depends": [
        "dc4762f3-fd03-4d70-bc59-12224fe0bd41"
      ]
    },
    "versionCode": 0
  },
  "dc4762f3-fd03-4d70-bc59-12224fe0bd41@f9941": {
    "url": "db://assets/Sprite/Portero/Urugguay-Portero.png@f9941",
    "value": {
      "depends": [
        "dc4762f3-fd03-4d70-bc59-12224fe0bd41@6c48a"
      ]
    },
    "versionCode": 0
  },
  "1404a363-dc07-4a0e-8934-815778d04d14": {
    "url": "db://assets/Sprite/Portero",
    "value": {},
    "versionCode": 0
  },
  "d35bebef-bf20-4d06-8242-fd1bcc826354": {
    "url": "db://assets/Script/balon.ts",
    "value": {},
    "versionCode": 0
  },
  "39524e59-806c-4a87-83f1-bee0be65345d": {
    "url": "db://assets/Sprite/toppng.com-telcel-logo-2000x440.png",
    "value": {},
    "versionCode": 0
  },
  "39524e59-806c-4a87-83f1-bee0be65345d@6c48a": {
    "url": "db://assets/Sprite/toppng.com-telcel-logo-2000x440.png@6c48a",
    "value": {
      "depends": [
        "39524e59-806c-4a87-83f1-bee0be65345d"
      ]
    },
    "versionCode": 0
  },
  "39524e59-806c-4a87-83f1-bee0be65345d@f9941": {
    "url": "db://assets/Sprite/toppng.com-telcel-logo-2000x440.png@f9941",
    "value": {
      "depends": [
        "39524e59-806c-4a87-83f1-bee0be65345d@6c48a"
      ]
    },
    "versionCode": 0
  },
  "55f59ef5-6a52-4875-add1-99df723c29e6": {
    "url": "db://assets/Sprite/Portero Puntos Portada.png",
    "value": {
      "depends": []
    },
    "versionCode": 0
  },
  "55f59ef5-6a52-4875-add1-99df723c29e6@6c48a": {
    "url": "db://assets/Sprite/Portero Puntos Portada.png@6c48a",
    "value": {
      "depends": [
        "55f59ef5-6a52-4875-add1-99df723c29e6"
      ]
    },
    "versionCode": 0
  },
  "55f59ef5-6a52-4875-add1-99df723c29e6@f9941": {
    "url": "db://assets/Sprite/Portero Puntos Portada.png@f9941",
    "value": {
      "depends": [
        "55f59ef5-6a52-4875-add1-99df723c29e6@6c48a"
      ]
    },
    "versionCode": 0
  },
  "ae184af4-e7dc-4bc3-a29d-11487bb0f44e": {
    "url": "db://assets/Sprite/Penaltis_seleccion2.png",
    "value": {
      "depends": []
    },
    "versionCode": 0
  },
  "ae184af4-e7dc-4bc3-a29d-11487bb0f44e@6c48a": {
    "url": "db://assets/Sprite/Penaltis_seleccion2.png@6c48a",
    "value": {
      "depends": [
        "ae184af4-e7dc-4bc3-a29d-11487bb0f44e"
      ]
    },
    "versionCode": 0
  },
  "ae184af4-e7dc-4bc3-a29d-11487bb0f44e@f9941": {
    "url": "db://assets/Sprite/Penaltis_seleccion2.png@f9941",
    "value": {
      "depends": [
        "ae184af4-e7dc-4bc3-a29d-11487bb0f44e@6c48a"
      ]
    },
    "versionCode": 0
  },
  "65650466-b15e-4404-9e90-253b26cf67ee": {
    "url": "db://assets/Sprite/Portero/Japon_portero.png",
    "value": {
      "depends": []
    },
    "versionCode": 0
  },
  "65650466-b15e-4404-9e90-253b26cf67ee@6c48a": {
    "url": "db://assets/Sprite/Portero/Japon_portero.png@6c48a",
    "value": {
      "depends": [
        "65650466-b15e-4404-9e90-253b26cf67ee"
      ]
    },
    "versionCode": 0
  },
  "65650466-b15e-4404-9e90-253b26cf67ee@f9941": {
    "url": "db://assets/Sprite/Portero/Japon_portero.png@f9941",
    "value": {
      "depends": [
        "65650466-b15e-4404-9e90-253b26cf67ee@6c48a"
      ]
    },
    "versionCode": 0
  },
  "777da8fe-2d56-4bae-a305-13b70bf2f1a0": {
    "url": "db://assets/Sprite/Portero/Italia_portero.png",
    "value": {
      "depends": []
    },
    "versionCode": 0
  },
  "777da8fe-2d56-4bae-a305-13b70bf2f1a0@6c48a": {
    "url": "db://assets/Sprite/Portero/Italia_portero.png@6c48a",
    "value": {
      "depends": [
        "777da8fe-2d56-4bae-a305-13b70bf2f1a0"
      ]
    },
    "versionCode": 0
  },
  "777da8fe-2d56-4bae-a305-13b70bf2f1a0@f9941": {
    "url": "db://assets/Sprite/Portero/Italia_portero.png@f9941",
    "value": {
      "depends": [
        "777da8fe-2d56-4bae-a305-13b70bf2f1a0@6c48a"
      ]
    },
    "versionCode": 0
  },
  "d6c76dd9-945a-4e76-83cf-55e847a3fa53": {
    "url": "db://assets/Sprite/Portero/Alemania_portero.png",
    "value": {
      "depends": []
    },
    "versionCode": 0
  },
  "d6c76dd9-945a-4e76-83cf-55e847a3fa53@6c48a": {
    "url": "db://assets/Sprite/Portero/Alemania_portero.png@6c48a",
    "value": {
      "depends": [
        "d6c76dd9-945a-4e76-83cf-55e847a3fa53"
      ]
    },
    "versionCode": 0
  },
  "d6c76dd9-945a-4e76-83cf-55e847a3fa53@f9941": {
    "url": "db://assets/Sprite/Portero/Alemania_portero.png@f9941",
    "value": {
      "depends": [
        "d6c76dd9-945a-4e76-83cf-55e847a3fa53@6c48a"
      ]
    },
    "versionCode": 0
  },
  "b6891071-a23b-4b7e-984a-600dea3a79a6": {
    "url": "db://assets/Sprite/Portero/Portugal_portero.png",
    "value": {
      "depends": []
    },
    "versionCode": 0
  },
  "b6891071-a23b-4b7e-984a-600dea3a79a6@6c48a": {
    "url": "db://assets/Sprite/Portero/Portugal_portero.png@6c48a",
    "value": {
      "depends": [
        "b6891071-a23b-4b7e-984a-600dea3a79a6"
      ]
    },
    "versionCode": 0
  },
  "b6891071-a23b-4b7e-984a-600dea3a79a6@f9941": {
    "url": "db://assets/Sprite/Portero/Portugal_portero.png@f9941",
    "value": {
      "depends": [
        "b6891071-a23b-4b7e-984a-600dea3a79a6@6c48a"
      ]
    },
    "versionCode": 0
  },
  "b6a783be-54f8-4930-98ab-507fafafe24c": {
    "url": "db://assets/Sprite/Portero/Corea_portero.png",
    "value": {
      "depends": []
    },
    "versionCode": 0
  },
  "b6a783be-54f8-4930-98ab-507fafafe24c@6c48a": {
    "url": "db://assets/Sprite/Portero/Corea_portero.png@6c48a",
    "value": {
      "depends": [
        "b6a783be-54f8-4930-98ab-507fafafe24c"
      ]
    },
    "versionCode": 0
  },
  "b6a783be-54f8-4930-98ab-507fafafe24c@f9941": {
    "url": "db://assets/Sprite/Portero/Corea_portero.png@f9941",
    "value": {
      "depends": [
        "b6a783be-54f8-4930-98ab-507fafafe24c@6c48a"
      ]
    },
    "versionCode": 0
  },
  "7d598cd7-bf70-42b4-af63-3c221cca4ade": {
    "url": "db://assets/Sprite/Portero/Francia_portero.png",
    "value": {
      "depends": []
    },
    "versionCode": 0
  },
  "7d598cd7-bf70-42b4-af63-3c221cca4ade@6c48a": {
    "url": "db://assets/Sprite/Portero/Francia_portero.png@6c48a",
    "value": {
      "depends": [
        "7d598cd7-bf70-42b4-af63-3c221cca4ade"
      ]
    },
    "versionCode": 0
  },
  "7d598cd7-bf70-42b4-af63-3c221cca4ade@f9941": {
    "url": "db://assets/Sprite/Portero/Francia_portero.png@f9941",
    "value": {
      "depends": [
        "7d598cd7-bf70-42b4-af63-3c221cca4ade@6c48a"
      ]
    },
    "versionCode": 0
  },
  "9db067dd-19b0-49fe-b68f-684f1bb77d6c": {
    "url": "db://assets/Sprite/Portero/Inglaterra_portero.png",
    "value": {
      "depends": []
    },
    "versionCode": 0
  },
  "9db067dd-19b0-49fe-b68f-684f1bb77d6c@6c48a": {
    "url": "db://assets/Sprite/Portero/Inglaterra_portero.png@6c48a",
    "value": {
      "depends": [
        "9db067dd-19b0-49fe-b68f-684f1bb77d6c"
      ]
    },
    "versionCode": 0
  },
  "9db067dd-19b0-49fe-b68f-684f1bb77d6c@f9941": {
    "url": "db://assets/Sprite/Portero/Inglaterra_portero.png@f9941",
    "value": {
      "depends": [
        "9db067dd-19b0-49fe-b68f-684f1bb77d6c@6c48a"
      ]
    },
    "versionCode": 0
  },
  "7af3f171-b84f-42a5-acbb-e4592a4ba8a9": {
    "url": "db://assets/Sprite/Portero/Holanda_portero.png",
    "value": {
      "depends": []
    },
    "versionCode": 0
  },
  "7af3f171-b84f-42a5-acbb-e4592a4ba8a9@6c48a": {
    "url": "db://assets/Sprite/Portero/Holanda_portero.png@6c48a",
    "value": {
      "depends": [
        "7af3f171-b84f-42a5-acbb-e4592a4ba8a9"
      ]
    },
    "versionCode": 0
  },
  "7af3f171-b84f-42a5-acbb-e4592a4ba8a9@f9941": {
    "url": "db://assets/Sprite/Portero/Holanda_portero.png@f9941",
    "value": {
      "depends": [
        "7af3f171-b84f-42a5-acbb-e4592a4ba8a9@6c48a"
      ]
    },
    "versionCode": 0
  },
  "b426f6ae-cef2-4505-ae81-d54ed00edd62": {
    "url": "db://assets/Sprite/Jugador-Japon.png",
    "value": {
      "depends": []
    },
    "versionCode": 0
  },
  "b426f6ae-cef2-4505-ae81-d54ed00edd62@6c48a": {
    "url": "db://assets/Sprite/Jugador-Japon.png@6c48a",
    "value": {
      "depends": [
        "b426f6ae-cef2-4505-ae81-d54ed00edd62"
      ]
    },
    "versionCode": 0
  },
  "b426f6ae-cef2-4505-ae81-d54ed00edd62@f9941": {
    "url": "db://assets/Sprite/Jugador-Japon.png@f9941",
    "value": {
      "depends": [
        "b426f6ae-cef2-4505-ae81-d54ed00edd62@6c48a"
      ]
    },
    "versionCode": 0
  },
  "85f52b73-c439-427d-882f-7df7ca0f051b": {
    "url": "db://assets/Sprite/Jugador-Portugal.png",
    "value": {
      "depends": []
    },
    "versionCode": 0
  },
  "85f52b73-c439-427d-882f-7df7ca0f051b@6c48a": {
    "url": "db://assets/Sprite/Jugador-Portugal.png@6c48a",
    "value": {
      "depends": [
        "85f52b73-c439-427d-882f-7df7ca0f051b"
      ]
    },
    "versionCode": 0
  },
  "85f52b73-c439-427d-882f-7df7ca0f051b@f9941": {
    "url": "db://assets/Sprite/Jugador-Portugal.png@f9941",
    "value": {
      "depends": [
        "85f52b73-c439-427d-882f-7df7ca0f051b@6c48a"
      ]
    },
    "versionCode": 0
  },
  "7d731884-cf8e-4fa7-a0b9-f7b96d6d478b": {
    "url": "db://assets/Sprite/Jugador-Corea.png",
    "value": {
      "depends": []
    },
    "versionCode": 0
  },
  "7d731884-cf8e-4fa7-a0b9-f7b96d6d478b@6c48a": {
    "url": "db://assets/Sprite/Jugador-Corea.png@6c48a",
    "value": {
      "depends": [
        "7d731884-cf8e-4fa7-a0b9-f7b96d6d478b"
      ]
    },
    "versionCode": 0
  },
  "7d731884-cf8e-4fa7-a0b9-f7b96d6d478b@f9941": {
    "url": "db://assets/Sprite/Jugador-Corea.png@f9941",
    "value": {
      "depends": [
        "7d731884-cf8e-4fa7-a0b9-f7b96d6d478b@6c48a"
      ]
    },
    "versionCode": 0
  },
  "23e4c8ff-a14b-4e46-a742-e573cf02b964": {
    "url": "db://assets/Sprite/Jugador-Alemania.png",
    "value": {
      "depends": []
    },
    "versionCode": 0
  },
  "23e4c8ff-a14b-4e46-a742-e573cf02b964@6c48a": {
    "url": "db://assets/Sprite/Jugador-Alemania.png@6c48a",
    "value": {
      "depends": [
        "23e4c8ff-a14b-4e46-a742-e573cf02b964"
      ]
    },
    "versionCode": 0
  },
  "23e4c8ff-a14b-4e46-a742-e573cf02b964@f9941": {
    "url": "db://assets/Sprite/Jugador-Alemania.png@f9941",
    "value": {
      "depends": [
        "23e4c8ff-a14b-4e46-a742-e573cf02b964@6c48a"
      ]
    },
    "versionCode": 0
  },
  "3bc86f39-bfdd-4356-9dd0-d8dcd9ca6242": {
    "url": "db://assets/Sprite/Jugador-Holanda.png",
    "value": {
      "depends": []
    },
    "versionCode": 0
  },
  "3bc86f39-bfdd-4356-9dd0-d8dcd9ca6242@6c48a": {
    "url": "db://assets/Sprite/Jugador-Holanda.png@6c48a",
    "value": {
      "depends": [
        "3bc86f39-bfdd-4356-9dd0-d8dcd9ca6242"
      ]
    },
    "versionCode": 0
  },
  "3bc86f39-bfdd-4356-9dd0-d8dcd9ca6242@f9941": {
    "url": "db://assets/Sprite/Jugador-Holanda.png@f9941",
    "value": {
      "depends": [
        "3bc86f39-bfdd-4356-9dd0-d8dcd9ca6242@6c48a"
      ]
    },
    "versionCode": 0
  },
  "9d22022e-a0cb-4d39-9282-331e33b0fcfe": {
    "url": "db://assets/Sprite/Jugador-Francia.png",
    "value": {
      "depends": []
    },
    "versionCode": 0
  },
  "9d22022e-a0cb-4d39-9282-331e33b0fcfe@6c48a": {
    "url": "db://assets/Sprite/Jugador-Francia.png@6c48a",
    "value": {
      "depends": [
        "9d22022e-a0cb-4d39-9282-331e33b0fcfe"
      ]
    },
    "versionCode": 0
  },
  "9d22022e-a0cb-4d39-9282-331e33b0fcfe@f9941": {
    "url": "db://assets/Sprite/Jugador-Francia.png@f9941",
    "value": {
      "depends": [
        "9d22022e-a0cb-4d39-9282-331e33b0fcfe@6c48a"
      ]
    },
    "versionCode": 0
  },
  "3e45fdd9-be36-4021-8deb-a903f2caacb6": {
    "url": "db://assets/Sprite/Jugador-Inglaterra.png",
    "value": {
      "depends": []
    },
    "versionCode": 0
  },
  "3e45fdd9-be36-4021-8deb-a903f2caacb6@6c48a": {
    "url": "db://assets/Sprite/Jugador-Inglaterra.png@6c48a",
    "value": {
      "depends": [
        "3e45fdd9-be36-4021-8deb-a903f2caacb6"
      ]
    },
    "versionCode": 0
  },
  "3e45fdd9-be36-4021-8deb-a903f2caacb6@f9941": {
    "url": "db://assets/Sprite/Jugador-Inglaterra.png@f9941",
    "value": {
      "depends": [
        "3e45fdd9-be36-4021-8deb-a903f2caacb6@6c48a"
      ]
    },
    "versionCode": 0
  },
  "b99e759f-ea41-41e2-aa5e-507853ab9555": {
    "url": "db://assets/Sprite/Jugador-Italia.png",
    "value": {
      "depends": []
    },
    "versionCode": 0
  },
  "b99e759f-ea41-41e2-aa5e-507853ab9555@6c48a": {
    "url": "db://assets/Sprite/Jugador-Italia.png@6c48a",
    "value": {
      "depends": [
        "b99e759f-ea41-41e2-aa5e-507853ab9555"
      ]
    },
    "versionCode": 0
  },
  "b99e759f-ea41-41e2-aa5e-507853ab9555@f9941": {
    "url": "db://assets/Sprite/Jugador-Italia.png@f9941",
    "value": {
      "depends": [
        "b99e759f-ea41-41e2-aa5e-507853ab9555@6c48a"
      ]
    },
    "versionCode": 0
  },
  "6235b72b-fff0-46cf-885a-bd34f8fea6e8": {
    "url": "db://assets/Sprite/Banderas/Italia.png",
    "value": {
      "depends": []
    },
    "versionCode": 0
  },
  "6235b72b-fff0-46cf-885a-bd34f8fea6e8@6c48a": {
    "url": "db://assets/Sprite/Banderas/Italia.png@6c48a",
    "value": {
      "depends": [
        "6235b72b-fff0-46cf-885a-bd34f8fea6e8"
      ]
    },
    "versionCode": 0
  },
  "6235b72b-fff0-46cf-885a-bd34f8fea6e8@f9941": {
    "url": "db://assets/Sprite/Banderas/Italia.png@f9941",
    "value": {
      "depends": [
        "6235b72b-fff0-46cf-885a-bd34f8fea6e8@6c48a"
      ]
    },
    "versionCode": 0
  },
  "179fe9aa-b7ae-4244-bc7e-0e70eceee8c9": {
    "url": "db://assets/Sprite/Banderas/Italia2.png",
    "value": {
      "depends": []
    },
    "versionCode": 0
  },
  "179fe9aa-b7ae-4244-bc7e-0e70eceee8c9@6c48a": {
    "url": "db://assets/Sprite/Banderas/Italia2.png@6c48a",
    "value": {
      "depends": [
        "179fe9aa-b7ae-4244-bc7e-0e70eceee8c9"
      ]
    },
    "versionCode": 0
  },
  "179fe9aa-b7ae-4244-bc7e-0e70eceee8c9@f9941": {
    "url": "db://assets/Sprite/Banderas/Italia2.png@f9941",
    "value": {
      "depends": [
        "179fe9aa-b7ae-4244-bc7e-0e70eceee8c9@6c48a"
      ]
    },
    "versionCode": 0
  },
  "4c1d4766-265b-421a-9444-446875cea29d": {
    "url": "db://assets/Sprite/Banderas/Japon2.png",
    "value": {
      "depends": []
    },
    "versionCode": 0
  },
  "4c1d4766-265b-421a-9444-446875cea29d@6c48a": {
    "url": "db://assets/Sprite/Banderas/Japon2.png@6c48a",
    "value": {
      "depends": [
        "4c1d4766-265b-421a-9444-446875cea29d"
      ]
    },
    "versionCode": 0
  },
  "4c1d4766-265b-421a-9444-446875cea29d@f9941": {
    "url": "db://assets/Sprite/Banderas/Japon2.png@f9941",
    "value": {
      "depends": [
        "4c1d4766-265b-421a-9444-446875cea29d@6c48a"
      ]
    },
    "versionCode": 0
  },
  "4cb3c759-fbe6-44a1-946e-b63ea8f9e41c": {
    "url": "db://assets/Sprite/Banderas/Japon.png",
    "value": {
      "depends": []
    },
    "versionCode": 0
  },
  "4cb3c759-fbe6-44a1-946e-b63ea8f9e41c@6c48a": {
    "url": "db://assets/Sprite/Banderas/Japon.png@6c48a",
    "value": {
      "depends": [
        "4cb3c759-fbe6-44a1-946e-b63ea8f9e41c"
      ]
    },
    "versionCode": 0
  },
  "4cb3c759-fbe6-44a1-946e-b63ea8f9e41c@f9941": {
    "url": "db://assets/Sprite/Banderas/Japon.png@f9941",
    "value": {
      "depends": [
        "4cb3c759-fbe6-44a1-946e-b63ea8f9e41c@6c48a"
      ]
    },
    "versionCode": 0
  },
  "accd9cf9-dcb6-4aff-891d-f944ab22c68f": {
    "url": "db://assets/Sprite/Banderas/Portugal.png",
    "value": {
      "depends": []
    },
    "versionCode": 0
  },
  "accd9cf9-dcb6-4aff-891d-f944ab22c68f@6c48a": {
    "url": "db://assets/Sprite/Banderas/Portugal.png@6c48a",
    "value": {
      "depends": [
        "accd9cf9-dcb6-4aff-891d-f944ab22c68f"
      ]
    },
    "versionCode": 0
  },
  "accd9cf9-dcb6-4aff-891d-f944ab22c68f@f9941": {
    "url": "db://assets/Sprite/Banderas/Portugal.png@f9941",
    "value": {
      "depends": [
        "accd9cf9-dcb6-4aff-891d-f944ab22c68f@6c48a"
      ]
    },
    "versionCode": 0
  },
  "c48af9b6-98a7-4267-b1e8-9197d7497334": {
    "url": "db://assets/Sprite/Banderas/Portugal2.png",
    "value": {
      "depends": []
    },
    "versionCode": 0
  },
  "c48af9b6-98a7-4267-b1e8-9197d7497334@6c48a": {
    "url": "db://assets/Sprite/Banderas/Portugal2.png@6c48a",
    "value": {
      "depends": [
        "c48af9b6-98a7-4267-b1e8-9197d7497334"
      ]
    },
    "versionCode": 0
  },
  "c48af9b6-98a7-4267-b1e8-9197d7497334@f9941": {
    "url": "db://assets/Sprite/Banderas/Portugal2.png@f9941",
    "value": {
      "depends": [
        "c48af9b6-98a7-4267-b1e8-9197d7497334@6c48a"
      ]
    },
    "versionCode": 0
  },
  "0793e2b1-b094-425c-93ea-0519595b927d": {
    "url": "db://assets/Sprite/Banderas/Alemania.png",
    "value": {
      "depends": []
    },
    "versionCode": 0
  },
  "0793e2b1-b094-425c-93ea-0519595b927d@6c48a": {
    "url": "db://assets/Sprite/Banderas/Alemania.png@6c48a",
    "value": {
      "depends": [
        "0793e2b1-b094-425c-93ea-0519595b927d"
      ]
    },
    "versionCode": 0
  },
  "0793e2b1-b094-425c-93ea-0519595b927d@f9941": {
    "url": "db://assets/Sprite/Banderas/Alemania.png@f9941",
    "value": {
      "depends": [
        "0793e2b1-b094-425c-93ea-0519595b927d@6c48a"
      ]
    },
    "versionCode": 0
  },
  "5294f016-543c-4b42-9f63-f911da31a39b": {
    "url": "db://assets/Sprite/Banderas/Alemania2.png",
    "value": {
      "depends": []
    },
    "versionCode": 0
  },
  "5294f016-543c-4b42-9f63-f911da31a39b@6c48a": {
    "url": "db://assets/Sprite/Banderas/Alemania2.png@6c48a",
    "value": {
      "depends": [
        "5294f016-543c-4b42-9f63-f911da31a39b"
      ]
    },
    "versionCode": 0
  },
  "5294f016-543c-4b42-9f63-f911da31a39b@f9941": {
    "url": "db://assets/Sprite/Banderas/Alemania2.png@f9941",
    "value": {
      "depends": [
        "5294f016-543c-4b42-9f63-f911da31a39b@6c48a"
      ]
    },
    "versionCode": 0
  },
  "53124248-6b30-4618-9a76-58861ec78090": {
    "url": "db://assets/Sprite/Banderas/Corea.png",
    "value": {
      "depends": []
    },
    "versionCode": 0
  },
  "53124248-6b30-4618-9a76-58861ec78090@6c48a": {
    "url": "db://assets/Sprite/Banderas/Corea.png@6c48a",
    "value": {
      "depends": [
        "53124248-6b30-4618-9a76-58861ec78090"
      ]
    },
    "versionCode": 0
  },
  "53124248-6b30-4618-9a76-58861ec78090@f9941": {
    "url": "db://assets/Sprite/Banderas/Corea.png@f9941",
    "value": {
      "depends": [
        "53124248-6b30-4618-9a76-58861ec78090@6c48a"
      ]
    },
    "versionCode": 0
  },
  "50e2ffe9-da73-4392-9a36-01a86caa6d81": {
    "url": "db://assets/Sprite/Banderas/Corea2.png",
    "value": {
      "depends": []
    },
    "versionCode": 0
  },
  "50e2ffe9-da73-4392-9a36-01a86caa6d81@6c48a": {
    "url": "db://assets/Sprite/Banderas/Corea2.png@6c48a",
    "value": {
      "depends": [
        "50e2ffe9-da73-4392-9a36-01a86caa6d81"
      ]
    },
    "versionCode": 0
  },
  "50e2ffe9-da73-4392-9a36-01a86caa6d81@f9941": {
    "url": "db://assets/Sprite/Banderas/Corea2.png@f9941",
    "value": {
      "depends": [
        "50e2ffe9-da73-4392-9a36-01a86caa6d81@6c48a"
      ]
    },
    "versionCode": 0
  },
  "40a5d151-7aac-43c6-9631-0fabdf4bba8b": {
    "url": "db://assets/Sprite/Banderas/Francia.png",
    "value": {
      "depends": []
    },
    "versionCode": 0
  },
  "40a5d151-7aac-43c6-9631-0fabdf4bba8b@6c48a": {
    "url": "db://assets/Sprite/Banderas/Francia.png@6c48a",
    "value": {
      "depends": [
        "40a5d151-7aac-43c6-9631-0fabdf4bba8b"
      ]
    },
    "versionCode": 0
  },
  "40a5d151-7aac-43c6-9631-0fabdf4bba8b@f9941": {
    "url": "db://assets/Sprite/Banderas/Francia.png@f9941",
    "value": {
      "depends": [
        "40a5d151-7aac-43c6-9631-0fabdf4bba8b@6c48a"
      ]
    },
    "versionCode": 0
  },
  "b4d27d07-53de-4920-bd3e-7c36eb45da0f": {
    "url": "db://assets/Sprite/Banderas/Francia2.png",
    "value": {
      "depends": []
    },
    "versionCode": 0
  },
  "b4d27d07-53de-4920-bd3e-7c36eb45da0f@6c48a": {
    "url": "db://assets/Sprite/Banderas/Francia2.png@6c48a",
    "value": {
      "depends": [
        "b4d27d07-53de-4920-bd3e-7c36eb45da0f"
      ]
    },
    "versionCode": 0
  },
  "b4d27d07-53de-4920-bd3e-7c36eb45da0f@f9941": {
    "url": "db://assets/Sprite/Banderas/Francia2.png@f9941",
    "value": {
      "depends": [
        "b4d27d07-53de-4920-bd3e-7c36eb45da0f@6c48a"
      ]
    },
    "versionCode": 0
  },
  "e50f9904-6bd3-4cc3-ae17-ae67ea3a0b25": {
    "url": "db://assets/Sprite/Banderas/Holanda.png",
    "value": {
      "depends": []
    },
    "versionCode": 0
  },
  "e50f9904-6bd3-4cc3-ae17-ae67ea3a0b25@6c48a": {
    "url": "db://assets/Sprite/Banderas/Holanda.png@6c48a",
    "value": {
      "depends": [
        "e50f9904-6bd3-4cc3-ae17-ae67ea3a0b25"
      ]
    },
    "versionCode": 0
  },
  "e50f9904-6bd3-4cc3-ae17-ae67ea3a0b25@f9941": {
    "url": "db://assets/Sprite/Banderas/Holanda.png@f9941",
    "value": {
      "depends": [
        "e50f9904-6bd3-4cc3-ae17-ae67ea3a0b25@6c48a"
      ]
    },
    "versionCode": 0
  },
  "53faf8f8-0290-42e7-a64e-6e66dc4dfe94": {
    "url": "db://assets/Sprite/Banderas/Holanda2.png",
    "value": {
      "depends": []
    },
    "versionCode": 0
  },
  "53faf8f8-0290-42e7-a64e-6e66dc4dfe94@6c48a": {
    "url": "db://assets/Sprite/Banderas/Holanda2.png@6c48a",
    "value": {
      "depends": [
        "53faf8f8-0290-42e7-a64e-6e66dc4dfe94"
      ]
    },
    "versionCode": 0
  },
  "53faf8f8-0290-42e7-a64e-6e66dc4dfe94@f9941": {
    "url": "db://assets/Sprite/Banderas/Holanda2.png@f9941",
    "value": {
      "depends": [
        "53faf8f8-0290-42e7-a64e-6e66dc4dfe94@6c48a"
      ]
    },
    "versionCode": 0
  },
  "bda27fc1-768e-467b-b233-dd1fa8d02f4a": {
    "url": "db://assets/Sprite/Banderas/Inglaterra.png",
    "value": {
      "depends": []
    },
    "versionCode": 0
  },
  "bda27fc1-768e-467b-b233-dd1fa8d02f4a@6c48a": {
    "url": "db://assets/Sprite/Banderas/Inglaterra.png@6c48a",
    "value": {
      "depends": [
        "bda27fc1-768e-467b-b233-dd1fa8d02f4a"
      ]
    },
    "versionCode": 0
  },
  "bda27fc1-768e-467b-b233-dd1fa8d02f4a@f9941": {
    "url": "db://assets/Sprite/Banderas/Inglaterra.png@f9941",
    "value": {
      "depends": [
        "bda27fc1-768e-467b-b233-dd1fa8d02f4a@6c48a"
      ]
    },
    "versionCode": 0
  },
  "daddec8d-c891-4319-8507-1a4e238cb130": {
    "url": "db://assets/Sprite/Banderas/Inglaterra2.png",
    "value": {
      "depends": []
    },
    "versionCode": 0
  },
  "daddec8d-c891-4319-8507-1a4e238cb130@6c48a": {
    "url": "db://assets/Sprite/Banderas/Inglaterra2.png@6c48a",
    "value": {
      "depends": [
        "daddec8d-c891-4319-8507-1a4e238cb130"
      ]
    },
    "versionCode": 0
  },
  "daddec8d-c891-4319-8507-1a4e238cb130@f9941": {
    "url": "db://assets/Sprite/Banderas/Inglaterra2.png@f9941",
    "value": {
      "depends": [
        "daddec8d-c891-4319-8507-1a4e238cb130@6c48a"
      ]
    },
    "versionCode": 0
  }
}
