{
  "__type__": "cc.SpriteFrame",
  "content": {
    "name": "Paraguay",
    "atlas": "",
    "rect": {
      "x": 4,
      "y": 0,
      "width": 100,
      "height": 100
    },
    "offset": {
      "x": 2,
      "y": 2
    },
    "originalSize": {
      "width": 104,
      "height": 104
    },
    "rotated": false,
    "capInsets": [
      0,
      0,
      0,
      0
    ],
    "vertices": {
      "rawPosition": [
        -50,
        -50,
        0,
        50,
        -50,
        0,
        -50,
        50,
        0,
        50,
        50,
        0
      ],
      "indexes": [
        0,
        1,
        2,
        2,
        1,
        3
      ],
      "uv": [
        4,
        104,
        104,
        104,
        4,
        4,
        104,
        4
      ],
      "nuv": [
        0.038461538461538464,
        0.038461538461538464,
        1,
        0.038461538461538464,
        0.038461538461538464,
        1,
        1,
        1
      ],
      "minPos": {
        "x": -50,
        "y": -50,
        "z": 0
      },
      "maxPos": {
        "x": 50,
        "y": 50,
        "z": 0
      }
    },
    "texture": "7db30073-f3c7-487d-8ad0-44fe81e64c42@6c48a",
    "packable": true,
    "pixelsToUnit": 100,
    "pivot": {
      "x": 0.5,
      "y": 0.5
    },
    "meshType": 0
  }
}