{
  "__type__": "cc.SpriteFrame",
  "content": {
    "name": "Back",
    "atlas": "",
    "rect": {
      "x": 0,
      "y": 0,
      "width": 38,
      "height": 55
    },
    "offset": {
      "x": 0,
      "y": 0
    },
    "originalSize": {
      "width": 38,
      "height": 55
    },
    "rotated": false,
    "capInsets": [
      0,
      0,
      0,
      0
    ],
    "vertices": {
      "rawPosition": [
        -19,
        -27.5,
        0,
        19,
        -27.5,
        0,
        -19,
        27.5,
        0,
        19,
        27.5,
        0
      ],
      "indexes": [
        0,
        1,
        2,
        2,
        1,
        3
      ],
      "uv": [
        0,
        55,
        38,
        55,
        0,
        0,
        38,
        0
      ],
      "nuv": [
        0,
        0,
        1,
        0,
        0,
        1,
        1,
        1
      ],
      "minPos": {
        "x": -19,
        "y": -27.5,
        "z": 0
      },
      "maxPos": {
        "x": 19,
        "y": 27.5,
        "z": 0
      }
    },
    "texture": "9fc3705d-d6ad-4f9b-a9a0-66875aed2aaf@6c48a",
    "packable": true,
    "pixelsToUnit": 100,
    "pivot": {
      "x": 0.5,
      "y": 0.5
    },
    "meshType": 0
  }
}