{
  "__type__": "cc.SpriteFrame",
  "content": {
    "name": "Silbato",
    "atlas": "",
    "rect": {
      "x": 0,
      "y": 0,
      "width": 100,
      "height": 66
    },
    "offset": {
      "x": 0,
      "y": 0
    },
    "originalSize": {
      "width": 100,
      "height": 66
    },
    "rotated": false,
    "capInsets": [
      0,
      0,
      0,
      0
    ],
    "vertices": {
      "rawPosition": [
        -50,
        -33,
        0,
        50,
        -33,
        0,
        -50,
        33,
        0,
        50,
        33,
        0
      ],
      "indexes": [
        0,
        1,
        2,
        2,
        1,
        3
      ],
      "uv": [
        0,
        66,
        100,
        66,
        0,
        0,
        100,
        0
      ],
      "nuv": [
        0,
        0,
        1,
        0,
        0,
        1,
        1,
        1
      ],
      "minPos": {
        "x": -50,
        "y": -33,
        "z": 0
      },
      "maxPos": {
        "x": 50,
        "y": 33,
        "z": 0
      }
    },
    "texture": "2dc16161-a529-4511-b737-c2374b5fc3ec@6c48a",
    "packable": true,
    "pixelsToUnit": 100,
    "pivot": {
      "x": 0.5,
      "y": 0.5
    },
    "meshType": 0
  }
}