[1,["06ckGH8J5FFa4Zvj2u7l3m@6c48a","d9Kbk2uzFAnZ41gEQmUuUb@f9941","dcEBJ/xbRKZJTcJm5kL4qM@f9941","c42viHpxBKCI/INGlrwdQm@f9941","a2YQ42l6ZOYqzkOtRjMHQu@f9941","06ckGH8J5FFa4Zvj2u7l3m@f9941","66RXg8qLtGho2snWKJEgbL@f9941","d2neeutsdGl6M7Bxu+4n4w@f9941","7e0VSrtppBp7GhwV0gXgnw@f9941","d0MqyYBeFAkIi762QNy1/B@b47c0","6fAc9/gb9Kfr1dCvwZaWSA@b47c0","afxHkx8GZGsJC+n+YfITQo@f9941","66RXg8qLtGho2snWKJEgbL@6c48a","a2YQ42l6ZOYqzkOtRjMHQu@6c48a","afxHkx8GZGsJC+n+YfITQo@6c48a","c42viHpxBKCI/INGlrwdQm@6c48a","d2neeutsdGl6M7Bxu+4n4w@6c48a","d9Kbk2uzFAnZ41gEQmUuUb@6c48a","dcEBJ/xbRKZJTcJm5kL4qM@6c48a"],["node","_spriteFrame","_textureSource","_parent","_cameraComponent","router","scene","_envmapHDR","_envmapLDR"],["cc.SpriteFrame",["cc.Node",["_name","_layer","_id","_components","_parent","_lpos","_children","_lrot","_euler"],0,9,1,5,2,5,5],["cc.UITransform",["_name","node","_contentSize","_anchorPoint"],2,1,5,5],["cc.Sprite",["_sizeMode","_name","_type","node","_spriteFrame","_color"],0,1,6,5],["cc.Node",["_name","_layer","_parent","_components","_lpos","_children"],1,1,12,5,2],["cc.Node",["_name","_id","_parent","_components","_lpos"],1,1,2,5],["cc.Camera",["_clearFlags","_visibility","_depth","_projection","_priority","_orthoHeight","_far","node","_color"],-4,1,5],["cc.SceneAsset",["_name"],2],["cc.Canvas",["node","_cameraComponent"],3,1,1],["cc.Widget",["_alignFlags","node"],2,1],["cc.Layout",["_resizeMode","_layoutType","_isAlign","node"],0,1],["cc.Scene",["_name","_children","_globals"],2,2,4],["cc.SceneGlobals",["ambient","shadows","_skybox","fog","octree","skin","lightProbeInfo","postSettings"],3,4,4,4,4,4,4,4,4],["cc.AmbientInfo",["_skyIllumLDR","_skyColorHDR","_skyColorLDR","_groundAlbedoLDR"],2,5,5,5],["cc.ShadowsInfo",["_shadowColor"],3,5],["cc.SkyboxInfo",["_enabled","_envmapHDR","_envmapLDR"],2,6,6],["cc.FogInfo",[],3],["cc.OctreeInfo",[],3],["cc.SkinInfo",[],3],["cc.LightProbeInfo",[],3],["cc.PostSettingsInfo",[],3],["cc.Mask",["node"],3,1],["cc.Graphics",["node","_fillColor"],3,1,5],["cc.UIOpacity",["_opacity","node"],2,1],["cc.DirectionalLight",["node","_color","_staticSettings"],3,1,5,4],["cc.StaticLightSettings",[],3],["cc.PageViewIndicator",["spacing","node","_cellSize"],2,1,5],["cc.PageView",["_name","horizontal","node","_content","_indicator"],1,1,1,1],["2dbf3thpANK8apicETFHAHK",["node","btnLeft","btnRight","btnPlay","router","pageView"],3,1,1,1,1,1,1],["cce314MRhBCTJ4fD6Ei8Pv1",["fader"],3,1]],[[2,1,2,1],[1,0,1,4,3,5,3],[3,3,4,1],[7,0,2],[1,0,1,2,6,3,5,4],[1,0,1,6,3,5,3],[1,0,1,4,6,3,5,3],[1,0,1,4,3,3],[1,0,2,4,3,7,8,3],[1,0,2,4,3,5,7,8,3],[1,0,2,4,3,3],[4,0,1,2,5,3,4,3],[4,0,1,2,3,4,3],[5,0,2,3,4,2],[5,0,1,2,3,3],[2,1,2,3,1],[2,0,1,2,2],[8,0,1,1],[9,0,1,2],[10,0,1,2,3,4],[11,0,1,2,2],[12,0,1,2,3,4,5,6,7,1],[13,0,1,2,3,2],[14,0,1],[15,0,1,2,2],[16,1],[17,1],[18,1],[19,1],[20,1],[3,1,2,0,3,4,4],[3,0,3,5,4,2],[21,0,1],[22,0,1,1],[23,0,1,2],[24,0,1,2,1],[25,1],[6,2,0,1,7,8,4],[6,3,4,5,6,0,1,7,8,7],[26,0,1,2,2],[27,0,1,2,3,4,3],[28,0,1,2,3,4,5,1],[29,0,1]],[[[{"name":"arrow-l","rect":{"x":0,"y":0,"width":38,"height":55},"offset":{"x":0,"y":0},"originalSize":{"width":38,"height":55},"rotated":false,"capInsets":[0,0,0,0],"vertices":{"rawPosition":[-19,-27.5,0,19,-27.5,0,-19,27.5,0,19,27.5,0],"indexes":[0,1,2,2,1,3],"uv":[0,55,38,55,0,0,38,0],"nuv":[0,0,1,0,0,1,1,1],"minPos":{"x":-19,"y":-27.5,"z":0},"maxPos":{"x":19,"y":27.5,"z":0}},"packable":true,"pixelsToUnit":100,"pivot":{"x":0.5,"y":0.5},"meshType":0}],[0],0,[0],[2],[0]],[[[3,"10-instructions"],[4,"Canvas",33554432,"064QZwzPFDmqAon0wVxVRa",[-5,-6,-7,-8,-9,-10],[[0,-1,[5,640,960.0000000000001]],[17,-3,-2],[18,45,-4]],[1,320,480.00000000000006,0]],[5,"content",33554432,[-13,-14,-15],[[15,-11,[5,1089,300],[0,0,0.5]],[19,1,1,true,-12]],[1,-181.346,-1.0249999999999773,0]],[20,"10-instructions",[-16,-17,1,-18,-19],[21,[22,0.8,[2,0.2,0.5,0.8,0.520833125],[2,0.452588,0.607642,0.755699,0],[2,0.618555,0.577848,0.544564,0]],[23,[4,4283190348]],[24,true,8,9],[25],[26],[27],[28],[29]]],[11,"PageView",33554432,1,[-23,-24],[[[16,"pageView-horizontal<UITransform>",-20,[5,650,960]],[30,"pageView-horizontal<Sprite>",1,0,-21,3],-22],4,4,1],[1,-0.94,-0.05900000000000105,0]],[6,"view",33554432,4,[2],[[0,-25,[5,363,373.704]],[32,-26],[33,-27,[4,16777215]]],[1,0.683,59.304,0]],[7,"opacity",33554432,1,[[0,-28,[5,640,960]],[31,0,-29,[4,4278190218],7],[34,0,-30]]],[1,"arrow-l",33554432,1,[[0,-31,[5,38,55]],[2,-32,4]],[1,-216.619,60,0]],[1,"arrow-r",33554432,1,[[0,-33,[5,38,55]],[2,-34,5]],[1,219.524,60,0]],[1,"instructions-jugar",33554432,1,[[0,-35,[5,329,121]],[2,-36,6]],[1,-1.809,-268.333,0]],[1,"instruction-01",33554432,2,[[0,-37,[5,363,362]],[2,-38,0]],[1,181.5,0,0]],[1,"instruction-02",33554432,2,[[0,-39,[5,363,362]],[2,-40,1]],[1,544.5,0,0]],[1,"instruction-03",33554432,2,[[0,-41,[5,363,362]],[2,-42,2]],[1,907.5,0,0]],[12,"indicator",33554432,4,[[[0,-43,[5,500,60]],-44],4,1],[1,0.94,-160.405,0]],[8,"Main Light","c0y6F5f+pAvI805TdmxIjx",3,[[35,-45,[4,4293982975],[36]]],[3,-0.06397656665577071,-0.44608233363525845,-0.8239028751062036,-0.3436591377065261],[1,-117.894,-194.909,38.562]],[9,"Main Camera","c9DMICJLFO5IeO07EPon7U",3,[[37,0,14,1822425087,-46,[4,4284030492]]],[1,-10,10,10],[3,-0.27781593346944056,-0.36497167621709875,-0.11507512748638377,0.8811195706053617],[1,-35,-45,0]],[13,"Camera",1,[-47],[1,0,0,1000]],[38,0,1073741824,480.00000000000006,2000,6,41943040,16,[4,4278190080]],[39,10,13,[5,30,30]],[40,"pageView-horizontal<PageView>",false,4,2,18],[10,"InstructionsCtrl","d4vBDUHNFLp4wWBCJ0/gIX",3,[[41,-49,7,8,9,-48,19]]],[42,6],[14,"SceneRouter","f6hXsFs1ZM97QUd3l1/zfq",3,[21]]],0,[0,0,1,0,4,17,0,0,1,0,0,1,0,-1,16,0,-2,4,0,-3,7,0,-4,8,0,-5,9,0,-6,6,0,0,2,0,0,2,0,-1,10,0,-2,11,0,-3,12,0,-1,14,0,-2,15,0,-4,20,0,-5,22,0,0,4,0,0,4,0,-3,19,0,-1,5,0,-2,13,0,0,5,0,0,5,0,0,5,0,0,6,0,0,6,0,0,6,0,0,7,0,0,7,0,0,8,0,0,8,0,0,9,0,0,9,0,0,10,0,0,10,0,0,11,0,0,11,0,0,12,0,0,12,0,0,13,0,-2,18,0,0,14,0,0,15,0,-1,17,0,5,21,0,0,20,0,6,3,1,3,3,2,3,5,21,0,22,49],[0,0,0,0,0,0,0,0,0,0,18],[1,1,1,1,1,1,1,1,7,8,1],[1,2,3,4,5,6,7,8,9,10,11]],[[{"name":"arrow-r","rect":{"x":0,"y":0,"width":38,"height":55},"offset":{"x":0,"y":0},"originalSize":{"width":38,"height":55},"rotated":false,"capInsets":[0,0,0,0],"vertices":{"rawPosition":[-19,-27.5,0,19,-27.5,0,-19,27.5,0,19,27.5,0],"indexes":[0,1,2,2,1,3],"uv":[0,55,38,55,0,0,38,0],"nuv":[0,0,1,0,0,1,1,1],"minPos":{"x":-19,"y":-27.5,"z":0},"maxPos":{"x":19,"y":27.5,"z":0}},"packable":true,"pixelsToUnit":100,"pivot":{"x":0.5,"y":0.5},"meshType":0}],[0],0,[0],[2],[12]],[[{"name":"instructions-bg","rect":{"x":0,"y":0,"width":640,"height":960},"offset":{"x":0,"y":0},"originalSize":{"width":640,"height":960},"rotated":false,"capInsets":[0,0,0,0],"vertices":{"rawPosition":[-320,-480,0,320,-480,0,-320,480,0,320,480,0],"indexes":[0,1,2,2,1,3],"uv":[0,960,640,960,0,0,640,0],"nuv":[0,0,1,0,0,1,1,1],"minPos":{"x":-320,"y":-480,"z":0},"maxPos":{"x":320,"y":480,"z":0}},"packable":true,"pixelsToUnit":100,"pivot":{"x":0.5,"y":0.5},"meshType":0}],[0],0,[0],[2],[13]],[[{"name":"default_scrollbar_vertical","rect":{"x":0,"y":0,"width":15,"height":30},"offset":{"x":0,"y":0},"originalSize":{"width":15,"height":30},"rotated":false,"capInsets":[4,10,4,10],"vertices":{"rawPosition":[-7.5,-15,0,7.5,-15,0,-7.5,15,0,7.5,15,0],"indexes":[0,1,2,2,1,3],"uv":[0,30,15,30,0,0,15,0],"nuv":[0,0,1,0,0,1,1,1],"minPos":{"x":-7.5,"y":-15,"z":0},"maxPos":{"x":7.5,"y":15,"z":0}},"packable":true,"pixelsToUnit":100,"pivot":{"x":0.5,"y":0.5},"meshType":0}],[0],0,[0],[2],[14]],[[{"name":"instruction-03","rect":{"x":3,"y":4,"width":363,"height":362},"offset":{"x":-0.5,"y":0},"originalSize":{"width":370,"height":370},"rotated":false,"capInsets":[0,0,0,0],"vertices":{"rawPosition":[-181.5,-181,0,181.5,-181,0,-181.5,181,0,181.5,181,0],"indexes":[0,1,2,2,1,3],"uv":[3,366,366,366,3,4,366,4],"nuv":[0.008108108108108109,0.010810810810810811,0.9891891891891892,0.010810810810810811,0.008108108108108109,0.9891891891891892,0.9891891891891892,0.9891891891891892],"minPos":{"x":-181.5,"y":-181,"z":0},"maxPos":{"x":181.5,"y":181,"z":0}},"packable":true,"pixelsToUnit":100,"pivot":{"x":0.5,"y":0.5},"meshType":0}],[0],0,[0],[2],[15]],[[{"name":"instructions-jugar","rect":{"x":0,"y":0,"width":329,"height":121},"offset":{"x":0,"y":5},"originalSize":{"width":329,"height":131},"rotated":false,"capInsets":[0,0,0,0],"vertices":{"rawPosition":[-164.5,-60.5,0,164.5,-60.5,0,-164.5,60.5,0,164.5,60.5,0],"indexes":[0,1,2,2,1,3],"uv":[0,131,329,131,0,10,329,10],"nuv":[0,0.07633587786259542,1,0.07633587786259542,0,1,1,1],"minPos":{"x":-164.5,"y":-60.5,"z":0},"maxPos":{"x":164.5,"y":60.5,"z":0}},"packable":true,"pixelsToUnit":100,"pivot":{"x":0.5,"y":0.5},"meshType":0}],[0],0,[0],[2],[16]],[[{"name":"instruction-01","rect":{"x":3,"y":4,"width":363,"height":362},"offset":{"x":-0.5,"y":0},"originalSize":{"width":370,"height":370},"rotated":false,"capInsets":[0,0,0,0],"vertices":{"rawPosition":[-181.5,-181,0,181.5,-181,0,-181.5,181,0,181.5,181,0],"indexes":[0,1,2,2,1,3],"uv":[3,366,366,366,3,4,366,4],"nuv":[0.008108108108108109,0.010810810810810811,0.9891891891891892,0.010810810810810811,0.008108108108108109,0.9891891891891892,0.9891891891891892,0.9891891891891892],"minPos":{"x":-181.5,"y":-181,"z":0},"maxPos":{"x":181.5,"y":181,"z":0}},"packable":true,"pixelsToUnit":100,"pivot":{"x":0.5,"y":0.5},"meshType":0}],[0],0,[0],[2],[17]],[[{"name":"instruction-02","rect":{"x":3,"y":4,"width":363,"height":362},"offset":{"x":-0.5,"y":0},"originalSize":{"width":370,"height":370},"rotated":false,"capInsets":[0,0,0,0],"vertices":{"rawPosition":[-181.5,-181,0,181.5,-181,0,-181.5,181,0,181.5,181,0],"indexes":[0,1,2,2,1,3],"uv":[3,366,366,366,3,4,366,4],"nuv":[0.008108108108108109,0.010810810810810811,0.9891891891891892,0.010810810810810811,0.008108108108108109,0.9891891891891892,0.9891891891891892,0.9891891891891892],"minPos":{"x":-181.5,"y":-181,"z":0},"maxPos":{"x":181.5,"y":181,"z":0}},"packable":true,"pixelsToUnit":100,"pivot":{"x":0.5,"y":0.5},"meshType":0}],[0],0,[0],[2],[18]]]]
