[1,["2cNfwHCmdFqJdDeaaCOfMe@f9941","2cNfwHCmdFqJdDeaaCOfMe@6c48a","fbqN8mutREQJN826ZVRDaW@f9941","bflFl4pz1P0JsoD8AOMv1O@f9941","91Wb9svSxOgZTLEAyhUOUM@f9941","95EkngnxZFbYuFpsqVTaFr@f9941","91Wb9svSxOgZTLEAyhUOUM@6c48a","95EkngnxZFbYuFpsqVTaFr@6c48a","bflFl4pz1P0JsoD8AOMv1O@6c48a","fbqN8mutREQJN826ZVRDaW@6c48a"],["node","_textureSource","_spriteFrame","_cameraComponent","_target","target","scene","_parent","_normalSprite","_hoverSprite","_pressedSprite","_disabledSprite"],["cc.SpriteFrame",["cc.Node",["_name","_layer","_id","_components","_lpos","_parent","_children"],0,9,5,1,2],["cc.Sprite",["_sizeMode","_type","node","_spriteFrame"],1,1,6],["cc.SceneAsset",["_name"],2],["cc.Node",["_name","_parent","_components","_lpos"],2,1,2,5],["cc.UITransform",["node","_contentSize"],3,1,5],["cc.Canvas",["node","_cameraComponent"],3,1,1],["cc.Widget",["_alignFlags","_top","_bottom","node"],0,1],["cc.Button",["_transition","node","clickEvents","_normalColor","_target","_normalSprite","_hoverSprite","_pressedSprite","_disabledSprite"],2,1,9,5,1,6,6,6,6],["cc.ClickEvent",["_componentId","handler","target"],1,1],["a48baiLPJZH0ZuTOXOehLF3",["name2","node"],2,1],["cc.Scene",["_name","_children","_globals"],2,2,4],["cc.SceneGlobals",["ambient","shadows","_skybox","fog","octree","skin","lightProbeInfo","postSettings"],3,4,4,4,4,4,4,4,4],["cc.AmbientInfo",["_skyColorHDR","_groundAlbedoHDR"],3,5,5],["cc.ShadowsInfo",["_shadowColor","_size"],3,5,5],["cc.SkyboxInfo",[],3],["cc.FogInfo",[],3],["cc.OctreeInfo",[],3],["cc.SkinInfo",["_enabled"],2],["cc.LightProbeInfo",[],3],["cc.PostSettingsInfo",[],3],["cc.Camera",["_projection","_orthoHeight","_near","_visibility","node","_color"],-1,1,5]],[[5,0,1,1],[3,0,2],[1,0,1,2,6,3,4,4],[1,0,1,5,3,4,3],[1,0,1,5,3,3],[4,0,1,2,3,2],[6,0,1,1],[7,0,1,2,3,4],[2,1,0,2,3,3],[2,0,2,3,2],[8,0,1,2,3,4,5,6,7,8,2],[9,0,1,2,3],[10,0,1,2],[11,0,1,2,2],[12,0,1,2,3,4,5,6,7,1],[13,0,1,1],[14,0,1,1],[15,1],[16,1],[17,1],[18,0,2],[19,1],[20,1],[21,0,1,2,3,4,5,5]],[[[{"name":"inicionormal","rect":{"x":0,"y":0,"width":431,"height":167},"offset":{"x":0,"y":0},"originalSize":{"width":431,"height":167},"rotated":false,"capInsets":[0,0,0,0],"vertices":{"rawPosition":[-215.5,-83.5,0,215.5,-83.5,0,-215.5,83.5,0,215.5,83.5,0],"indexes":[0,1,2,2,1,3],"uv":[0,167,431,167,0,0,431,0],"nuv":[0,0,1,0,0,1,1,1],"minPos":{"x":-215.5,"y":-83.5,"z":0},"maxPos":{"x":215.5,"y":83.5,"z":0}},"packable":true,"pixelsToUnit":100,"pivot":{"x":0.5,"y":0.5},"meshType":0}],[0],0,[0],[1],[1]],[[[1,"inicio"],[2,"Canvas",33554432,"beI88Z2HpFELqR4T5EMHpg",[-5,-6,-7],[[0,-1,[5,640,959.9999999999998]],[6,-3,-2],[7,45,5.684341886080802e-14,5.684341886080802e-14,-4]],[1,320,479.99999999999994,0]],[3,"play",33554432,1,[[0,-8,[5,431,167]],[8,1,2,-9,1],[10,2,-12,[[11,"a48baiLPJZH0ZuTOXOehLF3","cambio",-11]],[4,4292269782],-10,2,3,4,5],[12,"instrucciones",-13]],[1,0,-250,0]],[4,"fondo",33554432,1,[[0,-14,[5,640,960]],[9,2,-15,0]]],[13,"inicio",[1],[14,[15,[2,0,0,0,0.520833125],[2,0,0,0,0]],[16,[4,4283190348],[0,512,512]],[17],[18],[19],[20,false],[21],[22]]],[5,"Camera",1,[-16],[1,0,0,1000]],[23,0,479.99999999999994,0,1108344832,5,[4,4278190080]]],0,[0,0,1,0,3,6,0,0,1,0,0,1,0,-1,5,0,-2,3,0,-3,2,0,0,2,0,0,2,0,4,2,0,5,2,0,0,2,0,0,2,0,0,3,0,0,3,0,-1,6,0,6,4,1,7,4,16],[0,0,0,0,0,0],[2,2,8,9,10,11],[2,0,0,3,4,5]],[[{"name":"iniciopress","rect":{"x":0,"y":0,"width":431,"height":156},"offset":{"x":0,"y":5.5},"originalSize":{"width":431,"height":167},"rotated":false,"capInsets":[0,0,0,0],"vertices":{"rawPosition":[-215.5,-78,0,215.5,-78,0,-215.5,78,0,215.5,78,0],"indexes":[0,1,2,2,1,3],"uv":[0,167,431,167,0,11,431,11],"nuv":[0,0.0658682634730539,1,0.0658682634730539,0,1,1,1],"minPos":{"x":-215.5,"y":-78,"z":0},"maxPos":{"x":215.5,"y":78,"z":0}},"packable":true,"pixelsToUnit":100,"pivot":{"x":0.5,"y":0.5},"meshType":0}],[0],0,[0],[1],[6]],[[{"name":"default_btn_disabled","rect":{"x":0,"y":0,"width":40,"height":40},"offset":{"x":0,"y":0},"originalSize":{"width":40,"height":40},"rotated":false,"capInsets":[12,12,12,12],"vertices":{"rawPosition":[-20,-20,0,20,-20,0,-20,20,0,20,20,0],"indexes":[0,1,2,2,1,3],"uv":[0,40,40,40,0,0,40,0],"nuv":[0,0,1,0,0,1,1,1],"minPos":{"x":-20,"y":-20,"z":0},"maxPos":{"x":20,"y":20,"z":0}},"packable":true,"pixelsToUnit":100,"pivot":{"x":0.5,"y":0.5},"meshType":0}],[0],0,[0],[1],[7]],[[{"name":"iniciohover","rect":{"x":0,"y":0,"width":431,"height":156},"offset":{"x":0,"y":5.5},"originalSize":{"width":431,"height":167},"rotated":false,"capInsets":[0,0,0,0],"vertices":{"rawPosition":[-215.5,-78,0,215.5,-78,0,-215.5,78,0,215.5,78,0],"indexes":[0,1,2,2,1,3],"uv":[0,167,431,167,0,11,431,11],"nuv":[0,0.0658682634730539,1,0.0658682634730539,0,1,1,1],"minPos":{"x":-215.5,"y":-78,"z":0},"maxPos":{"x":215.5,"y":78,"z":0}},"packable":true,"pixelsToUnit":100,"pivot":{"x":0.5,"y":0.5},"meshType":0}],[0],0,[0],[1],[8]],[[{"name":"Inicio_PaseRunner","rect":{"x":0,"y":0,"width":640,"height":960},"offset":{"x":0,"y":0},"originalSize":{"width":640,"height":960},"rotated":false,"capInsets":[0,0,0,0],"vertices":{"rawPosition":[-320,-480,0,320,-480,0,-320,480,0,320,480,0],"indexes":[0,1,2,2,1,3],"uv":[0,960,640,960,0,0,640,0],"nuv":[0,0,1,0,0,1,1,1],"minPos":{"x":-320,"y":-480,"z":0},"maxPos":{"x":320,"y":480,"z":0}},"packable":true,"pixelsToUnit":100,"pivot":{"x":0.5,"y":0.5},"meshType":0}],[0],0,[0],[1],[9]]]]
