{
  "__type__": "cc.SpriteFrame",
  "content": {
    "name": "felicidades_estrellas",
    "atlas": "",
    "rect": {
      "x": 0,
      "y": 0,
      "width": 355,
      "height": 255
    },
    "offset": {
      "x": 0,
      "y": 0
    },
    "originalSize": {
      "width": 355,
      "height": 255
    },
    "rotated": false,
    "capInsets": [
      0,
      0,
      0,
      0
    ],
    "vertices": {
      "rawPosition": [
        -177.5,
        -127.5,
        0,
        177.5,
        -127.5,
        0,
        -177.5,
        127.5,
        0,
        177.5,
        127.5,
        0
      ],
      "indexes": [
        0,
        1,
        2,
        2,
        1,
        3
      ],
      "uv": [
        0,
        255,
        355,
        255,
        0,
        0,
        355,
        0
      ],
      "nuv": [
        0,
        0,
        1,
        0,
        0,
        1,
        1,
        1
      ],
      "minPos": {
        "x": -177.5,
        "y": -127.5,
        "z": 0
      },
      "maxPos": {
        "x": 177.5,
        "y": 127.5,
        "z": 0
      }
    },
    "texture": "3cfe0391-b4c4-431e-8669-e854d9f5abf7@6c48a",
    "packable": true,
    "pixelsToUnit": 100,
    "pivot": {
      "x": 0.5,
      "y": 0.5
    },
    "meshType": 0
  }
}