{
  "__type__": "cc.SpriteFrame",
  "content": {
    "name": "USA",
    "atlas": "",
    "rect": {
      "x": 0,
      "y": 0,
      "width": 107,
      "height": 107
    },
    "offset": {
      "x": 0,
      "y": 0
    },
    "originalSize": {
      "width": 107,
      "height": 107
    },
    "rotated": false,
    "capInsets": [
      0,
      0,
      0,
      0
    ],
    "vertices": {
      "rawPosition": [
        -53.5,
        -53.5,
        0,
        53.5,
        -53.5,
        0,
        -53.5,
        53.5,
        0,
        53.5,
        53.5,
        0
      ],
      "indexes": [
        0,
        1,
        2,
        2,
        1,
        3
      ],
      "uv": [
        0,
        107,
        107,
        107,
        0,
        0,
        107,
        0
      ],
      "nuv": [
        0,
        0,
        1,
        0,
        0,
        1,
        1,
        1
      ],
      "minPos": {
        "x": -53.5,
        "y": -53.5,
        "z": 0
      },
      "maxPos": {
        "x": 53.5,
        "y": 53.5,
        "z": 0
      }
    },
    "texture": "af29bf4c-1429-45ac-bfa0-ac580b6a2941@6c48a",
    "packable": true,
    "pixelsToUnit": 100,
    "pivot": {
      "x": 0.5,
      "y": 0.5
    },
    "meshType": 0
  }
}