[
  {
    "__type__": "cc.Prefab",
    "_name": "Particle2D-001",
    "_objFlags": 0,
    "__editorExtras__": {},
    "_native": "",
    "data": {
      "__id__": 1
    },
    "optimizationPolicy": 0,
    "persistent": false
  },
  {
    "__type__": "cc.Node",
    "_name": "Particle2D-001",
    "_objFlags": 0,
    "__editorExtras__": {},
    "_parent": null,
    "_children": [],
    "_active": true,
    "_components": [
      {
        "__id__": 2
      },
      {
        "__id__": 4
      }
    ],
    "_prefab": {
      "__id__": 6
    },
    "_lpos": {
      "__type__": "cc.Vec3",
      "x": -250,
      "y": 550,
      "z": 0
    },
    "_lrot": {
      "__type__": "cc.Quat",
      "x": 0,
      "y": 0,
      "z": 0,
      "w": 1
    },
    "_lscale": {
      "__type__": "cc.Vec3",
      "x": 1,
      "y": 1,
      "z": 1
    },
    "_mobility": 0,
    "_layer": 33554432,
    "_euler": {
      "__type__": "cc.Vec3",
      "x": 0,
      "y": 0,
      "z": 0
    },
    "_id": ""
  },
  {
    "__type__": "cc.UITransform",
    "_name": "",
    "_objFlags": 0,
    "__editorExtras__": {},
    "node": {
      "__id__": 1
    },
    "_enabled": true,
    "__prefab": {
      "__id__": 3
    },
    "_contentSize": {
      "__type__": "cc.Size",
      "width": 100,
      "height": 100
    },
    "_anchorPoint": {
      "__type__": "cc.Vec2",
      "x": 0.5,
      "y": 0.5
    },
    "_id": ""
  },
  {
    "__type__": "cc.CompPrefabInfo",
    "fileId": "23GWdU5txAGbc4nYCYPM8G"
  },
  {
    "__type__": "cc.ParticleSystem2D",
    "_name": "Node<ParticleSystem2D>",
    "_objFlags": 0,
    "__editorExtras__": {},
    "node": {
      "__id__": 1
    },
    "_enabled": true,
    "__prefab": {
      "__id__": 5
    },
    "_customMaterial": null,
    "_srcBlendFactor": 2,
    "_dstBlendFactor": 1,
    "_color": {
      "__type__": "cc.Color",
      "r": 255,
      "g": 255,
      "b": 255,
      "a": 255
    },
    "duration": 17,
    "emissionRate": 500,
    "life": 1.1,
    "lifeVar": 246,
    "angle": 140,
    "angleVar": 360,
    "startSize": 13,
    "startSizeVar": 50,
    "endSize": 23,
    "endSizeVar": 69,
    "startSpin": 24,
    "startSpinVar": 218,
    "endSpin": -130,
    "endSpinVar": -113,
    "sourcePos": {
      "__type__": "cc.Vec2",
      "x": 0,
      "y": 0
    },
    "posVar": {
      "__type__": "cc.Vec2",
      "x": 7,
      "y": 7
    },
    "emitterMode": 0,
    "gravity": {
      "__type__": "cc.Vec2",
      "x": 0,
      "y": -259
    },
    "speed": 200,
    "speedVar": 142,
    "tangentialAccel": 200,
    "tangentialAccelVar": 200,
    "radialAccel": 0,
    "radialAccelVar": -200,
    "rotationIsDir": false,
    "startRadius": 100,
    "startRadiusVar": 0,
    "endRadius": 0,
    "endRadiusVar": 0,
    "rotatePerS": 0,
    "rotatePerSVar": 0,
    "playOnLoad": true,
    "autoRemoveOnFinish": false,
    "_preview": true,
    "preview": true,
    "_custom": true,
    "_file": {
      "__uuid__": "e17b4526-57a2-48d3-acc9-cf09f30aa138",
      "__expectedType__": "cc.ParticleAsset"
    },
    "_spriteFrame": {
      "__uuid__": "3fdacd42-4c5d-43ad-9a12-e4903ac688f4@f9941",
      "__expectedType__": "cc.SpriteFrame"
    },
    "_totalParticles": 360,
    "_startColor": {
      "__type__": "cc.Color",
      "r": 202,
      "g": 200,
      "b": 86,
      "a": 163
    },
    "_startColorVar": {
      "__type__": "cc.Color",
      "r": 255,
      "g": 0,
      "b": 0,
      "a": 0
    },
    "_endColor": {
      "__type__": "cc.Color",
      "r": 173,
      "g": 161,
      "b": 19,
      "a": 214
    },
    "_endColorVar": {
      "__type__": "cc.Color",
      "r": 255,
      "g": 0,
      "b": 0,
      "a": 0
    },
    "_positionType": 1,
    "_id": ""
  },
  {
    "__type__": "cc.CompPrefabInfo",
    "fileId": "b5UtyguJNJoJtczNTv6wLX"
  },
  {
    "__type__": "cc.PrefabInfo",
    "root": {
      "__id__": 1
    },
    "asset": {
      "__id__": 0
    },
    "fileId": "c9d8j9TZVJe63c2uMZ9bSA",
    "instance": null,
    "targetOverrides": null
  }
]