{
  "__type__": "cc.Material",
  "_name": "builtin-kawase-bloom",
  "_objFlags": 0,
  "__editorExtras__": {},
  "_native": "",
  "_effectAsset": {
    "__uuid__": "10f0d9bc-5c9e-4216-9a94-f3a2ff53bb5f",
    "__expectedType__": "cc.EffectAsset"
  },
  "_techIdx": 0,
  "_defines": [
    {},
    {},
    {},
    {}
  ],
  "_states": [
    {
      "rasterizerState": {},
      "depthStencilState": {},
      "blendState": {
        "targets": [
          {}
        ]
      }
    },
    {
      "rasterizerState": {},
      "depthStencilState": {},
      "blendState": {
        "targets": [
          {}
        ]
      }
    },
    {
      "rasterizerState": {},
      "depthStencilState": {},
      "blendState": {
        "targets": [
          {}
        ]
      }
    },
    {
      "rasterizerState": {},
      "depthStencilState": {},
      "blendState": {
        "targets": [
          {}
        ]
      }
    }
  ],
  "_props": [
    {},
    {},
    {},
    {}
  ]
}