{
  "__type__": "cc.SpriteFrame",
  "content": {
    "name": "Felicidades",
    "atlas": "",
    "rect": {
      "x": 0,
      "y": 0,
      "width": 348,
      "height": 44
    },
    "offset": {
      "x": 0,
      "y": 0
    },
    "originalSize": {
      "width": 348,
      "height": 44
    },
    "rotated": false,
    "capInsets": [
      0,
      0,
      0,
      0
    ],
    "vertices": {
      "rawPosition": [
        -174,
        -22,
        0,
        174,
        -22,
        0,
        -174,
        22,
        0,
        174,
        22,
        0
      ],
      "indexes": [
        0,
        1,
        2,
        2,
        1,
        3
      ],
      "uv": [
        0,
        44,
        348,
        44,
        0,
        0,
        348,
        0
      ],
      "nuv": [
        0,
        0,
        1,
        0,
        0,
        1,
        1,
        1
      ],
      "minPos": {
        "x": -174,
        "y": -22,
        "z": 0
      },
      "maxPos": {
        "x": 174,
        "y": 22,
        "z": 0
      }
    },
    "texture": "4e0e0f8f-e95c-4f53-9d82-2f090fdefaf4@6c48a",
    "packable": true,
    "pixelsToUnit": 100,
    "pivot": {
      "x": 0.5,
      "y": 0.5
    },
    "meshType": 0
  }
}