{
  "__type__": "cc.SpriteFrame",
  "content": {
    "name": "Hover",
    "atlas": "",
    "rect": {
      "x": 6,
      "y": 3,
      "width": 326,
      "height": 150
    },
    "offset": {
      "x": 1.5,
      "y": 7
    },
    "originalSize": {
      "width": 335,
      "height": 170
    },
    "rotated": false,
    "capInsets": [
      0,
      0,
      0,
      0
    ],
    "vertices": {
      "rawPosition": [
        -163,
        -75,
        0,
        163,
        -75,
        0,
        -163,
        75,
        0,
        163,
        75,
        0
      ],
      "indexes": [
        0,
        1,
        2,
        2,
        1,
        3
      ],
      "uv": [
        6,
        167,
        332,
        167,
        6,
        17,
        332,
        17
      ],
      "nuv": [
        0.01791044776119403,
        0.1,
        0.991044776119403,
        0.1,
        0.01791044776119403,
        0.9823529411764705,
        0.991044776119403,
        0.9823529411764705
      ],
      "minPos": {
        "x": -163,
        "y": -75,
        "z": 0
      },
      "maxPos": {
        "x": 163,
        "y": 75,
        "z": 0
      }
    },
    "texture": "fc74bccb-d42a-4e94-8aa9-eab8afdbb8ef@6c48a",
    "packable": true,
    "pixelsToUnit": 100,
    "pivot": {
      "x": 0.5,
      "y": 0.5
    },
    "meshType": 0
  }
}