{
  "__type__": "cc.SpriteFrame",
  "content": {
    "name": "Alemania-Player",
    "atlas": "",
    "rect": {
      "x": 1,
      "y": 0,
      "width": 413,
      "height": 506
    },
    "offset": {
      "x": 0.5,
      "y": 0
    },
    "originalSize": {
      "width": 414,
      "height": 506
    },
    "rotated": false,
    "capInsets": [
      0,
      0,
      0,
      0
    ],
    "vertices": {
      "rawPosition": [
        -206.5,
        -253,
        0,
        206.5,
        -253,
        0,
        -206.5,
        253,
        0,
        206.5,
        253,
        0
      ],
      "indexes": [
        0,
        1,
        2,
        2,
        1,
        3
      ],
      "uv": [
        1,
        506,
        414,
        506,
        1,
        0,
        414,
        0
      ],
      "nuv": [
        0.0024154589371980675,
        0,
        1,
        0,
        0.0024154589371980675,
        1,
        1,
        1
      ],
      "minPos": {
        "x": -206.5,
        "y": -253,
        "z": 0
      },
      "maxPos": {
        "x": 206.5,
        "y": 253,
        "z": 0
      }
    },
    "texture": "9ebe35aa-715d-4e91-8874-611449a9a816@6c48a",
    "packable": true,
    "pixelsToUnit": 100,
    "pivot": {
      "x": 0.5,
      "y": 0.5
    },
    "meshType": 0
  }
}