[1,["5bZsRFWQ5OpokYdgrQKAUM@6c48a","5bZsRFWQ5OpokYdgrQKAUM@f9941"],["node","_textureSource","root","data","_spriteFrame"],["cc.SpriteFrame",["cc.Prefab",["_name"],2],["cc.Node",["_name","_layer","_components","_prefab"],1,9,4],["cc.UITransform",["node","__prefab","_contentSize"],3,1,4,5],["cc.CompPrefabInfo",["fileId"],2],["cc.Sprite",["node","__prefab","_spriteFrame"],3,1,4,6],["cc.RigidBody2D",["_group","_allowSleep","node","__prefab"],1,1,4],["cc.BoxCollider2D",["_group","_sensor","node","__prefab","_size"],1,1,4,5],["027ae3q28FKJoNj+L626MFR",["valor","node","__prefab"],2,1,4],["cc.PrefabInfo",["fileId","instance","targetOverrides","nestedPrefabInstanceRoots","root","asset"],-1,1,1]],[[4,0,2],[1,0,2],[2,0,1,2,3,3],[3,0,1,2,1],[5,0,1,2,1],[6,0,1,2,3,3],[7,0,1,2,3,4,3],[8,0,1,2,2],[9,0,1,2,3,4,5,5]],[[[{"name":"Monedas","rect":{"x":0,"y":0,"width":74,"height":74},"offset":{"x":0,"y":0},"originalSize":{"width":74,"height":74},"rotated":false,"capInsets":[0,0,0,0],"vertices":{"rawPosition":[-37,-37,0,37,-37,0,-37,37,0,37,37,0],"indexes":[0,1,2,2,1,3],"uv":[0,74,74,74,0,0,74,0],"nuv":[0,0,1,0,0,1,1,1],"minPos":{"x":-37,"y":-37,"z":0},"maxPos":{"x":37,"y":37,"z":0}},"packable":true,"pixelsToUnit":100,"pivot":{"x":0.5,"y":0.5},"meshType":0}],[0],0,[0],[1],[0]],[[[1,"Moneda"],[2,"Moneda",33554432,[[3,-2,[0,"a4QqG/nQJCupjn8AAdzUDe"],[5,74,74]],[4,-3,[0,"23eXX8IMtKfrVFtfZEMiFn"],0],[5,64,false,-4,[0,"d2pprQe7FEaIwYXAYAR1MB"]],[6,64,true,-5,[0,"davm3dVMVA3p/EcfuR5MzK"],[5,74,74]],[7,10,-6,[0,"590Wm6P5VCTIJOpJr19ZbO"]]],[8,"4bDNeyP/hIZ46omWuBmRQ8",null,null,null,-1,0]]],0,[0,2,1,0,0,1,0,0,1,0,0,1,0,0,1,0,0,1,0,3,1,6],[0],[4],[1]]]]
