{
  "__type__": "cc.SpriteFrame",
  "content": {
    "name": "Guantes@4x",
    "atlas": "",
    "rect": {
      "x": 0,
      "y": 0,
      "width": 479,
      "height": 333
    },
    "offset": {
      "x": 0,
      "y": 0
    },
    "originalSize": {
      "width": 479,
      "height": 333
    },
    "rotated": false,
    "capInsets": [
      0,
      0,
      0,
      0
    ],
    "vertices": {
      "rawPosition": [
        -239.5,
        -166.5,
        0,
        239.5,
        -166.5,
        0,
        -239.5,
        166.5,
        0,
        239.5,
        166.5,
        0
      ],
      "indexes": [
        0,
        1,
        2,
        2,
        1,
        3
      ],
      "uv": [
        0,
        333,
        479,
        333,
        0,
        0,
        479,
        0
      ],
      "nuv": [
        0,
        0,
        1,
        0,
        0,
        1,
        1,
        1
      ],
      "minPos": {
        "x": -239.5,
        "y": -166.5,
        "z": 0
      },
      "maxPos": {
        "x": 239.5,
        "y": 166.5,
        "z": 0
      }
    },
    "texture": "5e4ea523-e2a5-483a-919f-a54afb326afc@6c48a",
    "packable": true,
    "pixelsToUnit": 100,
    "pivot": {
      "x": 0.5,
      "y": 0.5
    },
    "meshType": 0
  }
}