{
  "__type__": "cc.SpriteFrame",
  "content": {
    "name": "Jugador-Bolivia",
    "atlas": "",
    "rect": {
      "x": 0,
      "y": 0,
      "width": 121,
      "height": 88
    },
    "offset": {
      "x": 0,
      "y": 0
    },
    "originalSize": {
      "width": 121,
      "height": 88
    },
    "rotated": false,
    "capInsets": [
      0,
      0,
      0,
      0
    ],
    "vertices": {
      "rawPosition": [
        -60.5,
        -44,
        0,
        60.5,
        -44,
        0,
        -60.5,
        44,
        0,
        60.5,
        44,
        0
      ],
      "indexes": [
        0,
        1,
        2,
        2,
        1,
        3
      ],
      "uv": [
        0,
        88,
        121,
        88,
        0,
        0,
        121,
        0
      ],
      "nuv": [
        0,
        0,
        1,
        0,
        0,
        1,
        1,
        1
      ],
      "minPos": {
        "x": -60.5,
        "y": -44,
        "z": 0
      },
      "maxPos": {
        "x": 60.5,
        "y": 44,
        "z": 0
      }
    },
    "texture": "10ce9251-c50d-4be1-a120-3a24a6a5071f@6c48a",
    "packable": true,
    "pixelsToUnit": 100,
    "pivot": {
      "x": 0.5,
      "y": 0.5
    },
    "meshType": 0
  }
}