{
  "__type__": "cc.SpriteFrame",
  "content": {
    "name": "nube01",
    "atlas": "",
    "rect": {
      "x": 0,
      "y": 0,
      "width": 283,
      "height": 157
    },
    "offset": {
      "x": 0,
      "y": 0
    },
    "originalSize": {
      "width": 283,
      "height": 157
    },
    "rotated": false,
    "capInsets": [
      0,
      0,
      0,
      0
    ],
    "vertices": {
      "rawPosition": [
        -141.5,
        -78.5,
        0,
        141.5,
        -78.5,
        0,
        -141.5,
        78.5,
        0,
        141.5,
        78.5,
        0
      ],
      "indexes": [
        0,
        1,
        2,
        2,
        1,
        3
      ],
      "uv": [
        0,
        157,
        283,
        157,
        0,
        0,
        283,
        0
      ],
      "nuv": [
        0,
        0,
        1,
        0,
        0,
        1,
        1,
        1
      ],
      "minPos": {
        "x": -141.5,
        "y": -78.5,
        "z": 0
      },
      "maxPos": {
        "x": 141.5,
        "y": 78.5,
        "z": 0
      }
    },
    "texture": "a083cbde-d3d8-497c-befa-7ecc0c36cd15@6c48a",
    "packable": true,
    "pixelsToUnit": 100,
    "pivot": {
      "x": 0.5,
      "y": 0.5
    },
    "meshType": 0
  }
}