{
  "__type__": "cc.SpriteFrame",
  "content": {
    "name": "1137 2",
    "atlas": "",
    "rect": {
      "x": 0,
      "y": 0,
      "width": 1693,
      "height": 2395
    },
    "offset": {
      "x": 0,
      "y": 0
    },
    "originalSize": {
      "width": 1693,
      "height": 2395
    },
    "rotated": false,
    "capInsets": [
      0,
      0,
      0,
      0
    ],
    "vertices": {
      "rawPosition": [
        -846.5,
        -1197.5,
        0,
        846.5,
        -1197.5,
        0,
        -846.5,
        1197.5,
        0,
        846.5,
        1197.5,
        0
      ],
      "indexes": [
        0,
        1,
        2,
        2,
        1,
        3
      ],
      "uv": [
        0,
        2395,
        1693,
        2395,
        0,
        0,
        1693,
        0
      ],
      "nuv": [
        0,
        0,
        1,
        0,
        0,
        1,
        1,
        1
      ],
      "minPos": {
        "x": -846.5,
        "y": -1197.5,
        "z": 0
      },
      "maxPos": {
        "x": 846.5,
        "y": 1197.5,
        "z": 0
      }
    },
    "texture": "16b99d75-b136-445f-995b-bce6efa35f58@6c48a",
    "packable": true,
    "pixelsToUnit": 100,
    "pivot": {
      "x": 0.5,
      "y": 0.5
    },
    "meshType": 0
  }
}