{
  "__type__": "cc.SpriteFrame",
  "content": {
    "name": "Jugador-Paraguay",
    "atlas": "",
    "rect": {
      "x": 0,
      "y": 0,
      "width": 122,
      "height": 89
    },
    "offset": {
      "x": 0,
      "y": 0
    },
    "originalSize": {
      "width": 122,
      "height": 89
    },
    "rotated": false,
    "capInsets": [
      0,
      0,
      0,
      0
    ],
    "vertices": {
      "rawPosition": [
        -61,
        -44.5,
        0,
        61,
        -44.5,
        0,
        -61,
        44.5,
        0,
        61,
        44.5,
        0
      ],
      "indexes": [
        0,
        1,
        2,
        2,
        1,
        3
      ],
      "uv": [
        0,
        89,
        122,
        89,
        0,
        0,
        122,
        0
      ],
      "nuv": [
        0,
        0,
        1,
        0,
        0,
        1,
        1,
        1
      ],
      "minPos": {
        "x": -61,
        "y": -44.5,
        "z": 0
      },
      "maxPos": {
        "x": 61,
        "y": 44.5,
        "z": 0
      }
    },
    "texture": "8eb8903c-32f3-4485-8859-dade7410bc2d@6c48a",
    "packable": true,
    "pixelsToUnit": 100,
    "pivot": {
      "x": 0.5,
      "y": 0.5
    },
    "meshType": 0
  }
}