{
  "c77ecaa8-c936-46c4-a5b0-98692673ed87": {
    "assetUuid": "c77ecaa8-c936-46c4-a5b0-98692673ed87",
    "animationUuid": "",
    "expandLevels": [
      "0"
    ]
  },
  "be8e703a-c37a-432c-8cce-9b42e5174c4b": {
    "assetUuid": "be8e703a-c37a-432c-8cce-9b42e5174c4b",
    "animationUuid": "",
    "expandLevels": [
      "0",
      "0_0",
      "0_0_1"
    ]
  },
  "34d309e4-abf3-450c-a036-487144eb568d": {
    "assetUuid": "34d309e4-abf3-450c-a036-487144eb568d",
    "animationUuid": "",
    "expandLevels": [
      "0",
      "0_0",
      "0_0_1"
    ]
  },
  "d66d05dc-6731-4e04-b615-7240b631e9c5": {
    "assetUuid": "d66d05dc-6731-4e04-b615-7240b631e9c5",
    "animationUuid": "",
    "expandLevels": [
      "0",
      "0_0",
      "0_0_0",
      "0_0_0_0",
      "0_0_0_0_3",
      "0_0_1",
      "0_0_4"
    ]
  },
  "3c56464c-9575-4783-8917-e6d405ea03ee": {
    "assetUuid": "3c56464c-9575-4783-8917-e6d405ea03ee",
    "animationUuid": "",
    "expandLevels": [
      "0"
    ]
  },
  "2a56a2e4-1b6a-4c8e-a37a-79e58a627491": {
    "assetUuid": "2a56a2e4-1b6a-4c8e-a37a-79e58a627491",
    "animationUuid": "",
    "expandLevels": [
      "0"
    ]
  }
}
