{
  "2f9bb22e-0307-49a9-aef0-2c7ba1e9e194@6c48a": {
    "texture": {
      "mipfilter": "none"
    }
  },
  "6dc16f78-0001-434e-8006-119848af4f10@6c48a": {
    "texture": {
      "mipfilter": "none"
    }
  },
  "e1ec9880-18e3-43a4-b46d-187e8ffd908c@6c48a": {
    "texture": {
      "mipfilter": "none"
    }
  },
  "75479ec7-371e-4c60-807b-946ccc013b12@6c48a": {
    "texture": {
      "mipfilter": "none"
    }
  },
  "aa69773e-b00a-432b-bf96-df5b400013d2@6c48a": {
    "texture": {
      "mipfilter": "none"
    }
  },
  "7a1dc456-59ad-4007-a950-d6e65e915508@6c48a": {
    "texture": {
      "mipfilter": "none"
    }
  },
  "a083cbde-d3d8-497c-befa-7ecc0c36cd15@6c48a": {
    "texture": {
      "mipfilter": "none"
    }
  },
  "cd93ab51-691a-400c-8b95-fe4bb3951624@6c48a": {
    "texture": {
      "mipfilter": "none"
    }
  },
  "f171e9f0-f56c-4150-87de-c91aa8c291c4@6c48a": {
    "texture": {
      "mipfilter": "none"
    }
  },
  "2f2e01da-77db-4199-aa72-bf5b7f69bf04@6c48a": {
    "texture": {
      "mipfilter": "none"
    }
  },
  "9df9fbda-4415-4072-b2ff-65cb8c727c35@6c48a": {
    "texture": {
      "mipfilter": "none"
    }
  },
  "90279927-0d60-4fb4-8352-4e26f25d81ab@6c48a": {
    "texture": {
      "mipfilter": "none"
    }
  },
  "dcc454dc-6d33-4614-b715-3af8ab8cf811@6c48a": {
    "texture": {
      "mipfilter": "none"
    }
  },
  "cefe63d6-663b-48c4-9cb9-e6ce810a5d8e@6c48a": {
    "texture": {
      "mipfilter": "none"
    }
  },
  "c74adfe1-6122-46c9-b21a-20f54d932c80@6c48a": {
    "texture": {
      "mipfilter": "none"
    }
  },
  "2b635d46-194f-44f8-b338-5e72fa0ddaee@6c48a": {
    "texture": {
      "mipfilter": "none"
    }
  },
  "9fb8598a-46c1-44b0-a0fe-7ce516f0ed2e@6c48a": {
    "texture": {
      "mipfilter": "none"
    }
  }
}
