[1,["12tXvBJNpI75Ka2zme9dK5@6c48a","12tXvBJNpI75Ka2zme9dK5@f9941"],["node","_textureSource","root","data","_spriteFrame"],["cc.SpriteFrame",["cc.Prefab",["_name"],2],["cc.Node",["_name","_layer","_components","_prefab"],1,9,4],["cc.UITransform",["node","__prefab","_contentSize"],3,1,4,5],["cc.CompPrefabInfo",["fileId"],2],["cc.Sprite",["node","__prefab","_spriteFrame"],3,1,4,6],["cc.BoxCollider2D",["_group","node","__prefab","_size"],2,1,4,5],["cc.RigidBody2D",["_group","node","__prefab"],2,1,4],["cc.PrefabInfo",["fileId","instance","targetOverrides","nestedPrefabInstanceRoots","root","asset"],-1,1,1]],[[4,0,2],[1,0,2],[2,0,1,2,3,3],[3,0,1,2,1],[5,0,1,2,1],[6,0,1,2,3,2],[7,0,1,2,2],[8,0,1,2,3,4,5,5]],[[[{"name":"poste03","rect":{"x":0,"y":0,"width":559,"height":89},"offset":{"x":0,"y":0},"originalSize":{"width":559,"height":89},"rotated":false,"capInsets":[0,0,0,0],"vertices":{"rawPosition":[-279.5,-44.5,0,279.5,-44.5,0,-279.5,44.5,0,279.5,44.5,0],"indexes":[0,1,2,2,1,3],"uv":[0,89,559,89,0,0,559,0],"nuv":[0,0,1,0,0,1,1,1],"minPos":{"x":-279.5,"y":-44.5,"z":0},"maxPos":{"x":279.5,"y":44.5,"z":0}},"packable":true,"pixelsToUnit":100,"pivot":{"x":0.5,"y":0.5},"meshType":0}],[0],0,[0],[1],[0]],[[[1,"poste03"],[2,"poste03",33554432,[[3,-2,[0,"fe4HrJRIBJ75F9O8xAZ3dS"],[5,559,89]],[4,-3,[0,"21wPzg9w1AGYLxWno6inNZ"],0],[5,32,-4,[0,"13RFNlrTVNvrNarzaNLWKq"],[5,559,89]],[6,32,-5,[0,"baARW2OWhHR4Rj3VyC+i0O"]]],[7,"7bx1b0R21Hmr4FsuPakzFA",null,null,null,-1,0]]],0,[0,2,1,0,0,1,0,0,1,0,0,1,0,0,1,0,3,1,5],[0],[4],[1]]]]
