[1,["e3S+A6jcZJ/5E3yr/hRAp6@f9941","e3S+A6jcZJ/5E3yr/hRAp6@6c48a"],["node","root","data","_spriteFrame","_textureSource"],["cc.SpriteFrame",["cc.Prefab",["_name"],2],["cc.Node",["_name","_layer","_components","_prefab"],1,9,4],["cc.UITransform",["node","__prefab","_contentSize"],3,1,4,5],["cc.CompPrefabInfo",["fileId"],2],["cc.Sprite",["_sizeMode","node","__prefab","_spriteFrame"],2,1,4,6],["cc.BoxCollider2D",["_group","_sensor","node","__prefab","_size"],1,1,4,5],["cc.RigidBody2D",["enabledContactListener","_group","node","__prefab"],1,1,4],["027ae3q28FKJoNj+L626MFR",["valor","node","__prefab"],2,1,4],["cc.PrefabInfo",["fileId","instance","targetOverrides","nestedPrefabInstanceRoots","root","asset"],-1,1,1]],[[4,0,2],[1,0,2],[2,0,1,2,3,3],[3,0,1,2,1],[5,0,1,2,3,2],[6,0,1,2,3,4,3],[7,0,1,2,3,3],[8,0,1,2,2],[9,0,1,2,3,4,5,5]],[[[[1,"tag"],[2,"tag",33554432,[[3,-2,[0,"e2uMQIZFFGjaXTVxXbcnBt"],[5,68.333333,45.555556]],[4,0,-3,[0,"8bOVoCF5pEZIbh8xz8BZlk"],0],[5,64,true,-4,[0,"23Y8pWrsZCKp/+BFam8tnU"],[5,68.333333,45.555556]],[6,true,64,-5,[0,"19okJ6+ZZLIZ3R/uizUnRN"]],[7,100,-6,[0,"38AdbhUKRESZWCOFuQcEZ4"]]],[8,"e0v6e5PhVNqbr/FyHHzd5v",null,null,null,-1,0]]],0,[0,1,1,0,0,1,0,0,1,0,0,1,0,0,1,0,0,1,0,2,1,6],[0],[3],[0]],[[{"name":"tag","rect":{"x":10,"y":0,"width":123,"height":82},"offset":{"x":0,"y":13},"originalSize":{"width":143,"height":108},"rotated":false,"capInsets":[0,0,0,0],"vertices":{"rawPosition":[-61.5,-41,0,61.5,-41,0,-61.5,41,0,61.5,41,0],"indexes":[0,1,2,2,1,3],"uv":[10,108,133,108,10,26,133,26],"nuv":[0.06993006993006994,0.24074074074074073,0.9300699300699301,0.24074074074074073,0.06993006993006994,1,0.9300699300699301,1],"minPos":{"x":-61.5,"y":-41,"z":0},"maxPos":{"x":61.5,"y":41,"z":0}},"packable":true,"pixelsToUnit":100,"pivot":{"x":0.5,"y":0.5},"meshType":0}],[0],0,[0],[4],[1]]]]
