[1,["04PXeEVNdCc4SFeKxuieTR@f9941","d8z49Z64pFUacEc+xfRSEw@f9941","b07ydCsrBEBrwEgxLpa/0f","a3Q1NQwM5ABqebvX5SZpYw@f9941","8cLBoyxpxCIrf/V2XlQ4kr","64y1qpM/dOj4pMu2PmeHw0@f9941","04PXeEVNdCc4SFeKxuieTR@6c48a","1fQGD15YRD8qXtb1BnNew3@6c48a","20g1ukYUVPvKWKBRznAKo+@6c48a","32x8ErIlxExaxDNP5haXDN@6c48a","4ejyNmxXZLrLMADXLQhfw1@6c48a","532U182cdP3pRt52Vc1giZ@6c48a","54hLCyPdlH2484u05THcV+@6c48a","6dh0/IAHxDTotqmBYCS1wb@6c48a","6eHFXD7BBAbbCqo2hvEGUc@6c48a","6f/kiwkXZGUoRvXn2iqbl2@6c48a","70dmc9vwVM0LqUq3Yi2v9b@6c48a","7fNZTEpApOBIRKLSXPsnNV@6c48a","88kJsGKXxHi7GCfCjPKfak@6c48a","91jnoThCZIKIK1DlcRmZo+@6c48a","92HOLYdmpEa6oibvMjYBbP@6c48a","94iIXPrS1JBqzMGyIJRIGY@6c48a","95EkngnxZFbYuFpsqVTaFr@6c48a","9esgHnlm5H5aJFoS9gSBTG@6c48a","a0F7FkShVFEpa4TFs5m5lx@6c48a","a3Q1NQwM5ABqebvX5SZpYw@6c48a","abbnElQwZArrZuUeSozgs6@6c48a","aezI8JEdlMqLo+Bp0W9JbY@f9941","6eHFXD7BBAbbCqo2hvEGUc@f9941","4ejyNmxXZLrLMADXLQhfw1@f9941","e7Z8HVkMtI54lpD0+xLAZA@f9941","e3K11jG+tNQL3i8641nDQv@f9941","c2FHdrJnlPUILikHNom+JU@f9941","e5JKxyLrJOu4M5rqvcNuWv@f9941","95EkngnxZFbYuFpsqVTaFr@f9941","20g1ukYUVPvKWKBRznAKo+@f9941","1fQGD15YRD8qXtb1BnNew3@f9941","a0F7FkShVFEpa4TFs5m5lx@f9941","6f/kiwkXZGUoRvXn2iqbl2@f9941","70dmc9vwVM0LqUq3Yi2v9b@f9941","91jnoThCZIKIK1DlcRmZo+@f9941","54hLCyPdlH2484u05THcV+@f9941","6dh0/IAHxDTotqmBYCS1wb@f9941","abbnElQwZArrZuUeSozgs6@f9941","88kJsGKXxHi7GCfCjPKfak@f9941","f4gWQDYwVKWroupTCueqxO@f9941","92HOLYdmpEa6oibvMjYBbP@f9941","32x8ErIlxExaxDNP5haXDN@f9941","532U182cdP3pRt52Vc1giZ@f9941","7fNZTEpApOBIRKLSXPsnNV@f9941","df+4UCu6BBKZMClm/qs7j2@f9941","9esgHnlm5H5aJFoS9gSBTG@f9941","618grOZUZNE65R3cbMqrmB@f9941","82LgXFA/JDaZ6INWufnOyJ","42ecY50qJJA4dc3sN5YxyU","f1KiPEuSRDIqJgPZgkKPHo@f9941","94iIXPrS1JBqzMGyIJRIGY@f9941","d8z49Z64pFUacEc+xfRSEw@6c48a","df+4UCu6BBKZMClm/qs7j2@6c48a","e3K11jG+tNQL3i8641nDQv@6c48a","e5JKxyLrJOu4M5rqvcNuWv@6c48a","e7Z8HVkMtI54lpD0+xLAZA@6c48a","f1KiPEuSRDIqJgPZgkKPHo@6c48a","f4gWQDYwVKWroupTCueqxO@6c48a"],["node","_textureSource","_spriteFrame","_parent","_defaultClip","_cameraComponent","camara","target","audioSource","muteButton","final_scoreText","scoreText","scene","_normalSprite","_hoverSprite","_pressedSprite"],["cc.SpriteFrame",["cc.Node",["_name","_layer","_active","_id","_components","_parent","_lpos","_children","_lrot","_euler"],-1,9,1,5,2,5,5],["cc.Node",["_name","_layer","_parent","_components","_lpos","_children"],1,1,12,5,2],["cc.RigidBody2D",["enabledContactListener","_gravityScale","_group","_type","awakeOnLoad","_allowSleep","_fixedRotation","node"],-4,1],["cc.BoxCollider2D",["_group","_density","_sensor","node","_size","_offset"],0,1,5,5],["cc.CircleCollider2D",["_radius","_group","_sensor","_density","_friction","node"],-2,1],["cc.UITransform",["node","_contentSize"],3,1,5],["cc.Sprite",["_sizeMode","node","_spriteFrame","_color"],2,1,6,5],["cc.Animation",["playOnLoad","node","_clips","_defaultClip"],2,1,3,6],["cc.Button",["_transition","node","clickEvents"],2,1,9],["cc.Label",["_string","_actualFontSize","_isBold","_fontSize","_lineHeight","node","_color"],-2,1,5],["cc.SceneAsset",["_name"],2],["cc.Canvas",["node","_cameraComponent"],3,1,1],["cc.Widget",["_alignFlags","_top","_bottom","node"],0,1],["6da8cfi8TNH1YNMhGxowWpp",["node","camara"],3,1,1],["34077mEsv9OaaqhmuQlExPt",["speed","node"],2,1],["d403cbOyd1CB7kVVpm3hTSj",["node"],3,1],["cc.ClickEvent",["_componentId","handler","target"],1,1],["f10e4d48NlI86cau3vPmsso",["name2","node"],2,1],["a21267Ll2xLqoTuUdXoThlC",["player","coche","SpawnP","node"],0,1],["46f2fqksoxKs62ZFvMz7NNM",["node","muteButton","audioSource","sprites"],3,1,1,1,3],["55a03vh6CJJebysjOPEqUK5",["primeraVez","node","player","padre"],2,1,1,1],["03b72tk8ddKQLwQRnOV7eGX",["node","scoreText","final_scoreText","coloresCoche01","coloresCoche02","coloresCoche03"],3,1,1,1,3,3,3],["6ed7dGtfJNBv4DnI7SJ7cke",["node","ListaPrefab"],3,1,3],["42e55W4dUhB/oBHXlzvHqmU",["node","Player"],3,1,1],["7db07RgRY9HF7ujTdn7wZUp",["node"],3,1],["d527413+tlFRrWzwELueVSH",["node","player"],3,1,1],["cc.Scene",["_name","_children","_prefab","_globals"],2,2,4,4],["cc.PrefabInfo",["root","asset","fileId","instance","nestedPrefabInstanceRoots","targetOverrides"],-3],["cc.SceneGlobals",["ambient","shadows","_skybox","fog","octree","skin","lightProbeInfo","postSettings"],3,4,4,4,4,4,4,4,4],["cc.AmbientInfo",["_skyColorHDR","_groundAlbedoHDR"],3,5,5],["cc.ShadowsInfo",["_shadowColor","_size"],3,5,5],["cc.SkyboxInfo",[],3],["cc.FogInfo",[],3],["cc.OctreeInfo",[],3],["cc.SkinInfo",["_enabled"],2],["cc.LightProbeInfo",[],3],["cc.PostSettingsInfo",[],3],["cc.Camera",["_projection","_orthoHeight","_near","_visibility","node","_color"],-1,1,5],["cc.AudioSource",["node"],3,1]],[[6,0,1,1],[7,0,1,2,2],[1,0,1,5,4,6,3],[6,0,1],[4,0,3,5,4,2],[3,0,3,1,7,4],[1,0,2,1,5,4,6,4],[1,0,1,5,7,4,3],[1,0,1,5,4,3],[1,0,1,5,4,6,8,9,3],[7,0,1,3,2,2],[16,0,1],[1,0,2,1,5,7,4,6,4],[1,0,5,4,6,2],[2,0,1,2,3,4,3],[5,2,0,5,3],[11,0,2],[1,0,1,3,7,4,6,4],[1,0,5,7,4,6,2],[1,0,1,5,7,4,6,3],[1,0,1,7,4,6,3],[1,0,5,7,4,2],[1,0,5,4,2],[2,0,2,5,3,4,2],[2,0,2,3,4,2],[2,0,1,2,3,3],[12,0,1,1],[13,0,1,2,3,4],[14,0,1,1],[4,0,1,3,5,4,3],[4,2,3,4,2],[3,0,4,2,3,5,1,7,7],[3,0,2,5,1,6,7,6],[3,0,4,2,3,1,7,6],[8,1,2,3,1],[8,0,1,2,3,2],[15,0,1,2],[5,1,0,5,3],[5,1,3,4,0,5,5],[9,0,1,2,2],[9,0,1,2],[17,0,1,2,3],[18,0,1,2],[19,0,1,2,3,4],[20,0,1,2,3,1],[21,0,1,2,3,2],[22,0,1,2,3,4,5,1],[23,0,1,1],[24,0,1,1],[25,0,1],[26,0,1,1],[27,0,1,2,3,2],[28,0,1,2,3,4,5,7],[29,0,1,2,3,4,5,6,7,1],[30,0,1,1],[31,0,1,1],[32,1],[33,1],[34,1],[35,0,2],[36,1],[37,1],[10,0,1,2,5,6,4],[10,0,1,3,4,2,5,6,6],[38,0,1,2,3,4,5,5],[39,0,1]],[[[{"name":"MuteBoton","rect":{"x":0,"y":0,"width":76,"height":70},"offset":{"x":0,"y":0.5},"originalSize":{"width":76,"height":71},"rotated":false,"capInsets":[0,0,0,0],"vertices":{"rawPosition":[-38,-35,0,38,-35,0,-38,35,0,38,35,0],"indexes":[0,1,2,2,1,3],"uv":[0,71,76,71,0,1,76,1],"nuv":[0,0.014084507042253521,1,0.014084507042253521,0,1,1,1],"minPos":{"x":-38,"y":-35,"z":0},"maxPos":{"x":38,"y":35,"z":0}},"packable":true,"pixelsToUnit":100,"pivot":{"x":0.5,"y":0.5},"meshType":0}],[0],0,[0],[1],[6]],[[{"name":"tabla","rect":{"x":0,"y":0,"width":507,"height":245},"offset":{"x":0,"y":0},"originalSize":{"width":507,"height":245},"rotated":false,"capInsets":[0,0,0,0],"vertices":{"rawPosition":[-253.5,-122.5,0,253.5,-122.5,0,-253.5,122.5,0,253.5,122.5,0],"indexes":[0,1,2,2,1,3],"uv":[0,245,507,245,0,0,507,0],"nuv":[0,0,1,0,0,1,1,1],"minPos":{"x":-253.5,"y":-122.5,"z":0},"maxPos":{"x":253.5,"y":122.5,"z":0}},"packable":true,"pixelsToUnit":100,"pivot":{"x":0.5,"y":0.5},"meshType":0}],[0],0,[0],[1],[7]],[[{"name":"default_btn_normal","rect":{"x":0,"y":0,"width":40,"height":40},"offset":{"x":0,"y":0},"originalSize":{"width":40,"height":40},"rotated":false,"capInsets":[12,12,12,12],"vertices":{"rawPosition":[-20,-20,0,20,-20,0,-20,20,0,20,20,0],"indexes":[0,1,2,2,1,3],"uv":[0,40,40,40,0,0,40,0],"nuv":[0,0,1,0,0,1,1,1],"minPos":{"x":-20,"y":-20,"z":0},"maxPos":{"x":20,"y":20,"z":0}},"packable":true,"pixelsToUnit":100,"pivot":{"x":0.5,"y":0.5},"meshType":0}],[0],0,[0],[1],[8]],[[{"name":"player03_amarillo","rect":{"x":0,"y":0,"width":220,"height":335},"offset":{"x":0,"y":0},"originalSize":{"width":220,"height":335},"rotated":false,"capInsets":[0,0,0,0],"vertices":{"rawPosition":[-110,-167.5,0,110,-167.5,0,-110,167.5,0,110,167.5,0],"indexes":[0,1,2,2,1,3],"uv":[0,335,220,335,0,0,220,0],"nuv":[0,0,1,0,0,1,1,1],"minPos":{"x":-110,"y":-167.5,"z":0},"maxPos":{"x":110,"y":167.5,"z":0}},"packable":true,"pixelsToUnit":100,"pivot":{"x":0.5,"y":0.5},"meshType":0}],[0],0,[0],[1],[9]],[[{"name":"BotonPlay","rect":{"x":0,"y":0,"width":360,"height":140},"offset":{"x":0,"y":0},"originalSize":{"width":360,"height":140},"rotated":false,"capInsets":[0,0,0,0],"vertices":{"rawPosition":[-180,-70,0,180,-70,0,-180,70,0,180,70,0],"indexes":[0,1,2,2,1,3],"uv":[0,140,360,140,0,0,360,0],"nuv":[0,0,1,0,0,1,1,1],"minPos":{"x":-180,"y":-70,"z":0},"maxPos":{"x":180,"y":70,"z":0}},"packable":true,"pixelsToUnit":100,"pivot":{"x":0.5,"y":0.5},"meshType":0}],[0],0,[0],[1],[10]],[[{"name":"player03_azul","rect":{"x":0,"y":0,"width":220,"height":335},"offset":{"x":0,"y":0},"originalSize":{"width":220,"height":335},"rotated":false,"capInsets":[0,0,0,0],"vertices":{"rawPosition":[-110,-167.5,0,110,-167.5,0,-110,167.5,0,110,167.5,0],"indexes":[0,1,2,2,1,3],"uv":[0,335,220,335,0,0,220,0],"nuv":[0,0,1,0,0,1,1,1],"minPos":{"x":-110,"y":-167.5,"z":0},"maxPos":{"x":110,"y":167.5,"z":0}},"packable":true,"pixelsToUnit":100,"pivot":{"x":0.5,"y":0.5},"meshType":0}],[0],0,[0],[1],[11]],[[{"name":"player01_naranja","rect":{"x":0,"y":0,"width":180,"height":325},"offset":{"x":0,"y":0},"originalSize":{"width":180,"height":325},"rotated":false,"capInsets":[0,0,0,0],"vertices":{"rawPosition":[-90,-162.5,0,90,-162.5,0,-90,162.5,0,90,162.5,0],"indexes":[0,1,2,2,1,3],"uv":[0,325,180,325,0,0,180,0],"nuv":[0,0,1,0,0,1,1,1],"minPos":{"x":-90,"y":-162.5,"z":0},"maxPos":{"x":90,"y":162.5,"z":0}},"packable":true,"pixelsToUnit":100,"pivot":{"x":0.5,"y":0.5},"meshType":0}],[0],0,[0],[1],[12]],[[{"name":"player02_amarillo","rect":{"x":0,"y":0,"width":234,"height":336},"offset":{"x":0,"y":0},"originalSize":{"width":234,"height":336},"rotated":false,"capInsets":[0,0,0,0],"vertices":{"rawPosition":[-117,-168,0,117,-168,0,-117,168,0,117,168,0],"indexes":[0,1,2,2,1,3],"uv":[0,336,234,336,0,0,234,0],"nuv":[0,0,1,0,0,1,1,1],"minPos":{"x":-117,"y":-168,"z":0},"maxPos":{"x":117,"y":168,"z":0}},"packable":true,"pixelsToUnit":100,"pivot":{"x":0.5,"y":0.5},"meshType":0}],[0],0,[0],[1],[13]],[[{"name":"Marco","rect":{"x":0,"y":0,"width":640,"height":960},"offset":{"x":0,"y":0},"originalSize":{"width":640,"height":960},"rotated":false,"capInsets":[0,0,0,0],"vertices":{"rawPosition":[-320,-480,0,320,-480,0,-320,480,0,320,480,0],"indexes":[0,1,2,2,1,3],"uv":[0,960,640,960,0,0,640,0],"nuv":[0,0,1,0,0,1,1,1],"minPos":{"x":-320,"y":-480,"z":0},"maxPos":{"x":320,"y":480,"z":0}},"packable":true,"pixelsToUnit":100,"pivot":{"x":0.5,"y":0.5},"meshType":0}],[0],0,[0],[1],[14]],[[{"name":"player01_azul","rect":{"x":0,"y":0,"width":180,"height":325},"offset":{"x":0,"y":0},"originalSize":{"width":180,"height":325},"rotated":false,"capInsets":[0,0,0,0],"vertices":{"rawPosition":[-90,-162.5,0,90,-162.5,0,-90,162.5,0,90,162.5,0],"indexes":[0,1,2,2,1,3],"uv":[0,325,180,325,0,0,180,0],"nuv":[0,0,1,0,0,1,1,1],"minPos":{"x":-90,"y":-162.5,"z":0},"maxPos":{"x":90,"y":162.5,"z":0}},"packable":true,"pixelsToUnit":100,"pivot":{"x":0.5,"y":0.5},"meshType":0}],[0],0,[0],[1],[15]],[[{"name":"player01_verde","rect":{"x":0,"y":0,"width":180,"height":325},"offset":{"x":0,"y":0},"originalSize":{"width":180,"height":325},"rotated":false,"capInsets":[0,0,0,0],"vertices":{"rawPosition":[-90,-162.5,0,90,-162.5,0,-90,162.5,0,90,162.5,0],"indexes":[0,1,2,2,1,3],"uv":[0,325,180,325,0,0,180,0],"nuv":[0,0,1,0,0,1,1,1],"minPos":{"x":-90,"y":-162.5,"z":0},"maxPos":{"x":90,"y":162.5,"z":0}},"packable":true,"pixelsToUnit":100,"pivot":{"x":0.5,"y":0.5},"meshType":0}],[0],0,[0],[1],[16]],[[{"name":"player03_verde","rect":{"x":0,"y":0,"width":220,"height":335},"offset":{"x":0,"y":0},"originalSize":{"width":220,"height":335},"rotated":false,"capInsets":[0,0,0,0],"vertices":{"rawPosition":[-110,-167.5,0,110,-167.5,0,-110,167.5,0,110,167.5,0],"indexes":[0,1,2,2,1,3],"uv":[0,335,220,335,0,0,220,0],"nuv":[0,0,1,0,0,1,1,1],"minPos":{"x":-110,"y":-167.5,"z":0},"maxPos":{"x":110,"y":167.5,"z":0}},"packable":true,"pixelsToUnit":100,"pivot":{"x":0.5,"y":0.5},"meshType":0}],[0],0,[0],[1],[17]],[[{"name":"player02_verde","rect":{"x":0,"y":0,"width":234,"height":336},"offset":{"x":0,"y":0},"originalSize":{"width":234,"height":336},"rotated":false,"capInsets":[0,0,0,0],"vertices":{"rawPosition":[-117,-168,0,117,-168,0,-117,168,0,117,168,0],"indexes":[0,1,2,2,1,3],"uv":[0,336,234,336,0,0,234,0],"nuv":[0,0,1,0,0,1,1,1],"minPos":{"x":-117,"y":-168,"z":0},"maxPos":{"x":117,"y":168,"z":0}},"packable":true,"pixelsToUnit":100,"pivot":{"x":0.5,"y":0.5},"meshType":0}],[0],0,[0],[1],[18]],[[{"name":"player01_rojo","rect":{"x":0,"y":0,"width":180,"height":325},"offset":{"x":0,"y":0},"originalSize":{"width":180,"height":325},"rotated":false,"capInsets":[0,0,0,0],"vertices":{"rawPosition":[-90,-162.5,0,90,-162.5,0,-90,162.5,0,90,162.5,0],"indexes":[0,1,2,2,1,3],"uv":[0,325,180,325,0,0,180,0],"nuv":[0,0,1,0,0,1,1,1],"minPos":{"x":-90,"y":-162.5,"z":0},"maxPos":{"x":90,"y":162.5,"z":0}},"packable":true,"pixelsToUnit":100,"pivot":{"x":0.5,"y":0.5},"meshType":0}],[0],0,[0],[1],[19]],[[{"name":"player02_naranja","rect":{"x":0,"y":0,"width":234,"height":336},"offset":{"x":0,"y":0},"originalSize":{"width":234,"height":336},"rotated":false,"capInsets":[0,0,0,0],"vertices":{"rawPosition":[-117,-168,0,117,-168,0,-117,168,0,117,168,0],"indexes":[0,1,2,2,1,3],"uv":[0,336,234,336,0,0,234,0],"nuv":[0,0,1,0,0,1,1,1],"minPos":{"x":-117,"y":-168,"z":0},"maxPos":{"x":117,"y":168,"z":0}},"packable":true,"pixelsToUnit":100,"pivot":{"x":0.5,"y":0.5},"meshType":0}],[0],0,[0],[1],[20]],[[{"name":"MuteBoton_hover","rect":{"x":0,"y":0,"width":66,"height":68},"offset":{"x":0,"y":0},"originalSize":{"width":66,"height":68},"rotated":false,"capInsets":[0,0,0,0],"vertices":{"rawPosition":[-33,-34,0,33,-34,0,-33,34,0,33,34,0],"indexes":[0,1,2,2,1,3],"uv":[0,68,66,68,0,0,66,0],"nuv":[0,0,1,0,0,1,1,1],"minPos":{"x":-33,"y":-34,"z":0},"maxPos":{"x":33,"y":34,"z":0}},"packable":true,"pixelsToUnit":100,"pivot":{"x":0.5,"y":0.5},"meshType":0}],[0],0,[0],[1],[21]],[[{"name":"default_btn_disabled","rect":{"x":0,"y":0,"width":40,"height":40},"offset":{"x":0,"y":0},"originalSize":{"width":40,"height":40},"rotated":false,"capInsets":[12,12,12,12],"vertices":{"rawPosition":[-20,-20,0,20,-20,0,-20,20,0,20,20,0],"indexes":[0,1,2,2,1,3],"uv":[0,40,40,40,0,0,40,0],"nuv":[0,0,1,0,0,1,1,1],"minPos":{"x":-20,"y":-20,"z":0},"maxPos":{"x":20,"y":20,"z":0}},"packable":true,"pixelsToUnit":100,"pivot":{"x":0.5,"y":0.5},"meshType":0}],[0],0,[0],[1],[22]],[[{"name":"player03_naranja","rect":{"x":0,"y":0,"width":220,"height":335},"offset":{"x":0,"y":0},"originalSize":{"width":220,"height":335},"rotated":false,"capInsets":[0,0,0,0],"vertices":{"rawPosition":[-110,-167.5,0,110,-167.5,0,-110,167.5,0,110,167.5,0],"indexes":[0,1,2,2,1,3],"uv":[0,335,220,335,0,0,220,0],"nuv":[0,0,1,0,0,1,1,1],"minPos":{"x":-110,"y":-167.5,"z":0},"maxPos":{"x":110,"y":167.5,"z":0}},"packable":true,"pixelsToUnit":100,"pivot":{"x":0.5,"y":0.5},"meshType":0}],[0],0,[0],[1],[23]],[[{"name":"paseclub 4","rect":{"x":20,"y":17,"width":156,"height":99},"offset":{"x":0,"y":0},"originalSize":{"width":196,"height":133},"rotated":false,"capInsets":[0,0,0,0],"vertices":{"rawPosition":[-78,-49.5,0,78,-49.5,0,-78,49.5,0,78,49.5,0],"indexes":[0,1,2,2,1,3],"uv":[20,116,176,116,20,17,176,17],"nuv":[0.10204081632653061,0.12781954887218044,0.8979591836734694,0.12781954887218044,0.10204081632653061,0.8721804511278195,0.8979591836734694,0.8721804511278195],"minPos":{"x":-78,"y":-49.5,"z":0},"maxPos":{"x":78,"y":49.5,"z":0}},"packable":true,"pixelsToUnit":100,"pivot":{"x":0.5,"y":0.5},"meshType":0}],[0],0,[0],[1],[24]],[[{"name":"MuteBoton _press","rect":{"x":0,"y":0,"width":76,"height":70},"offset":{"x":0,"y":0.5},"originalSize":{"width":76,"height":71},"rotated":false,"capInsets":[0,0,0,0],"vertices":{"rawPosition":[-38,-35,0,38,-35,0,-38,35,0,38,35,0],"indexes":[0,1,2,2,1,3],"uv":[0,71,76,71,0,1,76,1],"nuv":[0,0.014084507042253521,1,0.014084507042253521,0,1,1,1],"minPos":{"x":-38,"y":-35,"z":0},"maxPos":{"x":38,"y":35,"z":0}},"packable":true,"pixelsToUnit":100,"pivot":{"x":0.5,"y":0.5},"meshType":0}],[0],0,[0],[1],[25]],[[{"name":"player02_azul","rect":{"x":0,"y":0,"width":234,"height":336},"offset":{"x":0,"y":0},"originalSize":{"width":234,"height":336},"rotated":false,"capInsets":[0,0,0,0],"vertices":{"rawPosition":[-117,-168,0,117,-168,0,-117,168,0,117,168,0],"indexes":[0,1,2,2,1,3],"uv":[0,336,234,336,0,0,234,0],"nuv":[0,0,1,0,0,1,1,1],"minPos":{"x":-117,"y":-168,"z":0},"maxPos":{"x":117,"y":168,"z":0}},"packable":true,"pixelsToUnit":100,"pivot":{"x":0.5,"y":0.5},"meshType":0}],[0],0,[0],[1],[26]],[[[16,"Juego"],[17,"Canvas",33554432,"beI88Z2HpFELqR4T5EMHpg",[-5,-6,-7,-8,-9,-10,-11,-12,-13,-14,-15,-16],[[0,-1,[5,640,960]],[26,-3,-2],[27,45,5.684341886080802e-14,5.684341886080802e-14,-4]],[1,320,480.00000000000006,0]],[18,"Fondo",1,[-26,-27,-28],[[0,-17,[5,1418,1092]],[1,2,-18,5],[28,-20,-19],[4,8,-21,[0,-594.8,-2.9],[5,36.6,1493.4]],[4,8,-22,[0,35.8,-805.8],[5,1284.2,44.6]],[4,8,-23,[0,30.2,797.1],[5,1297.2,52.5]],[4,8,-24,[0,653.3,-5],[5,48.6,1477.3]],[31,true,false,8,1,false,0,-25]],[1,0,0,1000]],[19,"Player",33554432,1,[-35,-36],[[0,-29,[5,32.392,58.95344000000001]],[1,0,-30,9],[29,4,0,-31,[0,1.5,4.6],[5,28,20.6]],[32,true,4,false,0,true,-32],[34,-33,[10],11],[36,70,-34]],[1,0,-214.884,0]],[20,"Orbita",33554432,[-41,-42],[[0,-37,[5,200,200]],[1,0,-38,35],[5,true,0,0,-39],[37,2,60,-40]],[1,0,-66,0]],[6,"Recompensa",false,33554432,4,[[0,-43,[5,23,23]],[1,0,-44,32],[11,-45],[15,true,13,-46],[5,true,1,0,-47],[35,true,-48,[33],34]],[1,-2.910000000000025,77.83100000000002,0]],[12,"rotonda",false,33554432,1,[-51,-52,-53],[[0,-49,[5,200,200]],[1,0,-50,39]],[1,0,-66.24399999999997,0]],[2,"Tarjeta",33554432,1,[[0,-54,[5,35,26]],[11,-55],[1,0,-56,0],[5,true,0,0,-57],[30,true,-58,[5,35.2,26.2]]],[1,300,-300,0]],[21,"cosas",2,[-60,-61,-62,-63],[[3,-59]]],[12,"GameOver",false,33554432,2,[-66,-67,-68],[[0,-64,[5,640,960]],[1,2,-65,4]],[1,0,0,-1000]],[2,"BotonSalir",33554432,9,[[0,-69,[5,360,140]],[1,2,-70,2],[39,2,-72,[[41,"f10e4d48NlI86cau3vPmsso","cambio",-71]]],[42,"Inicio",-73]],[1,4.008,-259.848,0]],[23,"Camera",1,[-76,-77],[[-74,[43,null,null,null,-75]],1,4],[1,0,0,1000]],[7,"Pos",33554432,4,[-79,-80,-81,-82],[[3,-78]]],[2,"Recompensa",33554432,6,[[0,-83,[5,23,23]],[10,0,-84,[4,4279542271],38],[11,-85],[15,true,13,-86],[5,true,1,0,-87]],[1,-2.91,77.831,0]],[24,"Mute",8,[[[0,-88,[5,76,71]],[1,2,-89,14],-90,[44,-93,-92,-91,[15,16]]],4,4,1,4],[1,181.19,-336.025,0]],[8,"ColliderOrbita",33554432,6,[[3,-94],[38,2,0,0,63,-95],[45,false,-96,3,6],[33,true,false,2,1,0,-97]]],[25,"Manager",33554432,1,[[[3,-98],[46,-101,-100,-99,[17,18,19,20,21],[22,23,24,25,26],[27,28,29,30,31]],-102],4,4,1]],[7,"Generador",33554432,1,[4],[[3,-103],[47,-104,[36,37]]]],[7,"Pos",33554432,6,[-106,-107],[[3,-105]]],[14,"ScoreText",33554432,8,[[[0,-108,[5,22.24609375,50.4]],-109],4,1],[1,30.069,-347.115,0]],[22,"Node",2,[[0,-110,[5,640,960]],[1,2,-111,1]]],[2,"Score",33554432,9,[[0,-112,[5,446,421]],[1,2,-113,3]],[1,23.615,38.344,0]],[14,"FinalScore",33554432,9,[[[0,-114,[5,44.4921875,100.8]],-115],4,1],[1,0,8.334,0]],[2,"Fondo",33554432,11,[[0,-116,[5,509,825]],[1,0,-117,6]],[1,0,13,0]],[2,"TOUCH",33554432,11,[[0,-118,[5,440,560]],[48,-119,3]],[1,0,0,-1000]],[6,"y",false,33554432,3,[[0,-120,[5,3.6,500]],[10,0,-121,[4,4279893877],7]],[1,0,41.072,0]],[6,"x",false,33554432,3,[[0,-122,[5,51.9,3.6]],[10,0,-123,[4,4279835133],8]],[1,25.911,0,0]],[13,"Node",8,[[0,-124,[5,507,245]],[1,2,-125,12]],[1,0,-271.96799999999996,0]],[13,"Logo",8,[[0,-126,[5,196,133]],[1,2,-127,13]],[1,-134.226,-315.14,0]],[8,"ManagerGeneral",33554432,1,[[3,-128],[49,-129]]],[2,"IndicadorPos",33554432,1,[[3,-130],[50,-131,3]],[1,0,-374.28,0]],[51,"Juego",[1],[52,null,null,"ccbec48c-8747-4fda-977d-49c462290ee7",null,null,[]],[53,[54,[2,0,0,0,0.520833125],[2,0,0,0,0]],[55,[4,4283190348],[0,512,512]],[56],[57],[58],[59,false],[60],[61]]],[62,"0",40,true,19,[4,4289413924]],[63,"0",80,80,80,true,22,[4,4289413924]],[64,0,480,0,1108344832,11,[4,4289413924]],[40,2,14],[65,16],[2,"PosA",33554432,12,[[0,-132,[5,200,200]]],[1,-220,445,0]],[2,"PosB",33554432,12,[[0,-133,[5,200,200]]],[1,220,445,0]],[9,"CaminoA",33554432,12,[[0,-134,[5,150,452]]],[1,-114.452,250.641,0],[3,0,0,0.19680181724739437,0.9804432899092753],[1,0,0,22.699999999999996]],[9,"CaminoB",33554432,12,[[0,-135,[5,150,452]]],[1,112.633,247.599,0],[3,0,0,-0.1968018172473944,0.9804432899092752],[1,0,0,-22.700000000000003]],[9,"IndicadorRotacion",33554432,1,[[3,-136]],[1,-260.752,0,0],[3,0,0,-0.7071067811865475,0.7071067811865476],[1,0,0,-90]],[2,"IndicadorRotacion-001",33554432,1,[[3,-137]],[1,-260.752,0,0]],[8,"Eliminar",33554432,1,[[3,-138]]],[2,"PosA",33554432,18,[[0,-139,[5,200,200]]],[1,-220,445,0]],[2,"PosB",33554432,18,[[0,-140,[5,200,200]]],[1,220,445,0]]],0,[0,0,1,0,5,34,0,0,1,0,0,1,0,-1,7,0,-2,16,0,-3,29,0,-4,30,0,-5,11,0,-6,17,0,-7,3,0,-8,41,0,-9,42,0,-10,43,0,-11,6,0,-12,2,0,0,2,0,0,2,0,6,11,0,0,2,0,0,2,0,0,2,0,0,2,0,0,2,0,0,2,0,-1,20,0,-2,8,0,-3,9,0,0,3,0,0,3,0,0,3,0,0,3,0,0,3,0,0,3,0,-1,25,0,-2,26,0,0,4,0,0,4,0,0,4,0,0,4,0,-1,12,0,-2,5,0,0,5,0,0,5,0,0,5,0,0,5,0,0,5,0,0,5,0,0,6,0,0,6,0,-1,13,0,-2,15,0,-3,18,0,0,7,0,0,7,0,0,7,0,0,7,0,0,7,0,0,8,0,-1,27,0,-2,19,0,-3,28,0,-4,14,0,0,9,0,0,9,0,-1,10,0,-2,21,0,-3,22,0,0,10,0,0,10,0,7,10,0,0,10,0,0,10,0,-1,34,0,0,11,0,-1,23,0,-2,24,0,0,12,0,-1,37,0,-2,38,0,-3,39,0,-4,40,0,0,13,0,0,13,0,0,13,0,0,13,0,0,13,0,0,14,0,0,14,0,-3,35,0,8,36,0,9,35,0,0,14,0,0,15,0,0,15,0,0,15,0,0,15,0,0,16,0,10,33,0,11,32,0,0,16,0,-3,36,0,0,17,0,0,17,0,0,18,0,-1,44,0,-2,45,0,0,19,0,-2,32,0,0,20,0,0,20,0,0,21,0,0,21,0,0,22,0,-2,33,0,0,23,0,0,23,0,0,24,0,0,24,0,0,25,0,0,25,0,0,26,0,0,26,0,0,27,0,0,27,0,0,28,0,0,28,0,0,29,0,0,29,0,0,30,0,0,30,0,0,37,0,0,38,0,0,39,0,0,40,0,0,41,0,0,42,0,0,43,0,0,44,0,0,45,0,12,31,1,3,31,4,3,17,140],[0,0,0,0,0,0,0,0,0,0,0,0,0,0,0,0,0,0,0,0,0,0,0,0,0,0,0,0,0,0,0,0,0,0,0,0,0,0,0,0,35,35,35],[2,2,2,2,2,2,2,2,2,2,-1,4,2,2,2,-1,-2,-1,-2,-3,-4,-5,-1,-2,-3,-4,-5,-1,-2,-3,-4,-5,2,-1,4,2,-1,-2,2,2,13,14,15],[27,28,29,30,31,32,33,34,35,1,2,2,36,37,0,0,3,1,38,39,40,41,42,43,44,45,46,47,48,49,50,51,52,4,4,5,53,54,55,5,0,56,3]],[[{"name":"player01","rect":{"x":0,"y":0,"width":52,"height":91},"offset":{"x":0,"y":0},"originalSize":{"width":52,"height":91},"rotated":false,"capInsets":[0,0,0,0],"vertices":{"rawPosition":[-26,-45.5,0,26,-45.5,0,-26,45.5,0,26,45.5,0],"indexes":[0,1,2,2,1,3],"uv":[0,91,52,91,0,0,52,0],"nuv":[0,0,1,0,0,1,1,1],"minPos":{"x":-26,"y":-45.5,"z":0},"maxPos":{"x":26,"y":45.5,"z":0}},"packable":true,"pixelsToUnit":100,"pivot":{"x":0.5,"y":0.5},"meshType":0}],[0],0,[0],[1],[57]],[[{"name":"player03_rojo","rect":{"x":0,"y":0,"width":220,"height":335},"offset":{"x":0,"y":0},"originalSize":{"width":220,"height":335},"rotated":false,"capInsets":[0,0,0,0],"vertices":{"rawPosition":[-110,-167.5,0,110,-167.5,0,-110,167.5,0,110,167.5,0],"indexes":[0,1,2,2,1,3],"uv":[0,335,220,335,0,0,220,0],"nuv":[0,0,1,0,0,1,1,1],"minPos":{"x":-110,"y":-167.5,"z":0},"maxPos":{"x":110,"y":167.5,"z":0}},"packable":true,"pixelsToUnit":100,"pivot":{"x":0.5,"y":0.5},"meshType":0}],[0],0,[0],[1],[58]],[[{"name":"GameOver_Pase (2)","rect":{"x":0,"y":0,"width":640,"height":960},"offset":{"x":0,"y":0},"originalSize":{"width":640,"height":960},"rotated":false,"capInsets":[0,0,0,0],"vertices":{"rawPosition":[-320,-480,0,320,-480,0,-320,480,0,320,480,0],"indexes":[0,1,2,2,1,3],"uv":[0,960,640,960,0,0,640,0],"nuv":[0,0,1,0,0,1,1,1],"minPos":{"x":-320,"y":-480,"z":0},"maxPos":{"x":320,"y":480,"z":0}},"packable":true,"pixelsToUnit":100,"pivot":{"x":0.5,"y":0.5},"meshType":0}],[0],0,[0],[1],[59]],[[{"name":"fondo (2)","rect":{"x":0,"y":0,"width":504,"height":814},"offset":{"x":0,"y":0},"originalSize":{"width":504,"height":814},"rotated":false,"capInsets":[0,0,0,0],"vertices":{"rawPosition":[-252,-407,0,252,-407,0,-252,407,0,252,407,0],"indexes":[0,1,2,2,1,3],"uv":[0,814,504,814,0,0,504,0],"nuv":[0,0,1,0,0,1,1,1],"minPos":{"x":-252,"y":-407,"z":0},"maxPos":{"x":252,"y":407,"z":0}},"packable":true,"pixelsToUnit":100,"pivot":{"x":0.5,"y":0.5},"meshType":0}],[0],0,[0],[1],[60]],[[{"name":"fin","rect":{"x":0,"y":0,"width":438,"height":414},"offset":{"x":-4,"y":3.5},"originalSize":{"width":446,"height":421},"rotated":false,"capInsets":[0,0,0,0],"vertices":{"rawPosition":[-219,-207,0,219,-207,0,-219,207,0,219,207,0],"indexes":[0,1,2,2,1,3],"uv":[0,421,438,421,0,7,438,7],"nuv":[0,0.0166270783847981,0.9820627802690582,0.0166270783847981,0,1,0.9820627802690582,1],"minPos":{"x":-219,"y":-207,"z":0},"maxPos":{"x":219,"y":207,"z":0}},"packable":true,"pixelsToUnit":100,"pivot":{"x":0.5,"y":0.5},"meshType":0}],[0],0,[0],[1],[61]],[[{"name":"default_radio_button_off","rect":{"x":3,"y":3,"width":26,"height":26},"offset":{"x":0,"y":0},"originalSize":{"width":32,"height":32},"rotated":false,"capInsets":[13,13,13,13],"vertices":{"rawPosition":[-13,-13,0,13,-13,0,-13,13,0,13,13,0],"indexes":[0,1,2,2,1,3],"uv":[3,29,29,29,3,3,29,3],"nuv":[0.09375,0.09375,0.90625,0.09375,0.09375,0.90625,0.90625,0.90625],"minPos":{"x":-13,"y":-13,"z":0},"maxPos":{"x":13,"y":13,"z":0}},"packable":true,"pixelsToUnit":100,"pivot":{"x":0.5,"y":0.5},"meshType":0}],[0],0,[0],[1],[62]],[[{"name":"player02_rojo","rect":{"x":0,"y":0,"width":234,"height":336},"offset":{"x":0,"y":0},"originalSize":{"width":234,"height":336},"rotated":false,"capInsets":[0,0,0,0],"vertices":{"rawPosition":[-117,-168,0,117,-168,0,-117,168,0,117,168,0],"indexes":[0,1,2,2,1,3],"uv":[0,336,234,336,0,0,234,0],"nuv":[0,0,1,0,0,1,1,1],"minPos":{"x":-117,"y":-168,"z":0},"maxPos":{"x":117,"y":168,"z":0}},"packable":true,"pixelsToUnit":100,"pivot":{"x":0.5,"y":0.5},"meshType":0}],[0],0,[0],[1],[63]]]]
