[1,["25IUFyufNAObJn3OnVG3Gk@f9941","25IUFyufNAObJn3OnVG3Gk@6c48a","39MZtzJKJPxYmPpOGbEX+k@6c48a","5dUD50nq1GcaENfPXEtFGP@6c48a","73GRvJrwxCXrVrGC8gXaQj@6c48a","73GRvJrwxCXrVrGC8gXaQj@f9941","5dUD50nq1GcaENfPXEtFGP@f9941","39MZtzJKJPxYmPpOGbEX+k@f9941","c2FHdrJnlPUILikHNom+JU@f9941"],["node","_textureSource","_spriteFrame","_cameraComponent","target","scene","_parent","_normalSprite","_hoverSprite","_pressedSprite"],["cc.SpriteFrame",["cc.Node",["_name","_layer","_id","_components","_parent","_children","_lpos"],0,9,1,2,5],["cc.UITransform",["node","_contentSize"],3,1,5],["cc.Sprite",["_sizeMode","node","_spriteFrame"],2,1,6],["cc.SceneAsset",["_name"],2],["cc.Node",["_name","_parent","_components","_lpos"],2,1,2,5],["cc.Canvas",["node","_cameraComponent"],3,1,1],["cc.Widget",["_alignFlags","_top","_bottom","node"],0,1],["cc.Button",["_transition","node","clickEvents","_normalSprite","_hoverSprite","_pressedSprite"],2,1,9,6,6,6],["cc.ClickEvent",["_componentId","handler","target"],1,1],["f10e4d48NlI86cau3vPmsso",["name2","node"],2,1],["cc.Scene",["_name","_children","_globals"],2,2,4],["cc.SceneGlobals",["ambient","shadows","_skybox","fog","octree","skin","lightProbeInfo","postSettings"],3,4,4,4,4,4,4,4,4],["cc.AmbientInfo",["_skyColorHDR","_groundAlbedoHDR"],3,5,5],["cc.ShadowsInfo",["_shadowColor","_size"],3,5,5],["cc.SkyboxInfo",[],3],["cc.FogInfo",[],3],["cc.OctreeInfo",[],3],["cc.SkinInfo",["_enabled"],2],["cc.LightProbeInfo",[],3],["cc.PostSettingsInfo",[],3],["cc.Camera",["_projection","_orthoHeight","_near","_visibility","node","_color"],-1,1,5]],[[2,0,1,1],[1,0,1,4,5,3,3],[1,0,1,4,3,3],[2,0,1],[3,1,2,1],[4,0,2],[1,0,1,2,5,3,6,4],[1,0,1,4,3,6,3],[5,0,1,2,3,2],[6,0,1,1],[7,0,1,2,3,4],[3,0,1,2,2],[8,0,1,2,3,4,5,2],[9,0,1,2,3],[10,0,1,2],[11,0,1,2,2],[12,0,1,2,3,4,5,6,7,1],[13,0,1,1],[14,0,1,1],[15,1],[16,1],[17,1],[18,0,2],[19,1],[20,1],[21,0,1,2,3,4,5,5]],[[[{"name":"Boton_Start","rect":{"x":0,"y":0,"width":431,"height":167},"offset":{"x":0,"y":0},"originalSize":{"width":431,"height":167},"rotated":false,"capInsets":[0,0,0,0],"vertices":{"rawPosition":[-215.5,-83.5,0,215.5,-83.5,0,-215.5,83.5,0,215.5,83.5,0],"indexes":[0,1,2,2,1,3],"uv":[0,167,431,167,0,0,431,0],"nuv":[0,0,1,0,0,1,1,1],"minPos":{"x":-215.5,"y":-83.5,"z":0},"maxPos":{"x":215.5,"y":83.5,"z":0}},"packable":true,"pixelsToUnit":100,"pivot":{"x":0.5,"y":0.5},"meshType":0}],[0],0,[0],[1],[1]],[[{"name":"Inicio_Pase (1)","rect":{"x":0,"y":0,"width":640,"height":960},"offset":{"x":0,"y":0},"originalSize":{"width":640,"height":960},"rotated":false,"capInsets":[0,0,0,0],"vertices":{"rawPosition":[-320,-480,0,320,-480,0,-320,480,0,320,480,0],"indexes":[0,1,2,2,1,3],"uv":[0,960,640,960,0,0,640,0],"nuv":[0,0,1,0,0,1,1,1],"minPos":{"x":-320,"y":-480,"z":0},"maxPos":{"x":320,"y":480,"z":0}},"packable":true,"pixelsToUnit":100,"pivot":{"x":0.5,"y":0.5},"meshType":0}],[0],0,[0],[1],[2]],[[{"name":"BotonPress_Start","rect":{"x":0,"y":0,"width":431,"height":156},"offset":{"x":0,"y":5.5},"originalSize":{"width":431,"height":167},"rotated":false,"capInsets":[0,0,0,0],"vertices":{"rawPosition":[-215.5,-78,0,215.5,-78,0,-215.5,78,0,215.5,78,0],"indexes":[0,1,2,2,1,3],"uv":[0,167,431,167,0,11,431,11],"nuv":[0,0.0658682634730539,1,0.0658682634730539,0,1,1,1],"minPos":{"x":-215.5,"y":-78,"z":0},"maxPos":{"x":215.5,"y":78,"z":0}},"packable":true,"pixelsToUnit":100,"pivot":{"x":0.5,"y":0.5},"meshType":0}],[0],0,[0],[1],[3]],[[{"name":"BotonHover_Start","rect":{"x":0,"y":0,"width":431,"height":156},"offset":{"x":0,"y":5.5},"originalSize":{"width":431,"height":167},"rotated":false,"capInsets":[0,0,0,0],"vertices":{"rawPosition":[-215.5,-78,0,215.5,-78,0,-215.5,78,0,215.5,78,0],"indexes":[0,1,2,2,1,3],"uv":[0,167,431,167,0,11,431,11],"nuv":[0,0.0658682634730539,1,0.0658682634730539,0,1,1,1],"minPos":{"x":-215.5,"y":-78,"z":0},"maxPos":{"x":215.5,"y":78,"z":0}},"packable":true,"pixelsToUnit":100,"pivot":{"x":0.5,"y":0.5},"meshType":0}],[0],0,[0],[1],[4]],[[[5,"Inicio"],[6,"Canvas",33554432,"beI88Z2HpFELqR4T5EMHpg",[-5,-6,-7,-8],[[0,-1,[5,640,960]],[9,-3,-2],[10,45,5.684341886080802e-14,5.684341886080802e-14,-4]],[1,320,480.00000000000006,0]],[1,"Node",33554432,1,[-11],[[0,-9,[5,640,960]],[4,-10,4]]],[7,"Boton",33554432,2,[[0,-12,[5,431,167]],[11,2,-13,0],[12,2,-15,[[13,"f10e4d48NlI86cau3vPmsso","cambio",-14]],1,2,3]],[1,5.1580000000000155,-266.746,0]],[2,"ManagerEscena",33554432,1,[[3,-16],[14,"Instrucciones",-17]]],[1,"paredes",33554432,1,[-19],[[3,-18]]],[2,"limite01",33554432,5,[[0,-20,[5,1418,1092]],[4,-21,5]]],[15,"Inicio",[1],[16,[17,[2,0,0,0,0.520833125],[2,0,0,0,0]],[18,[4,4283190348],[0,512,512]],[19],[20],[21],[22,false],[23],[24]]],[8,"Camera",1,[-22],[1,0,0,1000]],[25,0,480,0,1108344832,8,[4,4278190080]]],0,[0,0,1,0,3,9,0,0,1,0,0,1,0,-1,8,0,-2,2,0,-3,4,0,-4,5,0,0,2,0,0,2,0,-1,3,0,0,3,0,0,3,0,4,4,0,0,3,0,0,4,0,0,4,0,0,5,0,-1,6,0,0,6,0,0,6,0,-1,9,0,5,7,1,6,7,22],[0,0,0,0,0,0],[2,7,8,9,2,2],[0,0,5,6,7,8]]]]
