{
  "__type__": "cc.SpriteFrame",
  "content": {
    "name": "Logotipo_izzi_negativo",
    "atlas": "",
    "rect": {
      "x": 73,
      "y": 25,
      "width": 355,
      "height": 148
    },
    "offset": {
      "x": 0.5,
      "y": 1
    },
    "originalSize": {
      "width": 500,
      "height": 200
    },
    "rotated": false,
    "capInsets": [
      0,
      0,
      0,
      0
    ],
    "vertices": {
      "rawPosition": [
        -177.5,
        -74,
        0,
        177.5,
        -74,
        0,
        -177.5,
        74,
        0,
        177.5,
        74,
        0
      ],
      "indexes": [
        0,
        1,
        2,
        2,
        1,
        3
      ],
      "uv": [
        73,
        175,
        428,
        175,
        73,
        27,
        428,
        27
      ],
      "nuv": [
        0.146,
        0.135,
        0.856,
        0.135,
        0.146,
        0.875,
        0.856,
        0.875
      ],
      "minPos": {
        "x": -177.5,
        "y": -74,
        "z": 0
      },
      "maxPos": {
        "x": 177.5,
        "y": 74,
        "z": 0
      }
    },
    "texture": "e093a02c-ab76-4e0e-95a2-b2e713d80463@6c48a",
    "packable": true,
    "pixelsToUnit": 100,
    "pivot": {
      "x": 0.5,
      "y": 0.5
    },
    "meshType": 0
  }
}