{
  "__version__": "1.3.7",
  "log": {
    "level": 4
  },
  "common": {
    "polyfills": {
      "asyncFunctions": true
    },
    "buildPath": "project://build",
    "outputName": "Super-Tiro",
    "mainBundleCompressionType": "merge_all_json",
    "platform": "web-mobile",
    "name": "Super-Tiro"
  },
  "BuildTaskManager": {
    "taskMap": {
      "1759264651800": {
        "type": "build",
        "id": "1759264651800",
        "progress": 1,
        "state": "success",
        "stage": "build",
        "message": "20-10-2025 17:08:18 build success in 10 s!",
        "options": {
          "name": "Super-Tiro",
          "server": "",
          "platform": "web-mobile",
          "buildPath": "project://build",
          "debug": false,
          "md5Cache": false,
          "skipCompressTexture": false,
          "sourceMaps": false,
          "polyfills": {
            "asyncFunctions": true
          },
          "experimentalEraseModules": false,
          "startSceneAssetBundle": false,
          "bundleConfigs": [],
          "useBuiltinServer": false,
          "mainBundleIsRemote": false,
          "mainBundleCompressionType": "merge_all_json",
          "useSplashScreen": true,
          "bundleCommonChunk": false,
          "packAutoAtlas": true,
          "startScene": "be8e703a-c37a-432c-8cce-9b42e5174c4b",
          "outputName": "Super-Tiro",
          "taskName": "web-mobile",
          "scenes": [
            {
              "url": "db://assets/Scene/Inicio.scene",
              "uuid": "be8e703a-c37a-432c-8cce-9b42e5174c4b"
            },
            {
              "url": "db://assets/Scene/Instrucciones.scene",
              "uuid": "34d309e4-abf3-450c-a036-487144eb568d"
            },
            {
              "url": "db://assets/Scene/Juego.scene",
              "uuid": "d66d05dc-6731-4e04-b615-7240b631e9c5"
            }
          ],
          "packages": {},
          "__version__": "1.3.7",
          "buildMode": "normal",
          "logDest": "project://temp/builder/log/web-mobile30-9-2025 15-37.log"
        },
        "time": "20-10-2025 17:08:07",
        "dirty": false
      }
    }
  }
}
