{
  "gizmos-infos": {
    "is2D": true,
    "is3DIcon": false,
    "iconSize": 2,
    "gridVisible": true,
    "gridColor": [
      166,
      166,
      166,
      255
    ],
    "transformToolName": "position",
    "pivot": "center",
    "coordinate": "global",
    "toolsVisibility3d": true
  },
  "__version__": "1.0.0",
  "builder": {
    "taskOptionsMap": {},
    "__version__": "1.3.7"
  },
  "snap-configs": {
    "position": {
      "x": 1,
      "y": 1,
      "z": 1
    },
    "rotation": 1,
    "scale": 1,
    "isPositionSnapEnabled": false,
    "isRotationSnapEnabled": false,
    "isScaleSnapEnabled": false
  },
  "rect-snap-configs": {
    "enableSnapping": true,
    "snapThreshold": 4
  },
  "float-window": {
    "position": {
      "cc": {
        "Camera": {
          "dock": false,
          "top": null,
          "bottom": 10,
          "left": null,
          "right": 10
        }
      }
    }
  },
  "camera-infos": {
    "2a56a2e4-1b6a-4c8e-a37a-79e58a627491": {
      "position": {
        "x": -60.79471315023238,
        "y": 807.5503745549092,
        "z": 5000
      },
      "rotation": {
        "x": 0,
        "y": 0,
        "z": 0,
        "w": 1
      },
      "viewCenter": {
        "x": 0,
        "y": 0,
        "z": 0
      },
      "contentRect": {
        "x": -2960.186951237587,
        "y": -1116.7742463715151,
        "width": 679.7321428571429,
        "height": 662
      },
      "scale": 0.17174856903347624
    },
    "3c56464c-9575-4783-8917-e6d405ea03ee": {
      "position": {
        "x": 655.4559577845927,
        "y": 312.3299356555761,
        "z": 5000
      },
      "rotation": {
        "x": 0,
        "y": 0,
        "z": 0,
        "w": 1
      },
      "viewCenter": {
        "x": 0,
        "y": 0,
        "z": 0
      },
      "contentRect": {
        "x": 462.71958753191467,
        "y": 124.62147071383755,
        "width": 995.9329359165424,
        "height": 661
      },
      "scale": 1.7633727924989246
    },
    "c77ecaa8-c936-46c4-a5b0-98692673ed87": {
      "position": {
        "x": 417.2266666666667,
        "y": 279.31508021390374,
        "z": 5000
      },
      "rotation": {
        "x": 0,
        "y": 0,
        "z": 0,
        "w": 1
      },
      "viewCenter": {
        "x": 0,
        "y": 0,
        "z": 0
      },
      "contentRect": {
        "x": -1.1601172192860204e-13,
        "y": 0,
        "width": 733.0100200400801,
        "height": 489
      },
      "scale": 0.9799599198396793
    },
    "d66d05dc-6731-4e04-b615-7240b631e9c5": {
      "position": {
        "x": 1414.2620680048617,
        "y": 832.7081780423243,
        "z": 5000
      },
      "rotation": {
        "x": 0,
        "y": 0,
        "z": 0,
        "w": 1
      },
      "viewCenter": {
        "x": 0,
        "y": 0,
        "z": 0
      },
      "contentRect": {
        "x": 0,
        "y": 0,
        "width": 839.3402674591382,
        "height": 663
      },
      "scale": 0.9851411589895989
    },
    "34d309e4-abf3-450c-a036-487144eb568d": {
      "position": {
        "x": 582.5915475148563,
        "y": 257.3461971437781,
        "z": 5000
      },
      "rotation": {
        "x": 0,
        "y": 0,
        "z": 0,
        "w": 1
      },
      "viewCenter": {
        "x": 0,
        "y": 0,
        "z": 0
      },
      "contentRect": {
        "x": -573.2353394705605,
        "y": -655.6485152285053,
        "width": 839.3402674591382,
        "height": 663
      },
      "scale": 0.36309082134621096
    },
    "be8e703a-c37a-432c-8cce-9b42e5174c4b": {
      "position": {
        "x": 1059.0752133842946,
        "y": 97.918833870421,
        "z": 5000
      },
      "rotation": {
        "x": 0,
        "y": 0,
        "z": 0,
        "w": 1
      },
      "viewCenter": {
        "x": 0,
        "y": 0,
        "z": 0
      },
      "contentRect": {
        "x": 413.36546317598413,
        "y": -412.13123877065055,
        "width": 1136.827380952381,
        "height": 662
      },
      "scale": 0.6499361881931945
    }
  },
  "camera-uuids": [
    "2a56a2e4-1b6a-4c8e-a37a-79e58a627491",
    "3c56464c-9575-4783-8917-e6d405ea03ee",
    "c77ecaa8-c936-46c4-a5b0-98692673ed87",
    "d66d05dc-6731-4e04-b615-7240b631e9c5",
    "34d309e4-abf3-450c-a036-487144eb568d",
    "be8e703a-c37a-432c-8cce-9b42e5174c4b"
  ],
  "camera": {
    "color": [
      48,
      48,
      48,
      255
    ],
    "fov": 45,
    "far": 10000,
    "near": 0.01,
    "wheelSpeed": 0.01,
    "wanderSpeed": 10,
    "enableAcceleration": true,
    "size": "__default_design__",
    "far2D": 10000,
    "near2D": 1,
    "wheelSpeed2D": 6,
    "iso": 0,
    "aperture": 19,
    "shutter": 7
  },
  "scene_view": {
    "isSceneLightOn": true,
    "output_device": "__default_design__"
  },
  "game-view": {
    "scaleValue": 78,
    "sliderValue": 38
  }
}
