{
  "gizmos-infos": {
    "is2D": true,
    "is3DIcon": false,
    "iconSize": 2,
    "gridVisible": true,
    "gridColor": [
      166,
      166,
      166,
      255
    ],
    "transformToolName": "position",
    "pivot": "center",
    "coordinate": "global",
    "toolsVisibility3d": true
  },
  "__version__": "1.0.0",
  "builder": {
    "taskOptionsMap": {},
    "__version__": "1.3.7"
  },
  "snap-configs": {
    "position": {
      "x": 1,
      "y": 1,
      "z": 1
    },
    "rotation": 1,
    "scale": 1,
    "isPositionSnapEnabled": false,
    "isRotationSnapEnabled": false,
    "isScaleSnapEnabled": false
  },
  "rect-snap-configs": {
    "enableSnapping": true,
    "snapThreshold": 4
  },
  "float-window": {
    "position": {
      "cc": {
        "Camera": {
          "dock": false,
          "top": null,
          "bottom": 10,
          "left": null,
          "right": 10
        }
      }
    }
  },
  "camera-infos": {
    "2a56a2e4-1b6a-4c8e-a37a-79e58a627491": {
      "position": {
        "x": -60.79471315023238,
        "y": 807.5503745549092,
        "z": 5000
      },
      "rotation": {
        "x": 0,
        "y": 0,
        "z": 0,
        "w": 1
      },
      "viewCenter": {
        "x": 0,
        "y": 0,
        "z": 0
      },
      "contentRect": {
        "x": -2960.186951237587,
        "y": -1116.7742463715151,
        "width": 679.7321428571429,
        "height": 662
      },
      "scale": 0.17174856903347624
    },
    "3c56464c-9575-4783-8917-e6d405ea03ee": {
      "position": {
        "x": 655.4559577845927,
        "y": 312.3299356555761,
        "z": 5000
      },
      "rotation": {
        "x": 0,
        "y": 0,
        "z": 0,
        "w": 1
      },
      "viewCenter": {
        "x": 0,
        "y": 0,
        "z": 0
      },
      "contentRect": {
        "x": 462.71958753191467,
        "y": 124.62147071383755,
        "width": 995.9329359165424,
        "height": 661
      },
      "scale": 1.7633727924989246
    },
    "34d309e4-abf3-450c-a036-487144eb568d": {
      "position": {
        "x": 875.4390698642881,
        "y": 736.5651411943883,
        "z": 5000
      },
      "rotation": {
        "x": 0,
        "y": 0,
        "z": 0,
        "w": 1
      },
      "viewCenter": {
        "x": 0,
        "y": 0,
        "z": 0
      },
      "contentRect": {
        "x": -133.96405594641274,
        "y": 63.17990084741011,
        "width": 839.3402674591382,
        "height": 663
      },
      "scale": 0.36309082134621096
    },
    "c77ecaa8-c936-46c4-a5b0-98692673ed87": {
      "position": {
        "x": 480,
        "y": 320,
        "z": 5000
      },
      "rotation": {
        "x": 0,
        "y": 0,
        "z": 0,
        "w": 1
      },
      "viewCenter": {
        "x": 0,
        "y": 0,
        "z": 0
      },
      "contentRect": {
        "x": 1.5202989638185864,
        "y": -57.83590963139116,
        "width": 841,
        "height": 560.6666666666666
      },
      "scale": 0.8760416666666667
    },
    "d66d05dc-6731-4e04-b615-7240b631e9c5": {
      "position": {
        "x": 426,
        "y": 336.5,
        "z": 5000
      },
      "rotation": {
        "x": 0,
        "y": 0,
        "z": 0,
        "w": 1
      },
      "viewCenter": {
        "x": 0,
        "y": 0,
        "z": 0
      },
      "contentRect": {
        "x": 0,
        "y": 0,
        "width": 839.3402674591382,
        "height": 663
      },
      "scale": 0.9851411589895989
    },
    "be8e703a-c37a-432c-8cce-9b42e5174c4b": {
      "position": {
        "x": 267.71791783634444,
        "y": 378.78860831351807,
        "z": 5000
      },
      "rotation": {
        "x": 0,
        "y": 0,
        "z": 0,
        "w": 1
      },
      "viewCenter": {
        "x": 0,
        "y": 0,
        "z": 0
      },
      "contentRect": {
        "x": -377.21948121382997,
        "y": -130.49215803397564,
        "width": 838.3363095238095,
        "height": 662
      },
      "scale": 0.6499361881931964
    }
  },
  "camera-uuids": [
    "2a56a2e4-1b6a-4c8e-a37a-79e58a627491",
    "3c56464c-9575-4783-8917-e6d405ea03ee",
    "34d309e4-abf3-450c-a036-487144eb568d",
    "c77ecaa8-c936-46c4-a5b0-98692673ed87",
    "d66d05dc-6731-4e04-b615-7240b631e9c5",
    "be8e703a-c37a-432c-8cce-9b42e5174c4b"
  ],
  "camera": {
    "color": [
      48,
      48,
      48,
      255
    ],
    "fov": 45,
    "far": 10000,
    "near": 0.01,
    "wheelSpeed": 0.01,
    "wanderSpeed": 10,
    "enableAcceleration": true,
    "size": "__default_design__",
    "far2D": 10000,
    "near2D": 1,
    "wheelSpeed2D": 6,
    "iso": 0,
    "aperture": 19,
    "shutter": 7
  },
  "scene_view": {
    "isSceneLightOn": true,
    "output_device": "__default_design__"
  },
  "game-view": {
    "scaleValue": 78,
    "sliderValue": 38
  }
}
