{
  "__version__": "1.0.1",
  "builder": {
    "common": {
      "polyfills": {
        "asyncFunctions": true
      },
      "buildPath": "project://build",
      "outputName": "Super-Tiro",
      "mainBundleCompressionType": "merge_all_json",
      "platform": "web-mobile",
      "name": "Super-Tiro"
    },
    "options": {
      "web-mobile": {
        "orientation": "landscape",
        "embedWebDebugger": false,
        "cullEngineAsmJsModule": false,
        "__version__": "1.0.1"
      }
    },
    "taskOptionsMap": {
      "1759264651800": {
        "orientation": "landscape",
        "embedWebDebugger": false,
        "cullEngineAsmJsModule": false,
        "__version__": "1.0.1"
      }
    },
    "__version__": "1.3.7"
  }
}
