{
  "__type__": "cc.SpriteFrame",
  "content": {
    "name": "Colombia2",
    "atlas": "",
    "rect": {
      "x": 3,
      "y": 3,
      "width": 126,
      "height": 126
    },
    "offset": {
      "x": 0,
      "y": 0
    },
    "originalSize": {
      "width": 132,
      "height": 132
    },
    "rotated": false,
    "capInsets": [
      0,
      0,
      0,
      0
    ],
    "vertices": {
      "rawPosition": [
        -63,
        -63,
        0,
        63,
        -63,
        0,
        -63,
        63,
        0,
        63,
        63,
        0
      ],
      "indexes": [
        0,
        1,
        2,
        2,
        1,
        3
      ],
      "uv": [
        3,
        129,
        129,
        129,
        3,
        3,
        129,
        3
      ],
      "nuv": [
        0.022727272727272728,
        0.022727272727272728,
        0.9772727272727273,
        0.022727272727272728,
        0.022727272727272728,
        0.9772727272727273,
        0.9772727272727273,
        0.9772727272727273
      ],
      "minPos": {
        "x": -63,
        "y": -63,
        "z": 0
      },
      "maxPos": {
        "x": 63,
        "y": 63,
        "z": 0
      }
    },
    "texture": "b51ce417-8850-427f-9d6a-b71f0da1d517@6c48a",
    "packable": true,
    "pixelsToUnit": 100,
    "pivot": {
      "x": 0.5,
      "y": 0.5
    },
    "meshType": 0
  }
}