{
  "__type__": "cc.SpriteFrame",
  "content": {
    "name": "Porteria",
    "atlas": "",
    "rect": {
      "x": 2,
      "y": 0,
      "width": 152,
      "height": 200
    },
    "offset": {
      "x": 1,
      "y": 0
    },
    "originalSize": {
      "width": 154,
      "height": 200
    },
    "rotated": false,
    "capInsets": [
      0,
      0,
      0,
      0
    ],
    "vertices": {
      "rawPosition": [
        -76,
        -100,
        0,
        76,
        -100,
        0,
        -76,
        100,
        0,
        76,
        100,
        0
      ],
      "indexes": [
        0,
        1,
        2,
        2,
        1,
        3
      ],
      "uv": [
        2,
        200,
        154,
        200,
        2,
        0,
        154,
        0
      ],
      "nuv": [
        0.012987012987012988,
        0,
        1,
        0,
        0.012987012987012988,
        1,
        1,
        1
      ],
      "minPos": {
        "x": -76,
        "y": -100,
        "z": 0
      },
      "maxPos": {
        "x": 76,
        "y": 100,
        "z": 0
      }
    },
    "texture": "c74adfe1-6122-46c9-b21a-20f54d932c80@6c48a",
    "packable": true,
    "pixelsToUnit": 100,
    "pivot": {
      "x": 0.5,
      "y": 0.5
    },
    "meshType": 0
  }
}