{
  "__type__": "cc.SpriteFrame",
  "content": {
    "name": "Boton_Jugar_h",
    "atlas": "",
    "rect": {
      "x": 0,
      "y": 0,
      "width": 318,
      "height": 117
    },
    "offset": {
      "x": 0,
      "y": 0
    },
    "originalSize": {
      "width": 318,
      "height": 117
    },
    "rotated": false,
    "capInsets": [
      0,
      0,
      0,
      0
    ],
    "vertices": {
      "rawPosition": [
        -159,
        -58.5,
        0,
        159,
        -58.5,
        0,
        -159,
        58.5,
        0,
        159,
        58.5,
        0
      ],
      "indexes": [
        0,
        1,
        2,
        2,
        1,
        3
      ],
      "uv": [
        0,
        117,
        318,
        117,
        0,
        0,
        318,
        0
      ],
      "nuv": [
        0,
        0,
        1,
        0,
        0,
        1,
        1,
        1
      ],
      "minPos": {
        "x": -159,
        "y": -58.5,
        "z": 0
      },
      "maxPos": {
        "x": 159,
        "y": 58.5,
        "z": 0
      }
    },
    "texture": "9f2e70a9-09f7-4dd6-a324-b9371bbfc83a@6c48a",
    "packable": true,
    "pixelsToUnit": 100,
    "pivot": {
      "x": 0.5,
      "y": 0.5
    },
    "meshType": 0
  }
}