{
  "__type__": "cc.SpriteFrame",
  "content": {
    "name": "Holanda-Portero",
    "atlas": "",
    "rect": {
      "x": 179,
      "y": 37,
      "width": 120,
      "height": 433
    },
    "offset": {
      "x": 7,
      "y": -16.5
    },
    "originalSize": {
      "width": 464,
      "height": 474
    },
    "rotated": false,
    "capInsets": [
      0,
      0,
      0,
      0
    ],
    "vertices": {
      "rawPosition": [
        -60,
        -216.5,
        0,
        60,
        -216.5,
        0,
        -60,
        216.5,
        0,
        60,
        216.5,
        0
      ],
      "indexes": [
        0,
        1,
        2,
        2,
        1,
        3
      ],
      "uv": [
        179,
        437,
        299,
        437,
        179,
        4,
        299,
        4
      ],
      "nuv": [
        0.3857758620689655,
        0.008438818565400843,
        0.6443965517241379,
        0.008438818565400843,
        0.3857758620689655,
        0.9219409282700421,
        0.6443965517241379,
        0.9219409282700421
      ],
      "minPos": {
        "x": -60,
        "y": -216.5,
        "z": 0
      },
      "maxPos": {
        "x": 60,
        "y": 216.5,
        "z": 0
      }
    },
    "texture": "78c0fe5f-0807-43ed-9a5b-6502065f1255@6c48a",
    "packable": true,
    "pixelsToUnit": 100,
    "pivot": {
      "x": 0.5,
      "y": 0.5
    },
    "meshType": 0
  }
}