{
  "__type__": "cc.SpriteFrame",
  "content": {
    "name": "FanVenados_Blanco",
    "atlas": "",
    "rect": {
      "x": 0,
      "y": 0,
      "width": 4222,
      "height": 849
    },
    "offset": {
      "x": 0,
      "y": 0
    },
    "originalSize": {
      "width": 4222,
      "height": 849
    },
    "rotated": false,
    "capInsets": [
      0,
      0,
      0,
      0
    ],
    "vertices": {
      "rawPosition": [
        -2111,
        -424.5,
        0,
        2111,
        -424.5,
        0,
        -2111,
        424.5,
        0,
        2111,
        424.5,
        0
      ],
      "indexes": [
        0,
        1,
        2,
        2,
        1,
        3
      ],
      "uv": [
        0,
        849,
        4222,
        849,
        0,
        0,
        4222,
        0
      ],
      "nuv": [
        0,
        0,
        1,
        0,
        0,
        1,
        1,
        1
      ],
      "minPos": {
        "x": -2111,
        "y": -424.5,
        "z": 0
      },
      "maxPos": {
        "x": 2111,
        "y": 424.5,
        "z": 0
      }
    },
    "texture": "02ac7129-b7b3-4abc-a203-c65778a143f1@6c48a",
    "packable": true,
    "pixelsToUnit": 100,
    "pivot": {
      "x": 0.5,
      "y": 0.5
    },
    "meshType": 0
  }
}