{
  "__type__": "cc.SpriteFrame",
  "content": {
    "name": "Multijugador",
    "atlas": "",
    "rect": {
      "x": 0,
      "y": 0,
      "width": 445,
      "height": 161
    },
    "offset": {
      "x": 0,
      "y": 0
    },
    "originalSize": {
      "width": 445,
      "height": 161
    },
    "rotated": false,
    "capInsets": [
      0,
      0,
      0,
      0
    ],
    "vertices": {
      "rawPosition": [
        -222.5,
        -80.5,
        0,
        222.5,
        -80.5,
        0,
        -222.5,
        80.5,
        0,
        222.5,
        80.5,
        0
      ],
      "indexes": [
        0,
        1,
        2,
        2,
        1,
        3
      ],
      "uv": [
        0,
        161,
        445,
        161,
        0,
        0,
        445,
        0
      ],
      "nuv": [
        0,
        0,
        1,
        0,
        0,
        1,
        1,
        1
      ],
      "minPos": {
        "x": -222.5,
        "y": -80.5,
        "z": 0
      },
      "maxPos": {
        "x": 222.5,
        "y": 80.5,
        "z": 0
      }
    },
    "texture": "20a2aa20-7384-4724-841e-3ceb2bffdedc@6c48a",
    "packable": true,
    "pixelsToUnit": 100,
    "pivot": {
      "x": 0.5,
      "y": 0.5
    },
    "meshType": 0
  }
}