{
  "__type__": "cc.SpriteFrame",
  "content": {
    "name": "puntosfutbolsmexico 2",
    "atlas": "",
    "rect": {
      "x": 62,
      "y": 3,
      "width": 378,
      "height": 133
    },
    "offset": {
      "x": 1,
      "y": 0
    },
    "originalSize": {
      "width": 500,
      "height": 139
    },
    "rotated": false,
    "capInsets": [
      0,
      0,
      0,
      0
    ],
    "vertices": {
      "rawPosition": [
        -189,
        -66.5,
        0,
        189,
        -66.5,
        0,
        -189,
        66.5,
        0,
        189,
        66.5,
        0
      ],
      "indexes": [
        0,
        1,
        2,
        2,
        1,
        3
      ],
      "uv": [
        62,
        136,
        440,
        136,
        62,
        3,
        440,
        3
      ],
      "nuv": [
        0.124,
        0.02158273381294964,
        0.88,
        0.02158273381294964,
        0.124,
        0.9784172661870504,
        0.88,
        0.9784172661870504
      ],
      "minPos": {
        "x": -189,
        "y": -66.5,
        "z": 0
      },
      "maxPos": {
        "x": 189,
        "y": 66.5,
        "z": 0
      }
    },
    "texture": "569c2b58-3a66-43a6-9cae-62dd8b5925a1@6c48a",
    "packable": true,
    "pixelsToUnit": 100,
    "pivot": {
      "x": 0.5,
      "y": 0.5
    },
    "meshType": 0
  }
}