{
  "__type__": "cc.SpriteFrame",
  "content": {
    "name": "Corea",
    "atlas": "",
    "rect": {
      "x": 16,
      "y": 16,
      "width": 108,
      "height": 108
    },
    "offset": {
      "x": -0.5,
      "y": 0.5
    },
    "originalSize": {
      "width": 141,
      "height": 141
    },
    "rotated": false,
    "capInsets": [
      0,
      0,
      0,
      0
    ],
    "vertices": {
      "rawPosition": [
        -54,
        -54,
        0,
        54,
        -54,
        0,
        -54,
        54,
        0,
        54,
        54,
        0
      ],
      "indexes": [
        0,
        1,
        2,
        2,
        1,
        3
      ],
      "uv": [
        16,
        125,
        124,
        125,
        16,
        17,
        124,
        17
      ],
      "nuv": [
        0.11347517730496454,
        0.12056737588652482,
        0.8794326241134752,
        0.12056737588652482,
        0.11347517730496454,
        0.8865248226950354,
        0.8794326241134752,
        0.8865248226950354
      ],
      "minPos": {
        "x": -54,
        "y": -54,
        "z": 0
      },
      "maxPos": {
        "x": 54,
        "y": 54,
        "z": 0
      }
    },
    "texture": "8ed564e6-c11b-4238-9c32-be4888179e00@6c48a",
    "packable": true,
    "pixelsToUnit": 100,
    "pivot": {
      "x": 0.5,
      "y": 0.5
    },
    "meshType": 0
  }
}