[
  {
    "__type__": "cc.SceneAsset",
    "_name": "Inicio",
    "_objFlags": 0,
    "__editorExtras__": {},
    "_native": "",
    "scene": {
      "__id__": 1
    }
  },
  {
    "__type__": "cc.Scene",
    "_name": "Inicio",
    "_objFlags": 0,
    "__editorExtras__": {},
    "_parent": null,
    "_children": [
      {
        "__id__": 2
      }
    ],
    "_active": true,
    "_components": [],
    "_prefab": null,
    "_lpos": {
      "__type__": "cc.Vec3",
      "x": 0,
      "y": 0,
      "z": 0
    },
    "_lrot": {
      "__type__": "cc.Quat",
      "x": 0,
      "y": 0,
      "z": 0,
      "w": 1
    },
    "_lscale": {
      "__type__": "cc.Vec3",
      "x": 1,
      "y": 1,
      "z": 1
    },
    "_mobility": 0,
    "_layer": 1073741824,
    "_euler": {
      "__type__": "cc.Vec3",
      "x": 0,
      "y": 0,
      "z": 0
    },
    "autoReleaseAssets": false,
    "_globals": {
      "__id__": 29
    },
    "_id": "8ba13a23-e66e-410b-9173-269a2817cc21"
  },
  {
    "__type__": "cc.Node",
    "_name": "Canvas",
    "_objFlags": 0,
    "__editorExtras__": {},
    "_parent": {
      "__id__": 1
    },
    "_children": [
      {
        "__id__": 3
      },
      {
        "__id__": 5
      },
      {
        "__id__": 8
      },
      {
        "__id__": 12
      },
      {
        "__id__": 20
      }
    ],
    "_active": true,
    "_components": [
      {
        "__id__": 26
      },
      {
        "__id__": 27
      },
      {
        "__id__": 28
      }
    ],
    "_prefab": null,
    "_lpos": {
      "__type__": "cc.Vec3",
      "x": 320,
      "y": 480.00000000000006,
      "z": 0
    },
    "_lrot": {
      "__type__": "cc.Quat",
      "x": 0,
      "y": 0,
      "z": 0,
      "w": 1
    },
    "_lscale": {
      "__type__": "cc.Vec3",
      "x": 1,
      "y": 1,
      "z": 1
    },
    "_mobility": 0,
    "_layer": 33554432,
    "_euler": {
      "__type__": "cc.Vec3",
      "x": 0,
      "y": 0,
      "z": 0
    },
    "_id": "beI88Z2HpFELqR4T5EMHpg"
  },
  {
    "__type__": "cc.Node",
    "_name": "Camera",
    "_objFlags": 0,
    "__editorExtras__": {},
    "_parent": {
      "__id__": 2
    },
    "_children": [],
    "_active": true,
    "_components": [
      {
        "__id__": 4
      }
    ],
    "_prefab": null,
    "_lpos": {
      "__type__": "cc.Vec3",
      "x": 0,
      "y": 0,
      "z": 1000
    },
    "_lrot": {
      "__type__": "cc.Quat",
      "x": 0,
      "y": 0,
      "z": 0,
      "w": 1
    },
    "_lscale": {
      "__type__": "cc.Vec3",
      "x": 1,
      "y": 1,
      "z": 1
    },
    "_mobility": 0,
    "_layer": 1073741824,
    "_euler": {
      "__type__": "cc.Vec3",
      "x": 0,
      "y": 0,
      "z": 0
    },
    "_id": "ebFwiq8gBFaYpqYbdoDODe"
  },
  {
    "__type__": "cc.Camera",
    "_name": "",
    "_objFlags": 0,
    "__editorExtras__": {},
    "node": {
      "__id__": 3
    },
    "_enabled": true,
    "__prefab": null,
    "_projection": 0,
    "_priority": 0,
    "_fov": 45,
    "_fovAxis": 0,
    "_orthoHeight": 480.00000000000006,
    "_near": 0,
    "_far": 1000,
    "_color": {
      "__type__": "cc.Color",
      "r": 0,
      "g": 0,
      "b": 0,
      "a": 255
    },
    "_depth": 1,
    "_stencil": 0,
    "_clearFlags": 7,
    "_rect": {
      "__type__": "cc.Rect",
      "x": 0,
      "y": 0,
      "width": 1,
      "height": 1
    },
    "_aperture": 19,
    "_shutter": 7,
    "_iso": 0,
    "_screenScale": 1,
    "_visibility": 1108344832,
    "_targetTexture": null,
    "_postProcess": null,
    "_usePostProcess": false,
    "_cameraType": -1,
    "_trackingType": 0,
    "_id": "63WIch3o5BEYRlXzTT0oWc"
  },
  {
    "__type__": "cc.Node",
    "_name": "Marcos",
    "_objFlags": 0,
    "__editorExtras__": {},
    "_parent": {
      "__id__": 2
    },
    "_children": [],
    "_active": true,
    "_components": [
      {
        "__id__": 6
      },
      {
        "__id__": 7
      }
    ],
    "_prefab": null,
    "_lpos": {
      "__type__": "cc.Vec3",
      "x": 0,
      "y": 0,
      "z": 0
    },
    "_lrot": {
      "__type__": "cc.Quat",
      "x": 0,
      "y": 0,
      "z": 0,
      "w": 1
    },
    "_lscale": {
      "__type__": "cc.Vec3",
      "x": 1,
      "y": 1,
      "z": 1
    },
    "_mobility": 0,
    "_layer": 33554432,
    "_euler": {
      "__type__": "cc.Vec3",
      "x": 0,
      "y": 0,
      "z": 0
    },
    "_id": "81ixkCt1RHsJrfVCNv6FJh"
  },
  {
    "__type__": "cc.UITransform",
    "_name": "",
    "_objFlags": 0,
    "__editorExtras__": {},
    "node": {
      "__id__": 5
    },
    "_enabled": true,
    "__prefab": null,
    "_contentSize": {
      "__type__": "cc.Size",
      "width": 640,
      "height": 960
    },
    "_anchorPoint": {
      "__type__": "cc.Vec2",
      "x": 0.5,
      "y": 0.5
    },
    "_id": "1a7i544VNIMJTl0598NiZg"
  },
  {
    "__type__": "cc.Sprite",
    "_name": "",
    "_objFlags": 0,
    "__editorExtras__": {},
    "node": {
      "__id__": 5
    },
    "_enabled": true,
    "__prefab": null,
    "_customMaterial": null,
    "_srcBlendFactor": 2,
    "_dstBlendFactor": 4,
    "_color": {
      "__type__": "cc.Color",
      "r": 255,
      "g": 255,
      "b": 255,
      "a": 255
    },
    "_spriteFrame": {
      "__uuid__": "c569ce79-003c-4634-9f33-431a5b579c15@f9941",
      "__expectedType__": "cc.SpriteFrame"
    },
    "_type": 0,
    "_fillType": 0,
    "_sizeMode": 0,
    "_fillCenter": {
      "__type__": "cc.Vec2",
      "x": 0,
      "y": 0
    },
    "_fillStart": 0,
    "_fillRange": 0,
    "_isTrimmedMode": true,
    "_useGrayscale": false,
    "_atlas": null,
    "_id": "e88lO7VBZLxLdtu9+ScEMv"
  },
  {
    "__type__": "cc.Node",
    "_name": "Diablos-2",
    "_objFlags": 0,
    "__editorExtras__": {},
    "_parent": {
      "__id__": 2
    },
    "_children": [],
    "_active": true,
    "_components": [
      {
        "__id__": 9
      },
      {
        "__id__": 10
      },
      {
        "__id__": 11
      }
    ],
    "_prefab": null,
    "_lpos": {
      "__type__": "cc.Vec3",
      "x": 0,
      "y": 300,
      "z": 0
    },
    "_lrot": {
      "__type__": "cc.Quat",
      "x": 0,
      "y": 0,
      "z": 0,
      "w": 1
    },
    "_lscale": {
      "__type__": "cc.Vec3",
      "x": 1.3,
      "y": 1.4,
      "z": 0.813
    },
    "_mobility": 0,
    "_layer": 33554432,
    "_euler": {
      "__type__": "cc.Vec3",
      "x": 0,
      "y": 0,
      "z": 0
    },
    "_id": "679CBoSOVCmbcJW5gRI7ve"
  },
  {
    "__type__": "cc.UITransform",
    "_name": "",
    "_objFlags": 0,
    "__editorExtras__": {},
    "node": {
      "__id__": 8
    },
    "_enabled": true,
    "__prefab": null,
    "_contentSize": {
      "__type__": "cc.Size",
      "width": 348,
      "height": 73
    },
    "_anchorPoint": {
      "__type__": "cc.Vec2",
      "x": 0.5,
      "y": 0.5
    },
    "_id": "9fyHp9ifhNf7ibRVUBNrUF"
  },
  {
    "__type__": "cc.Sprite",
    "_name": "",
    "_objFlags": 0,
    "__editorExtras__": {},
    "node": {
      "__id__": 8
    },
    "_enabled": true,
    "__prefab": null,
    "_customMaterial": null,
    "_srcBlendFactor": 2,
    "_dstBlendFactor": 4,
    "_color": {
      "__type__": "cc.Color",
      "r": 255,
      "g": 255,
      "b": 255,
      "a": 255
    },
    "_spriteFrame": {
      "__uuid__": "6d65f1a3-ebd4-4311-906b-3c1481edde50@f9941",
      "__expectedType__": "cc.SpriteFrame"
    },
    "_type": 0,
    "_fillType": 0,
    "_sizeMode": 2,
    "_fillCenter": {
      "__type__": "cc.Vec2",
      "x": 0,
      "y": 0
    },
    "_fillStart": 0,
    "_fillRange": 0,
    "_isTrimmedMode": true,
    "_useGrayscale": false,
    "_atlas": null,
    "_id": "82CpR/Uu9A6q4M80rkXw82"
  },
  {
    "__type__": "cc.Animation",
    "_name": "",
    "_objFlags": 0,
    "__editorExtras__": {},
    "node": {
      "__id__": 8
    },
    "_enabled": true,
    "__prefab": null,
    "playOnLoad": true,
    "_clips": [
      {
        "__uuid__": "9a6f3138-9e51-4767-8c36-400277e4df2a",
        "__expectedType__": "cc.AnimationClip"
      }
    ],
    "_defaultClip": {
      "__uuid__": "9a6f3138-9e51-4767-8c36-400277e4df2a",
      "__expectedType__": "cc.AnimationClip"
    },
    "_id": "33u+lefxpHNaRdsS61paHF"
  },
  {
    "__type__": "cc.Node",
    "_name": "Button",
    "_objFlags": 0,
    "__editorExtras__": {},
    "_parent": {
      "__id__": 2
    },
    "_children": [],
    "_active": true,
    "_components": [
      {
        "__id__": 13
      },
      {
        "__id__": 14
      },
      {
        "__id__": 15
      },
      {
        "__id__": 18
      },
      {
        "__id__": 19
      }
    ],
    "_prefab": null,
    "_lpos": {
      "__type__": "cc.Vec3",
      "x": 0,
      "y": -150,
      "z": 0
    },
    "_lrot": {
      "__type__": "cc.Quat",
      "x": 0,
      "y": 0,
      "z": 0,
      "w": 1
    },
    "_lscale": {
      "__type__": "cc.Vec3",
      "x": 1,
      "y": 1,
      "z": 1
    },
    "_mobility": 0,
    "_layer": 33554432,
    "_euler": {
      "__type__": "cc.Vec3",
      "x": 0,
      "y": 0,
      "z": 0
    },
    "_id": "c320tTS7FAsoGb+biUXWSt"
  },
  {
    "__type__": "cc.UITransform",
    "_name": "",
    "_objFlags": 0,
    "__editorExtras__": {},
    "node": {
      "__id__": 12
    },
    "_enabled": true,
    "__prefab": null,
    "_contentSize": {
      "__type__": "cc.Size",
      "width": 324,
      "height": 126
    },
    "_anchorPoint": {
      "__type__": "cc.Vec2",
      "x": 0.5,
      "y": 0.5
    },
    "_id": "f0mms99tJHHppskq7BQ6aw"
  },
  {
    "__type__": "cc.Sprite",
    "_name": "",
    "_objFlags": 0,
    "__editorExtras__": {},
    "node": {
      "__id__": 12
    },
    "_enabled": true,
    "__prefab": null,
    "_customMaterial": null,
    "_srcBlendFactor": 2,
    "_dstBlendFactor": 4,
    "_color": {
      "__type__": "cc.Color",
      "r": 255,
      "g": 255,
      "b": 255,
      "a": 255
    },
    "_spriteFrame": {
      "__uuid__": "77da5e5b-96f2-4237-b7b4-222dd2afe246@f9941",
      "__expectedType__": "cc.SpriteFrame"
    },
    "_type": 1,
    "_fillType": 0,
    "_sizeMode": 0,
    "_fillCenter": {
      "__type__": "cc.Vec2",
      "x": 0,
      "y": 0
    },
    "_fillStart": 0,
    "_fillRange": 0,
    "_isTrimmedMode": true,
    "_useGrayscale": false,
    "_atlas": null,
    "_id": "37TJ0f/d5EUof1xWCtMtks"
  },
  {
    "__type__": "cc.Button",
    "_name": "",
    "_objFlags": 0,
    "__editorExtras__": {},
    "node": {
      "__id__": 12
    },
    "_enabled": true,
    "__prefab": null,
    "clickEvents": [
      {
        "__id__": 16
      },
      {
        "__id__": 17
      }
    ],
    "_interactable": true,
    "_transition": 2,
    "_normalColor": {
      "__type__": "cc.Color",
      "r": 214,
      "g": 214,
      "b": 214,
      "a": 255
    },
    "_hoverColor": {
      "__type__": "cc.Color",
      "r": 211,
      "g": 211,
      "b": 211,
      "a": 255
    },
    "_pressedColor": {
      "__type__": "cc.Color",
      "r": 255,
      "g": 255,
      "b": 255,
      "a": 255
    },
    "_disabledColor": {
      "__type__": "cc.Color",
      "r": 124,
      "g": 124,
      "b": 124,
      "a": 255
    },
    "_normalSprite": {
      "__uuid__": "77da5e5b-96f2-4237-b7b4-222dd2afe246@f9941",
      "__expectedType__": "cc.SpriteFrame"
    },
    "_hoverSprite": {
      "__uuid__": "22a5e0bc-facd-4be8-b729-f3ef700e3622@f9941",
      "__expectedType__": "cc.SpriteFrame"
    },
    "_pressedSprite": {
      "__uuid__": "95225543-202c-411b-a468-299a88fe5553@f9941",
      "__expectedType__": "cc.SpriteFrame"
    },
    "_disabledSprite": {
      "__uuid__": "951249e0-9f16-456d-8b85-a6ca954da16b@f9941",
      "__expectedType__": "cc.SpriteFrame"
    },
    "_duration": 0.1,
    "_zoomScale": 1.2,
    "_target": {
      "__id__": 12
    },
    "_id": "9aco5d/YZOhqeIc2SMGCA4"
  },
  {
    "__type__": "cc.ClickEvent",
    "target": {
      "__id__": 12
    },
    "component": "",
    "_componentId": "a48baiLPJZH0ZuTOXOehLF3",
    "handler": "Carga",
    "customEventData": ""
  },
  {
    "__type__": "cc.ClickEvent",
    "target": {
      "__id__": 12
    },
    "component": "",
    "_componentId": "4f459zNtGlOZoG6cRzN00BN",
    "handler": "sendMessageToStart",
    "customEventData": ""
  },
  {
    "__type__": "a48baiLPJZH0ZuTOXOehLF3",
    "_name": "",
    "_objFlags": 0,
    "__editorExtras__": {},
    "node": {
      "__id__": 12
    },
    "_enabled": true,
    "__prefab": null,
    "name2": "Instrucciones",
    "_id": "70x/547etAcZQ+YW2k3M7D"
  },
  {
    "__type__": "4f459zNtGlOZoG6cRzN00BN",
    "_name": "",
    "_objFlags": 0,
    "__editorExtras__": {},
    "node": {
      "__id__": 12
    },
    "_enabled": true,
    "__prefab": null,
    "manScore": null,
    "_id": "f1ODiW6MNGYKdq3tspI9Ek"
  },
  {
    "__type__": "cc.Node",
    "_name": "Button-001",
    "_objFlags": 0,
    "__editorExtras__": {},
    "_parent": {
      "__id__": 2
    },
    "_children": [],
    "_active": true,
    "_components": [
      {
        "__id__": 21
      },
      {
        "__id__": 22
      },
      {
        "__id__": 23
      },
      {
        "__id__": 25
      }
    ],
    "_prefab": null,
    "_lpos": {
      "__type__": "cc.Vec3",
      "x": 0,
      "y": -280,
      "z": 0
    },
    "_lrot": {
      "__type__": "cc.Quat",
      "x": 0,
      "y": 0,
      "z": 0,
      "w": 1
    },
    "_lscale": {
      "__type__": "cc.Vec3",
      "x": 0.8,
      "y": 0.8,
      "z": 1
    },
    "_mobility": 0,
    "_layer": 33554432,
    "_euler": {
      "__type__": "cc.Vec3",
      "x": 0,
      "y": 0,
      "z": 0
    },
    "_id": "77NKWI5ihE7LOjqo/Rajqf"
  },
  {
    "__type__": "cc.UITransform",
    "_name": "",
    "_objFlags": 0,
    "__editorExtras__": {},
    "node": {
      "__id__": 20
    },
    "_enabled": true,
    "__prefab": null,
    "_contentSize": {
      "__type__": "cc.Size",
      "width": 324,
      "height": 126
    },
    "_anchorPoint": {
      "__type__": "cc.Vec2",
      "x": 0.5,
      "y": 0.5
    },
    "_id": "4de68qN6NK07PdXDDM/S/L"
  },
  {
    "__type__": "cc.Sprite",
    "_name": "",
    "_objFlags": 0,
    "__editorExtras__": {},
    "node": {
      "__id__": 20
    },
    "_enabled": true,
    "__prefab": null,
    "_customMaterial": null,
    "_srcBlendFactor": 2,
    "_dstBlendFactor": 4,
    "_color": {
      "__type__": "cc.Color",
      "r": 255,
      "g": 255,
      "b": 255,
      "a": 255
    },
    "_spriteFrame": {
      "__uuid__": "6bff1878-25aa-4329-94d6-7c309ca47c7d@f9941",
      "__expectedType__": "cc.SpriteFrame"
    },
    "_type": 1,
    "_fillType": 0,
    "_sizeMode": 0,
    "_fillCenter": {
      "__type__": "cc.Vec2",
      "x": 0,
      "y": 0
    },
    "_fillStart": 0,
    "_fillRange": 0,
    "_isTrimmedMode": true,
    "_useGrayscale": false,
    "_atlas": null,
    "_id": "cckS2sLcxHIJ5C+QPEG5in"
  },
  {
    "__type__": "cc.Button",
    "_name": "",
    "_objFlags": 0,
    "__editorExtras__": {},
    "node": {
      "__id__": 20
    },
    "_enabled": true,
    "__prefab": null,
    "clickEvents": [
      {
        "__id__": 24
      }
    ],
    "_interactable": true,
    "_transition": 2,
    "_normalColor": {
      "__type__": "cc.Color",
      "r": 214,
      "g": 214,
      "b": 214,
      "a": 255
    },
    "_hoverColor": {
      "__type__": "cc.Color",
      "r": 211,
      "g": 211,
      "b": 211,
      "a": 255
    },
    "_pressedColor": {
      "__type__": "cc.Color",
      "r": 255,
      "g": 255,
      "b": 255,
      "a": 255
    },
    "_disabledColor": {
      "__type__": "cc.Color",
      "r": 124,
      "g": 124,
      "b": 124,
      "a": 255
    },
    "_normalSprite": {
      "__uuid__": "6bff1878-25aa-4329-94d6-7c309ca47c7d@f9941",
      "__expectedType__": "cc.SpriteFrame"
    },
    "_hoverSprite": {
      "__uuid__": "a777528a-ec01-407e-a595-9b0dcfe4ab31@f9941",
      "__expectedType__": "cc.SpriteFrame"
    },
    "_pressedSprite": {
      "__uuid__": "5a29798d-d153-48f3-9fd0-cd4675be2cd9@f9941",
      "__expectedType__": "cc.SpriteFrame"
    },
    "_disabledSprite": {
      "__uuid__": "951249e0-9f16-456d-8b85-a6ca954da16b@f9941",
      "__expectedType__": "cc.SpriteFrame"
    },
    "_duration": 0.1,
    "_zoomScale": 1.2,
    "_target": {
      "__id__": 20
    },
    "_id": "43L/w8OaNGqas9hXuWoGK7"
  },
  {
    "__type__": "cc.ClickEvent",
    "target": {
      "__id__": 12
    },
    "component": "",
    "_componentId": "4f459zNtGlOZoG6cRzN00BN",
    "handler": "sendMessageToExit",
    "customEventData": ""
  },
  {
    "__type__": "a48baiLPJZH0ZuTOXOehLF3",
    "_name": "",
    "_objFlags": 0,
    "__editorExtras__": {},
    "node": {
      "__id__": 20
    },
    "_enabled": true,
    "__prefab": null,
    "name2": "Instrucciones",
    "_id": "8121HtWRdP/bpuDw5aEksx"
  },
  {
    "__type__": "cc.UITransform",
    "_name": "",
    "_objFlags": 0,
    "__editorExtras__": {},
    "node": {
      "__id__": 2
    },
    "_enabled": true,
    "__prefab": null,
    "_contentSize": {
      "__type__": "cc.Size",
      "width": 640,
      "height": 960
    },
    "_anchorPoint": {
      "__type__": "cc.Vec2",
      "x": 0.5,
      "y": 0.5
    },
    "_id": "d6rUX5yfhMlKoWX2bSbawx"
  },
  {
    "__type__": "cc.Canvas",
    "_name": "",
    "_objFlags": 0,
    "__editorExtras__": {},
    "node": {
      "__id__": 2
    },
    "_enabled": true,
    "__prefab": null,
    "_cameraComponent": {
      "__id__": 4
    },
    "_alignCanvasWithScreen": true,
    "_id": "12O/ljcVlEqLmVm3U2gEOQ"
  },
  {
    "__type__": "cc.Widget",
    "_name": "",
    "_objFlags": 0,
    "__editorExtras__": {},
    "node": {
      "__id__": 2
    },
    "_enabled": true,
    "__prefab": null,
    "_alignFlags": 45,
    "_target": null,
    "_left": 0,
    "_right": 0,
    "_top": 5.684341886080802e-14,
    "_bottom": 5.684341886080802e-14,
    "_horizontalCenter": 0,
    "_verticalCenter": 0,
    "_isAbsLeft": true,
    "_isAbsRight": true,
    "_isAbsTop": true,
    "_isAbsBottom": true,
    "_isAbsHorizontalCenter": true,
    "_isAbsVerticalCenter": true,
    "_originalWidth": 0,
    "_originalHeight": 0,
    "_alignMode": 2,
    "_lockFlags": 0,
    "_id": "c5V1EV8IpMtrIvY1OE9t2u"
  },
  {
    "__type__": "cc.SceneGlobals",
    "ambient": {
      "__id__": 30
    },
    "shadows": {
      "__id__": 31
    },
    "_skybox": {
      "__id__": 32
    },
    "fog": {
      "__id__": 33
    },
    "octree": {
      "__id__": 34
    },
    "skin": {
      "__id__": 35
    },
    "lightProbeInfo": {
      "__id__": 36
    },
    "postSettings": {
      "__id__": 37
    },
    "bakedWithStationaryMainLight": false,
    "bakedWithHighpLightmap": false
  },
  {
    "__type__": "cc.AmbientInfo",
    "_skyColorHDR": {
      "__type__": "cc.Vec4",
      "x": 0,
      "y": 0,
      "z": 0,
      "w": 0.520833125
    },
    "_skyColor": {
      "__type__": "cc.Vec4",
      "x": 0,
      "y": 0,
      "z": 0,
      "w": 0.520833125
    },
    "_skyIllumHDR": 20000,
    "_skyIllum": 20000,
    "_groundAlbedoHDR": {
      "__type__": "cc.Vec4",
      "x": 0,
      "y": 0,
      "z": 0,
      "w": 0
    },
    "_groundAlbedo": {
      "__type__": "cc.Vec4",
      "x": 0,
      "y": 0,
      "z": 0,
      "w": 0
    },
    "_skyColorLDR": {
      "__type__": "cc.Vec4",
      "x": 0.2,
      "y": 0.5,
      "z": 0.8,
      "w": 1
    },
    "_skyIllumLDR": 20000,
    "_groundAlbedoLDR": {
      "__type__": "cc.Vec4",
      "x": 0.2,
      "y": 0.2,
      "z": 0.2,
      "w": 1
    }
  },
  {
    "__type__": "cc.ShadowsInfo",
    "_enabled": false,
    "_type": 0,
    "_normal": {
      "__type__": "cc.Vec3",
      "x": 0,
      "y": 1,
      "z": 0
    },
    "_distance": 0,
    "_planeBias": 1,
    "_shadowColor": {
      "__type__": "cc.Color",
      "r": 76,
      "g": 76,
      "b": 76,
      "a": 255
    },
    "_maxReceived": 4,
    "_size": {
      "__type__": "cc.Vec2",
      "x": 512,
      "y": 512
    }
  },
  {
    "__type__": "cc.SkyboxInfo",
    "_envLightingType": 0,
    "_envmapHDR": null,
    "_envmap": null,
    "_envmapLDR": null,
    "_diffuseMapHDR": null,
    "_diffuseMapLDR": null,
    "_enabled": false,
    "_useHDR": true,
    "_editableMaterial": null,
    "_reflectionHDR": null,
    "_reflectionLDR": null,
    "_rotationAngle": 0
  },
  {
    "__type__": "cc.FogInfo",
    "_type": 0,
    "_fogColor": {
      "__type__": "cc.Color",
      "r": 200,
      "g": 200,
      "b": 200,
      "a": 255
    },
    "_enabled": false,
    "_fogDensity": 0.3,
    "_fogStart": 0.5,
    "_fogEnd": 300,
    "_fogAtten": 5,
    "_fogTop": 1.5,
    "_fogRange": 1.2,
    "_accurate": false
  },
  {
    "__type__": "cc.OctreeInfo",
    "_enabled": false,
    "_minPos": {
      "__type__": "cc.Vec3",
      "x": -1024,
      "y": -1024,
      "z": -1024
    },
    "_maxPos": {
      "__type__": "cc.Vec3",
      "x": 1024,
      "y": 1024,
      "z": 1024
    },
    "_depth": 8
  },
  {
    "__type__": "cc.SkinInfo",
    "_enabled": false,
    "_blurRadius": 0.01,
    "_sssIntensity": 3
  },
  {
    "__type__": "cc.LightProbeInfo",
    "_giScale": 1,
    "_giSamples": 1024,
    "_bounces": 2,
    "_reduceRinging": 0,
    "_showProbe": true,
    "_showWireframe": true,
    "_showConvex": false,
    "_data": null,
    "_lightProbeSphereVolume": 1
  },
  {
    "__type__": "cc.PostSettingsInfo",
    "_toneMappingType": 0
  }
]