{
  "__type__": "cc.SpriteFrame",
  "content": {
    "name": "USA2",
    "atlas": "",
    "rect": {
      "x": 0,
      "y": 0,
      "width": 126,
      "height": 126
    },
    "offset": {
      "x": 0,
      "y": 0
    },
    "originalSize": {
      "width": 126,
      "height": 126
    },
    "rotated": false,
    "capInsets": [
      0,
      0,
      0,
      0
    ],
    "vertices": {
      "rawPosition": [
        -63,
        -63,
        0,
        63,
        -63,
        0,
        -63,
        63,
        0,
        63,
        63,
        0
      ],
      "indexes": [
        0,
        1,
        2,
        2,
        1,
        3
      ],
      "uv": [
        0,
        126,
        126,
        126,
        0,
        0,
        126,
        0
      ],
      "nuv": [
        0,
        0,
        1,
        0,
        0,
        1,
        1,
        1
      ],
      "minPos": {
        "x": -63,
        "y": -63,
        "z": 0
      },
      "maxPos": {
        "x": 63,
        "y": 63,
        "z": 0
      }
    },
    "texture": "5e0dd514-75b2-4482-9021-dfde7453f800@6c48a",
    "packable": true,
    "pixelsToUnit": 100,
    "pivot": {
      "x": 0.5,
      "y": 0.5
    },
    "meshType": 0
  }
}