[
  {
    "__type__": "cc.SceneAsset",
    "_name": "Instrucciones",
    "_objFlags": 0,
    "__editorExtras__": {},
    "_native": "",
    "scene": {
      "__id__": 1
    }
  },
  {
    "__type__": "cc.Scene",
    "_name": "Instrucciones",
    "_objFlags": 0,
    "__editorExtras__": {},
    "_parent": null,
    "_children": [
      {
        "__id__": 2
      }
    ],
    "_active": true,
    "_components": [],
    "_prefab": null,
    "_lpos": {
      "__type__": "cc.Vec3",
      "x": 0,
      "y": 0,
      "z": 0
    },
    "_lrot": {
      "__type__": "cc.Quat",
      "x": 0,
      "y": 0,
      "z": 0,
      "w": 1
    },
    "_lscale": {
      "__type__": "cc.Vec3",
      "x": 1,
      "y": 1,
      "z": 1
    },
    "_mobility": 0,
    "_layer": 1073741824,
    "_euler": {
      "__type__": "cc.Vec3",
      "x": 0,
      "y": 0,
      "z": 0
    },
    "autoReleaseAssets": false,
    "_globals": {
      "__id__": 42
    },
    "_id": "6baae58b-b067-47ce-a5b9-83e59d13b0ac"
  },
  {
    "__type__": "cc.Node",
    "_name": "Canvas",
    "_objFlags": 0,
    "__editorExtras__": {},
    "_parent": {
      "__id__": 1
    },
    "_children": [
      {
        "__id__": 3
      },
      {
        "__id__": 5
      }
    ],
    "_active": true,
    "_components": [
      {
        "__id__": 39
      },
      {
        "__id__": 40
      },
      {
        "__id__": 41
      }
    ],
    "_prefab": null,
    "_lpos": {
      "__type__": "cc.Vec3",
      "x": 320,
      "y": 480.00000000000006,
      "z": 0
    },
    "_lrot": {
      "__type__": "cc.Quat",
      "x": 0,
      "y": 0,
      "z": 0,
      "w": 1
    },
    "_lscale": {
      "__type__": "cc.Vec3",
      "x": 1,
      "y": 1,
      "z": 1
    },
    "_mobility": 0,
    "_layer": 33554432,
    "_euler": {
      "__type__": "cc.Vec3",
      "x": 0,
      "y": 0,
      "z": 0
    },
    "_id": "beI88Z2HpFELqR4T5EMHpg"
  },
  {
    "__type__": "cc.Node",
    "_name": "Camera",
    "_objFlags": 0,
    "__editorExtras__": {},
    "_parent": {
      "__id__": 2
    },
    "_children": [],
    "_active": true,
    "_components": [
      {
        "__id__": 4
      }
    ],
    "_prefab": null,
    "_lpos": {
      "__type__": "cc.Vec3",
      "x": 0,
      "y": 0,
      "z": 1000
    },
    "_lrot": {
      "__type__": "cc.Quat",
      "x": 0,
      "y": 0,
      "z": 0,
      "w": 1
    },
    "_lscale": {
      "__type__": "cc.Vec3",
      "x": 1,
      "y": 1,
      "z": 1
    },
    "_mobility": 0,
    "_layer": 1073741824,
    "_euler": {
      "__type__": "cc.Vec3",
      "x": 0,
      "y": 0,
      "z": 0
    },
    "_id": "ebFwiq8gBFaYpqYbdoDODe"
  },
  {
    "__type__": "cc.Camera",
    "_name": "",
    "_objFlags": 0,
    "__editorExtras__": {},
    "node": {
      "__id__": 3
    },
    "_enabled": true,
    "__prefab": null,
    "_projection": 0,
    "_priority": 0,
    "_fov": 45,
    "_fovAxis": 0,
    "_orthoHeight": 480,
    "_near": 0,
    "_far": 1000,
    "_color": {
      "__type__": "cc.Color",
      "r": 0,
      "g": 0,
      "b": 0,
      "a": 255
    },
    "_depth": 1,
    "_stencil": 0,
    "_clearFlags": 7,
    "_rect": {
      "__type__": "cc.Rect",
      "x": 0,
      "y": 0,
      "width": 1,
      "height": 1
    },
    "_aperture": 19,
    "_shutter": 7,
    "_iso": 0,
    "_screenScale": 1,
    "_visibility": 1108344832,
    "_targetTexture": null,
    "_postProcess": null,
    "_usePostProcess": false,
    "_cameraType": -1,
    "_trackingType": 0,
    "_id": "63WIch3o5BEYRlXzTT0oWc"
  },
  {
    "__type__": "cc.Node",
    "_name": "fondo",
    "_objFlags": 0,
    "__editorExtras__": {},
    "_parent": {
      "__id__": 2
    },
    "_children": [
      {
        "__id__": 6
      },
      {
        "__id__": 28
      },
      {
        "__id__": 9
      },
      {
        "__id__": 12
      },
      {
        "__id__": 15
      },
      {
        "__id__": 18
      },
      {
        "__id__": 23
      },
      {
        "__id__": 34
      }
    ],
    "_active": true,
    "_components": [
      {
        "__id__": 37
      },
      {
        "__id__": 38
      }
    ],
    "_prefab": null,
    "_lpos": {
      "__type__": "cc.Vec3",
      "x": 0,
      "y": 0,
      "z": 0
    },
    "_lrot": {
      "__type__": "cc.Quat",
      "x": 0,
      "y": 0,
      "z": 0,
      "w": 1
    },
    "_lscale": {
      "__type__": "cc.Vec3",
      "x": 1,
      "y": 1,
      "z": 1
    },
    "_mobility": 0,
    "_layer": 33554432,
    "_euler": {
      "__type__": "cc.Vec3",
      "x": 0,
      "y": 0,
      "z": 0
    },
    "_id": "a7khOCKw5E3opw2t2tahjO"
  },
  {
    "__type__": "cc.Node",
    "_name": "managerINS",
    "_objFlags": 0,
    "__editorExtras__": {},
    "_parent": {
      "__id__": 5
    },
    "_children": [],
    "_active": true,
    "_components": [
      {
        "__id__": 7
      },
      {
        "__id__": 8
      }
    ],
    "_prefab": null,
    "_lpos": {
      "__type__": "cc.Vec3",
      "x": 0,
      "y": 0,
      "z": 0
    },
    "_lrot": {
      "__type__": "cc.Quat",
      "x": 0,
      "y": 0,
      "z": 0,
      "w": 1
    },
    "_lscale": {
      "__type__": "cc.Vec3",
      "x": 1,
      "y": 1,
      "z": 1
    },
    "_mobility": 0,
    "_layer": 33554432,
    "_euler": {
      "__type__": "cc.Vec3",
      "x": 0,
      "y": 0,
      "z": 0
    },
    "_id": "46V7lX4bROFoF3sFxIa+mU"
  },
  {
    "__type__": "cc.UITransform",
    "_name": "",
    "_objFlags": 0,
    "__editorExtras__": {},
    "node": {
      "__id__": 6
    },
    "_enabled": true,
    "__prefab": null,
    "_contentSize": {
      "__type__": "cc.Size",
      "width": 100,
      "height": 100
    },
    "_anchorPoint": {
      "__type__": "cc.Vec2",
      "x": 0.5,
      "y": 0.5
    },
    "_id": "baNVMP/JNBmpGJbDgnb9qk"
  },
  {
    "__type__": "0ee8flLui9LapkPjAiwHZEQ",
    "_name": "",
    "_objFlags": 0,
    "__editorExtras__": {},
    "node": {
      "__id__": 6
    },
    "_enabled": true,
    "__prefab": null,
    "instrucciones": [
      {
        "__id__": 9
      },
      {
        "__id__": 12
      },
      {
        "__id__": 15
      }
    ],
    "botones": [
      {
        "__id__": 18
      },
      {
        "__id__": 23
      }
    ],
    "actual": 0,
    "_id": "575Gdw2KhGZoZci1oJbUNt"
  },
  {
    "__type__": "cc.Node",
    "_name": "inst",
    "_objFlags": 0,
    "__editorExtras__": {},
    "_parent": {
      "__id__": 5
    },
    "_children": [],
    "_active": false,
    "_components": [
      {
        "__id__": 10
      },
      {
        "__id__": 11
      }
    ],
    "_prefab": null,
    "_lpos": {
      "__type__": "cc.Vec3",
      "x": 0,
      "y": 50,
      "z": 0
    },
    "_lrot": {
      "__type__": "cc.Quat",
      "x": 0,
      "y": 0,
      "z": 0,
      "w": 1
    },
    "_lscale": {
      "__type__": "cc.Vec3",
      "x": 1,
      "y": 1,
      "z": 1
    },
    "_mobility": 0,
    "_layer": 33554432,
    "_euler": {
      "__type__": "cc.Vec3",
      "x": 0,
      "y": 0,
      "z": 0
    },
    "_id": "d3izuqnIxEMZ1Ic6/CewMw"
  },
  {
    "__type__": "cc.UITransform",
    "_name": "",
    "_objFlags": 0,
    "__editorExtras__": {},
    "node": {
      "__id__": 9
    },
    "_enabled": true,
    "__prefab": null,
    "_contentSize": {
      "__type__": "cc.Size",
      "width": 370,
      "height": 370
    },
    "_anchorPoint": {
      "__type__": "cc.Vec2",
      "x": 0.5,
      "y": 0.5
    },
    "_id": "236Tqh9SpASolbvB6I0p8E"
  },
  {
    "__type__": "cc.Sprite",
    "_name": "",
    "_objFlags": 0,
    "__editorExtras__": {},
    "node": {
      "__id__": 9
    },
    "_enabled": true,
    "__prefab": null,
    "_customMaterial": null,
    "_srcBlendFactor": 2,
    "_dstBlendFactor": 4,
    "_color": {
      "__type__": "cc.Color",
      "r": 255,
      "g": 255,
      "b": 255,
      "a": 255
    },
    "_spriteFrame": {
      "__uuid__": "310417c1-7210-4cf9-825a-735c55660981@f9941",
      "__expectedType__": "cc.SpriteFrame"
    },
    "_type": 0,
    "_fillType": 0,
    "_sizeMode": 1,
    "_fillCenter": {
      "__type__": "cc.Vec2",
      "x": 0,
      "y": 0
    },
    "_fillStart": 0,
    "_fillRange": 0,
    "_isTrimmedMode": true,
    "_useGrayscale": false,
    "_atlas": null,
    "_id": "6cWMCGSYxDJ4gmd+8WZr3z"
  },
  {
    "__type__": "cc.Node",
    "_name": "inst-001",
    "_objFlags": 0,
    "__editorExtras__": {},
    "_parent": {
      "__id__": 5
    },
    "_children": [],
    "_active": false,
    "_components": [
      {
        "__id__": 13
      },
      {
        "__id__": 14
      }
    ],
    "_prefab": null,
    "_lpos": {
      "__type__": "cc.Vec3",
      "x": 0,
      "y": 50,
      "z": 0
    },
    "_lrot": {
      "__type__": "cc.Quat",
      "x": 0,
      "y": 0,
      "z": 0,
      "w": 1
    },
    "_lscale": {
      "__type__": "cc.Vec3",
      "x": 1,
      "y": 1,
      "z": 1
    },
    "_mobility": 0,
    "_layer": 33554432,
    "_euler": {
      "__type__": "cc.Vec3",
      "x": 0,
      "y": 0,
      "z": 0
    },
    "_id": "e7PE1vcWNK+Jlc2msm2iFI"
  },
  {
    "__type__": "cc.UITransform",
    "_name": "",
    "_objFlags": 0,
    "__editorExtras__": {},
    "node": {
      "__id__": 12
    },
    "_enabled": true,
    "__prefab": null,
    "_contentSize": {
      "__type__": "cc.Size",
      "width": 370,
      "height": 370
    },
    "_anchorPoint": {
      "__type__": "cc.Vec2",
      "x": 0.5,
      "y": 0.5
    },
    "_id": "34XlgSiMdJfZWWRVE0Z2QB"
  },
  {
    "__type__": "cc.Sprite",
    "_name": "",
    "_objFlags": 0,
    "__editorExtras__": {},
    "node": {
      "__id__": 12
    },
    "_enabled": true,
    "__prefab": null,
    "_customMaterial": null,
    "_srcBlendFactor": 2,
    "_dstBlendFactor": 4,
    "_color": {
      "__type__": "cc.Color",
      "r": 255,
      "g": 255,
      "b": 255,
      "a": 255
    },
    "_spriteFrame": {
      "__uuid__": "75df8712-ebb6-4517-aa74-e7d3520c83cc@f9941",
      "__expectedType__": "cc.SpriteFrame"
    },
    "_type": 0,
    "_fillType": 0,
    "_sizeMode": 1,
    "_fillCenter": {
      "__type__": "cc.Vec2",
      "x": 0,
      "y": 0
    },
    "_fillStart": 0,
    "_fillRange": 0,
    "_isTrimmedMode": true,
    "_useGrayscale": false,
    "_atlas": null,
    "_id": "bej9fR7+RBqqddZMsSAJoe"
  },
  {
    "__type__": "cc.Node",
    "_name": "inst-002",
    "_objFlags": 0,
    "__editorExtras__": {},
    "_parent": {
      "__id__": 5
    },
    "_children": [],
    "_active": false,
    "_components": [
      {
        "__id__": 16
      },
      {
        "__id__": 17
      }
    ],
    "_prefab": null,
    "_lpos": {
      "__type__": "cc.Vec3",
      "x": 0,
      "y": 50,
      "z": 0
    },
    "_lrot": {
      "__type__": "cc.Quat",
      "x": 0,
      "y": 0,
      "z": 0,
      "w": 1
    },
    "_lscale": {
      "__type__": "cc.Vec3",
      "x": 1,
      "y": 1,
      "z": 1
    },
    "_mobility": 0,
    "_layer": 33554432,
    "_euler": {
      "__type__": "cc.Vec3",
      "x": 0,
      "y": 0,
      "z": 0
    },
    "_id": "67yTaGkGtKOrgPuG9mQsKT"
  },
  {
    "__type__": "cc.UITransform",
    "_name": "",
    "_objFlags": 0,
    "__editorExtras__": {},
    "node": {
      "__id__": 15
    },
    "_enabled": true,
    "__prefab": null,
    "_contentSize": {
      "__type__": "cc.Size",
      "width": 370,
      "height": 370
    },
    "_anchorPoint": {
      "__type__": "cc.Vec2",
      "x": 0.5,
      "y": 0.5
    },
    "_id": "7310PKN9ZPj52GYGgvhj1d"
  },
  {
    "__type__": "cc.Sprite",
    "_name": "",
    "_objFlags": 0,
    "__editorExtras__": {},
    "node": {
      "__id__": 15
    },
    "_enabled": true,
    "__prefab": null,
    "_customMaterial": null,
    "_srcBlendFactor": 2,
    "_dstBlendFactor": 4,
    "_color": {
      "__type__": "cc.Color",
      "r": 255,
      "g": 255,
      "b": 255,
      "a": 255
    },
    "_spriteFrame": {
      "__uuid__": "8d02299e-2fc5-406e-bc54-3218179242e2@f9941",
      "__expectedType__": "cc.SpriteFrame"
    },
    "_type": 0,
    "_fillType": 0,
    "_sizeMode": 1,
    "_fillCenter": {
      "__type__": "cc.Vec2",
      "x": 0,
      "y": 0
    },
    "_fillStart": 0,
    "_fillRange": 0,
    "_isTrimmedMode": true,
    "_useGrayscale": false,
    "_atlas": null,
    "_id": "42Slg/7ElPIoi24ZM2t912"
  },
  {
    "__type__": "cc.Node",
    "_name": "next",
    "_objFlags": 0,
    "__editorExtras__": {},
    "_parent": {
      "__id__": 5
    },
    "_children": [],
    "_active": true,
    "_components": [
      {
        "__id__": 19
      },
      {
        "__id__": 20
      },
      {
        "__id__": 21
      }
    ],
    "_prefab": null,
    "_lpos": {
      "__type__": "cc.Vec3",
      "x": 220,
      "y": 50,
      "z": 0
    },
    "_lrot": {
      "__type__": "cc.Quat",
      "x": 0,
      "y": 0,
      "z": 0,
      "w": 1
    },
    "_lscale": {
      "__type__": "cc.Vec3",
      "x": 1,
      "y": 1,
      "z": 1
    },
    "_mobility": 0,
    "_layer": 33554432,
    "_euler": {
      "__type__": "cc.Vec3",
      "x": 0,
      "y": 0,
      "z": 0
    },
    "_id": "d4mCsOCzpOpp1KuGPk+6c7"
  },
  {
    "__type__": "cc.UITransform",
    "_name": "",
    "_objFlags": 0,
    "__editorExtras__": {},
    "node": {
      "__id__": 18
    },
    "_enabled": true,
    "__prefab": null,
    "_contentSize": {
      "__type__": "cc.Size",
      "width": 38,
      "height": 55
    },
    "_anchorPoint": {
      "__type__": "cc.Vec2",
      "x": 0.5,
      "y": 0.5
    },
    "_id": "63BhvYHapOOLK89fKL3jVF"
  },
  {
    "__type__": "cc.Sprite",
    "_name": "",
    "_objFlags": 0,
    "__editorExtras__": {},
    "node": {
      "__id__": 18
    },
    "_enabled": true,
    "__prefab": null,
    "_customMaterial": null,
    "_srcBlendFactor": 2,
    "_dstBlendFactor": 4,
    "_color": {
      "__type__": "cc.Color",
      "r": 255,
      "g": 255,
      "b": 255,
      "a": 255
    },
    "_spriteFrame": {
      "__uuid__": "d214d9bf-6136-4262-88fe-038be2e2c715@f9941",
      "__expectedType__": "cc.SpriteFrame"
    },
    "_type": 0,
    "_fillType": 0,
    "_sizeMode": 1,
    "_fillCenter": {
      "__type__": "cc.Vec2",
      "x": 0,
      "y": 0
    },
    "_fillStart": 0,
    "_fillRange": 0,
    "_isTrimmedMode": true,
    "_useGrayscale": false,
    "_atlas": null,
    "_id": "08Biloy8dFmIlwJsTQiZf9"
  },
  {
    "__type__": "cc.Button",
    "_name": "",
    "_objFlags": 0,
    "__editorExtras__": {},
    "node": {
      "__id__": 18
    },
    "_enabled": true,
    "__prefab": null,
    "clickEvents": [
      {
        "__id__": 22
      }
    ],
    "_interactable": true,
    "_transition": 0,
    "_normalColor": {
      "__type__": "cc.Color",
      "r": 255,
      "g": 255,
      "b": 255,
      "a": 255
    },
    "_hoverColor": {
      "__type__": "cc.Color",
      "r": 211,
      "g": 211,
      "b": 211,
      "a": 255
    },
    "_pressedColor": {
      "__type__": "cc.Color",
      "r": 255,
      "g": 255,
      "b": 255,
      "a": 255
    },
    "_disabledColor": {
      "__type__": "cc.Color",
      "r": 124,
      "g": 124,
      "b": 124,
      "a": 255
    },
    "_normalSprite": null,
    "_hoverSprite": null,
    "_pressedSprite": null,
    "_disabledSprite": null,
    "_duration": 0.1,
    "_zoomScale": 1.2,
    "_target": null,
    "_id": "aea9qy18tOzqMzNHGBFJfd"
  },
  {
    "__type__": "cc.ClickEvent",
    "target": {
      "__id__": 6
    },
    "component": "",
    "_componentId": "0ee8flLui9LapkPjAiwHZEQ",
    "handler": "Next",
    "customEventData": ""
  },
  {
    "__type__": "cc.Node",
    "_name": "back",
    "_objFlags": 0,
    "__editorExtras__": {},
    "_parent": {
      "__id__": 5
    },
    "_children": [],
    "_active": true,
    "_components": [
      {
        "__id__": 24
      },
      {
        "__id__": 25
      },
      {
        "__id__": 26
      }
    ],
    "_prefab": null,
    "_lpos": {
      "__type__": "cc.Vec3",
      "x": -220,
      "y": 50,
      "z": 0
    },
    "_lrot": {
      "__type__": "cc.Quat",
      "x": 0,
      "y": 0,
      "z": 0,
      "w": 1
    },
    "_lscale": {
      "__type__": "cc.Vec3",
      "x": 1,
      "y": 1,
      "z": 1
    },
    "_mobility": 0,
    "_layer": 33554432,
    "_euler": {
      "__type__": "cc.Vec3",
      "x": 0,
      "y": 0,
      "z": 0
    },
    "_id": "d9+NdTEQpGdbnz8kdciSGf"
  },
  {
    "__type__": "cc.UITransform",
    "_name": "",
    "_objFlags": 0,
    "__editorExtras__": {},
    "node": {
      "__id__": 23
    },
    "_enabled": true,
    "__prefab": null,
    "_contentSize": {
      "__type__": "cc.Size",
      "width": 38,
      "height": 55
    },
    "_anchorPoint": {
      "__type__": "cc.Vec2",
      "x": 0.5,
      "y": 0.5
    },
    "_id": "63y8pGsABKjo519CknZE2i"
  },
  {
    "__type__": "cc.Sprite",
    "_name": "",
    "_objFlags": 0,
    "__editorExtras__": {},
    "node": {
      "__id__": 23
    },
    "_enabled": true,
    "__prefab": null,
    "_customMaterial": null,
    "_srcBlendFactor": 2,
    "_dstBlendFactor": 4,
    "_color": {
      "__type__": "cc.Color",
      "r": 255,
      "g": 255,
      "b": 255,
      "a": 255
    },
    "_spriteFrame": {
      "__uuid__": "ece7af06-eaab-4def-bcff-532da680fb1c@f9941",
      "__expectedType__": "cc.SpriteFrame"
    },
    "_type": 0,
    "_fillType": 0,
    "_sizeMode": 1,
    "_fillCenter": {
      "__type__": "cc.Vec2",
      "x": 0,
      "y": 0
    },
    "_fillStart": 0,
    "_fillRange": 0,
    "_isTrimmedMode": true,
    "_useGrayscale": false,
    "_atlas": null,
    "_id": "cbWly40k5BJJC2eIPCfnjS"
  },
  {
    "__type__": "cc.Button",
    "_name": "",
    "_objFlags": 0,
    "__editorExtras__": {},
    "node": {
      "__id__": 23
    },
    "_enabled": true,
    "__prefab": null,
    "clickEvents": [
      {
        "__id__": 27
      }
    ],
    "_interactable": true,
    "_transition": 0,
    "_normalColor": {
      "__type__": "cc.Color",
      "r": 255,
      "g": 255,
      "b": 255,
      "a": 255
    },
    "_hoverColor": {
      "__type__": "cc.Color",
      "r": 211,
      "g": 211,
      "b": 211,
      "a": 255
    },
    "_pressedColor": {
      "__type__": "cc.Color",
      "r": 255,
      "g": 255,
      "b": 255,
      "a": 255
    },
    "_disabledColor": {
      "__type__": "cc.Color",
      "r": 124,
      "g": 124,
      "b": 124,
      "a": 255
    },
    "_normalSprite": null,
    "_hoverSprite": null,
    "_pressedSprite": null,
    "_disabledSprite": null,
    "_duration": 0.1,
    "_zoomScale": 1.2,
    "_target": null,
    "_id": "20U4UBbWpCj5vKploIcwuj"
  },
  {
    "__type__": "cc.ClickEvent",
    "target": {
      "__id__": 6
    },
    "component": "",
    "_componentId": "0ee8flLui9LapkPjAiwHZEQ",
    "handler": "Back",
    "customEventData": ""
  },
  {
    "__type__": "cc.Node",
    "_name": "siguiente",
    "_objFlags": 0,
    "__editorExtras__": {},
    "_parent": {
      "__id__": 5
    },
    "_children": [],
    "_active": true,
    "_components": [
      {
        "__id__": 29
      },
      {
        "__id__": 30
      },
      {
        "__id__": 32
      },
      {
        "__id__": 33
      }
    ],
    "_prefab": null,
    "_lpos": {
      "__type__": "cc.Vec3",
      "x": 0,
      "y": -300,
      "z": 0
    },
    "_lrot": {
      "__type__": "cc.Quat",
      "x": 0,
      "y": 0,
      "z": 0,
      "w": 1
    },
    "_lscale": {
      "__type__": "cc.Vec3",
      "x": 1,
      "y": 1,
      "z": 1
    },
    "_mobility": 0,
    "_layer": 33554432,
    "_euler": {
      "__type__": "cc.Vec3",
      "x": 0,
      "y": 0,
      "z": 0
    },
    "_id": "a7kDebL6FGWboZWL/tSE7y"
  },
  {
    "__type__": "cc.UITransform",
    "_name": "",
    "_objFlags": 0,
    "__editorExtras__": {},
    "node": {
      "__id__": 28
    },
    "_enabled": true,
    "__prefab": null,
    "_contentSize": {
      "__type__": "cc.Size",
      "width": 329,
      "height": 121
    },
    "_anchorPoint": {
      "__type__": "cc.Vec2",
      "x": 0.5,
      "y": 0.5
    },
    "_id": "c6yNnf8GxF2psiRzAieabr"
  },
  {
    "__type__": "cc.Button",
    "_name": "",
    "_objFlags": 0,
    "__editorExtras__": {},
    "node": {
      "__id__": 28
    },
    "_enabled": true,
    "__prefab": null,
    "clickEvents": [
      {
        "__id__": 31
      }
    ],
    "_interactable": true,
    "_transition": 2,
    "_normalColor": {
      "__type__": "cc.Color",
      "r": 255,
      "g": 255,
      "b": 255,
      "a": 255
    },
    "_hoverColor": {
      "__type__": "cc.Color",
      "r": 211,
      "g": 211,
      "b": 211,
      "a": 255
    },
    "_pressedColor": {
      "__type__": "cc.Color",
      "r": 255,
      "g": 255,
      "b": 255,
      "a": 255
    },
    "_disabledColor": {
      "__type__": "cc.Color",
      "r": 124,
      "g": 124,
      "b": 124,
      "a": 255
    },
    "_normalSprite": {
      "__uuid__": "85cf201f-8839-4b29-b8f5-a36eab015280@f9941",
      "__expectedType__": "cc.SpriteFrame"
    },
    "_hoverSprite": {
      "__uuid__": "56ce9218-7943-4745-ba14-9c5d49a24119@f9941",
      "__expectedType__": "cc.SpriteFrame"
    },
    "_pressedSprite": {
      "__uuid__": "7ebb7f7b-0829-4b4d-a2df-9d5721506e5e@f9941",
      "__expectedType__": "cc.SpriteFrame"
    },
    "_disabledSprite": null,
    "_duration": 0.1,
    "_zoomScale": 1.2,
    "_target": null,
    "_id": "a0JmRZtgpImZ8zyfjgtCuI"
  },
  {
    "__type__": "cc.ClickEvent",
    "target": {
      "__id__": 28
    },
    "component": "",
    "_componentId": "a48baiLPJZH0ZuTOXOehLF3",
    "handler": "Carga",
    "customEventData": ""
  },
  {
    "__type__": "a48baiLPJZH0ZuTOXOehLF3",
    "_name": "",
    "_objFlags": 0,
    "__editorExtras__": {},
    "node": {
      "__id__": 28
    },
    "_enabled": true,
    "__prefab": null,
    "name2": "Juego",
    "_id": "ecv7OIQedDxaGgd7twjlDj"
  },
  {
    "__type__": "cc.Sprite",
    "_name": "",
    "_objFlags": 0,
    "__editorExtras__": {},
    "node": {
      "__id__": 28
    },
    "_enabled": true,
    "__prefab": null,
    "_customMaterial": null,
    "_srcBlendFactor": 2,
    "_dstBlendFactor": 4,
    "_color": {
      "__type__": "cc.Color",
      "r": 255,
      "g": 255,
      "b": 255,
      "a": 255
    },
    "_spriteFrame": {
      "__uuid__": "85cf201f-8839-4b29-b8f5-a36eab015280@f9941",
      "__expectedType__": "cc.SpriteFrame"
    },
    "_type": 0,
    "_fillType": 0,
    "_sizeMode": 1,
    "_fillCenter": {
      "__type__": "cc.Vec2",
      "x": 0,
      "y": 0
    },
    "_fillStart": 0,
    "_fillRange": 0,
    "_isTrimmedMode": true,
    "_useGrayscale": false,
    "_atlas": null,
    "_id": "30kx6Za6NBmrL6qvAGt5dz"
  },
  {
    "__type__": "cc.Node",
    "_name": "como jugar",
    "_objFlags": 0,
    "__editorExtras__": {},
    "_parent": {
      "__id__": 5
    },
    "_children": [],
    "_active": false,
    "_components": [
      {
        "__id__": 35
      },
      {
        "__id__": 36
      }
    ],
    "_prefab": null,
    "_lpos": {
      "__type__": "cc.Vec3",
      "x": 0,
      "y": 239.637,
      "z": 0
    },
    "_lrot": {
      "__type__": "cc.Quat",
      "x": 0,
      "y": 0,
      "z": 0,
      "w": 1
    },
    "_lscale": {
      "__type__": "cc.Vec3",
      "x": 1,
      "y": 1,
      "z": 1
    },
    "_mobility": 0,
    "_layer": 33554432,
    "_euler": {
      "__type__": "cc.Vec3",
      "x": 0,
      "y": 0,
      "z": 0
    },
    "_id": "67NeS0hz9Isp8NZ1Q55cNO"
  },
  {
    "__type__": "cc.UITransform",
    "_name": "",
    "_objFlags": 0,
    "__editorExtras__": {},
    "node": {
      "__id__": 34
    },
    "_enabled": true,
    "__prefab": null,
    "_contentSize": {
      "__type__": "cc.Size",
      "width": 380.6499328613281,
      "height": 106.8
    },
    "_anchorPoint": {
      "__type__": "cc.Vec2",
      "x": 0.5,
      "y": 0.5
    },
    "_id": "15uSTdZ+ZIH4j2k9W6TsZw"
  },
  {
    "__type__": "cc.Label",
    "_name": "",
    "_objFlags": 0,
    "__editorExtras__": {},
    "node": {
      "__id__": 34
    },
    "_enabled": true,
    "__prefab": null,
    "_customMaterial": null,
    "_srcBlendFactor": 2,
    "_dstBlendFactor": 4,
    "_color": {
      "__type__": "cc.Color",
      "r": 255,
      "g": 255,
      "b": 255,
      "a": 255
    },
    "_string": "Instrucciones",
    "_horizontalAlign": 1,
    "_verticalAlign": 1,
    "_actualFontSize": 50,
    "_fontSize": 50,
    "_fontFamily": "Arial",
    "_lineHeight": 80,
    "_overflow": 0,
    "_enableWrapText": true,
    "_font": {
      "__uuid__": "f3c7f5d8-1728-4db5-bcc4-e81f6c14ba66",
      "__expectedType__": "cc.TTFFont"
    },
    "_isSystemFontUsed": false,
    "_spacingX": 0,
    "_isItalic": false,
    "_isBold": false,
    "_isUnderline": false,
    "_underlineHeight": 2,
    "_cacheMode": 0,
    "_enableOutline": true,
    "_outlineColor": {
      "__type__": "cc.Color",
      "r": 187,
      "g": 44,
      "b": 52,
      "a": 255
    },
    "_outlineWidth": 3,
    "_enableShadow": false,
    "_shadowColor": {
      "__type__": "cc.Color",
      "r": 0,
      "g": 0,
      "b": 0,
      "a": 255
    },
    "_shadowOffset": {
      "__type__": "cc.Vec2",
      "x": 2,
      "y": 2
    },
    "_shadowBlur": 2,
    "_id": "8cLnAGXKRATJ7ZBBrM47Pg"
  },
  {
    "__type__": "cc.UITransform",
    "_name": "",
    "_objFlags": 0,
    "__editorExtras__": {},
    "node": {
      "__id__": 5
    },
    "_enabled": true,
    "__prefab": null,
    "_contentSize": {
      "__type__": "cc.Size",
      "width": 640,
      "height": 960
    },
    "_anchorPoint": {
      "__type__": "cc.Vec2",
      "x": 0.5,
      "y": 0.5
    },
    "_id": "f28XMT6wVPcrgb9l0Cu4s+"
  },
  {
    "__type__": "cc.Sprite",
    "_name": "",
    "_objFlags": 0,
    "__editorExtras__": {},
    "node": {
      "__id__": 5
    },
    "_enabled": true,
    "__prefab": null,
    "_customMaterial": null,
    "_srcBlendFactor": 2,
    "_dstBlendFactor": 4,
    "_color": {
      "__type__": "cc.Color",
      "r": 255,
      "g": 255,
      "b": 255,
      "a": 255
    },
    "_spriteFrame": {
      "__uuid__": "4d27d43e-fe8e-417c-bbd3-51d0f9e83890@f9941",
      "__expectedType__": "cc.SpriteFrame"
    },
    "_type": 0,
    "_fillType": 0,
    "_sizeMode": 2,
    "_fillCenter": {
      "__type__": "cc.Vec2",
      "x": 0,
      "y": 0
    },
    "_fillStart": 0,
    "_fillRange": 0,
    "_isTrimmedMode": true,
    "_useGrayscale": false,
    "_atlas": null,
    "_id": "1eMgtywOdNkJBPPvyU2ODP"
  },
  {
    "__type__": "cc.UITransform",
    "_name": "",
    "_objFlags": 0,
    "__editorExtras__": {},
    "node": {
      "__id__": 2
    },
    "_enabled": true,
    "__prefab": null,
    "_contentSize": {
      "__type__": "cc.Size",
      "width": 640,
      "height": 960
    },
    "_anchorPoint": {
      "__type__": "cc.Vec2",
      "x": 0.5,
      "y": 0.5
    },
    "_id": "d6rUX5yfhMlKoWX2bSbawx"
  },
  {
    "__type__": "cc.Canvas",
    "_name": "",
    "_objFlags": 0,
    "__editorExtras__": {},
    "node": {
      "__id__": 2
    },
    "_enabled": true,
    "__prefab": null,
    "_cameraComponent": {
      "__id__": 4
    },
    "_alignCanvasWithScreen": true,
    "_id": "12O/ljcVlEqLmVm3U2gEOQ"
  },
  {
    "__type__": "cc.Widget",
    "_name": "",
    "_objFlags": 0,
    "__editorExtras__": {},
    "node": {
      "__id__": 2
    },
    "_enabled": true,
    "__prefab": null,
    "_alignFlags": 45,
    "_target": null,
    "_left": 0,
    "_right": 0,
    "_top": 5.684341886080802e-14,
    "_bottom": 5.684341886080802e-14,
    "_horizontalCenter": 0,
    "_verticalCenter": 0,
    "_isAbsLeft": true,
    "_isAbsRight": true,
    "_isAbsTop": true,
    "_isAbsBottom": true,
    "_isAbsHorizontalCenter": true,
    "_isAbsVerticalCenter": true,
    "_originalWidth": 0,
    "_originalHeight": 0,
    "_alignMode": 2,
    "_lockFlags": 0,
    "_id": "c5V1EV8IpMtrIvY1OE9t2u"
  },
  {
    "__type__": "cc.SceneGlobals",
    "ambient": {
      "__id__": 43
    },
    "shadows": {
      "__id__": 44
    },
    "_skybox": {
      "__id__": 45
    },
    "fog": {
      "__id__": 46
    },
    "octree": {
      "__id__": 47
    },
    "skin": {
      "__id__": 48
    },
    "lightProbeInfo": {
      "__id__": 49
    },
    "postSettings": {
      "__id__": 50
    },
    "bakedWithStationaryMainLight": false,
    "bakedWithHighpLightmap": false
  },
  {
    "__type__": "cc.AmbientInfo",
    "_skyColorHDR": {
      "__type__": "cc.Vec4",
      "x": 0,
      "y": 0,
      "z": 0,
      "w": 0.520833125
    },
    "_skyColor": {
      "__type__": "cc.Vec4",
      "x": 0,
      "y": 0,
      "z": 0,
      "w": 0.520833125
    },
    "_skyIllumHDR": 20000,
    "_skyIllum": 20000,
    "_groundAlbedoHDR": {
      "__type__": "cc.Vec4",
      "x": 0,
      "y": 0,
      "z": 0,
      "w": 0
    },
    "_groundAlbedo": {
      "__type__": "cc.Vec4",
      "x": 0,
      "y": 0,
      "z": 0,
      "w": 0
    },
    "_skyColorLDR": {
      "__type__": "cc.Vec4",
      "x": 0.2,
      "y": 0.5,
      "z": 0.8,
      "w": 1
    },
    "_skyIllumLDR": 20000,
    "_groundAlbedoLDR": {
      "__type__": "cc.Vec4",
      "x": 0.2,
      "y": 0.2,
      "z": 0.2,
      "w": 1
    }
  },
  {
    "__type__": "cc.ShadowsInfo",
    "_enabled": false,
    "_type": 0,
    "_normal": {
      "__type__": "cc.Vec3",
      "x": 0,
      "y": 1,
      "z": 0
    },
    "_distance": 0,
    "_planeBias": 1,
    "_shadowColor": {
      "__type__": "cc.Color",
      "r": 76,
      "g": 76,
      "b": 76,
      "a": 255
    },
    "_maxReceived": 4,
    "_size": {
      "__type__": "cc.Vec2",
      "x": 512,
      "y": 512
    }
  },
  {
    "__type__": "cc.SkyboxInfo",
    "_envLightingType": 0,
    "_envmapHDR": null,
    "_envmap": null,
    "_envmapLDR": null,
    "_diffuseMapHDR": null,
    "_diffuseMapLDR": null,
    "_enabled": false,
    "_useHDR": true,
    "_editableMaterial": null,
    "_reflectionHDR": null,
    "_reflectionLDR": null,
    "_rotationAngle": 0
  },
  {
    "__type__": "cc.FogInfo",
    "_type": 0,
    "_fogColor": {
      "__type__": "cc.Color",
      "r": 200,
      "g": 200,
      "b": 200,
      "a": 255
    },
    "_enabled": false,
    "_fogDensity": 0.3,
    "_fogStart": 0.5,
    "_fogEnd": 300,
    "_fogAtten": 5,
    "_fogTop": 1.5,
    "_fogRange": 1.2,
    "_accurate": false
  },
  {
    "__type__": "cc.OctreeInfo",
    "_enabled": false,
    "_minPos": {
      "__type__": "cc.Vec3",
      "x": -1024,
      "y": -1024,
      "z": -1024
    },
    "_maxPos": {
      "__type__": "cc.Vec3",
      "x": 1024,
      "y": 1024,
      "z": 1024
    },
    "_depth": 8
  },
  {
    "__type__": "cc.SkinInfo",
    "_enabled": false,
    "_blurRadius": 0.01,
    "_sssIntensity": 3
  },
  {
    "__type__": "cc.LightProbeInfo",
    "_giScale": 1,
    "_giSamples": 1024,
    "_bounces": 2,
    "_reduceRinging": 0,
    "_showProbe": true,
    "_showWireframe": true,
    "_showConvex": false,
    "_data": null,
    "_lightProbeSphereVolume": 1
  },
  {
    "__type__": "cc.PostSettingsInfo",
    "_toneMappingType": 0
  }
]