{
  "__type__": "cc.SpriteFrame",
  "content": {
    "name": "fan atletico",
    "atlas": "",
    "rect": {
      "x": 0,
      "y": 0,
      "width": 1923,
      "height": 577
    },
    "offset": {
      "x": 0,
      "y": 0
    },
    "originalSize": {
      "width": 1923,
      "height": 577
    },
    "rotated": false,
    "capInsets": [
      0,
      0,
      0,
      0
    ],
    "vertices": {
      "rawPosition": [
        -961.5,
        -288.5,
        0,
        961.5,
        -288.5,
        0,
        -961.5,
        288.5,
        0,
        961.5,
        288.5,
        0
      ],
      "indexes": [
        0,
        1,
        2,
        2,
        1,
        3
      ],
      "uv": [
        0,
        577,
        1923,
        577,
        0,
        0,
        1923,
        0
      ],
      "nuv": [
        0,
        0,
        1,
        0,
        0,
        1,
        1,
        1
      ],
      "minPos": {
        "x": -961.5,
        "y": -288.5,
        "z": 0
      },
      "maxPos": {
        "x": 961.5,
        "y": 288.5,
        "z": 0
      }
    },
    "texture": "1bd57e46-6a30-48cf-89d8-37174c75f27c@6c48a",
    "packable": true,
    "pixelsToUnit": 100,
    "pivot": {
      "x": 0.5,
      "y": 0.5
    },
    "meshType": 0
  }
}