{
  "__type__": "cc.SpriteFrame",
  "content": {
    "name": "Rectangle 84",
    "atlas": "",
    "rect": {
      "x": 0,
      "y": 0,
      "width": 510,
      "height": 131
    },
    "offset": {
      "x": 0,
      "y": 0
    },
    "originalSize": {
      "width": 510,
      "height": 131
    },
    "rotated": false,
    "capInsets": [
      0,
      0,
      0,
      0
    ],
    "vertices": {
      "rawPosition": [
        -255,
        -65.5,
        0,
        255,
        -65.5,
        0,
        -255,
        65.5,
        0,
        255,
        65.5,
        0
      ],
      "indexes": [
        0,
        1,
        2,
        2,
        1,
        3
      ],
      "uv": [
        0,
        131,
        510,
        131,
        0,
        0,
        510,
        0
      ],
      "nuv": [
        0,
        0,
        1,
        0,
        0,
        1,
        1,
        1
      ],
      "minPos": {
        "x": -255,
        "y": -65.5,
        "z": 0
      },
      "maxPos": {
        "x": 255,
        "y": 65.5,
        "z": 0
      }
    },
    "texture": "3b9d02c3-1a1b-49cd-a57b-c87f548bf848@6c48a",
    "packable": true,
    "pixelsToUnit": 100,
    "pivot": {
      "x": 0.5,
      "y": 0.5
    },
    "meshType": 0
  }
}