{
  "__type__": "cc.SpriteFrame",
  "content": {
    "name": "PuntosFutbol2026 1",
    "atlas": "",
    "rect": {
      "x": 4,
      "y": 5,
      "width": 133,
      "height": 91
    },
    "offset": {
      "x": 1,
      "y": 0
    },
    "originalSize": {
      "width": 139,
      "height": 101
    },
    "rotated": false,
    "capInsets": [
      0,
      0,
      0,
      0
    ],
    "vertices": {
      "rawPosition": [
        -66.5,
        -45.5,
        0,
        66.5,
        -45.5,
        0,
        -66.5,
        45.5,
        0,
        66.5,
        45.5,
        0
      ],
      "indexes": [
        0,
        1,
        2,
        2,
        1,
        3
      ],
      "uv": [
        4,
        96,
        137,
        96,
        4,
        5,
        137,
        5
      ],
      "nuv": [
        0.02877697841726619,
        0.04950495049504951,
        0.9856115107913669,
        0.04950495049504951,
        0.02877697841726619,
        0.9504950495049505,
        0.9856115107913669,
        0.9504950495049505
      ],
      "minPos": {
        "x": -66.5,
        "y": -45.5,
        "z": 0
      },
      "maxPos": {
        "x": 66.5,
        "y": 45.5,
        "z": 0
      }
    },
    "texture": "2b635d46-194f-44f8-b338-5e72fa0ddaee@6c48a",
    "packable": true,
    "pixelsToUnit": 100,
    "pivot": {
      "x": 0.5,
      "y": 0.5
    },
    "meshType": 0
  }
}