{
  "__type__": "cc.SpriteFrame",
  "content": {
    "name": "pasto",
    "atlas": "",
    "rect": {
      "x": 15,
      "y": 173,
      "width": 497,
      "height": 347
    },
    "offset": {
      "x": 3.5,
      "y": -86.5
    },
    "originalSize": {
      "width": 520,
      "height": 520
    },
    "rotated": false,
    "capInsets": [
      0,
      0,
      0,
      0
    ],
    "vertices": {
      "rawPosition": [
        -248.5,
        -173.5,
        0,
        248.5,
        -173.5,
        0,
        -248.5,
        173.5,
        0,
        248.5,
        173.5,
        0
      ],
      "indexes": [
        0,
        1,
        2,
        2,
        1,
        3
      ],
      "uv": [
        15,
        347,
        512,
        347,
        15,
        0,
        512,
        0
      ],
      "nuv": [
        0.028846153846153848,
        0,
        0.9846153846153847,
        0,
        0.028846153846153848,
        0.6673076923076923,
        0.9846153846153847,
        0.6673076923076923
      ],
      "minPos": {
        "x": -248.5,
        "y": -173.5,
        "z": 0
      },
      "maxPos": {
        "x": 248.5,
        "y": 173.5,
        "z": 0
      }
    },
    "texture": "774b6212-9bd5-416e-9101-2fcb642a039a@6c48a",
    "packable": true,
    "pixelsToUnit": 100,
    "pivot": {
      "x": 0.5,
      "y": 0.5
    },
    "meshType": 0
  }
}