{
  "__type__": "cc.SpriteFrame",
  "content": {
    "name": "Maquina_ 1",
    "atlas": "",
    "rect": {
      "x": 0,
      "y": 0,
      "width": 160,
      "height": 277
    },
    "offset": {
      "x": 0,
      "y": 0
    },
    "originalSize": {
      "width": 160,
      "height": 277
    },
    "rotated": false,
    "capInsets": [
      0,
      0,
      0,
      0
    ],
    "vertices": {
      "rawPosition": [
        -80,
        -138.5,
        0,
        80,
        -138.5,
        0,
        -80,
        138.5,
        0,
        80,
        138.5,
        0
      ],
      "indexes": [
        0,
        1,
        2,
        2,
        1,
        3
      ],
      "uv": [
        0,
        277,
        160,
        277,
        0,
        0,
        160,
        0
      ],
      "nuv": [
        0,
        0,
        1,
        0,
        0,
        1,
        1,
        1
      ],
      "minPos": {
        "x": -80,
        "y": -138.5,
        "z": 0
      },
      "maxPos": {
        "x": 80,
        "y": 138.5,
        "z": 0
      }
    },
    "texture": "0d701237-b7d9-47d9-874a-bb275572c559@6c48a",
    "packable": true,
    "pixelsToUnit": 100,
    "pivot": {
      "x": 0.5,
      "y": 0.5
    },
    "meshType": 0
  }
}