[1,["2cNfwHCmdFqJdDeaaCOfMe@f9941","41TlIIsixGXoAo4oD2wELQ@f9941","2cNfwHCmdFqJdDeaaCOfMe@6c48a","41TlIIsixGXoAo4oD2wELQ@6c48a","91Wb9svSxOgZTLEAyhUOUM@6c48a","bflFl4pz1P0JsoD8AOMv1O@6c48a","bflFl4pz1P0JsoD8AOMv1O@f9941","91Wb9svSxOgZTLEAyhUOUM@f9941","d0MqyYBeFAkIi762QNy1/B@b47c0","6fAc9/gb9Kfr1dCvwZaWSA@b47c0"],["node","_textureSource","_spriteFrame","_cameraComponent","_target","target","scene","_parent","_normalSprite","_hoverSprite","_pressedSprite","_disabledSprite","_envmapHDR","_envmapLDR"],["cc.SpriteFrame",["cc.Node",["_name","_layer","_id","_components","_lpos","_parent","_children"],0,9,5,1,2],["cc.Sprite",["_sizeMode","_type","node","_spriteFrame"],1,1,6],["cc.SceneAsset",["_name"],2],["cc.Node",["_name","_parent","_components","_lpos"],2,1,2,5],["cc.UITransform",["node","_contentSize"],3,1,5],["cc.Canvas",["node","_cameraComponent"],3,1,1],["cc.Widget",["_alignFlags","node"],2,1],["cc.Button",["_transition","node","clickEvents","_normalColor","_target","_normalSprite","_hoverSprite","_pressedSprite","_disabledSprite"],2,1,9,5,1,6,6,6,6],["cc.ClickEvent",["_componentId","handler","target"],1,1],["a48baiLPJZH0ZuTOXOehLF3",["name2","node"],2,1],["cc.Scene",["_name","_children","_globals"],2,2,4],["cc.SceneGlobals",["ambient","shadows","_skybox","fog","octree","skin","lightProbeInfo","postSettings"],3,4,4,4,4,4,4,4,4],["cc.AmbientInfo",["_skyIllumLDR","_skyColorHDR","_skyColorLDR","_groundAlbedoLDR"],2,5,5,5],["cc.ShadowsInfo",["_shadowColor"],3,5],["cc.SkyboxInfo",["_enabled","_envmapHDR","_envmapLDR"],2,6,6],["cc.FogInfo",[],3],["cc.OctreeInfo",[],3],["cc.SkinInfo",[],3],["cc.LightProbeInfo",[],3],["cc.PostSettingsInfo",[],3],["cc.Camera",["_projection","_priority","_orthoHeight","_far","_clearFlags","_visibility","node","_color"],-3,1,5]],[[5,0,1,1],[1,0,1,5,3,3],[3,0,2],[1,0,1,2,6,3,4,4],[1,0,1,5,3,4,3],[4,0,1,2,3,2],[6,0,1,1],[7,0,1,2],[2,1,0,2,3,3],[2,0,2,3,2],[2,2,3,1],[8,0,1,2,3,4,5,6,7,8,2],[9,0,1,2,3],[10,0,1,2],[11,0,1,2,2],[12,0,1,2,3,4,5,6,7,1],[13,0,1,2,3,2],[14,0,1],[15,0,1,2,2],[16,1],[17,1],[18,1],[19,1],[20,1],[21,0,1,2,3,4,5,6,7,7]],[[[{"name":"inicionormal","rect":{"x":0,"y":0,"width":431,"height":167},"offset":{"x":0,"y":0},"originalSize":{"width":431,"height":167},"rotated":false,"capInsets":[0,0,0,0],"vertices":{"rawPosition":[-215.5,-83.5,0,215.5,-83.5,0,-215.5,83.5,0,215.5,83.5,0],"indexes":[0,1,2,2,1,3],"uv":[0,167,431,167,0,0,431,0],"nuv":[0,0,1,0,0,1,1,1],"minPos":{"x":-215.5,"y":-83.5,"z":0},"maxPos":{"x":215.5,"y":83.5,"z":0}},"packable":true,"pixelsToUnit":100,"pivot":{"x":0.5,"y":0.5},"meshType":0}],[0],0,[0],[1],[2]],[[{"name":"Inicio_Pase (1)","rect":{"x":0,"y":0,"width":640,"height":960},"offset":{"x":0,"y":0},"originalSize":{"width":640,"height":960},"rotated":false,"capInsets":[0,0,0,0],"vertices":{"rawPosition":[-320,-480,0,320,-480,0,-320,480,0,320,480,0],"indexes":[0,1,2,2,1,3],"uv":[0,960,640,960,0,0,640,0],"nuv":[0,0,1,0,0,1,1,1],"minPos":{"x":-320,"y":-480,"z":0},"maxPos":{"x":320,"y":480,"z":0}},"packable":true,"pixelsToUnit":100,"pivot":{"x":0.5,"y":0.5},"meshType":0}],[0],0,[0],[1],[3]],[[{"name":"iniciopress","rect":{"x":0,"y":0,"width":431,"height":156},"offset":{"x":0,"y":5.5},"originalSize":{"width":431,"height":167},"rotated":false,"capInsets":[0,0,0,0],"vertices":{"rawPosition":[-215.5,-78,0,215.5,-78,0,-215.5,78,0,215.5,78,0],"indexes":[0,1,2,2,1,3],"uv":[0,167,431,167,0,11,431,11],"nuv":[0,0.0658682634730539,1,0.0658682634730539,0,1,1,1],"minPos":{"x":-215.5,"y":-78,"z":0},"maxPos":{"x":215.5,"y":78,"z":0}},"packable":true,"pixelsToUnit":100,"pivot":{"x":0.5,"y":0.5},"meshType":0}],[0],0,[0],[1],[4]],[[{"name":"iniciohover","rect":{"x":0,"y":0,"width":431,"height":156},"offset":{"x":0,"y":5.5},"originalSize":{"width":431,"height":167},"rotated":false,"capInsets":[0,0,0,0],"vertices":{"rawPosition":[-215.5,-78,0,215.5,-78,0,-215.5,78,0,215.5,78,0],"indexes":[0,1,2,2,1,3],"uv":[0,167,431,167,0,11,431,11],"nuv":[0,0.0658682634730539,1,0.0658682634730539,0,1,1,1],"minPos":{"x":-215.5,"y":-78,"z":0},"maxPos":{"x":215.5,"y":78,"z":0}},"packable":true,"pixelsToUnit":100,"pivot":{"x":0.5,"y":0.5},"meshType":0}],[0],0,[0],[1],[5]],[[[2,"inicio"],[3,"inicio",33554432,"97JNci0xZIUIRKr72Dy/+t",[-5,-6,-7,-8],[[0,-1,[5,640,959.9999999999999]],[6,-3,-2],[7,45,-4]],[1,320,479.99999999999994,0]],[4,"start",33554432,1,[[0,-9,[5,431,167]],[8,1,2,-10,2],[11,2,-13,[[12,"a48baiLPJZH0ZuTOXOehLF3","cambio",-12]],[4,4292269782],-11,3,4,5,6],[13,"instrucciones",-14]],[1,0,-250,0]],[1,"fondoo",33554432,1,[[0,-15,[5,640,960]],[9,2,-16,0]]],[1,"inicio",33554432,1,[[0,-17,[5,640,960]],[10,-18,1]]],[14,"inicio",[1],[15,[16,0.8,[2,0.2,0.5,0.8,0.520833125],[2,0.452588,0.607642,0.755699,0],[2,0.618555,0.577848,0.544564,0]],[17,[4,4283190348]],[18,true,7,8],[19],[20],[21],[22],[23]]],[5,"Camera",1,[-19],[1,0,0,1000]],[24,0,1073741824,479.99999999999994,2000,6,41943040,6,[4,4278190080]]],0,[0,0,1,0,3,7,0,0,1,0,0,1,0,-1,3,0,-2,6,0,-3,4,0,-4,2,0,0,2,0,0,2,0,4,2,0,5,2,0,0,2,0,0,2,0,0,3,0,0,3,0,0,4,0,0,4,0,-1,7,0,6,5,1,7,5,19],[0,0,0,0,0,0,0,0,0],[2,2,2,8,9,10,11,12,13],[1,1,0,0,6,0,7,8,9]]]]
