{
  "__type__": "cc.SpriteFrame",
  "content": {
    "name": "portero02",
    "atlas": "",
    "rect": {
      "x": 0,
      "y": 0,
      "width": 116,
      "height": 430
    },
    "offset": {
      "x": 0,
      "y": 0
    },
    "originalSize": {
      "width": 116,
      "height": 430
    },
    "rotated": false,
    "capInsets": [
      0,
      0,
      0,
      0
    ],
    "vertices": {
      "rawPosition": [
        -58,
        -215,
        0,
        58,
        -215,
        0,
        -58,
        215,
        0,
        58,
        215,
        0
      ],
      "indexes": [
        0,
        1,
        2,
        2,
        1,
        3
      ],
      "uv": [
        0,
        430,
        116,
        430,
        0,
        0,
        116,
        0
      ],
      "nuv": [
        0,
        0,
        1,
        0,
        0,
        1,
        1,
        1
      ],
      "minPos": {
        "x": -58,
        "y": -215,
        "z": 0
      },
      "maxPos": {
        "x": 58,
        "y": 215,
        "z": 0
      }
    },
    "texture": "327eb160-9126-4e23-99e2-e3e907d7dfcf@6c48a",
    "packable": true,
    "pixelsToUnit": 100,
    "pivot": {
      "x": 0.5,
      "y": 0.5
    },
    "meshType": 0
  }
}