{
  "__type__": "cc.SpriteFrame",
  "content": {
    "name": "salsa huichol",
    "atlas": "",
    "rect": {
      "x": 24,
      "y": 57,
      "width": 559,
      "height": 452
    },
    "offset": {
      "x": -8.5,
      "y": 13
    },
    "originalSize": {
      "width": 624,
      "height": 592
    },
    "rotated": false,
    "capInsets": [
      0,
      0,
      0,
      0
    ],
    "vertices": {
      "rawPosition": [
        -279.5,
        -226,
        0,
        279.5,
        -226,
        0,
        -279.5,
        226,
        0,
        279.5,
        226,
        0
      ],
      "indexes": [
        0,
        1,
        2,
        2,
        1,
        3
      ],
      "uv": [
        24,
        535,
        583,
        535,
        24,
        83,
        583,
        83
      ],
      "nuv": [
        0.038461538461538464,
        0.14020270270270271,
        0.9342948717948718,
        0.14020270270270271,
        0.038461538461538464,
        0.9037162162162162,
        0.9342948717948718,
        0.9037162162162162
      ],
      "minPos": {
        "x": -279.5,
        "y": -226,
        "z": 0
      },
      "maxPos": {
        "x": 279.5,
        "y": 226,
        "z": 0
      }
    },
    "texture": "43661180-a6ff-403e-89c9-17e72ba1784a@6c48a",
    "packable": true,
    "pixelsToUnit": 100,
    "pivot": {
      "x": 0.5,
      "y": 0.5
    },
    "meshType": 0
  }
}