{
  "__type__": "cc.SpriteFrame",
  "content": {
    "name": "America",
    "atlas": "",
    "rect": {
      "x": 0,
      "y": 0,
      "width": 550,
      "height": 142
    },
    "offset": {
      "x": 0,
      "y": 0
    },
    "originalSize": {
      "width": 550,
      "height": 142
    },
    "rotated": false,
    "capInsets": [
      0,
      0,
      0,
      0
    ],
    "vertices": {
      "rawPosition": [
        -275,
        -71,
        0,
        275,
        -71,
        0,
        -275,
        71,
        0,
        275,
        71,
        0
      ],
      "indexes": [
        0,
        1,
        2,
        2,
        1,
        3
      ],
      "uv": [
        0,
        142,
        550,
        142,
        0,
        0,
        550,
        0
      ],
      "nuv": [
        0,
        0,
        1,
        0,
        0,
        1,
        1,
        1
      ],
      "minPos": {
        "x": -275,
        "y": -71,
        "z": 0
      },
      "maxPos": {
        "x": 275,
        "y": 71,
        "z": 0
      }
    },
    "texture": "aa287cb3-9481-4609-9e99-15bc893ccc9c@6c48a",
    "packable": true,
    "pixelsToUnit": 100,
    "pivot": {
      "x": 0.5,
      "y": 0.5
    },
    "meshType": 0
  }
}