{
  "__type__": "cc.SpriteFrame",
  "content": {
    "name": "confeti2",
    "atlas": "",
    "rect": {
      "x": 0,
      "y": 0,
      "width": 28,
      "height": 24
    },
    "offset": {
      "x": 0,
      "y": 0
    },
    "originalSize": {
      "width": 28,
      "height": 24
    },
    "rotated": false,
    "capInsets": [
      0,
      0,
      0,
      0
    ],
    "vertices": {
      "rawPosition": [
        -14,
        -12,
        0,
        14,
        -12,
        0,
        -14,
        12,
        0,
        14,
        12,
        0
      ],
      "indexes": [
        0,
        1,
        2,
        2,
        1,
        3
      ],
      "uv": [
        0,
        24,
        28,
        24,
        0,
        0,
        28,
        0
      ],
      "nuv": [
        0,
        0,
        1,
        0,
        0,
        1,
        1,
        1
      ],
      "minPos": {
        "x": -14,
        "y": -12,
        "z": 0
      },
      "maxPos": {
        "x": 14,
        "y": 12,
        "z": 0
      }
    },
    "texture": "dddf4aff-612e-441f-b74b-930a8f2245a9@6c48a",
    "packable": true,
    "pixelsToUnit": 100,
    "pivot": {
      "x": 0.5,
      "y": 0.5
    },
    "meshType": 0
  }
}