{
  "__type__": "cc.SpriteFrame",
  "content": {
    "name": "Guantes2@4x",
    "atlas": "",
    "rect": {
      "x": 0,
      "y": 0,
      "width": 473,
      "height": 301
    },
    "offset": {
      "x": 0,
      "y": 0
    },
    "originalSize": {
      "width": 473,
      "height": 301
    },
    "rotated": false,
    "capInsets": [
      0,
      0,
      0,
      0
    ],
    "vertices": {
      "rawPosition": [
        -236.5,
        -150.5,
        0,
        236.5,
        -150.5,
        0,
        -236.5,
        150.5,
        0,
        236.5,
        150.5,
        0
      ],
      "indexes": [
        0,
        1,
        2,
        2,
        1,
        3
      ],
      "uv": [
        0,
        301,
        473,
        301,
        0,
        0,
        473,
        0
      ],
      "nuv": [
        0,
        0,
        1,
        0,
        0,
        1,
        1,
        1
      ],
      "minPos": {
        "x": -236.5,
        "y": -150.5,
        "z": 0
      },
      "maxPos": {
        "x": 236.5,
        "y": 150.5,
        "z": 0
      }
    },
    "texture": "bff9ec70-3fc4-4aee-b5fc-5e58b3920399@6c48a",
    "packable": true,
    "pixelsToUnit": 100,
    "pivot": {
      "x": 0.5,
      "y": 0.5
    },
    "meshType": 0
  }
}