{"__type__":"cc.Material","_name":"","_objFlags":0,"__editorExtras__":{},"_native":"","_effectAsset":{"__uuid__":"f648964e-8d32-41fc-9ac9-7a1e714dd17b","__expectedType__":"cc.EffectAsset"},"_techIdx":0,"_defines":[{"DCC_APP_NAME":2,"USE_ALBEDO_MAP":true},{},{},{}],"_states":[{"rasterizerState":{},"depthStencilState":{},"blendState":{"targets":[{}]}},{"rasterizerState":{},"depthStencilState":{},"blendState":{"targets":[{}]}},{"rasterizerState":{},"depthStencilState":{},"blendState":{"targets":[{}]}},{"rasterizerState":{},"depthStencilState":{},"blendState":{"targets":[{}]}}],"_props":[{"mainTexture":{"__uuid__":"7c46e585-8135-45ef-845a-2cc5a65ed2a9@6c48a","__expectedType__":"cc.Texture2D"},"mainColor":{"__type__":"cc.Color","r":231,"g":231,"b":231,"a":255},"shininessExponent":25,"specularFactor":0.25,"transparencyFactor":0},{},{},{}]}