{
  "__type__": "cc.SpriteFrame",
  "content": {
    "name": "mute",
    "atlas": "",
    "rect": {
      "x": 0,
      "y": 0,
      "width": 60,
      "height": 62
    },
    "offset": {
      "x": 0,
      "y": 0
    },
    "originalSize": {
      "width": 60,
      "height": 62
    },
    "rotated": false,
    "capInsets": [
      0,
      0,
      0,
      0
    ],
    "vertices": {
      "rawPosition": [
        -30,
        -31,
        0,
        30,
        -31,
        0,
        -30,
        31,
        0,
        30,
        31,
        0
      ],
      "indexes": [
        0,
        1,
        2,
        2,
        1,
        3
      ],
      "uv": [
        0,
        62,
        60,
        62,
        0,
        0,
        60,
        0
      ],
      "nuv": [
        0,
        0,
        1,
        0,
        0,
        1,
        1,
        1
      ],
      "minPos": {
        "x": -30,
        "y": -31,
        "z": 0
      },
      "maxPos": {
        "x": 30,
        "y": 31,
        "z": 0
      }
    },
    "texture": "590402f6-92d5-4005-b215-f451f3b91d55@6c48a",
    "packable": true,
    "pixelsToUnit": 100,
    "pivot": {
      "x": 0.5,
      "y": 0.5
    },
    "meshType": 0
  }
}