{
  "__type__": "cc.SpriteFrame",
  "content": {
    "name": "Jugador-Portugal",
    "atlas": "",
    "rect": {
      "x": 0,
      "y": 0,
      "width": 125,
      "height": 107
    },
    "offset": {
      "x": 0,
      "y": 0
    },
    "originalSize": {
      "width": 125,
      "height": 107
    },
    "rotated": false,
    "capInsets": [
      0,
      0,
      0,
      0
    ],
    "vertices": {
      "rawPosition": [
        -62.5,
        -53.5,
        0,
        62.5,
        -53.5,
        0,
        -62.5,
        53.5,
        0,
        62.5,
        53.5,
        0
      ],
      "indexes": [
        0,
        1,
        2,
        2,
        1,
        3
      ],
      "uv": [
        0,
        107,
        125,
        107,
        0,
        0,
        125,
        0
      ],
      "nuv": [
        0,
        0,
        1,
        0,
        0,
        1,
        1,
        1
      ],
      "minPos": {
        "x": -62.5,
        "y": -53.5,
        "z": 0
      },
      "maxPos": {
        "x": 62.5,
        "y": 53.5,
        "z": 0
      }
    },
    "texture": "85f52b73-c439-427d-882f-7df7ca0f051b@6c48a",
    "packable": true,
    "pixelsToUnit": 100,
    "pivot": {
      "x": 0.5,
      "y": 0.5
    },
    "meshType": 0
  }
}