{
  "__type__": "cc.SpriteFrame",
  "content": {
    "name": "Strike",
    "atlas": "",
    "rect": {
      "x": 0,
      "y": 0,
      "width": 1000,
      "height": 1000
    },
    "offset": {
      "x": 0,
      "y": 0
    },
    "originalSize": {
      "width": 1000,
      "height": 1000
    },
    "rotated": false,
    "capInsets": [
      0,
      0,
      0,
      0
    ],
    "vertices": {
      "rawPosition": [
        -500,
        -500,
        0,
        500,
        -500,
        0,
        -500,
        500,
        0,
        500,
        500,
        0
      ],
      "indexes": [
        0,
        1,
        2,
        2,
        1,
        3
      ],
      "uv": [
        0,
        1000,
        1000,
        1000,
        0,
        0,
        1000,
        0
      ],
      "nuv": [
        0,
        0,
        1,
        0,
        0,
        1,
        1,
        1
      ],
      "minPos": {
        "x": -500,
        "y": -500,
        "z": 0
      },
      "maxPos": {
        "x": 500,
        "y": 500,
        "z": 0
      }
    },
    "texture": "23a16d02-4e46-4d48-92fc-4e89dc02ce62@6c48a",
    "packable": true,
    "pixelsToUnit": 100,
    "pivot": {
      "x": 0.5,
      "y": 0.5
    },
    "meshType": 0
  }
}