{
  "__type__": "cc.SpriteFrame",
  "content": {
    "name": "Player-Venezuela",
    "atlas": "",
    "rect": {
      "x": 0,
      "y": 0,
      "width": 117,
      "height": 95
    },
    "offset": {
      "x": 0,
      "y": 0
    },
    "originalSize": {
      "width": 117,
      "height": 95
    },
    "rotated": false,
    "capInsets": [
      0,
      0,
      0,
      0
    ],
    "vertices": {
      "rawPosition": [
        -58.5,
        -47.5,
        0,
        58.5,
        -47.5,
        0,
        -58.5,
        47.5,
        0,
        58.5,
        47.5,
        0
      ],
      "indexes": [
        0,
        1,
        2,
        2,
        1,
        3
      ],
      "uv": [
        0,
        95,
        117,
        95,
        0,
        0,
        117,
        0
      ],
      "nuv": [
        0,
        0,
        1,
        0,
        0,
        1,
        1,
        1
      ],
      "minPos": {
        "x": -58.5,
        "y": -47.5,
        "z": 0
      },
      "maxPos": {
        "x": 58.5,
        "y": 47.5,
        "z": 0
      }
    },
    "texture": "7aec9a6a-3501-48e7-b841-ec98c2957206@6c48a",
    "packable": true,
    "pixelsToUnit": 100,
    "pivot": {
      "x": 0.5,
      "y": 0.5
    },
    "meshType": 0
  }
}