{
  "__type__": "cc.SpriteFrame",
  "content": {
    "name": "degradado",
    "atlas": "",
    "rect": {
      "x": 0,
      "y": 0,
      "width": 507,
      "height": 211
    },
    "offset": {
      "x": 0,
      "y": 0
    },
    "originalSize": {
      "width": 507,
      "height": 211
    },
    "rotated": false,
    "capInsets": [
      0,
      0,
      0,
      0
    ],
    "vertices": {
      "rawPosition": [
        -253.5,
        -105.5,
        0,
        253.5,
        -105.5,
        0,
        -253.5,
        105.5,
        0,
        253.5,
        105.5,
        0
      ],
      "indexes": [
        0,
        1,
        2,
        2,
        1,
        3
      ],
      "uv": [
        0,
        211,
        507,
        211,
        0,
        0,
        507,
        0
      ],
      "nuv": [
        0,
        0,
        1,
        0,
        0,
        1,
        1,
        1
      ],
      "minPos": {
        "x": -253.5,
        "y": -105.5,
        "z": 0
      },
      "maxPos": {
        "x": 253.5,
        "y": 105.5,
        "z": 0
      }
    },
    "texture": "b60c3fc2-2db7-4632-a597-96cb452913f9@6c48a",
    "packable": true,
    "pixelsToUnit": 100,
    "pivot": {
      "x": 0.5,
      "y": 0.5
    },
    "meshType": 0
  }
}