{
  "__type__": "cc.SpriteFrame",
  "content": {
    "name": "Player-Peru",
    "atlas": "",
    "rect": {
      "x": 0,
      "y": 0,
      "width": 121,
      "height": 99
    },
    "offset": {
      "x": 0,
      "y": 0
    },
    "originalSize": {
      "width": 121,
      "height": 99
    },
    "rotated": false,
    "capInsets": [
      0,
      0,
      0,
      0
    ],
    "vertices": {
      "rawPosition": [
        -60.5,
        -49.5,
        0,
        60.5,
        -49.5,
        0,
        -60.5,
        49.5,
        0,
        60.5,
        49.5,
        0
      ],
      "indexes": [
        0,
        1,
        2,
        2,
        1,
        3
      ],
      "uv": [
        0,
        99,
        121,
        99,
        0,
        0,
        121,
        0
      ],
      "nuv": [
        0,
        0,
        1,
        0,
        0,
        1,
        1,
        1
      ],
      "minPos": {
        "x": -60.5,
        "y": -49.5,
        "z": 0
      },
      "maxPos": {
        "x": 60.5,
        "y": 49.5,
        "z": 0
      }
    },
    "texture": "b610d595-24ed-4bb2-8639-e435134cecc6@6c48a",
    "packable": true,
    "pixelsToUnit": 100,
    "pivot": {
      "x": 0.5,
      "y": 0.5
    },
    "meshType": 0
  }
}