{
  "__type__": "cc.SpriteFrame",
  "content": {
    "name": "Uruguay",
    "atlas": "",
    "rect": {
      "x": 4,
      "y": 3,
      "width": 100,
      "height": 101
    },
    "offset": {
      "x": 2,
      "y": 0
    },
    "originalSize": {
      "width": 104,
      "height": 107
    },
    "rotated": false,
    "capInsets": [
      0,
      0,
      0,
      0
    ],
    "vertices": {
      "rawPosition": [
        -50,
        -50.5,
        0,
        50,
        -50.5,
        0,
        -50,
        50.5,
        0,
        50,
        50.5,
        0
      ],
      "indexes": [
        0,
        1,
        2,
        2,
        1,
        3
      ],
      "uv": [
        4,
        104,
        104,
        104,
        4,
        3,
        104,
        3
      ],
      "nuv": [
        0.038461538461538464,
        0.028037383177570093,
        1,
        0.028037383177570093,
        0.038461538461538464,
        0.9719626168224299,
        1,
        0.9719626168224299
      ],
      "minPos": {
        "x": -50,
        "y": -50.5,
        "z": 0
      },
      "maxPos": {
        "x": 50,
        "y": 50.5,
        "z": 0
      }
    },
    "texture": "b6e1b9cc-0e4c-468e-ac3b-e58c406848b3@6c48a",
    "packable": true,
    "pixelsToUnit": 100,
    "pivot": {
      "x": 0.5,
      "y": 0.5
    },
    "meshType": 0
  }
}