{
  "__type__": "cc.SpriteFrame",
  "content": {
    "name": "cielo",
    "atlas": "",
    "rect": {
      "x": 0,
      "y": 0,
      "width": 501,
      "height": 501
    },
    "offset": {
      "x": 0,
      "y": 0
    },
    "originalSize": {
      "width": 501,
      "height": 501
    },
    "rotated": false,
    "capInsets": [
      0,
      0,
      0,
      0
    ],
    "vertices": {
      "rawPosition": [
        -250.5,
        -250.5,
        0,
        250.5,
        -250.5,
        0,
        -250.5,
        250.5,
        0,
        250.5,
        250.5,
        0
      ],
      "indexes": [
        0,
        1,
        2,
        2,
        1,
        3
      ],
      "uv": [
        0,
        501,
        501,
        501,
        0,
        0,
        501,
        0
      ],
      "nuv": [
        0,
        0,
        1,
        0,
        0,
        1,
        1,
        1
      ],
      "minPos": {
        "x": -250.5,
        "y": -250.5,
        "z": 0
      },
      "maxPos": {
        "x": 250.5,
        "y": 250.5,
        "z": 0
      }
    },
    "texture": "e1ec9880-18e3-43a4-b46d-187e8ffd908c@6c48a",
    "packable": true,
    "pixelsToUnit": 100,
    "pivot": {
      "x": 0.5,
      "y": 0.5
    },
    "meshType": 0
  }
}