[1,["21uBDigCFPIJRFS2tbavhp@f9941","21uBDigCFPIJRFS2tbavhp@6c48a","5fFhYi55JLNoITslsK/Ym9@6c48a","95EkngnxZFbYuFpsqVTaFr@6c48a","98bf4WLKRN4Kvb4D0uOt3V@f9941","a8obDg0A9P9LoCpqkL7V5z@f9941","95EkngnxZFbYuFpsqVTaFr@f9941","5fFhYi55JLNoITslsK/Ym9@f9941","d0MqyYBeFAkIi762QNy1/B@b47c0","6fAc9/gb9Kfr1dCvwZaWSA@b47c0","98bf4WLKRN4Kvb4D0uOt3V@6c48a","a8obDg0A9P9LoCpqkL7V5z@6c48a"],["node","_textureSource","_parent","_spriteFrame","_target","target","_cameraComponent","scene","_normalSprite","_hoverSprite","_pressedSprite","_disabledSprite","_envmapHDR","_envmapLDR"],["cc.ImageAsset","cc.SpriteFrame",["cc.Node",["_name","_layer","_id","_components","_lpos","_parent","_children","_lrot","_euler"],0,9,5,1,2,5,5],["cc.Sprite",["_sizeMode","_type","node","_spriteFrame"],1,1,6],["cc.Camera",["_clearFlags","_visibility","_projection","_priority","_orthoHeight","_far","node","_color"],-3,1,5],"cc.TextureCube",["cc.SceneAsset",["_name"],2],["cc.Node",["_name","_parent","_components","_lpos"],2,1,2,5],["cc.UITransform",["node","_contentSize"],3,1,5],["cc.Button",["_transition","node","clickEvents","_normalColor","_target","_normalSprite","_hoverSprite","_pressedSprite","_disabledSprite"],2,1,9,5,1,6,6,6,6],["cc.ClickEvent",["_componentId","handler","target"],1,1],["a48baiLPJZH0ZuTOXOehLF3",["name2","node"],2,1],["cc.Canvas",["node","_cameraComponent"],3,1,1],["cc.Widget",["_alignFlags","node"],2,1],["cc.Scene",["_name","_children","_globals"],2,2,4],["cc.SceneGlobals",["ambient","shadows","_skybox","fog","octree","skin","lightProbeInfo","postSettings"],3,4,4,4,4,4,4,4,4],["cc.AmbientInfo",["_skyIllumLDR","_skyColorHDR","_skyColorLDR","_groundAlbedoLDR"],2,5,5,5],["cc.ShadowsInfo",["_shadowColor"],3,5],["cc.SkyboxInfo",["_enabled","_envmapHDR","_envmapLDR"],2,6,6],["cc.FogInfo",[],3],["cc.OctreeInfo",[],3],["cc.SkinInfo",[],3],["cc.LightProbeInfo",[],3],["cc.PostSettingsInfo",[],3],["cc.DirectionalLight",["node","_color","_staticSettings"],3,1,5,4],["cc.StaticLightSettings",[],3]],[[8,0,1,1],[6,0,2],[2,0,1,3,4,3],[2,0,1,2,6,3,4,4],[2,0,1,5,6,3,3],[2,0,2,5,3,7,8,3],[2,0,2,5,3,4,7,8,3],[7,0,1,2,3,2],[3,1,0,2,3,3],[3,0,2,3,2],[9,0,1,2,3,4,5,6,7,8,2],[10,0,1,2,3],[11,0,1,2],[12,0,1,1],[13,0,1,2],[14,0,1,2,2],[15,0,1,2,3,4,5,6,7,1],[16,0,1,2,3,2],[17,0,1],[18,0,1,2,2],[19,1],[20,1],[21,1],[22,1],[23,1],[24,0,1,2,1],[25,1],[4,0,1,6,3],[4,2,3,4,5,0,1,6,7,7]],[[[{"name":"Inicio_Btn","rect":{"x":0,"y":0,"width":329,"height":122},"offset":{"x":0,"y":4.5},"originalSize":{"width":329,"height":131},"rotated":false,"capInsets":[0,0,0,0],"vertices":{"rawPosition":[-164.5,-61,0,164.5,-61,0,-164.5,61,0,164.5,61,0],"indexes":[0,1,2,2,1,3],"uv":[0,131,329,131,0,9,329,9],"nuv":[0,0.06870229007633588,1,0.06870229007633588,0,1,1,1],"minPos":{"x":-164.5,"y":-61,"z":0},"maxPos":{"x":164.5,"y":61,"z":0}},"packable":true,"pixelsToUnit":100,"pivot":{"x":0.5,"y":0.5},"meshType":0}],[1],0,[0],[1],[1]],[[{"name":"Can_01_portada","rect":{"x":0,"y":0,"width":640,"height":960},"offset":{"x":0,"y":0},"originalSize":{"width":640,"height":960},"rotated":false,"capInsets":[0,0,0,0],"vertices":{"rawPosition":[-320,-480,0,320,-480,0,-320,480,0,320,480,0],"indexes":[0,1,2,2,1,3],"uv":[0,960,640,960,0,0,640,0],"nuv":[0,0,1,0,0,1,1,1],"minPos":{"x":-320,"y":-480,"z":0},"maxPos":{"x":320,"y":480,"z":0}},"packable":true,"pixelsToUnit":100,"pivot":{"x":0.5,"y":0.5},"meshType":0}],[1],0,[0],[1],[2]],[[{"name":"default_btn_disabled","rect":{"x":0,"y":0,"width":40,"height":40},"offset":{"x":0,"y":0},"originalSize":{"width":40,"height":40},"rotated":false,"capInsets":[12,12,12,12],"vertices":{"rawPosition":[-20,-20,0,20,-20,0,-20,20,0,20,20,0],"indexes":[0,1,2,2,1,3],"uv":[0,40,40,40,0,0,40,0],"nuv":[0,0,1,0,0,1,1,1],"minPos":{"x":-20,"y":-20,"z":0},"maxPos":{"x":20,"y":20,"z":0}},"packable":true,"pixelsToUnit":100,"pivot":{"x":0.5,"y":0.5},"meshType":0}],[1],0,[0],[1],[3]],[[[1,"Inicio"],[2,"jugar",33554432,[[0,-1,[5,318,116]],[8,1,0,-2,0],[10,2,-5,[[11,"a48baiLPJZH0ZuTOXOehLF3","cambio",-4]],[4,4292269782],-3,1,2,3,4],[12,"Instrucciones",-6]],[1,0,-300,0]],[3,"Canvas",33554432,"06rM3DDZROvbTskr/GmNL9",[-11,-12],[[0,-7,[5,640,960.0000000000001]],[13,-9,-8],[14,45,-10]],[1,320,480.00000000000006,0]],[15,"Inicio",[-13,-14,2],[16,[17,0.8,[2,0.2,0.5,0.8,0.520833125],[2,0.452588,0.607642,0.755699,0],[2,0.618555,0.577848,0.544564,0]],[18,[4,4283190348]],[19,true,6,7],[20],[21],[22],[23],[24]]],[4,"fondo",33554432,2,[1],[[0,-15,[5,640,960]],[9,0,-16,5]]],[5,"Main Light","c0y6F5f+pAvI805TdmxIjx",3,[[25,-17,[4,4293982975],[26]]],[3,-0.06397656665577071,-0.44608233363525845,-0.8239028751062036,-0.3436591377065261],[1,-117.894,-194.909,38.562]],[6,"Main Camera","c9DMICJLFO5IeO07EPon7U",3,[[27,14,1822425087,-18]],[1,-10,10,10],[3,-0.27781593346944056,-0.36497167621709875,-0.11507512748638377,0.8811195706053617],[1,-35,-45,0]],[7,"Camera",2,[-19],[1,0,0,1000]],[28,0,1073741824,480.00000000000006,2000,6,41943040,7,[4,4278190080]]],0,[0,0,1,0,0,1,0,4,1,0,5,1,0,0,1,0,0,1,0,0,2,0,6,8,0,0,2,0,0,2,0,-1,7,0,-2,4,0,-1,5,0,-2,6,0,0,4,0,0,4,0,0,5,0,0,6,0,-1,8,0,7,3,1,2,4,2,2,3,19],[0,0,0,0,0,0,0,0],[3,8,9,10,11,3,12,13],[0,0,4,5,6,7,8,9]],[[{"name":"Inicio_Btn_h","rect":{"x":0,"y":0,"width":327,"height":139},"offset":{"x":0,"y":0},"originalSize":{"width":327,"height":139},"rotated":false,"capInsets":[0,0,0,0],"vertices":{"rawPosition":[-163.5,-69.5,0,163.5,-69.5,0,-163.5,69.5,0,163.5,69.5,0],"indexes":[0,1,2,2,1,3],"uv":[0,139,327,139,0,0,327,0],"nuv":[0,0,1,0,0,1,1,1],"minPos":{"x":-163.5,"y":-69.5,"z":0},"maxPos":{"x":163.5,"y":69.5,"z":0}},"packable":true,"pixelsToUnit":100,"pivot":{"x":0.5,"y":0.5},"meshType":0}],[1],0,[0],[1],[10]],[[{"name":"Inicio_Btn_p","rect":{"x":0,"y":0,"width":327,"height":119},"offset":{"x":0,"y":5.5},"originalSize":{"width":327,"height":130},"rotated":false,"capInsets":[0,0,0,0],"vertices":{"rawPosition":[-163.5,-59.5,0,163.5,-59.5,0,-163.5,59.5,0,163.5,59.5,0],"indexes":[0,1,2,2,1,3],"uv":[0,130,327,130,0,11,327,11],"nuv":[0,0.08461538461538462,1,0.08461538461538462,0,1,1,1],"minPos":{"x":-163.5,"y":-59.5,"z":0},"maxPos":{"x":163.5,"y":59.5,"z":0}},"packable":true,"pixelsToUnit":100,"pivot":{"x":0.5,"y":0.5},"meshType":0}],[1],0,[0],[1],[11]],[[{"base":"2,2,0,0,2,0","rgbe":true,"mipmaps":[{"front":"d0MqyYBeFAkIi762QNy1/B@b47c0@e9a6d","back":"d0MqyYBeFAkIi762QNy1/B@b47c0@40c10","left":"d0MqyYBeFAkIi762QNy1/B@b47c0@8fd34","right":"d0MqyYBeFAkIi762QNy1/B@b47c0@74afd","top":"d0MqyYBeFAkIi762QNy1/B@b47c0@bb97f","bottom":"d0MqyYBeFAkIi762QNy1/B@b47c0@7d38f"}]}],[5],0,[],[],[]],[[{"fmt":"0","w":0,"h":0},-1],[0],0,[],[],[]],[[{"fmt":"0","w":0,"h":0},-1],[0],0,[],[],[]],[[{"fmt":"0","w":0,"h":0},-1],[0],0,[],[],[]],[[{"fmt":"0","w":0,"h":0},-1],[0],0,[],[],[]],[[{"fmt":"0","w":0,"h":0},-1],[0],0,[],[],[]],[[{"fmt":"0","w":0,"h":0},-1],[0],0,[],[],[]]]]
