{
  "__type__": "cc.SpriteFrame",
  "content": {
    "name": "LogoVenados_contorno 1",
    "atlas": "",
    "rect": {
      "x": 0,
      "y": 2,
      "width": 348,
      "height": 69
    },
    "offset": {
      "x": 0,
      "y": 0
    },
    "originalSize": {
      "width": 348,
      "height": 73
    },
    "rotated": false,
    "capInsets": [
      0,
      0,
      0,
      0
    ],
    "vertices": {
      "rawPosition": [
        -174,
        -34.5,
        0,
        174,
        -34.5,
        0,
        -174,
        34.5,
        0,
        174,
        34.5,
        0
      ],
      "indexes": [
        0,
        1,
        2,
        2,
        1,
        3
      ],
      "uv": [
        0,
        71,
        348,
        71,
        0,
        2,
        348,
        2
      ],
      "nuv": [
        0,
        0.0273972602739726,
        1,
        0.0273972602739726,
        0,
        0.9726027397260274,
        1,
        0.9726027397260274
      ],
      "minPos": {
        "x": -174,
        "y": -34.5,
        "z": 0
      },
      "maxPos": {
        "x": 174,
        "y": 34.5,
        "z": 0
      }
    },
    "texture": "6d65f1a3-ebd4-4311-906b-3c1481edde50@6c48a",
    "packable": true,
    "pixelsToUnit": 100,
    "pivot": {
      "x": 0.5,
      "y": 0.5
    },
    "meshType": 0
  }
}