[1,["4bkpj4m6FHs5uTv3ddTBak@6c48a","4bkpj4m6FHs5uTv3ddTBak@f9941"],["node","_textureSource","root","data","_spriteFrame"],["cc.SpriteFrame",["cc.Prefab",["_name"],2],["cc.Node",["_name","_layer","_components","_prefab"],1,9,4],["cc.UITransform",["node","__prefab","_contentSize"],3,1,4,5],["cc.CompPrefabInfo",["fileId"],2],["cc.Sprite",["node","__prefab","_spriteFrame"],3,1,4,6],["cc.RigidBody2D",["_group","node","__prefab"],2,1,4],["cc.BoxCollider2D",["node","__prefab","_size"],3,1,4,5],["cc.PrefabInfo",["fileId","instance","targetOverrides","nestedPrefabInstanceRoots","root","asset"],-1,1,1]],[[4,0,2],[1,0,2],[2,0,1,2,3,3],[3,0,1,2,1],[5,0,1,2,1],[6,0,1,2,2],[7,0,1,2,1],[8,0,1,2,3,4,5,5]],[[[{"name":"arbol-runner","rect":{"x":0,"y":0,"width":254,"height":252},"offset":{"x":0,"y":0},"originalSize":{"width":254,"height":252},"rotated":false,"capInsets":[0,0,0,0],"vertices":{"rawPosition":[-127,-126,0,127,-126,0,-127,126,0,127,126,0],"indexes":[0,1,2,2,1,3],"uv":[0,252,254,252,0,0,254,0],"nuv":[0,0,1,0,0,1,1,1],"minPos":{"x":-127,"y":-126,"z":0},"maxPos":{"x":127,"y":126,"z":0}},"packable":true,"pixelsToUnit":100,"pivot":{"x":0.5,"y":0.5},"meshType":0}],[0],0,[0],[1],[0]],[[[1,"arbol-runner"],[2,"arbol-runner",33554432,[[3,-2,[0,"18YTeQ05FMnZmgcQxKDOLY"],[5,254,252]],[4,-3,[0,"20m14rWxhD7KvfrBK21YnE"],0],[5,16,-4,[0,"f2jvNgsXVHv7IlAxeABq3X"]],[6,-5,[0,"71V13tRn5DtJLT44jNVBPR"],[5,254,252]]],[7,"e2B5C6NBtJx6nsKFU5rXgD",null,null,null,-1,0]]],0,[0,2,1,0,0,1,0,0,1,0,0,1,0,0,1,0,3,1,5],[0],[4],[1]]]]
