{
  "__type__": "cc.SpriteFrame",
  "content": {
    "name": "Bolivia",
    "atlas": "",
    "rect": {
      "x": 0,
      "y": 0,
      "width": 100,
      "height": 100
    },
    "offset": {
      "x": -8,
      "y": 8
    },
    "originalSize": {
      "width": 116,
      "height": 116
    },
    "rotated": false,
    "capInsets": [
      0,
      0,
      0,
      0
    ],
    "vertices": {
      "rawPosition": [
        -50,
        -50,
        0,
        50,
        -50,
        0,
        -50,
        50,
        0,
        50,
        50,
        0
      ],
      "indexes": [
        0,
        1,
        2,
        2,
        1,
        3
      ],
      "uv": [
        0,
        116,
        100,
        116,
        0,
        16,
        100,
        16
      ],
      "nuv": [
        0,
        0.13793103448275862,
        0.8620689655172413,
        0.13793103448275862,
        0,
        1,
        0.8620689655172413,
        1
      ],
      "minPos": {
        "x": -50,
        "y": -50,
        "z": 0
      },
      "maxPos": {
        "x": 50,
        "y": 50,
        "z": 0
      }
    },
    "texture": "04fa3669-619d-44dd-9208-232b48b03bae@6c48a",
    "packable": true,
    "pixelsToUnit": 100,
    "pivot": {
      "x": 0.5,
      "y": 0.5
    },
    "meshType": 0
  }
}