{
  "__type__": "cc.SpriteFrame",
  "content": {
    "name": "Jugador-Corea",
    "atlas": "",
    "rect": {
      "x": 0,
      "y": 1,
      "width": 125,
      "height": 106
    },
    "offset": {
      "x": 0,
      "y": -0.5
    },
    "originalSize": {
      "width": 125,
      "height": 107
    },
    "rotated": false,
    "capInsets": [
      0,
      0,
      0,
      0
    ],
    "vertices": {
      "rawPosition": [
        -62.5,
        -53,
        0,
        62.5,
        -53,
        0,
        -62.5,
        53,
        0,
        62.5,
        53,
        0
      ],
      "indexes": [
        0,
        1,
        2,
        2,
        1,
        3
      ],
      "uv": [
        0,
        106,
        125,
        106,
        0,
        0,
        125,
        0
      ],
      "nuv": [
        0,
        0,
        1,
        0,
        0,
        0.9906542056074766,
        1,
        0.9906542056074766
      ],
      "minPos": {
        "x": -62.5,
        "y": -53,
        "z": 0
      },
      "maxPos": {
        "x": 62.5,
        "y": 53,
        "z": 0
      }
    },
    "texture": "7d731884-cf8e-4fa7-a0b9-f7b96d6d478b@6c48a",
    "packable": true,
    "pixelsToUnit": 100,
    "pivot": {
      "x": 0.5,
      "y": 0.5
    },
    "meshType": 0
  }
}