[1,["59ML6s8tZP0rmZwDWCfCKi@f9941","51jDCKC/pPZZhKg8TqFwLW@f9941","25xWdrMCJLgodzbhavV1e1@f9941","bc51EDZApD1b/aUSivJBJ1@f9941","09htoyY81PUK7D8JO7l4nv@f9941","b6GfaH8mlERog9rA7YYDzh@f9941","16aBMBgsFGpLbtfB5F3oBg@f9941","9fSMSKrNFGHJ+6wVNLV0jN@f9941","c08nf2oQVKLam7kyQViwDv@f9941","46fCiPcDxL0bHr3T2AbrZA@f9941","d5DxcHs8xPaZkggyfRqzsQ@f9941","a7Y71FEfVGmLTzECoL0+DS@f9941","54LUF6A39DVLk6hm/MShUk@f9941","17jcVSsZtDfrrFLxP9XI5j@f9941","4eO8OJZ01Dp792sqGYJkst@f9941","32KnQqbTtFjrR0AkxPIHA7@f9941","38nA1A3ElCMppE8YOo4Eve@f9941","bcOgakRi5I0YfGqZ8MVnS2@f9941","d6kXk/5xZOkpGqqQgrTQep@f9941","dbmVZmFkRPmJ/e9Fcdxe3G@f9941","daiJJpvWBDvIGRAaccq/mj@f9941","f98hRfvwtCVacnQX/avjxH@f9941","9doxAbWxRJn6PX6/lRk0iC@f9941","00dZmgWnhI+rZRVqYaeNJH@6c48a","09htoyY81PUK7D8JO7l4nv@6c48a","16aBMBgsFGpLbtfB5F3oBg@6c48a","17jcVSsZtDfrrFLxP9XI5j@6c48a","21+tz8a+VF3q/516/sgNwu@6c48a","25xWdrMCJLgodzbhavV1e1@6c48a","2cpMdfVU5Mx6NuA1a9pVRK@6c48a","bf5iyPVmxBO7GLzjmiZ9w1@f9941","7dmLEhFCFEILqwJtI5u8lA@f9941","837xe00JFKXbsCB09lOT+a@f9941","00dZmgWnhI+rZRVqYaeNJH@f9941","a5S+saXFFDI6yTNgj9JmsW@f9941","e1K2in99dAwZhGFEdVt2Qj@f9941","7ckgxdWYxLaq2m3SZJpckp@f9941","5dUiQOlQNFHJTCjaNnO3Hc@f9941","a5KsdZAvtK8I/ogmW98cvh@f9941","5c7QwF6cNOiK0r3U5TS8EO@f9941","55Py2k0yNIhoKEvGofvMkP@f9941","e1zEMofAJCyaOsxZnX90kn@f9941","30VNmasvNCcL68KHq9bFX3@f9941","b5YmJjk49BFLbahvDgn39j@f9941","2cpMdfVU5Mx6NuA1a9pVRK@f9941","21+tz8a+VF3q/516/sgNwu@f9941","c33tzxWf1Neo2MPIsJkr7u@f9941","31rLiRNT5OHYP8rMHoevQJ@f9941","5cI4HsfGJP1ZKuyjHYXGmK@f9941","c2FHdrJnlPUILikHNom+JU@f9941","30VNmasvNCcL68KHq9bFX3@6c48a","31rLiRNT5OHYP8rMHoevQJ@6c48a","32KnQqbTtFjrR0AkxPIHA7@6c48a","38nA1A3ElCMppE8YOo4Eve@6c48a","46fCiPcDxL0bHr3T2AbrZA@6c48a","4eO8OJZ01Dp792sqGYJkst@6c48a","51jDCKC/pPZZhKg8TqFwLW@6c48a","54LUF6A39DVLk6hm/MShUk@6c48a","55Py2k0yNIhoKEvGofvMkP@6c48a","59ML6s8tZP0rmZwDWCfCKi@6c48a","5cI4HsfGJP1ZKuyjHYXGmK@6c48a","5c7QwF6cNOiK0r3U5TS8EO@6c48a","5dUiQOlQNFHJTCjaNnO3Hc@6c48a","7ckgxdWYxLaq2m3SZJpckp@6c48a","7dmLEhFCFEILqwJtI5u8lA@6c48a","837xe00JFKXbsCB09lOT+a@6c48a","9doxAbWxRJn6PX6/lRk0iC@6c48a","9fSMSKrNFGHJ+6wVNLV0jN@6c48a","a5KsdZAvtK8I/ogmW98cvh@6c48a","a5S+saXFFDI6yTNgj9JmsW@6c48a","a7Y71FEfVGmLTzECoL0+DS@6c48a","b5YmJjk49BFLbahvDgn39j@6c48a","b6GfaH8mlERog9rA7YYDzh@6c48a","bcOgakRi5I0YfGqZ8MVnS2@6c48a","bc51EDZApD1b/aUSivJBJ1@6c48a","bf5iyPVmxBO7GLzjmiZ9w1@6c48a","c08nf2oQVKLam7kyQViwDv@6c48a","c2FHdrJnlPUILikHNom+JU@6c48a","c33tzxWf1Neo2MPIsJkr7u@6c48a","d5DxcHs8xPaZkggyfRqzsQ@6c48a","d6kXk/5xZOkpGqqQgrTQep@6c48a","daiJJpvWBDvIGRAaccq/mj@6c48a","dbmVZmFkRPmJ/e9Fcdxe3G@6c48a","e1K2in99dAwZhGFEdVt2Qj@6c48a","e1zEMofAJCyaOsxZnX90kn@6c48a","f98hRfvwtCVacnQX/avjxH@6c48a"],["node","_spriteFrame","_textureSource","_normalSprite","_disabledSprite","_hoverSprite","_pressedSprite","target","botonCompra","colorFinal","colorModelo","normalFrame","_parent","miCosto","cerrar","costoString","amarillo","modelo","_cameraComponent","_target","scene"],["cc.SpriteFrame",["cc.Node",["_name","_layer","_active","_id","_components","_children","_lpos","_parent"],-1,9,2,5,1],["cc.Button",["_transition","node","_normalSprite","clickEvents","_disabledSprite","_hoverSprite","_pressedSprite","_target"],2,1,6,9,6,6,6,1],["cc.Label",["_string","_actualFontSize","_fontSize","_lineHeight","_isBold","node"],-2,1],["cc.Node",["_name","_layer","_active","_parent","_components","_lpos"],0,1,12,5],["cc.UITransform",["node","_contentSize"],3,1,5],["cc.Sprite",["_sizeMode","node","_spriteFrame"],2,1,6],["bce88kC5IBFVJf3dPsvg9pA",["costo","miColorID","colors","nombre","tarjeta","miModeloID","node","subMenu","costoString","subSprite","coche","botonCompra","cerrar","botones","colorTexto","colorTextoNormal","colorFinal","colorModelo","normalFrame"],-3,1,1,1,1,1,1,1,1,8,8,6,6,6],["cc.SceneAsset",["_name"],2],["cc.Node",["_name","_parent","_components","_lpos"],2,1,2,5],["2fb3ccjwp1K841YYN772kVD",["node","botones","items"],3,1,2,2],["cc.Canvas",["node","_cameraComponent"],3,1,1],["cc.Widget",["_alignFlags","_top","_bottom","node"],0,1],["cc.ClickEvent",["_componentId","handler","target"],1,1],["0f1e0jO4sJJi5E0BTW8tJC1",["moneda","costo","nombre","modeloID","node","miCosto","colores","amarillo","modelo"],-1,1,1,1,6,6],["f10e4d48NlI86cau3vPmsso",["name2","node"],2,1],["7db07RgRY9HF7ujTdn7wZUp",["contadorMonedas","node"],2,1],["bdca4R/3VhEQKYcHdRzxbGa",["node","amarillo","azul","verde","rojo","naranja","modelos"],3,1,3,3,3,3,3,2],["5e0d03rtohGrrqytuA6eT9B",["manager","node"],2,1],["cc.Scene",["_name","_children","_globals"],2,2,4],["cc.SceneGlobals",["ambient","shadows","_skybox","fog","octree","skin","lightProbeInfo","postSettings"],3,4,4,4,4,4,4,4,4],["cc.AmbientInfo",["_skyColorHDR","_groundAlbedoHDR"],3,5,5],["cc.ShadowsInfo",["_shadowColor","_size"],3,5,5],["cc.SkyboxInfo",[],3],["cc.FogInfo",[],3],["cc.OctreeInfo",[],3],["cc.SkinInfo",["_enabled"],2],["cc.LightProbeInfo",[],3],["cc.PostSettingsInfo",[],3],["cc.Camera",["_projection","_orthoHeight","_near","_visibility","node","_color"],-1,1,5]],[[5,0,1,1],[6,0,1,2,2],[6,1,2,1],[1,0,1,7,4,6,3],[13,0,1,2,3],[4,0,2,1,3,4,5,4],[2,0,1,2],[2,0,1,3,2,4,2],[7,0,1,5,2,3,4,6,7,8,9,10,11,12,13,14,15,16,17,18,7],[5,0,1],[4,0,1,3,4,5,3],[1,0,1,7,5,4,3],[1,0,1,5,4,3],[1,0,2,1,5,4,6,4],[1,0,1,4,6,3],[2,1],[3,0,1,2,3,4,6],[1,0,2,1,5,4,4],[1,0,2,1,7,4,6,4],[1,0,1,7,4,3],[2,0,1,3,2,5,2],[14,0,1,2,3,4,5,6,7,8,5],[7,0,1,2,3,4,6,7,8,9,10,11,12,13,14,15,16,17,18,6],[3,0,1,2,3,4,5,6],[8,0,2],[1,0,1,3,5,4,6,4],[1,0,1,5,4,6,3],[1,0,1,7,5,4,6,3],[9,0,1,2,3,2],[10,0,1,2,1],[11,0,1,1],[12,0,1,2,3,4],[2,0,1,3,7,2,5,6,4,2],[2,0,1,3,2,5,6,4,2],[2,0,1,3,2,5,6,2],[2,0,1,3,2,6,4,2],[2,0,1,2,4,2],[15,0,1,2],[3,0,1,2,3,5,5],[16,0,1,2],[17,0,1,2,3,4,5,6,1],[18,0,1,2],[19,0,1,2,2],[20,0,1,2,3,4,5,6,7,1],[21,0,1,1],[22,0,1,1],[23,1],[24,1],[25,1],[26,0,2],[27,1],[28,1],[29,0,1,2,3,4,5,5]],[[[{"name":"coche02_bloqueado","rect":{"x":0,"y":0,"width":258,"height":181},"offset":{"x":0,"y":0},"originalSize":{"width":258,"height":181},"rotated":false,"capInsets":[0,0,0,0],"vertices":{"rawPosition":[-129,-90.5,0,129,-90.5,0,-129,90.5,0,129,90.5,0],"indexes":[0,1,2,2,1,3],"uv":[0,181,258,181,0,0,258,0],"nuv":[0,0,1,0,0,1,1,1],"minPos":{"x":-129,"y":-90.5,"z":0},"maxPos":{"x":129,"y":90.5,"z":0}},"packable":true,"pixelsToUnit":100,"pivot":{"x":0.5,"y":0.5},"meshType":0}],[0],0,[0],[2],[23]],[[{"name":"amarilloPress","rect":{"x":0,"y":0,"width":26,"height":26},"offset":{"x":0,"y":0},"originalSize":{"width":26,"height":26},"rotated":false,"capInsets":[0,0,0,0],"vertices":{"rawPosition":[-13,-13,0,13,-13,0,-13,13,0,13,13,0],"indexes":[0,1,2,2,1,3],"uv":[0,26,26,26,0,0,26,0],"nuv":[0,0,1,0,0,1,1,1],"minPos":{"x":-13,"y":-13,"z":0},"maxPos":{"x":13,"y":13,"z":0}},"packable":true,"pixelsToUnit":100,"pivot":{"x":0.5,"y":0.5},"meshType":0}],[0],0,[0],[2],[24]],[[{"name":"azul","rect":{"x":0,"y":0,"width":26,"height":26},"offset":{"x":0,"y":0},"originalSize":{"width":26,"height":26},"rotated":false,"capInsets":[0,0,0,0],"vertices":{"rawPosition":[-13,-13,0,13,-13,0,-13,13,0,13,13,0],"indexes":[0,1,2,2,1,3],"uv":[0,26,26,26,0,0,26,0],"nuv":[0,0,1,0,0,1,1,1],"minPos":{"x":-13,"y":-13,"z":0},"maxPos":{"x":13,"y":13,"z":0}},"packable":true,"pixelsToUnit":100,"pivot":{"x":0.5,"y":0.5},"meshType":0}],[0],0,[0],[2],[25]],[[{"name":"naranjaPress","rect":{"x":0,"y":0,"width":26,"height":26},"offset":{"x":0,"y":0},"originalSize":{"width":26,"height":26},"rotated":false,"capInsets":[0,0,0,0],"vertices":{"rawPosition":[-13,-13,0,13,-13,0,-13,13,0,13,13,0],"indexes":[0,1,2,2,1,3],"uv":[0,26,26,26,0,0,26,0],"nuv":[0,0,1,0,0,1,1,1],"minPos":{"x":-13,"y":-13,"z":0},"maxPos":{"x":13,"y":13,"z":0}},"packable":true,"pixelsToUnit":100,"pivot":{"x":0.5,"y":0.5},"meshType":0}],[0],0,[0],[2],[26]],[[{"name":"Juego_Pase Fondo","rect":{"x":0,"y":0,"width":640,"height":960},"offset":{"x":0,"y":0},"originalSize":{"width":640,"height":960},"rotated":false,"capInsets":[0,0,0,0],"vertices":{"rawPosition":[-320,-480,0,320,-480,0,-320,480,0,320,480,0],"indexes":[0,1,2,2,1,3],"uv":[0,960,640,960,0,0,640,0],"nuv":[0,0,1,0,0,1,1,1],"minPos":{"x":-320,"y":-480,"z":0},"maxPos":{"x":320,"y":480,"z":0}},"packable":true,"pixelsToUnit":100,"pivot":{"x":0.5,"y":0.5},"meshType":0}],[0],0,[0],[2],[27]],[[{"name":"CompraTarjeta_Press","rect":{"x":0,"y":0,"width":194,"height":62},"offset":{"x":0,"y":0.5},"originalSize":{"width":194,"height":63},"rotated":false,"capInsets":[0,0,0,0],"vertices":{"rawPosition":[-97,-31,0,97,-31,0,-97,31,0,97,31,0],"indexes":[0,1,2,2,1,3],"uv":[0,63,194,63,0,1,194,1],"nuv":[0,0.015873015873015872,1,0.015873015873015872,0,1,1,1],"minPos":{"x":-97,"y":-31,"z":0},"maxPos":{"x":97,"y":31,"z":0}},"packable":true,"pixelsToUnit":100,"pivot":{"x":0.5,"y":0.5},"meshType":0}],[0],0,[0],[2],[28]],[[{"name":"coche03_naranja","rect":{"x":0,"y":0,"width":264,"height":208},"offset":{"x":0,"y":0},"originalSize":{"width":264,"height":208},"rotated":false,"capInsets":[0,0,0,0],"vertices":{"rawPosition":[-132,-104,0,132,-104,0,-132,104,0,132,104,0],"indexes":[0,1,2,2,1,3],"uv":[0,208,264,208,0,0,264,0],"nuv":[0,0,1,0,0,1,1,1],"minPos":{"x":-132,"y":-104,"z":0},"maxPos":{"x":132,"y":104,"z":0}},"packable":true,"pixelsToUnit":100,"pivot":{"x":0.5,"y":0.5},"meshType":0}],[0],0,[0],[2],[29]],[[[24,"Skins"],[12,"Botones",33554432,[-2,-3],[[9,-1]]],[13,"CompraColorModelo02",false,33554432,[-6,-7,-8,-9,-10,-11,-12,-13],[[0,-4,[5,380,439]],[1,2,-5,26]],[1,0,70.192,0]],[13,"CompraColorModelo03",false,33554432,[-16,-17,-18,-19,-20,-21,-22,-23],[[0,-14,[5,380,439]],[1,2,-15,78]],[1,0,70.192,0]],[13,"CompraColorModelo01",false,33554432,[-26,-27,-28,-29,-30,-31,-32,-33],[[0,-24,[5,380,439]],[1,2,-25,120]],[1,0,70.192,0]],[12,"Fondo",33554432,[-42,-43,-44,-45,-46,1,4,2,3],[[0,-34,[5,640,960]],[2,-35,121],[29,-41,[-39,-40],[-36,-37,-38]]]],[25,"Canvas",33554432,"beI88Z2HpFELqR4T5EMHpg",[-51,-52,-53,5,-54],[[0,-47,[5,640,960]],[30,-49,-48],[31,45,5.684341886080802e-14,5.684341886080802e-14,-50]],[1,320,480.00000000000006,0]],[14,"coche",33554432,[[0,-55,[5,258,181]],[2,-56,15]],[1,0,117.35399999999998,0]],[17,"colores",false,33554432,[-58,-59,-60,-61,-62],[[9,-57]]],[3,"modelo",33554432,2,[[0,-63,[5,226,174]],[1,2,-64,19]],[1,0,63.507,0]],[14,"coche",33554432,[[0,-65,[5,264,208]],[2,-66,67]],[1,0,117.35399999999998,0]],[17,"colores",false,33554432,[-68,-69,-70,-71,-72],[[9,-67]]],[3,"modelo",33554432,3,[[0,-73,[5,226,174]],[1,2,-74,71]],[1,0,63.507,0]],[26,"boton",33554432,[-82],[[0,-75,[5,210,61]],[1,0,-76,106],[32,2,-79,[[4,"0f1e0jO4sJJi5E0BTW8tJC1","Compra",-78]],-77,107,108,109,110],[21,false,200,"mod03_am",2,-81,-80,11,111,112]],[1,0,-25.491,0]],[3,"modelo",33554432,4,[[0,-83,[5,226,174]],[1,2,-84,113]],[1,0,63.507,0]],[14,"coche",33554432,[[0,-85,[5,225,174]],[2,-86,122]],[1,0,117.35399999999998,0]],[11,"Modelo02",33554432,5,[7,8,-88],[[9,-87]]],[27,"boton",33554432,16,[-95],[[0,-89,[5,210,61]],[1,0,-90,60],[33,2,-92,[[4,"0f1e0jO4sJJi5E0BTW8tJC1","Compra",-91]],61,62,63,64],[21,false,150,"mod02_am",1,-94,-93,8,65,66]],[1,0,-25.491,0]],[11,"Modelo03",33554432,5,[10,11,13],[[9,-96]]],[12,"colores",33554432,[-98,-99,-100,-101,-102],[[9,-97]]],[11,"Modelo01",33554432,5,[15,19],[[9,-103]]],[3,"BotonSiguiente",33554432,5,[[0,-104,[5,431,167]],[2,-105,10],[34,2,-107,[[4,"f10e4d48NlI86cau3vPmsso","cambio",-106]],11,12,13],[37,"Juego",-108]],[1,2,-267.686,0]],[3,"amarillo",33554432,8,[[0,-109,[5,26,26]],[2,-110,16],[7,2,-112,[[4,"bce88kC5IBFVJf3dPsvg9pA","Seleccion",-111]],17,18],[8,10,0,1,"amarillo","mod02_am",true,-116,2,-115,9,7,-114,-113,1,[4,4279809931],[4,4294967295],27,28,35]],[1,-112,-40,0]],[15],[16,"100",45,45,45,true],[3,"azul",33554432,8,[[0,-117,[5,26,26]],[2,-118,36],[7,2,-120,[[4,"bce88kC5IBFVJf3dPsvg9pA","Seleccion",-119]],37,38],[8,15,1,1,"azul","mod02_a",true,-122,2,24,9,7,-121,23,1,[4,4279809931],[4,4294967295],39,40,41]],[1,-56,-40,0]],[3,"verde",33554432,8,[[0,-123,[5,26,26]],[2,-124,42],[7,2,-126,[[4,"bce88kC5IBFVJf3dPsvg9pA","Seleccion",-125]],43,44],[22,20,2,"verde","mod02_v",true,-128,2,24,9,7,-127,23,1,[4,4279809931],[4,4294967295],45,46,47]],[1,0,-40,0]],[3,"rojo",33554432,8,[[0,-129,[5,26,26]],[2,-130,48],[7,2,-132,[[4,"bce88kC5IBFVJf3dPsvg9pA","Seleccion",-131]],49,50],[22,25,3,"rojo","mod02_r",true,-134,2,24,9,7,-133,23,1,[4,4279809931],[4,4294967295],51,52,53]],[1,56,-40,0]],[3,"naranja",33554432,8,[[0,-135,[5,26,26]],[2,-136,54],[7,2,-138,[[4,"bce88kC5IBFVJf3dPsvg9pA","Seleccion",-137]],55,56],[8,30,4,1,"naranja","mod02_n",true,-140,2,24,9,7,-139,23,1,[4,4279809931],[4,4294967295],57,58,59]],[1,112,-40,0]],[3,"amarillo",33554432,11,[[0,-141,[5,26,26]],[2,-142,68],[7,2,-144,[[4,"bce88kC5IBFVJf3dPsvg9pA","Seleccion",-143]],69,70],[8,15,0,2,"amarillo","mod03_am",true,-148,3,-147,12,10,-146,-145,1,[4,4279809931],[4,4294967295],79,80,81]],[1,-112,-40,0]],[15],[16,"100",45,45,45,true],[3,"azul",33554432,11,[[0,-149,[5,26,26]],[2,-150,82],[7,2,-152,[[4,"bce88kC5IBFVJf3dPsvg9pA","Seleccion",-151]],83,84],[8,25,1,2,"azul","mod03_a",true,-154,3,31,12,10,-153,30,1,[4,4279809931],[4,4294967295],85,86,87]],[1,-56,-40,0]],[3,"verde",33554432,11,[[0,-155,[5,26,26]],[2,-156,88],[7,2,-158,[[4,"bce88kC5IBFVJf3dPsvg9pA","Seleccion",-157]],89,90],[8,35,2,2,"verde","mod03_v",true,-160,3,31,12,10,-159,30,1,[4,4279809931],[4,4294967295],91,92,93]],[1,0,-40,0]],[3,"rojo",33554432,11,[[0,-161,[5,26,26]],[2,-162,94],[7,2,-164,[[4,"bce88kC5IBFVJf3dPsvg9pA","Seleccion",-163]],95,96],[8,45,3,2,"rojo","mod03_r",true,-166,3,31,12,10,-165,30,1,[4,4279809931],[4,4294967295],97,98,99]],[1,56,-40,0]],[15],[16,"100",45,45,45,true],[3,"amarillo",33554432,19,[[0,-167,[5,26,26]],[2,-168,123],[35,2,-170,[[4,"bce88kC5IBFVJf3dPsvg9pA","Seleccion",-169]],124,125,126],[8,25,0,0,"amarillo","mod01_am",true,-172,4,36,14,15,-171,35,1,[4,4279809931],[4,4294967295],127,128,129]],[1,-112,-40,0]],[3,"azul",33554432,19,[[0,-173,[5,26,26]],[2,-174,130],[7,2,-176,[[4,"bce88kC5IBFVJf3dPsvg9pA","Seleccion",-175]],131,132],[8,5,1,0,"azul","mod01_a",true,-178,4,36,14,15,-177,35,1,[4,4279809931],[4,4294967295],133,134,135]],[1,-56,-40,0]],[3,"verde",33554432,19,[[0,-179,[5,26,26]],[2,-180,136],[7,2,-182,[[4,"bce88kC5IBFVJf3dPsvg9pA","Seleccion",-181]],137,138],[8,10,2,0,"verde","mod01_v",true,-184,4,36,14,15,-183,35,1,[4,4279809931],[4,4294967295],139,140,141]],[1,0,-40,0]],[3,"rojo",33554432,19,[[0,-185,[5,26,26]],[2,-186,142],[7,2,-188,[[4,"bce88kC5IBFVJf3dPsvg9pA","Seleccion",-187]],143,144],[8,15,3,0,"rojo","mod01_r",true,-190,4,36,14,15,-189,35,1,[4,4279809931],[4,4294967295],145,146,147]],[1,56,-40,0]],[3,"naranja",33554432,19,[[0,-191,[5,26,26]],[2,-192,148],[7,2,-194,[[4,"bce88kC5IBFVJf3dPsvg9pA","Seleccion",-193]],149,150],[8,20,4,0,"naranja","mod01_n",true,-196,4,36,14,15,-195,35,1,[4,4279809931],[4,4294967295],151,152,153]],[1,112,-40,0]],[18,"BotonIzq",false,33554432,1,[[0,-197,[5,35,48]],[1,0,-198,29],[20,2,-199,[[4,"2fb3ccjwp1K841YYN772kVD","back",5]],30,31]],[1,-221,69.99999999999994,0]],[3,"BotonDer",33554432,1,[[0,-200,[5,35,48]],[1,0,-201,32],[20,2,-202,[[4,"2fb3ccjwp1K841YYN772kVD","next",5]],33,34]],[1,221,69.99999999999994,0]],[3,"naranja",33554432,11,[[0,-203,[5,26,26]],[2,-204,100],[36,2,-205,101,102],[8,50,4,2,"naranja","mod03_n",true,-207,3,31,12,10,-206,30,1,[4,4279809931],[4,4294967295],103,104,105]],[1,112,-40,0]],[19,"ManagerGeneral",33554432,6,[[9,-208],[39,20,-209],[40,-210,[0,1],[2,3],[4,5],[6,7],[8,9],[20,16,18]]]],[5,"btn01",false,33554432,2,[[[0,-211,[5,210,61]],[1,2,-212,20],-213],4,4,1],[1,0,-95.68299999999994,0]],[5,"btn02",false,33554432,2,[[[0,-214,[5,210,61]],[1,2,-215,21],-216],4,4,1],[1,0,-95.68299999999994,0]],[5,"btn03",false,33554432,2,[[[0,-217,[5,210,61]],[1,2,-218,22],-219],4,4,1],[1,0,-95.68299999999994,0]],[5,"btn04",false,33554432,2,[[[0,-220,[5,210,61]],[1,2,-221,23],-222],4,4,1],[1,0,-95.68299999999994,0]],[5,"btn05",false,33554432,2,[[[0,-223,[5,210,61]],[1,2,-224,24],-225],4,4,1],[1,0,-95.68299999999994,0]],[10,"cerrar",33554432,2,[[[0,-226,[5,72,75]],[2,-227,25],23],4,4,1],[1,168.385,201.031,0]],[5,"btn01",false,33554432,3,[[[0,-228,[5,210,61]],[1,2,-229,72],-230],4,4,1],[1,0,-95.68299999999994,0]],[5,"btn02",false,33554432,3,[[[0,-231,[5,210,61]],[1,2,-232,73],-233],4,4,1],[1,0,-95.68299999999994,0]],[5,"btn03",false,33554432,3,[[[0,-234,[5,210,61]],[1,2,-235,74],-236],4,4,1],[1,0,-95.68299999999994,0]],[5,"btn04",false,33554432,3,[[[0,-237,[5,210,61]],[1,2,-238,75],-239],4,4,1],[1,0,-95.68299999999994,0]],[5,"btn05",false,33554432,3,[[[0,-240,[5,210,61]],[1,2,-241,76],-242],4,4,1],[1,0,-95.68299999999994,0]],[10,"cerrar",33554432,3,[[[0,-243,[5,72,75]],[2,-244,77],30],4,4,1],[1,168.385,201.031,0]],[5,"btn01",false,33554432,4,[[[0,-245,[5,210,61]],[1,2,-246,114],-247],4,4,1],[1,0,-95.68299999999994,0]],[5,"btn02",false,33554432,4,[[[0,-248,[5,210,61]],[1,0,-249,115],-250],4,4,1],[1,0,-95.68299999999994,0]],[5,"btn03",false,33554432,4,[[[0,-251,[5,210,61]],[1,2,-252,116],-253],4,4,1],[1,0,-95.68299999999994,0]],[5,"btn04",false,33554432,4,[[[0,-254,[5,210,61]],[1,2,-255,117],-256],4,4,1],[1,0,-95.68299999999994,0]],[5,"btn05",false,33554432,4,[[[0,-257,[5,210,61]],[1,2,-258,118],-259],4,4,1],[1,0,-95.68299999999994,0]],[10,"cerrar",33554432,4,[[[0,-260,[5,72,75]],[2,-261,119],35],4,4,1],[1,168.385,201.031,0]],[18,"cantidad",false,33554432,6,[[0,-262,[5,33.369140625,126]],[38,"0",60,60,100,-263],[41,null,-264]],[1,0,320.384,0]],[3,"Cuadro",33554432,5,[[0,-265,[5,380,391]],[2,-266,14]],[1,0,69.955,0]],[10,"Texto",33554432,2,[[[0,-267,[5,75.08056640625,56.7]],24],4,1],[1,21.360000000000014,-94.47599999999994,0]],[10,"Texto",33554432,17,[[[0,-268,[5,75.08056640625,56.7]],-269],4,1],[1,21.36,1.207,0]],[10,"Texto",33554432,3,[[[0,-270,[5,75.08056640625,56.7]],31],4,1],[1,21.360000000000014,-94.47599999999994,0]],[10,"Texto",33554432,13,[[[0,-271,[5,75.08056640625,56.7]],-272],4,1],[1,21.36,1.207,0]],[10,"Texto",33554432,4,[[[0,-273,[5,75.08056640625,56.7]],36],4,1],[1,21.360000000000014,-94.47599999999994,0]],[11,"paredes",33554432,6,[-275],[[9,-274]]],[19,"limite01",33554432,71,[[0,-276,[5,1418,1092]],[2,-277,154]]],[42,"Skins",[6],[43,[44,[2,0,0,0,0.520833125],[2,0,0,0,0]],[45,[4,4283190348],[0,512,512]],[46],[47],[48],[49,false],[50],[51]]],[28,"Camera",6,[-278],[1,0,0,1000]],[52,0,480,0,1108344832,74,[4,4278190080]],[6,2,46],[6,2,47],[6,2,48],[6,2,49],[6,2,50],[23,"100",45,45,45,true,67],[6,2,52],[6,2,53],[6,2,54],[6,2,55],[6,2,56],[23,"100",45,45,45,true,69],[6,2,58],[6,2,59],[6,2,60],[6,2,61],[6,2,62]],0,[0,0,1,0,-1,42,0,-2,43,0,0,2,0,0,2,0,-1,9,0,-2,46,0,-3,47,0,-4,48,0,-5,49,0,-6,50,0,-7,51,0,-8,66,0,0,3,0,0,3,0,-1,12,0,-2,52,0,-3,53,0,-4,54,0,-5,55,0,-6,56,0,-7,57,0,-8,68,0,0,4,0,0,4,0,-1,14,0,-2,58,0,-3,59,0,-4,60,0,-5,61,0,-6,62,0,-7,63,0,-8,70,0,0,5,0,0,5,0,-1,20,0,-2,16,0,-3,18,0,-1,43,0,-2,42,0,0,5,0,-1,21,0,-2,65,0,-3,20,0,-4,16,0,-5,18,0,0,6,0,18,75,0,0,6,0,0,6,0,-1,74,0,-2,45,0,-3,71,0,-5,64,0,0,7,0,0,7,0,0,8,0,-1,22,0,-2,25,0,-3,26,0,-4,27,0,-5,28,0,0,9,0,0,9,0,0,10,0,0,10,0,0,11,0,-1,29,0,-2,32,0,-3,33,0,-4,34,0,-5,44,0,0,12,0,0,12,0,0,13,0,0,13,0,19,13,0,7,13,0,0,13,0,13,87,0,0,13,0,-1,69,0,0,14,0,0,14,0,0,15,0,0,15,0,0,16,0,-3,17,0,0,17,0,0,17,0,7,17,0,0,17,0,13,81,0,0,17,0,-1,67,0,0,18,0,0,19,0,-1,37,0,-2,38,0,-3,39,0,-4,40,0,-5,41,0,0,20,0,0,21,0,0,21,0,7,21,0,0,21,0,0,21,0,0,22,0,0,22,0,7,22,0,0,22,0,14,23,0,8,76,0,15,24,0,0,22,0,0,25,0,0,25,0,7,25,0,0,25,0,8,77,0,0,25,0,0,26,0,0,26,0,7,26,0,0,26,0,8,78,0,0,26,0,0,27,0,0,27,0,7,27,0,0,27,0,8,79,0,0,27,0,0,28,0,0,28,0,7,28,0,0,28,0,8,80,0,0,28,0,0,29,0,0,29,0,7,29,0,0,29,0,14,30,0,8,82,0,15,31,0,0,29,0,0,32,0,0,32,0,7,32,0,0,32,0,8,83,0,0,32,0,0,33,0,0,33,0,7,33,0,0,33,0,8,84,0,0,33,0,0,34,0,0,34,0,7,34,0,0,34,0,8,85,0,0,34,0,0,37,0,0,37,0,7,37,0,0,37,0,8,88,0,0,37,0,0,38,0,0,38,0,7,38,0,0,38,0,8,89,0,0,38,0,0,39,0,0,39,0,7,39,0,0,39,0,8,90,0,0,39,0,0,40,0,0,40,0,7,40,0,0,40,0,8,91,0,0,40,0,0,41,0,0,41,0,7,41,0,0,41,0,8,92,0,0,41,0,0,42,0,0,42,0,0,42,0,0,43,0,0,43,0,0,43,0,0,44,0,0,44,0,0,44,0,8,86,0,0,44,0,0,45,0,0,45,0,0,45,0,0,46,0,0,46,0,-3,76,0,0,47,0,0,47,0,-3,77,0,0,48,0,0,48,0,-3,78,0,0,49,0,0,49,0,-3,79,0,0,50,0,0,50,0,-3,80,0,0,51,0,0,51,0,0,52,0,0,52,0,-3,82,0,0,53,0,0,53,0,-3,83,0,0,54,0,0,54,0,-3,84,0,0,55,0,0,55,0,-3,85,0,0,56,0,0,56,0,-3,86,0,0,57,0,0,57,0,0,58,0,0,58,0,-3,88,0,0,59,0,0,59,0,-3,89,0,0,60,0,0,60,0,-3,90,0,0,61,0,0,61,0,-3,91,0,0,62,0,0,62,0,-3,92,0,0,63,0,0,63,0,0,64,0,0,64,0,0,64,0,0,65,0,0,65,0,0,66,0,0,67,0,-2,81,0,0,68,0,0,69,0,-2,87,0,0,70,0,0,71,0,-1,72,0,0,72,0,0,72,0,-1,75,0,20,73,1,12,5,2,12,5,3,12,5,4,12,5,5,12,6,6,12,73,7,12,16,8,12,16,10,12,18,11,12,18,13,12,18,15,12,20,19,12,20,23,0,51,24,0,66,30,0,57,31,0,68,35,0,63,36,0,70,278],[0,0,0,0,0,0,0,0,0,0,0,0,0,0,0,0,0,0,0,0,0,0,0,0,0,0,0,0,0,0,0,0,0,0,0,0,0,0,0,0,0,0,0,0,0,0,0,0,0,0,0,0,0,0,0,0,0,0,0,0,0,0,0,0,0,0,0,0,0,0,0,0,0,0,0,0,0,0,0,0,0,0,0,0,0,0,0,0,0,0,0,0,0,0,0,0,0,0,0,0,0,0,0,0,0,0,0,0,0,0,0,0,0,0,0,0,0,0,0,0,0,0,0,0,0,0,0,0,0,0,0,0,0,0,0,0,0,0,0,0,0,0,0,0,0,0,0,0,0,0,0,0,0,0,0,76,76,76,76,77,77,77,77,78,78,78,78,79,79,79,79,80,80,80,80,82,82,82,82,83,83,83,83,84,84,84,84,85,85,85,85,86,86,86,86,88,88,88,88,89,89,89,89,90,90,90,90,91,91,91,91,92,92,92,92],[-1,-2,-1,-2,-1,-2,-1,-2,-1,-2,1,3,5,6,1,1,1,3,4,1,1,1,1,1,1,1,1,9,10,1,3,5,1,3,5,11,1,3,4,9,10,11,1,3,4,9,10,11,1,3,4,9,10,11,1,3,4,9,10,11,1,3,5,6,4,16,17,1,1,3,4,1,1,1,1,1,1,1,1,9,10,11,1,3,4,9,10,11,1,3,4,9,10,11,1,3,4,9,10,11,1,3,4,9,10,11,1,3,5,6,4,16,17,1,1,1,1,1,1,1,1,1,1,1,3,6,4,9,10,11,1,3,4,9,10,11,1,3,4,9,10,11,1,3,4,9,10,11,1,3,4,9,10,11,1,3,5,6,4,3,5,6,4,3,5,6,4,3,5,6,4,3,5,6,4,3,5,6,4,3,5,6,4,3,5,6,4,3,5,6,4,3,5,6,4,3,5,6,4,3,5,6,4,3,5,6,4,3,5,6,4,3,5,6,4],[5,4,6,7,8,9,10,11,12,13,17,17,30,31,32,33,0,0,0,14,1,1,1,1,1,15,16,4,18,19,19,34,20,20,35,5,0,0,0,7,36,6,0,0,0,9,37,8,0,0,0,11,38,10,0,0,0,13,39,12,1,1,2,2,3,4,18,40,0,0,0,14,1,1,1,1,1,15,16,4,21,5,0,0,0,7,41,6,0,0,0,9,42,8,0,0,0,11,43,10,0,0,0,13,44,12,1,1,2,2,3,4,21,14,1,1,1,1,1,15,16,45,22,5,5,4,0,4,22,5,0,0,0,7,14,6,0,0,0,9,46,8,0,0,0,11,47,10,0,0,0,13,48,12,49,1,2,2,3,1,2,2,3,1,2,2,3,1,2,2,3,1,2,2,3,1,2,2,3,1,2,2,3,1,2,2,3,1,2,2,3,1,2,2,3,1,2,2,3,1,2,2,3,1,2,2,3,1,2,2,3,1,2,2,3]],[[{"name":"coche03_verda","rect":{"x":0,"y":0,"width":264,"height":208},"offset":{"x":0,"y":0},"originalSize":{"width":264,"height":208},"rotated":false,"capInsets":[0,0,0,0],"vertices":{"rawPosition":[-132,-104,0,132,-104,0,-132,104,0,132,104,0],"indexes":[0,1,2,2,1,3],"uv":[0,208,264,208,0,0,264,0],"nuv":[0,0,1,0,0,1,1,1],"minPos":{"x":-132,"y":-104,"z":0},"maxPos":{"x":132,"y":104,"z":0}},"packable":true,"pixelsToUnit":100,"pivot":{"x":0.5,"y":0.5},"meshType":0}],[0],0,[0],[2],[50]],[[{"name":"coche01_rojo","rect":{"x":0,"y":0,"width":225,"height":174},"offset":{"x":0,"y":0},"originalSize":{"width":225,"height":174},"rotated":false,"capInsets":[0,0,0,0],"vertices":{"rawPosition":[-112.5,-87,0,112.5,-87,0,-112.5,87,0,112.5,87,0],"indexes":[0,1,2,2,1,3],"uv":[0,174,225,174,0,0,225,0],"nuv":[0,0,1,0,0,1,1,1],"minPos":{"x":-112.5,"y":-87,"z":0},"maxPos":{"x":112.5,"y":87,"z":0}},"packable":true,"pixelsToUnit":100,"pivot":{"x":0.5,"y":0.5},"meshType":0}],[0],0,[0],[2],[51]],[[{"name":"cerrar","rect":{"x":0,"y":0,"width":72,"height":75},"offset":{"x":0,"y":0},"originalSize":{"width":72,"height":75},"rotated":false,"capInsets":[0,0,0,0],"vertices":{"rawPosition":[-36,-37.5,0,36,-37.5,0,-36,37.5,0,36,37.5,0],"indexes":[0,1,2,2,1,3],"uv":[0,75,72,75,0,0,72,0],"nuv":[0,0,1,0,0,1,1,1],"minPos":{"x":-36,"y":-37.5,"z":0},"maxPos":{"x":36,"y":37.5,"z":0}},"packable":true,"pixelsToUnit":100,"pivot":{"x":0.5,"y":0.5},"meshType":0}],[0],0,[0],[2],[52]],[[{"name":"cuadro2","rect":{"x":0,"y":0,"width":380,"height":439},"offset":{"x":0,"y":0},"originalSize":{"width":380,"height":439},"rotated":false,"capInsets":[0,0,0,0],"vertices":{"rawPosition":[-190,-219.5,0,190,-219.5,0,-190,219.5,0,190,219.5,0],"indexes":[0,1,2,2,1,3],"uv":[0,439,380,439,0,0,380,0],"nuv":[0,0,1,0,0,1,1,1],"minPos":{"x":-190,"y":-219.5,"z":0},"maxPos":{"x":190,"y":219.5,"z":0}},"packable":true,"pixelsToUnit":100,"pivot":{"x":0.5,"y":0.5},"meshType":0}],[0],0,[0],[2],[53]],[[{"name":"verdePress","rect":{"x":0,"y":0,"width":26,"height":26},"offset":{"x":0,"y":0},"originalSize":{"width":26,"height":26},"rotated":false,"capInsets":[0,0,0,0],"vertices":{"rawPosition":[-13,-13,0,13,-13,0,-13,13,0,13,13,0],"indexes":[0,1,2,2,1,3],"uv":[0,26,26,26,0,0,26,0],"nuv":[0,0,1,0,0,1,1,1],"minPos":{"x":-13,"y":-13,"z":0},"maxPos":{"x":13,"y":13,"z":0}},"packable":true,"pixelsToUnit":100,"pivot":{"x":0.5,"y":0.5},"meshType":0}],[0],0,[0],[2],[54]],[[{"name":"coche01_azul","rect":{"x":0,"y":0,"width":226,"height":174},"offset":{"x":0,"y":0},"originalSize":{"width":226,"height":174},"rotated":false,"capInsets":[0,0,0,0],"vertices":{"rawPosition":[-113,-87,0,113,-87,0,-113,87,0,113,87,0],"indexes":[0,1,2,2,1,3],"uv":[0,174,226,174,0,0,226,0],"nuv":[0,0,1,0,0,1,1,1],"minPos":{"x":-113,"y":-87,"z":0},"maxPos":{"x":113,"y":87,"z":0}},"packable":true,"pixelsToUnit":100,"pivot":{"x":0.5,"y":0.5},"meshType":0}],[0],0,[0],[2],[55]],[[{"name":"CompraTarjeta","rect":{"x":0,"y":0,"width":186,"height":54},"offset":{"x":0,"y":0.5},"originalSize":{"width":186,"height":55},"rotated":false,"capInsets":[0,0,0,0],"vertices":{"rawPosition":[-93,-27,0,93,-27,0,-93,27,0,93,27,0],"indexes":[0,1,2,2,1,3],"uv":[0,55,186,55,0,1,186,1],"nuv":[0,0.01818181818181818,1,0.01818181818181818,0,1,1,1],"minPos":{"x":-93,"y":-27,"z":0},"maxPos":{"x":93,"y":27,"z":0}},"packable":true,"pixelsToUnit":100,"pivot":{"x":0.5,"y":0.5},"meshType":0}],[0],0,[0],[2],[56]],[[{"name":"naranja","rect":{"x":0,"y":0,"width":26,"height":26},"offset":{"x":0,"y":0},"originalSize":{"width":26,"height":26},"rotated":false,"capInsets":[0,0,0,0],"vertices":{"rawPosition":[-13,-13,0,13,-13,0,-13,13,0,13,13,0],"indexes":[0,1,2,2,1,3],"uv":[0,26,26,26,0,0,26,0],"nuv":[0,0,1,0,0,1,1,1],"minPos":{"x":-13,"y":-13,"z":0},"maxPos":{"x":13,"y":13,"z":0}},"packable":true,"pixelsToUnit":100,"pivot":{"x":0.5,"y":0.5},"meshType":0}],[0],0,[0],[2],[57]],[[{"name":"coche03_bloqueado","rect":{"x":0,"y":0,"width":264,"height":208},"offset":{"x":0,"y":0},"originalSize":{"width":264,"height":208},"rotated":false,"capInsets":[0,0,0,0],"vertices":{"rawPosition":[-132,-104,0,132,-104,0,-132,104,0,132,104,0],"indexes":[0,1,2,2,1,3],"uv":[0,208,264,208,0,0,264,0],"nuv":[0,0,1,0,0,1,1,1],"minPos":{"x":-132,"y":-104,"z":0},"maxPos":{"x":132,"y":104,"z":0}},"packable":true,"pixelsToUnit":100,"pivot":{"x":0.5,"y":0.5},"meshType":0}],[0],0,[0],[2],[58]],[[{"name":"bloqueado","rect":{"x":0,"y":0,"width":26,"height":26},"offset":{"x":0,"y":0},"originalSize":{"width":26,"height":26},"rotated":false,"capInsets":[0,0,0,0],"vertices":{"rawPosition":[-13,-13,0,13,-13,0,-13,13,0,13,13,0],"indexes":[0,1,2,2,1,3],"uv":[0,26,26,26,0,0,26,0],"nuv":[0,0,1,0,0,1,1,1],"minPos":{"x":-13,"y":-13,"z":0},"maxPos":{"x":13,"y":13,"z":0}},"packable":true,"pixelsToUnit":100,"pivot":{"x":0.5,"y":0.5},"meshType":0}],[0],0,[0],[2],[59]],[[{"name":"coche01_naranja","rect":{"x":0,"y":0,"width":225,"height":174},"offset":{"x":0,"y":0},"originalSize":{"width":225,"height":174},"rotated":false,"capInsets":[0,0,0,0],"vertices":{"rawPosition":[-112.5,-87,0,112.5,-87,0,-112.5,87,0,112.5,87,0],"indexes":[0,1,2,2,1,3],"uv":[0,174,225,174,0,0,225,0],"nuv":[0,0,1,0,0,1,1,1],"minPos":{"x":-112.5,"y":-87,"z":0},"maxPos":{"x":112.5,"y":87,"z":0}},"packable":true,"pixelsToUnit":100,"pivot":{"x":0.5,"y":0.5},"meshType":0}],[0],0,[0],[2],[60]],[[{"name":"coche02_naranja","rect":{"x":0,"y":0,"width":258,"height":181},"offset":{"x":0,"y":0},"originalSize":{"width":258,"height":181},"rotated":false,"capInsets":[0,0,0,0],"vertices":{"rawPosition":[-129,-90.5,0,129,-90.5,0,-129,90.5,0,129,90.5,0],"indexes":[0,1,2,2,1,3],"uv":[0,181,258,181,0,0,258,0],"nuv":[0,0,1,0,0,1,1,1],"minPos":{"x":-129,"y":-90.5,"z":0},"maxPos":{"x":129,"y":90.5,"z":0}},"packable":true,"pixelsToUnit":100,"pivot":{"x":0.5,"y":0.5},"meshType":0}],[0],0,[0],[2],[61]],[[{"name":"coche02_verde","rect":{"x":0,"y":0,"width":258,"height":181},"offset":{"x":0,"y":0},"originalSize":{"width":258,"height":181},"rotated":false,"capInsets":[0,0,0,0],"vertices":{"rawPosition":[-129,-90.5,0,129,-90.5,0,-129,90.5,0,129,90.5,0],"indexes":[0,1,2,2,1,3],"uv":[0,181,258,181,0,0,258,0],"nuv":[0,0,1,0,0,1,1,1],"minPos":{"x":-129,"y":-90.5,"z":0},"maxPos":{"x":129,"y":90.5,"z":0}},"packable":true,"pixelsToUnit":100,"pivot":{"x":0.5,"y":0.5},"meshType":0}],[0],0,[0],[2],[62]],[[{"name":"coche02_azul","rect":{"x":0,"y":0,"width":258,"height":181},"offset":{"x":0,"y":0},"originalSize":{"width":258,"height":181},"rotated":false,"capInsets":[0,0,0,0],"vertices":{"rawPosition":[-129,-90.5,0,129,-90.5,0,-129,90.5,0,129,90.5,0],"indexes":[0,1,2,2,1,3],"uv":[0,181,258,181,0,0,258,0],"nuv":[0,0,1,0,0,1,1,1],"minPos":{"x":-129,"y":-90.5,"z":0},"maxPos":{"x":129,"y":90.5,"z":0}},"packable":true,"pixelsToUnit":100,"pivot":{"x":0.5,"y":0.5},"meshType":0}],[0],0,[0],[2],[63]],[[{"name":"BotonPress_Next","rect":{"x":0,"y":0,"width":431,"height":156},"offset":{"x":0,"y":5.5},"originalSize":{"width":431,"height":167},"rotated":false,"capInsets":[0,0,0,0],"vertices":{"rawPosition":[-215.5,-78,0,215.5,-78,0,-215.5,78,0,215.5,78,0],"indexes":[0,1,2,2,1,3],"uv":[0,167,431,167,0,11,431,11],"nuv":[0,0.0658682634730539,1,0.0658682634730539,0,1,1,1],"minPos":{"x":-215.5,"y":-78,"z":0},"maxPos":{"x":215.5,"y":78,"z":0}},"packable":true,"pixelsToUnit":100,"pivot":{"x":0.5,"y":0.5},"meshType":0}],[0],0,[0],[2],[64]],[[{"name":"Cuadro","rect":{"x":0,"y":0,"width":380,"height":391},"offset":{"x":0,"y":0},"originalSize":{"width":380,"height":391},"rotated":false,"capInsets":[0,0,0,0],"vertices":{"rawPosition":[-190,-195.5,0,190,-195.5,0,-190,195.5,0,190,195.5,0],"indexes":[0,1,2,2,1,3],"uv":[0,391,380,391,0,0,380,0],"nuv":[0,0,1,0,0,1,1,1],"minPos":{"x":-190,"y":-195.5,"z":0},"maxPos":{"x":190,"y":195.5,"z":0}},"packable":true,"pixelsToUnit":100,"pivot":{"x":0.5,"y":0.5},"meshType":0}],[0],0,[0],[2],[65]],[[{"name":"coche01_amarillo","rect":{"x":0,"y":0,"width":225,"height":174},"offset":{"x":0,"y":0},"originalSize":{"width":225,"height":174},"rotated":false,"capInsets":[0,0,0,0],"vertices":{"rawPosition":[-112.5,-87,0,112.5,-87,0,-112.5,87,0,112.5,87,0],"indexes":[0,1,2,2,1,3],"uv":[0,174,225,174,0,0,225,0],"nuv":[0,0,1,0,0,1,1,1],"minPos":{"x":-112.5,"y":-87,"z":0},"maxPos":{"x":112.5,"y":87,"z":0}},"packable":true,"pixelsToUnit":100,"pivot":{"x":0.5,"y":0.5},"meshType":0}],[0],0,[0],[2],[66]],[[{"name":"azulPress","rect":{"x":0,"y":0,"width":26,"height":26},"offset":{"x":0,"y":0},"originalSize":{"width":26,"height":26},"rotated":false,"capInsets":[0,0,0,0],"vertices":{"rawPosition":[-13,-13,0,13,-13,0,-13,13,0,13,13,0],"indexes":[0,1,2,2,1,3],"uv":[0,26,26,26,0,0,26,0],"nuv":[0,0,1,0,0,1,1,1],"minPos":{"x":-13,"y":-13,"z":0},"maxPos":{"x":13,"y":13,"z":0}},"packable":true,"pixelsToUnit":100,"pivot":{"x":0.5,"y":0.5},"meshType":0}],[0],0,[0],[2],[67]],[[{"name":"coche02_rojo","rect":{"x":0,"y":0,"width":258,"height":181},"offset":{"x":0,"y":0},"originalSize":{"width":258,"height":181},"rotated":false,"capInsets":[0,0,0,0],"vertices":{"rawPosition":[-129,-90.5,0,129,-90.5,0,-129,90.5,0,129,90.5,0],"indexes":[0,1,2,2,1,3],"uv":[0,181,258,181,0,0,258,0],"nuv":[0,0,1,0,0,1,1,1],"minPos":{"x":-129,"y":-90.5,"z":0},"maxPos":{"x":129,"y":90.5,"z":0}},"packable":true,"pixelsToUnit":100,"pivot":{"x":0.5,"y":0.5},"meshType":0}],[0],0,[0],[2],[68]],[[{"name":"flechaIZQ _Hover","rect":{"x":4,"y":11,"width":36,"height":50},"offset":{"x":-4.5,"y":0},"originalSize":{"width":53,"height":72},"rotated":false,"capInsets":[0,0,0,0],"vertices":{"rawPosition":[-18,-25,0,18,-25,0,-18,25,0,18,25,0],"indexes":[0,1,2,2,1,3],"uv":[4,61,40,61,4,11,40,11],"nuv":[0.07547169811320754,0.1527777777777778,0.7547169811320755,0.1527777777777778,0.07547169811320754,0.8472222222222222,0.7547169811320755,0.8472222222222222],"minPos":{"x":-18,"y":-25,"z":0},"maxPos":{"x":18,"y":25,"z":0}},"packable":true,"pixelsToUnit":100,"pivot":{"x":0.5,"y":0.5},"meshType":0}],[0],0,[0],[2],[69]],[[{"name":"rojoPress","rect":{"x":0,"y":0,"width":26,"height":26},"offset":{"x":0,"y":0},"originalSize":{"width":26,"height":26},"rotated":false,"capInsets":[0,0,0,0],"vertices":{"rawPosition":[-13,-13,0,13,-13,0,-13,13,0,13,13,0],"indexes":[0,1,2,2,1,3],"uv":[0,26,26,26,0,0,26,0],"nuv":[0,0,1,0,0,1,1,1],"minPos":{"x":-13,"y":-13,"z":0},"maxPos":{"x":13,"y":13,"z":0}},"packable":true,"pixelsToUnit":100,"pivot":{"x":0.5,"y":0.5},"meshType":0}],[0],0,[0],[2],[70]],[[{"name":"coche03_rojo","rect":{"x":0,"y":0,"width":264,"height":208},"offset":{"x":0,"y":0},"originalSize":{"width":264,"height":208},"rotated":false,"capInsets":[0,0,0,0],"vertices":{"rawPosition":[-132,-104,0,132,-104,0,-132,104,0,132,104,0],"indexes":[0,1,2,2,1,3],"uv":[0,208,264,208,0,0,264,0],"nuv":[0,0,1,0,0,1,1,1],"minPos":{"x":-132,"y":-104,"z":0},"maxPos":{"x":132,"y":104,"z":0}},"packable":true,"pixelsToUnit":100,"pivot":{"x":0.5,"y":0.5},"meshType":0}],[0],0,[0],[2],[71]],[[{"name":"amarillo","rect":{"x":0,"y":0,"width":26,"height":26},"offset":{"x":0,"y":0},"originalSize":{"width":26,"height":26},"rotated":false,"capInsets":[0,0,0,0],"vertices":{"rawPosition":[-13,-13,0,13,-13,0,-13,13,0,13,13,0],"indexes":[0,1,2,2,1,3],"uv":[0,26,26,26,0,0,26,0],"nuv":[0,0,1,0,0,1,1,1],"minPos":{"x":-13,"y":-13,"z":0},"maxPos":{"x":13,"y":13,"z":0}},"packable":true,"pixelsToUnit":100,"pivot":{"x":0.5,"y":0.5},"meshType":0}],[0],0,[0],[2],[72]],[[{"name":"Boton_Next","rect":{"x":0,"y":0,"width":431,"height":167},"offset":{"x":0,"y":0},"originalSize":{"width":431,"height":167},"rotated":false,"capInsets":[0,0,0,0],"vertices":{"rawPosition":[-215.5,-83.5,0,215.5,-83.5,0,-215.5,83.5,0,215.5,83.5,0],"indexes":[0,1,2,2,1,3],"uv":[0,167,431,167,0,0,431,0],"nuv":[0,0,1,0,0,1,1,1],"minPos":{"x":-215.5,"y":-83.5,"z":0},"maxPos":{"x":215.5,"y":83.5,"z":0}},"packable":true,"pixelsToUnit":100,"pivot":{"x":0.5,"y":0.5},"meshType":0}],[0],0,[0],[2],[73]],[[{"name":"CompraTarjeta_Disable","rect":{"x":0,"y":0,"width":186,"height":54},"offset":{"x":0,"y":0.5},"originalSize":{"width":186,"height":55},"rotated":false,"capInsets":[0,0,0,0],"vertices":{"rawPosition":[-93,-27,0,93,-27,0,-93,27,0,93,27,0],"indexes":[0,1,2,2,1,3],"uv":[0,55,186,55,0,1,186,1],"nuv":[0,0.01818181818181818,1,0.01818181818181818,0,1,1,1],"minPos":{"x":-93,"y":-27,"z":0},"maxPos":{"x":93,"y":27,"z":0}},"packable":true,"pixelsToUnit":100,"pivot":{"x":0.5,"y":0.5},"meshType":0}],[0],0,[0],[2],[74]],[[{"name":"BotonHover_Next","rect":{"x":0,"y":0,"width":431,"height":156},"offset":{"x":0,"y":5.5},"originalSize":{"width":431,"height":167},"rotated":false,"capInsets":[0,0,0,0],"vertices":{"rawPosition":[-215.5,-78,0,215.5,-78,0,-215.5,78,0,215.5,78,0],"indexes":[0,1,2,2,1,3],"uv":[0,167,431,167,0,11,431,11],"nuv":[0,0.0658682634730539,1,0.0658682634730539,0,1,1,1],"minPos":{"x":-215.5,"y":-78,"z":0},"maxPos":{"x":215.5,"y":78,"z":0}},"packable":true,"pixelsToUnit":100,"pivot":{"x":0.5,"y":0.5},"meshType":0}],[0],0,[0],[2],[75]],[[{"name":"verde","rect":{"x":0,"y":0,"width":26,"height":26},"offset":{"x":0,"y":0},"originalSize":{"width":26,"height":26},"rotated":false,"capInsets":[0,0,0,0],"vertices":{"rawPosition":[-13,-13,0,13,-13,0,-13,13,0,13,13,0],"indexes":[0,1,2,2,1,3],"uv":[0,26,26,26,0,0,26,0],"nuv":[0,0,1,0,0,1,1,1],"minPos":{"x":-13,"y":-13,"z":0},"maxPos":{"x":13,"y":13,"z":0}},"packable":true,"pixelsToUnit":100,"pivot":{"x":0.5,"y":0.5},"meshType":0}],[0],0,[0],[2],[76]],[[{"name":"fondoo","rect":{"x":0,"y":0,"width":1418,"height":1092},"offset":{"x":0,"y":0},"originalSize":{"width":1418,"height":1092},"rotated":false,"capInsets":[0,0,0,0],"vertices":{"rawPosition":[-709,-546,0,709,-546,0,-709,546,0,709,546,0],"indexes":[0,1,2,2,1,3],"uv":[0,1092,1418,1092,0,0,1418,0],"nuv":[0,0,1,0,0,1,1,1],"minPos":{"x":-709,"y":-546,"z":0},"maxPos":{"x":709,"y":546,"z":0}},"packable":true,"pixelsToUnit":100,"pivot":{"x":0.5,"y":0.5},"meshType":0}],[0],0,[0],[2],[77]],[[{"name":"coche01_verde","rect":{"x":0,"y":0,"width":225,"height":174},"offset":{"x":0,"y":0},"originalSize":{"width":225,"height":174},"rotated":false,"capInsets":[0,0,0,0],"vertices":{"rawPosition":[-112.5,-87,0,112.5,-87,0,-112.5,87,0,112.5,87,0],"indexes":[0,1,2,2,1,3],"uv":[0,174,225,174,0,0,225,0],"nuv":[0,0,1,0,0,1,1,1],"minPos":{"x":-112.5,"y":-87,"z":0},"maxPos":{"x":112.5,"y":87,"z":0}},"packable":true,"pixelsToUnit":100,"pivot":{"x":0.5,"y":0.5},"meshType":0}],[0],0,[0],[2],[78]],[[{"name":"rojo","rect":{"x":0,"y":0,"width":26,"height":26},"offset":{"x":0,"y":0},"originalSize":{"width":26,"height":26},"rotated":false,"capInsets":[0,0,0,0],"vertices":{"rawPosition":[-13,-13,0,13,-13,0,-13,13,0,13,13,0],"indexes":[0,1,2,2,1,3],"uv":[0,26,26,26,0,0,26,0],"nuv":[0,0,1,0,0,1,1,1],"minPos":{"x":-13,"y":-13,"z":0},"maxPos":{"x":13,"y":13,"z":0}},"packable":true,"pixelsToUnit":100,"pivot":{"x":0.5,"y":0.5},"meshType":0}],[0],0,[0],[2],[79]],[[{"name":"coche02_01","rect":{"x":0,"y":0,"width":258,"height":182},"offset":{"x":0,"y":0},"originalSize":{"width":258,"height":182},"rotated":false,"capInsets":[0,0,0,0],"vertices":{"rawPosition":[-129,-91,0,129,-91,0,-129,91,0,129,91,0],"indexes":[0,1,2,2,1,3],"uv":[0,182,258,182,0,0,258,0],"nuv":[0,0,1,0,0,1,1,1],"minPos":{"x":-129,"y":-91,"z":0},"maxPos":{"x":129,"y":91,"z":0}},"packable":true,"pixelsToUnit":100,"pivot":{"x":0.5,"y":0.5},"meshType":0}],[0],0,[0],[2],[80]],[[{"name":"flechaDER","rect":{"x":13,"y":11,"width":36,"height":50},"offset":{"x":4.5,"y":0},"originalSize":{"width":53,"height":72},"rotated":false,"capInsets":[0,0,0,0],"vertices":{"rawPosition":[-18,-25,0,18,-25,0,-18,25,0,18,25,0],"indexes":[0,1,2,2,1,3],"uv":[13,61,49,61,13,11,49,11],"nuv":[0.24528301886792453,0.1527777777777778,0.9245283018867925,0.1527777777777778,0.24528301886792453,0.8472222222222222,0.9245283018867925,0.8472222222222222],"minPos":{"x":-18,"y":-25,"z":0},"maxPos":{"x":18,"y":25,"z":0}},"packable":true,"pixelsToUnit":100,"pivot":{"x":0.5,"y":0.5},"meshType":0}],[0],0,[0],[2],[81]],[[{"name":"flechaIZQ","rect":{"x":4,"y":11,"width":36,"height":50},"offset":{"x":-4.5,"y":0},"originalSize":{"width":53,"height":72},"rotated":false,"capInsets":[0,0,0,0],"vertices":{"rawPosition":[-18,-25,0,18,-25,0,-18,25,0,18,25,0],"indexes":[0,1,2,2,1,3],"uv":[4,61,40,61,4,11,40,11],"nuv":[0.07547169811320754,0.1527777777777778,0.7547169811320755,0.1527777777777778,0.07547169811320754,0.8472222222222222,0.7547169811320755,0.8472222222222222],"minPos":{"x":-18,"y":-25,"z":0},"maxPos":{"x":18,"y":25,"z":0}},"packable":true,"pixelsToUnit":100,"pivot":{"x":0.5,"y":0.5},"meshType":0}],[0],0,[0],[2],[82]],[[{"name":"flechaDER_Hover","rect":{"x":13,"y":11,"width":36,"height":50},"offset":{"x":4.5,"y":0},"originalSize":{"width":53,"height":72},"rotated":false,"capInsets":[0,0,0,0],"vertices":{"rawPosition":[-18,-25,0,18,-25,0,-18,25,0,18,25,0],"indexes":[0,1,2,2,1,3],"uv":[13,61,49,61,13,11,49,11],"nuv":[0.24528301886792453,0.1527777777777778,0.9245283018867925,0.1527777777777778,0.24528301886792453,0.8472222222222222,0.9245283018867925,0.8472222222222222],"minPos":{"x":-18,"y":-25,"z":0},"maxPos":{"x":18,"y":25,"z":0}},"packable":true,"pixelsToUnit":100,"pivot":{"x":0.5,"y":0.5},"meshType":0}],[0],0,[0],[2],[83]],[[{"name":"coche03_azul","rect":{"x":0,"y":0,"width":264,"height":208},"offset":{"x":0,"y":0},"originalSize":{"width":264,"height":208},"rotated":false,"capInsets":[0,0,0,0],"vertices":{"rawPosition":[-132,-104,0,132,-104,0,-132,104,0,132,104,0],"indexes":[0,1,2,2,1,3],"uv":[0,208,264,208,0,0,264,0],"nuv":[0,0,1,0,0,1,1,1],"minPos":{"x":-132,"y":-104,"z":0},"maxPos":{"x":132,"y":104,"z":0}},"packable":true,"pixelsToUnit":100,"pivot":{"x":0.5,"y":0.5},"meshType":0}],[0],0,[0],[2],[84]],[[{"name":"coche03_amarillo","rect":{"x":0,"y":0,"width":264,"height":208},"offset":{"x":0,"y":0},"originalSize":{"width":264,"height":208},"rotated":false,"capInsets":[0,0,0,0],"vertices":{"rawPosition":[-132,-104,0,132,-104,0,-132,104,0,132,104,0],"indexes":[0,1,2,2,1,3],"uv":[0,208,264,208,0,0,264,0],"nuv":[0,0,1,0,0,1,1,1],"minPos":{"x":-132,"y":-104,"z":0},"maxPos":{"x":132,"y":104,"z":0}},"packable":true,"pixelsToUnit":100,"pivot":{"x":0.5,"y":0.5},"meshType":0}],[0],0,[0],[2],[85]]]]
