{
  "__type__": "cc.SpriteFrame",
  "content": {
    "name": "area-pelota",
    "atlas": "",
    "rect": {
      "x": 0,
      "y": 0,
      "width": 202,
      "height": 202
    },
    "offset": {
      "x": 0,
      "y": 0
    },
    "originalSize": {
      "width": 202,
      "height": 202
    },
    "rotated": false,
    "capInsets": [
      0,
      0,
      0,
      0
    ],
    "vertices": {
      "rawPosition": [
        -101,
        -101,
        0,
        101,
        -101,
        0,
        -101,
        101,
        0,
        101,
        101,
        0
      ],
      "indexes": [
        0,
        1,
        2,
        2,
        1,
        3
      ],
      "uv": [
        0,
        202,
        202,
        202,
        0,
        0,
        202,
        0
      ],
      "nuv": [
        0,
        0,
        1,
        0,
        0,
        1,
        1,
        1
      ],
      "minPos": {
        "x": -101,
        "y": -101,
        "z": 0
      },
      "maxPos": {
        "x": 101,
        "y": 101,
        "z": 0
      }
    },
    "texture": "15f807e9-c31b-4916-967c-46905375877e@6c48a",
    "packable": true,
    "pixelsToUnit": 100,
    "pivot": {
      "x": 0.5,
      "y": 0.5
    },
    "meshType": 0
  }
}