{
  "__type__": "cc.SpriteFrame",
  "content": {
    "name": "portero",
    "atlas": "",
    "rect": {
      "x": 0,
      "y": 0,
      "width": 262,
      "height": 353
    },
    "offset": {
      "x": 0,
      "y": 0
    },
    "originalSize": {
      "width": 262,
      "height": 353
    },
    "rotated": false,
    "capInsets": [
      0,
      0,
      0,
      0
    ],
    "vertices": {
      "rawPosition": [
        -131,
        -176.5,
        0,
        131,
        -176.5,
        0,
        -131,
        176.5,
        0,
        131,
        176.5,
        0
      ],
      "indexes": [
        0,
        1,
        2,
        2,
        1,
        3
      ],
      "uv": [
        0,
        353,
        262,
        353,
        0,
        0,
        262,
        0
      ],
      "nuv": [
        0,
        0,
        1,
        0,
        0,
        1,
        1,
        1
      ],
      "minPos": {
        "x": -131,
        "y": -176.5,
        "z": 0
      },
      "maxPos": {
        "x": 131,
        "y": 176.5,
        "z": 0
      }
    },
    "texture": "c75412bd-5c79-4de7-a5bc-5e315f54463f@6c48a",
    "packable": true,
    "pixelsToUnit": 100,
    "pivot": {
      "x": 0.5,
      "y": 0.5
    },
    "meshType": 0
  }
}